,COMUNA,CIRC_ELEC,LOCAL,MESA,LISTA,CANDIDATX,PARTIDO,VOTOS,ELECTX
1800,ALHUE,ALHUE,LICEO SARA TRONCOSO,1M,M.CHILE DIGNO VERDE Y SOBERANO,300. ROSA DEL CARMEN QUINTEROS ROJAS,PCCH,7.0,False
1801,ALHUE,ALHUE,LICEO SARA TRONCOSO,1M,M.CHILE DIGNO VERDE Y SOBERANO,301. MARIA SOLEDAD RIVERA MESA,IND,1.0,False
1802,ALHUE,ALHUE,LICEO SARA TRONCOSO,1M,M.CHILE DIGNO VERDE Y SOBERANO,302. CHRISTIAN ISIDRO SERRANO MANZO,IND,0.0,False
1803,ALHUE,ALHUE,LICEO SARA TRONCOSO,1M,M.CHILE DIGNO VERDE Y SOBERANO,303. ELIANA ESTEFANY SEPULVEDA LEVIL,FREVS,1.0,False
1804,ALHUE,ALHUE,LICEO SARA TRONCOSO,1M,XK.CHILE VAMOS RENOVACION NACIONAL - INDEPENDIENTES,304. ANDREA ELIZABETH GALVEZ SEPULVEDA,RN,3.0,False
1805,ALHUE,ALHUE,LICEO SARA TRONCOSO,1M,XS.FRENTE AMPLIO,305. LUISA ANDREA ARAVENA OLAVE,IND,3.0,False
1806,ALHUE,ALHUE,LICEO SARA TRONCOSO,1M,XS.FRENTE AMPLIO,306. CARLOS ALBERTO OLAVE LEIVA,IND,0.0,False
1807,ALHUE,ALHUE,LICEO SARA TRONCOSO,1M,XU.UNIDOS POR LA DIGNIDAD,307. CARMEN GLORIA ESPINOZA PASTENE,PDC,19.0,True
1808,ALHUE,ALHUE,LICEO SARA TRONCOSO,1M,XU.UNIDOS POR LA DIGNIDAD,308. MARCO ANDRES URBANO CIFUENTES,PDC,20.0,True
1809,ALHUE,ALHUE,LICEO SARA TRONCOSO,1M,XU.UNIDOS POR LA DIGNIDAD,309. ROBERTO ANTONIO ARAVENA MIRANDA,PDC,19.0,True
1810,ALHUE,ALHUE,LICEO SARA TRONCOSO,1M,XU.UNIDOS POR LA DIGNIDAD,310. EULALIA MARIA LIZAMA ARANDA,PDC,8.0,False
1811,ALHUE,ALHUE,LICEO SARA TRONCOSO,1M,XU.UNIDOS POR LA DIGNIDAD,311. JOSE LUIS ARAYA ARAYA,IND,4.0,False
1812,ALHUE,ALHUE,LICEO SARA TRONCOSO,1M,XU.UNIDOS POR LA DIGNIDAD,312. JAEL ELIANA NUÑEZ FUENTEALBA,IND,0.0,False
1813,ALHUE,ALHUE,LICEO SARA TRONCOSO,1M,XY.DIGNIDAD AHORA,313. ERIKA ELISABET BALLIER ROJAS,PH,1.0,False
1814,ALHUE,ALHUE,LICEO SARA TRONCOSO,1M,XY.DIGNIDAD AHORA,314. JOSE ANDRES ARELLANO BLANCO,IND,16.0,True
1815,ALHUE,ALHUE,LICEO SARA TRONCOSO,1M,XY.DIGNIDAD AHORA,315. IGNACIO CARLOS FERIA ABARCA,IND,6.0,False
1816,ALHUE,ALHUE,LICEO SARA TRONCOSO,1M,XY.DIGNIDAD AHORA,316. ISABEL PAULINA RUBIO ARROYO,IND,0.0,False
1817,ALHUE,ALHUE,LICEO SARA TRONCOSO,1M,YM.CHILE VAMOS - PRI E INDEPENDIENTES,317. JAVIER ENRIQUE SILVA VALDEVENITO,IND,0.0,False
1818,ALHUE,ALHUE,LICEO SARA TRONCOSO,1M,YM.CHILE VAMOS - PRI E INDEPENDIENTES,318. JAIME RODRIGO JORQUERA BLANCO,IND,5.0,False
1819,ALHUE,ALHUE,LICEO SARA TRONCOSO,1M,YM.CHILE VAMOS - PRI E INDEPENDIENTES,319. CRISTIAN JAVIER URBINA NUÑEZ,IND,1.0,False
1820,ALHUE,ALHUE,LICEO SARA TRONCOSO,1M,YW.UNIDAD POR EL APRUEBO PS PPD E INDEPENDIENTES,320. LUIS ALBERTO ELADIO NUÑEZ PEREZ,PS,11.0,False
1821,ALHUE,ALHUE,LICEO SARA TRONCOSO,1M,YW.UNIDAD POR EL APRUEBO PS PPD E INDEPENDIENTES,321. ALEX RIQUELME TARIFEÑO,PS,6.0,True
1822,ALHUE,ALHUE,LICEO SARA TRONCOSO,1M,YW.UNIDAD POR EL APRUEBO PS PPD E INDEPENDIENTES,322. ARIEL CERDA TAPIA,IND,6.0,False
1823,ALHUE,ALHUE,LICEO SARA TRONCOSO,1M,YW.UNIDAD POR EL APRUEBO PS PPD E INDEPENDIENTES,323. PAOLA LARA ROMAN,PPD,3.0,False
1824,ALHUE,ALHUE,LICEO SARA TRONCOSO,1M,YW.UNIDAD POR EL APRUEBO PS PPD E INDEPENDIENTES,324. MIGUEL ANGEL BENITEZ MARTINEZ,IND,2.0,False
1825,ALHUE,ALHUE,LICEO SARA TRONCOSO,1M,YW.UNIDAD POR EL APRUEBO PS PPD E INDEPENDIENTES,325. ARSENIO PATRICIO ALVAREZ ARMIJO,IND,4.0,False
1826,ALHUE,ALHUE,LICEO SARA TRONCOSO,1M,ZJ.CHILE VAMOS UDI - INDEPENDIENTES,326. LEONEL ALADINO ACEVEDO IRRAZABAL,UDI,18.0,True
1827,ALHUE,ALHUE,LICEO SARA TRONCOSO,1M,ZJ.CHILE VAMOS UDI - INDEPENDIENTES,327. RODOLFO ERNESTO ACEVEDO FUENTES,IND,6.0,False
1828,ALHUE,ALHUE,LICEO SARA TRONCOSO,1M,ZJ.CHILE VAMOS UDI - INDEPENDIENTES,328. JORGE MORENO MEZA,IND,5.0,False
1829,ALHUE,ALHUE,LICEO SARA TRONCOSO,2M,M.CHILE DIGNO VERDE Y SOBERANO,300. ROSA DEL CARMEN QUINTEROS ROJAS,PCCH,5.0,False
1830,ALHUE,ALHUE,LICEO SARA TRONCOSO,2M,M.CHILE DIGNO VERDE Y SOBERANO,301. MARIA SOLEDAD RIVERA MESA,IND,2.0,False
1831,ALHUE,ALHUE,LICEO SARA TRONCOSO,2M,M.CHILE DIGNO VERDE Y SOBERANO,302. CHRISTIAN ISIDRO SERRANO MANZO,IND,0.0,False
1832,ALHUE,ALHUE,LICEO SARA TRONCOSO,2M,M.CHILE DIGNO VERDE Y SOBERANO,303. ELIANA ESTEFANY SEPULVEDA LEVIL,FREVS,0.0,False
1833,ALHUE,ALHUE,LICEO SARA TRONCOSO,2M,XK.CHILE VAMOS RENOVACION NACIONAL - INDEPENDIENTES,304. ANDREA ELIZABETH GALVEZ SEPULVEDA,RN,1.0,False
1834,ALHUE,ALHUE,LICEO SARA TRONCOSO,2M,XS.FRENTE AMPLIO,305. LUISA ANDREA ARAVENA OLAVE,IND,0.0,False
1835,ALHUE,ALHUE,LICEO SARA TRONCOSO,2M,XS.FRENTE AMPLIO,306. CARLOS ALBERTO OLAVE LEIVA,IND,1.0,False
1836,ALHUE,ALHUE,LICEO SARA TRONCOSO,2M,XU.UNIDOS POR LA DIGNIDAD,307. CARMEN GLORIA ESPINOZA PASTENE,PDC,22.0,True
1837,ALHUE,ALHUE,LICEO SARA TRONCOSO,2M,XU.UNIDOS POR LA DIGNIDAD,308. MARCO ANDRES URBANO CIFUENTES,PDC,23.0,True
1838,ALHUE,ALHUE,LICEO SARA TRONCOSO,2M,XU.UNIDOS POR LA DIGNIDAD,309. ROBERTO ANTONIO ARAVENA MIRANDA,PDC,15.0,True
1839,ALHUE,ALHUE,LICEO SARA TRONCOSO,2M,XU.UNIDOS POR LA DIGNIDAD,310. EULALIA MARIA LIZAMA ARANDA,PDC,19.0,False
1840,ALHUE,ALHUE,LICEO SARA TRONCOSO,2M,XU.UNIDOS POR LA DIGNIDAD,311. JOSE LUIS ARAYA ARAYA,IND,2.0,False
1841,ALHUE,ALHUE,LICEO SARA TRONCOSO,2M,XU.UNIDOS POR LA DIGNIDAD,312. JAEL ELIANA NUÑEZ FUENTEALBA,IND,3.0,False
1842,ALHUE,ALHUE,LICEO SARA TRONCOSO,2M,XY.DIGNIDAD AHORA,313. ERIKA ELISABET BALLIER ROJAS,PH,0.0,False
1843,ALHUE,ALHUE,LICEO SARA TRONCOSO,2M,XY.DIGNIDAD AHORA,314. JOSE ANDRES ARELLANO BLANCO,IND,17.0,True
1844,ALHUE,ALHUE,LICEO SARA TRONCOSO,2M,XY.DIGNIDAD AHORA,315. IGNACIO CARLOS FERIA ABARCA,IND,7.0,False
1845,ALHUE,ALHUE,LICEO SARA TRONCOSO,2M,XY.DIGNIDAD AHORA,316. ISABEL PAULINA RUBIO ARROYO,IND,1.0,False
1846,ALHUE,ALHUE,LICEO SARA TRONCOSO,2M,YM.CHILE VAMOS - PRI E INDEPENDIENTES,317. JAVIER ENRIQUE SILVA VALDEVENITO,IND,5.0,False
1847,ALHUE,ALHUE,LICEO SARA TRONCOSO,2M,YM.CHILE VAMOS - PRI E INDEPENDIENTES,318. JAIME RODRIGO JORQUERA BLANCO,IND,0.0,False
1848,ALHUE,ALHUE,LICEO SARA TRONCOSO,2M,YM.CHILE VAMOS - PRI E INDEPENDIENTES,319. CRISTIAN JAVIER URBINA NUÑEZ,IND,2.0,False
1849,ALHUE,ALHUE,LICEO SARA TRONCOSO,2M,YW.UNIDAD POR EL APRUEBO PS PPD E INDEPENDIENTES,320. LUIS ALBERTO ELADIO NUÑEZ PEREZ,PS,6.0,False
1850,ALHUE,ALHUE,LICEO SARA TRONCOSO,2M,YW.UNIDAD POR EL APRUEBO PS PPD E INDEPENDIENTES,321. ALEX RIQUELME TARIFEÑO,PS,5.0,True
1851,ALHUE,ALHUE,LICEO SARA TRONCOSO,2M,YW.UNIDAD POR EL APRUEBO PS PPD E INDEPENDIENTES,322. ARIEL CERDA TAPIA,IND,6.0,False
1852,ALHUE,ALHUE,LICEO SARA TRONCOSO,2M,YW.UNIDAD POR EL APRUEBO PS PPD E INDEPENDIENTES,323. PAOLA LARA ROMAN,PPD,5.0,False
1853,ALHUE,ALHUE,LICEO SARA TRONCOSO,2M,YW.UNIDAD POR EL APRUEBO PS PPD E INDEPENDIENTES,324. MIGUEL ANGEL BENITEZ MARTINEZ,IND,9.0,False
1854,ALHUE,ALHUE,LICEO SARA TRONCOSO,2M,YW.UNIDAD POR EL APRUEBO PS PPD E INDEPENDIENTES,325. ARSENIO PATRICIO ALVAREZ ARMIJO,IND,4.0,False
1855,ALHUE,ALHUE,LICEO SARA TRONCOSO,2M,ZJ.CHILE VAMOS UDI - INDEPENDIENTES,326. LEONEL ALADINO ACEVEDO IRRAZABAL,UDI,23.0,True
1856,ALHUE,ALHUE,LICEO SARA TRONCOSO,2M,ZJ.CHILE VAMOS UDI - INDEPENDIENTES,327. RODOLFO ERNESTO ACEVEDO FUENTES,IND,2.0,False
1857,ALHUE,ALHUE,LICEO SARA TRONCOSO,2M,ZJ.CHILE VAMOS UDI - INDEPENDIENTES,328. JORGE MORENO MEZA,IND,5.0,False
1858,ALHUE,ALHUE,LICEO SARA TRONCOSO,3M,M.CHILE DIGNO VERDE Y SOBERANO,300. ROSA DEL CARMEN QUINTEROS ROJAS,PCCH,1.0,False
1859,ALHUE,ALHUE,LICEO SARA TRONCOSO,3M,M.CHILE DIGNO VERDE Y SOBERANO,301. MARIA SOLEDAD RIVERA MESA,IND,0.0,False
1860,ALHUE,ALHUE,LICEO SARA TRONCOSO,3M,M.CHILE DIGNO VERDE Y SOBERANO,302. CHRISTIAN ISIDRO SERRANO MANZO,IND,0.0,False
1861,ALHUE,ALHUE,LICEO SARA TRONCOSO,3M,M.CHILE DIGNO VERDE Y SOBERANO,303. ELIANA ESTEFANY SEPULVEDA LEVIL,FREVS,0.0,False
1862,ALHUE,ALHUE,LICEO SARA TRONCOSO,3M,XK.CHILE VAMOS RENOVACION NACIONAL - INDEPENDIENTES,304. ANDREA ELIZABETH GALVEZ SEPULVEDA,RN,2.0,False
1863,ALHUE,ALHUE,LICEO SARA TRONCOSO,3M,XS.FRENTE AMPLIO,305. LUISA ANDREA ARAVENA OLAVE,IND,3.0,False
1864,ALHUE,ALHUE,LICEO SARA TRONCOSO,3M,XS.FRENTE AMPLIO,306. CARLOS ALBERTO OLAVE LEIVA,IND,1.0,False
1865,ALHUE,ALHUE,LICEO SARA TRONCOSO,3M,XU.UNIDOS POR LA DIGNIDAD,307. CARMEN GLORIA ESPINOZA PASTENE,PDC,15.0,True
1866,ALHUE,ALHUE,LICEO SARA TRONCOSO,3M,XU.UNIDOS POR LA DIGNIDAD,308. MARCO ANDRES URBANO CIFUENTES,PDC,26.0,True
1867,ALHUE,ALHUE,LICEO SARA TRONCOSO,3M,XU.UNIDOS POR LA DIGNIDAD,309. ROBERTO ANTONIO ARAVENA MIRANDA,PDC,12.0,True
1868,ALHUE,ALHUE,LICEO SARA TRONCOSO,3M,XU.UNIDOS POR LA DIGNIDAD,310. EULALIA MARIA LIZAMA ARANDA,PDC,10.0,False
1869,ALHUE,ALHUE,LICEO SARA TRONCOSO,3M,XU.UNIDOS POR LA DIGNIDAD,311. JOSE LUIS ARAYA ARAYA,IND,1.0,False
1870,ALHUE,ALHUE,LICEO SARA TRONCOSO,3M,XU.UNIDOS POR LA DIGNIDAD,312. JAEL ELIANA NUÑEZ FUENTEALBA,IND,5.0,False
1871,ALHUE,ALHUE,LICEO SARA TRONCOSO,3M,XY.DIGNIDAD AHORA,313. ERIKA ELISABET BALLIER ROJAS,PH,4.0,False
1872,ALHUE,ALHUE,LICEO SARA TRONCOSO,3M,XY.DIGNIDAD AHORA,314. JOSE ANDRES ARELLANO BLANCO,IND,24.0,True
1873,ALHUE,ALHUE,LICEO SARA TRONCOSO,3M,XY.DIGNIDAD AHORA,315. IGNACIO CARLOS FERIA ABARCA,IND,8.0,False
1874,ALHUE,ALHUE,LICEO SARA TRONCOSO,3M,XY.DIGNIDAD AHORA,316. ISABEL PAULINA RUBIO ARROYO,IND,0.0,False
1875,ALHUE,ALHUE,LICEO SARA TRONCOSO,3M,YM.CHILE VAMOS - PRI E INDEPENDIENTES,317. JAVIER ENRIQUE SILVA VALDEVENITO,IND,5.0,False
1876,ALHUE,ALHUE,LICEO SARA TRONCOSO,3M,YM.CHILE VAMOS - PRI E INDEPENDIENTES,318. JAIME RODRIGO JORQUERA BLANCO,IND,2.0,False
1877,ALHUE,ALHUE,LICEO SARA TRONCOSO,3M,YM.CHILE VAMOS - PRI E INDEPENDIENTES,319. CRISTIAN JAVIER URBINA NUÑEZ,IND,1.0,False
1878,ALHUE,ALHUE,LICEO SARA TRONCOSO,3M,YW.UNIDAD POR EL APRUEBO PS PPD E INDEPENDIENTES,320. LUIS ALBERTO ELADIO NUÑEZ PEREZ,PS,6.0,False
1879,ALHUE,ALHUE,LICEO SARA TRONCOSO,3M,YW.UNIDAD POR EL APRUEBO PS PPD E INDEPENDIENTES,321. ALEX RIQUELME TARIFEÑO,PS,6.0,True
1880,ALHUE,ALHUE,LICEO SARA TRONCOSO,3M,YW.UNIDAD POR EL APRUEBO PS PPD E INDEPENDIENTES,322. ARIEL CERDA TAPIA,IND,4.0,False
1881,ALHUE,ALHUE,LICEO SARA TRONCOSO,3M,YW.UNIDAD POR EL APRUEBO PS PPD E INDEPENDIENTES,323. PAOLA LARA ROMAN,PPD,2.0,False
1882,ALHUE,ALHUE,LICEO SARA TRONCOSO,3M,YW.UNIDAD POR EL APRUEBO PS PPD E INDEPENDIENTES,324. MIGUEL ANGEL BENITEZ MARTINEZ,IND,7.0,False
1883,ALHUE,ALHUE,LICEO SARA TRONCOSO,3M,YW.UNIDAD POR EL APRUEBO PS PPD E INDEPENDIENTES,325. ARSENIO PATRICIO ALVAREZ ARMIJO,IND,3.0,False
1884,ALHUE,ALHUE,LICEO SARA TRONCOSO,3M,ZJ.CHILE VAMOS UDI - INDEPENDIENTES,326. LEONEL ALADINO ACEVEDO IRRAZABAL,UDI,12.0,True
1885,ALHUE,ALHUE,LICEO SARA TRONCOSO,3M,ZJ.CHILE VAMOS UDI - INDEPENDIENTES,327. RODOLFO ERNESTO ACEVEDO FUENTES,IND,4.0,False
1886,ALHUE,ALHUE,LICEO SARA TRONCOSO,3M,ZJ.CHILE VAMOS UDI - INDEPENDIENTES,328. JORGE MORENO MEZA,IND,5.0,False
1887,ALHUE,ALHUE,LICEO SARA TRONCOSO,4M,M.CHILE DIGNO VERDE Y SOBERANO,300. ROSA DEL CARMEN QUINTEROS ROJAS,PCCH,6.0,False
1888,ALHUE,ALHUE,LICEO SARA TRONCOSO,4M,M.CHILE DIGNO VERDE Y SOBERANO,301. MARIA SOLEDAD RIVERA MESA,IND,1.0,False
1889,ALHUE,ALHUE,LICEO SARA TRONCOSO,4M,M.CHILE DIGNO VERDE Y SOBERANO,302. CHRISTIAN ISIDRO SERRANO MANZO,IND,0.0,False
1890,ALHUE,ALHUE,LICEO SARA TRONCOSO,4M,M.CHILE DIGNO VERDE Y SOBERANO,303. ELIANA ESTEFANY SEPULVEDA LEVIL,FREVS,0.0,False
1891,ALHUE,ALHUE,LICEO SARA TRONCOSO,4M,XK.CHILE VAMOS RENOVACION NACIONAL - INDEPENDIENTES,304. ANDREA ELIZABETH GALVEZ SEPULVEDA,RN,2.0,False
1892,ALHUE,ALHUE,LICEO SARA TRONCOSO,4M,XS.FRENTE AMPLIO,305. LUISA ANDREA ARAVENA OLAVE,IND,3.0,False
1893,ALHUE,ALHUE,LICEO SARA TRONCOSO,4M,XS.FRENTE AMPLIO,306. CARLOS ALBERTO OLAVE LEIVA,IND,0.0,False
1894,ALHUE,ALHUE,LICEO SARA TRONCOSO,4M,XU.UNIDOS POR LA DIGNIDAD,307. CARMEN GLORIA ESPINOZA PASTENE,PDC,15.0,True
1895,ALHUE,ALHUE,LICEO SARA TRONCOSO,4M,XU.UNIDOS POR LA DIGNIDAD,308. MARCO ANDRES URBANO CIFUENTES,PDC,24.0,True
1896,ALHUE,ALHUE,LICEO SARA TRONCOSO,4M,XU.UNIDOS POR LA DIGNIDAD,309. ROBERTO ANTONIO ARAVENA MIRANDA,PDC,19.0,True
1897,ALHUE,ALHUE,LICEO SARA TRONCOSO,4M,XU.UNIDOS POR LA DIGNIDAD,310. EULALIA MARIA LIZAMA ARANDA,PDC,12.0,False
1898,ALHUE,ALHUE,LICEO SARA TRONCOSO,4M,XU.UNIDOS POR LA DIGNIDAD,311. JOSE LUIS ARAYA ARAYA,IND,2.0,False
1899,ALHUE,ALHUE,LICEO SARA TRONCOSO,4M,XU.UNIDOS POR LA DIGNIDAD,312. JAEL ELIANA NUÑEZ FUENTEALBA,IND,3.0,False
1900,ALHUE,ALHUE,LICEO SARA TRONCOSO,4M,XY.DIGNIDAD AHORA,313. ERIKA ELISABET BALLIER ROJAS,PH,0.0,False
1901,ALHUE,ALHUE,LICEO SARA TRONCOSO,4M,XY.DIGNIDAD AHORA,314. JOSE ANDRES ARELLANO BLANCO,IND,27.0,True
1902,ALHUE,ALHUE,LICEO SARA TRONCOSO,4M,XY.DIGNIDAD AHORA,315. IGNACIO CARLOS FERIA ABARCA,IND,7.0,False
1903,ALHUE,ALHUE,LICEO SARA TRONCOSO,4M,XY.DIGNIDAD AHORA,316. ISABEL PAULINA RUBIO ARROYO,IND,0.0,False
1904,ALHUE,ALHUE,LICEO SARA TRONCOSO,4M,YM.CHILE VAMOS - PRI E INDEPENDIENTES,317. JAVIER ENRIQUE SILVA VALDEVENITO,IND,1.0,False
1905,ALHUE,ALHUE,LICEO SARA TRONCOSO,4M,YM.CHILE VAMOS - PRI E INDEPENDIENTES,318. JAIME RODRIGO JORQUERA BLANCO,IND,5.0,False
1906,ALHUE,ALHUE,LICEO SARA TRONCOSO,4M,YM.CHILE VAMOS - PRI E INDEPENDIENTES,319. CRISTIAN JAVIER URBINA NUÑEZ,IND,2.0,False
1907,ALHUE,ALHUE,LICEO SARA TRONCOSO,4M,YW.UNIDAD POR EL APRUEBO PS PPD E INDEPENDIENTES,320. LUIS ALBERTO ELADIO NUÑEZ PEREZ,PS,7.0,False
1908,ALHUE,ALHUE,LICEO SARA TRONCOSO,4M,YW.UNIDAD POR EL APRUEBO PS PPD E INDEPENDIENTES,321. ALEX RIQUELME TARIFEÑO,PS,7.0,True
1909,ALHUE,ALHUE,LICEO SARA TRONCOSO,4M,YW.UNIDAD POR EL APRUEBO PS PPD E INDEPENDIENTES,322. ARIEL CERDA TAPIA,IND,9.0,False
1910,ALHUE,ALHUE,LICEO SARA TRONCOSO,4M,YW.UNIDAD POR EL APRUEBO PS PPD E INDEPENDIENTES,323. PAOLA LARA ROMAN,PPD,6.0,False
1911,ALHUE,ALHUE,LICEO SARA TRONCOSO,4M,YW.UNIDAD POR EL APRUEBO PS PPD E INDEPENDIENTES,324. MIGUEL ANGEL BENITEZ MARTINEZ,IND,5.0,False
1912,ALHUE,ALHUE,LICEO SARA TRONCOSO,4M,YW.UNIDAD POR EL APRUEBO PS PPD E INDEPENDIENTES,325. ARSENIO PATRICIO ALVAREZ ARMIJO,IND,3.0,False
1913,ALHUE,ALHUE,LICEO SARA TRONCOSO,4M,ZJ.CHILE VAMOS UDI - INDEPENDIENTES,326. LEONEL ALADINO ACEVEDO IRRAZABAL,UDI,18.0,True
1914,ALHUE,ALHUE,LICEO SARA TRONCOSO,4M,ZJ.CHILE VAMOS UDI - INDEPENDIENTES,327. RODOLFO ERNESTO ACEVEDO FUENTES,IND,5.0,False
1915,ALHUE,ALHUE,LICEO SARA TRONCOSO,4M,ZJ.CHILE VAMOS UDI - INDEPENDIENTES,328. JORGE MORENO MEZA,IND,2.0,False
1916,ALHUE,ALHUE,LICEO SARA TRONCOSO,5M,M.CHILE DIGNO VERDE Y SOBERANO,300. ROSA DEL CARMEN QUINTEROS ROJAS,PCCH,7.0,False
1917,ALHUE,ALHUE,LICEO SARA TRONCOSO,5M,M.CHILE DIGNO VERDE Y SOBERANO,301. MARIA SOLEDAD RIVERA MESA,IND,1.0,False
1918,ALHUE,ALHUE,LICEO SARA TRONCOSO,5M,M.CHILE DIGNO VERDE Y SOBERANO,302. CHRISTIAN ISIDRO SERRANO MANZO,IND,0.0,False
1919,ALHUE,ALHUE,LICEO SARA TRONCOSO,5M,M.CHILE DIGNO VERDE Y SOBERANO,303. ELIANA ESTEFANY SEPULVEDA LEVIL,FREVS,0.0,False
1920,ALHUE,ALHUE,LICEO SARA TRONCOSO,5M,XK.CHILE VAMOS RENOVACION NACIONAL - INDEPENDIENTES,304. ANDREA ELIZABETH GALVEZ SEPULVEDA,RN,0.0,False
1921,ALHUE,ALHUE,LICEO SARA TRONCOSO,5M,XS.FRENTE AMPLIO,305. LUISA ANDREA ARAVENA OLAVE,IND,3.0,False
1922,ALHUE,ALHUE,LICEO SARA TRONCOSO,5M,XS.FRENTE AMPLIO,306. CARLOS ALBERTO OLAVE LEIVA,IND,0.0,False
1923,ALHUE,ALHUE,LICEO SARA TRONCOSO,5M,XU.UNIDOS POR LA DIGNIDAD,307. CARMEN GLORIA ESPINOZA PASTENE,PDC,28.0,True
1924,ALHUE,ALHUE,LICEO SARA TRONCOSO,5M,XU.UNIDOS POR LA DIGNIDAD,308. MARCO ANDRES URBANO CIFUENTES,PDC,19.0,True
1925,ALHUE,ALHUE,LICEO SARA TRONCOSO,5M,XU.UNIDOS POR LA DIGNIDAD,309. ROBERTO ANTONIO ARAVENA MIRANDA,PDC,16.0,True
1926,ALHUE,ALHUE,LICEO SARA TRONCOSO,5M,XU.UNIDOS POR LA DIGNIDAD,310. EULALIA MARIA LIZAMA ARANDA,PDC,17.0,False
1927,ALHUE,ALHUE,LICEO SARA TRONCOSO,5M,XU.UNIDOS POR LA DIGNIDAD,311. JOSE LUIS ARAYA ARAYA,IND,5.0,False
1928,ALHUE,ALHUE,LICEO SARA TRONCOSO,5M,XU.UNIDOS POR LA DIGNIDAD,312. JAEL ELIANA NUÑEZ FUENTEALBA,IND,1.0,False
1929,ALHUE,ALHUE,LICEO SARA TRONCOSO,5M,XY.DIGNIDAD AHORA,313. ERIKA ELISABET BALLIER ROJAS,PH,2.0,False
1930,ALHUE,ALHUE,LICEO SARA TRONCOSO,5M,XY.DIGNIDAD AHORA,314. JOSE ANDRES ARELLANO BLANCO,IND,17.0,True
1931,ALHUE,ALHUE,LICEO SARA TRONCOSO,5M,XY.DIGNIDAD AHORA,315. IGNACIO CARLOS FERIA ABARCA,IND,9.0,False
1932,ALHUE,ALHUE,LICEO SARA TRONCOSO,5M,XY.DIGNIDAD AHORA,316. ISABEL PAULINA RUBIO ARROYO,IND,0.0,False
1933,ALHUE,ALHUE,LICEO SARA TRONCOSO,5M,YM.CHILE VAMOS - PRI E INDEPENDIENTES,317. JAVIER ENRIQUE SILVA VALDEVENITO,IND,1.0,False
1934,ALHUE,ALHUE,LICEO SARA TRONCOSO,5M,YM.CHILE VAMOS - PRI E INDEPENDIENTES,318. JAIME RODRIGO JORQUERA BLANCO,IND,3.0,False
1935,ALHUE,ALHUE,LICEO SARA TRONCOSO,5M,YM.CHILE VAMOS - PRI E INDEPENDIENTES,319. CRISTIAN JAVIER URBINA NUÑEZ,IND,3.0,False
1936,ALHUE,ALHUE,LICEO SARA TRONCOSO,5M,YW.UNIDAD POR EL APRUEBO PS PPD E INDEPENDIENTES,320. LUIS ALBERTO ELADIO NUÑEZ PEREZ,PS,14.0,False
1937,ALHUE,ALHUE,LICEO SARA TRONCOSO,5M,YW.UNIDAD POR EL APRUEBO PS PPD E INDEPENDIENTES,321. ALEX RIQUELME TARIFEÑO,PS,8.0,True
1938,ALHUE,ALHUE,LICEO SARA TRONCOSO,5M,YW.UNIDAD POR EL APRUEBO PS PPD E INDEPENDIENTES,322. ARIEL CERDA TAPIA,IND,7.0,False
1939,ALHUE,ALHUE,LICEO SARA TRONCOSO,5M,YW.UNIDAD POR EL APRUEBO PS PPD E INDEPENDIENTES,323. PAOLA LARA ROMAN,PPD,4.0,False
1940,ALHUE,ALHUE,LICEO SARA TRONCOSO,5M,YW.UNIDAD POR EL APRUEBO PS PPD E INDEPENDIENTES,324. MIGUEL ANGEL BENITEZ MARTINEZ,IND,5.0,False
1941,ALHUE,ALHUE,LICEO SARA TRONCOSO,5M,YW.UNIDAD POR EL APRUEBO PS PPD E INDEPENDIENTES,325. ARSENIO PATRICIO ALVAREZ ARMIJO,IND,2.0,False
1942,ALHUE,ALHUE,LICEO SARA TRONCOSO,5M,ZJ.CHILE VAMOS UDI - INDEPENDIENTES,326. LEONEL ALADINO ACEVEDO IRRAZABAL,UDI,26.0,True
1943,ALHUE,ALHUE,LICEO SARA TRONCOSO,5M,ZJ.CHILE VAMOS UDI - INDEPENDIENTES,327. RODOLFO ERNESTO ACEVEDO FUENTES,IND,2.0,False
1944,ALHUE,ALHUE,LICEO SARA TRONCOSO,5M,ZJ.CHILE VAMOS UDI - INDEPENDIENTES,328. JORGE MORENO MEZA,IND,3.0,False
1945,ALHUE,ALHUE,LICEO SARA TRONCOSO,6M,M.CHILE DIGNO VERDE Y SOBERANO,300. ROSA DEL CARMEN QUINTEROS ROJAS,PCCH,2.0,False
1946,ALHUE,ALHUE,LICEO SARA TRONCOSO,6M,M.CHILE DIGNO VERDE Y SOBERANO,301. MARIA SOLEDAD RIVERA MESA,IND,0.0,False
1947,ALHUE,ALHUE,LICEO SARA TRONCOSO,6M,M.CHILE DIGNO VERDE Y SOBERANO,302. CHRISTIAN ISIDRO SERRANO MANZO,IND,0.0,False
1948,ALHUE,ALHUE,LICEO SARA TRONCOSO,6M,M.CHILE DIGNO VERDE Y SOBERANO,303. ELIANA ESTEFANY SEPULVEDA LEVIL,FREVS,1.0,False
1949,ALHUE,ALHUE,LICEO SARA TRONCOSO,6M,XK.CHILE VAMOS RENOVACION NACIONAL - INDEPENDIENTES,304. ANDREA ELIZABETH GALVEZ SEPULVEDA,RN,6.0,False
1950,ALHUE,ALHUE,LICEO SARA TRONCOSO,6M,XS.FRENTE AMPLIO,305. LUISA ANDREA ARAVENA OLAVE,IND,4.0,False
1951,ALHUE,ALHUE,LICEO SARA TRONCOSO,6M,XS.FRENTE AMPLIO,306. CARLOS ALBERTO OLAVE LEIVA,IND,2.0,False
1952,ALHUE,ALHUE,LICEO SARA TRONCOSO,6M,XU.UNIDOS POR LA DIGNIDAD,307. CARMEN GLORIA ESPINOZA PASTENE,PDC,13.0,True
1953,ALHUE,ALHUE,LICEO SARA TRONCOSO,6M,XU.UNIDOS POR LA DIGNIDAD,308. MARCO ANDRES URBANO CIFUENTES,PDC,24.0,True
1954,ALHUE,ALHUE,LICEO SARA TRONCOSO,6M,XU.UNIDOS POR LA DIGNIDAD,309. ROBERTO ANTONIO ARAVENA MIRANDA,PDC,14.0,True
1955,ALHUE,ALHUE,LICEO SARA TRONCOSO,6M,XU.UNIDOS POR LA DIGNIDAD,310. EULALIA MARIA LIZAMA ARANDA,PDC,17.0,False
1956,ALHUE,ALHUE,LICEO SARA TRONCOSO,6M,XU.UNIDOS POR LA DIGNIDAD,311. JOSE LUIS ARAYA ARAYA,IND,1.0,False
1957,ALHUE,ALHUE,LICEO SARA TRONCOSO,6M,XU.UNIDOS POR LA DIGNIDAD,312. JAEL ELIANA NUÑEZ FUENTEALBA,IND,1.0,False
1958,ALHUE,ALHUE,LICEO SARA TRONCOSO,6M,XY.DIGNIDAD AHORA,313. ERIKA ELISABET BALLIER ROJAS,PH,4.0,False
1959,ALHUE,ALHUE,LICEO SARA TRONCOSO,6M,XY.DIGNIDAD AHORA,314. JOSE ANDRES ARELLANO BLANCO,IND,13.0,True
1960,ALHUE,ALHUE,LICEO SARA TRONCOSO,6M,XY.DIGNIDAD AHORA,315. IGNACIO CARLOS FERIA ABARCA,IND,8.0,False
1961,ALHUE,ALHUE,LICEO SARA TRONCOSO,6M,XY.DIGNIDAD AHORA,316. ISABEL PAULINA RUBIO ARROYO,IND,0.0,False
1962,ALHUE,ALHUE,LICEO SARA TRONCOSO,6M,YM.CHILE VAMOS - PRI E INDEPENDIENTES,317. JAVIER ENRIQUE SILVA VALDEVENITO,IND,0.0,False
1963,ALHUE,ALHUE,LICEO SARA TRONCOSO,6M,YM.CHILE VAMOS - PRI E INDEPENDIENTES,318. JAIME RODRIGO JORQUERA BLANCO,IND,6.0,False
1964,ALHUE,ALHUE,LICEO SARA TRONCOSO,6M,YM.CHILE VAMOS - PRI E INDEPENDIENTES,319. CRISTIAN JAVIER URBINA NUÑEZ,IND,4.0,False
1965,ALHUE,ALHUE,LICEO SARA TRONCOSO,6M,YW.UNIDAD POR EL APRUEBO PS PPD E INDEPENDIENTES,320. LUIS ALBERTO ELADIO NUÑEZ PEREZ,PS,5.0,False
1966,ALHUE,ALHUE,LICEO SARA TRONCOSO,6M,YW.UNIDAD POR EL APRUEBO PS PPD E INDEPENDIENTES,321. ALEX RIQUELME TARIFEÑO,PS,9.0,True
1967,ALHUE,ALHUE,LICEO SARA TRONCOSO,6M,YW.UNIDAD POR EL APRUEBO PS PPD E INDEPENDIENTES,322. ARIEL CERDA TAPIA,IND,5.0,False
1968,ALHUE,ALHUE,LICEO SARA TRONCOSO,6M,YW.UNIDAD POR EL APRUEBO PS PPD E INDEPENDIENTES,323. PAOLA LARA ROMAN,PPD,7.0,False
1969,ALHUE,ALHUE,LICEO SARA TRONCOSO,6M,YW.UNIDAD POR EL APRUEBO PS PPD E INDEPENDIENTES,324. MIGUEL ANGEL BENITEZ MARTINEZ,IND,4.0,False
1970,ALHUE,ALHUE,LICEO SARA TRONCOSO,6M,YW.UNIDAD POR EL APRUEBO PS PPD E INDEPENDIENTES,325. ARSENIO PATRICIO ALVAREZ ARMIJO,IND,2.0,False
1971,ALHUE,ALHUE,LICEO SARA TRONCOSO,6M,ZJ.CHILE VAMOS UDI - INDEPENDIENTES,326. LEONEL ALADINO ACEVEDO IRRAZABAL,UDI,17.0,True
1972,ALHUE,ALHUE,LICEO SARA TRONCOSO,6M,ZJ.CHILE VAMOS UDI - INDEPENDIENTES,327. RODOLFO ERNESTO ACEVEDO FUENTES,IND,1.0,False
1973,ALHUE,ALHUE,LICEO SARA TRONCOSO,6M,ZJ.CHILE VAMOS UDI - INDEPENDIENTES,328. JORGE MORENO MEZA,IND,3.0,False
1974,ALHUE,ALHUE,LICEO SARA TRONCOSO,1V,M.CHILE DIGNO VERDE Y SOBERANO,300. ROSA DEL CARMEN QUINTEROS ROJAS,PCCH,4.0,False
1975,ALHUE,ALHUE,LICEO SARA TRONCOSO,1V,M.CHILE DIGNO VERDE Y SOBERANO,301. MARIA SOLEDAD RIVERA MESA,IND,0.0,False
1976,ALHUE,ALHUE,LICEO SARA TRONCOSO,1V,M.CHILE DIGNO VERDE Y SOBERANO,302. CHRISTIAN ISIDRO SERRANO MANZO,IND,1.0,False
1977,ALHUE,ALHUE,LICEO SARA TRONCOSO,1V,M.CHILE DIGNO VERDE Y SOBERANO,303. ELIANA ESTEFANY SEPULVEDA LEVIL,FREVS,0.0,False
1978,ALHUE,ALHUE,LICEO SARA TRONCOSO,1V,XK.CHILE VAMOS RENOVACION NACIONAL - INDEPENDIENTES,304. ANDREA ELIZABETH GALVEZ SEPULVEDA,RN,0.0,False
1979,ALHUE,ALHUE,LICEO SARA TRONCOSO,1V,XS.FRENTE AMPLIO,305. LUISA ANDREA ARAVENA OLAVE,IND,2.0,False
1980,ALHUE,ALHUE,LICEO SARA TRONCOSO,1V,XS.FRENTE AMPLIO,306. CARLOS ALBERTO OLAVE LEIVA,IND,0.0,False
1981,ALHUE,ALHUE,LICEO SARA TRONCOSO,1V,XU.UNIDOS POR LA DIGNIDAD,307. CARMEN GLORIA ESPINOZA PASTENE,PDC,13.0,True
1982,ALHUE,ALHUE,LICEO SARA TRONCOSO,1V,XU.UNIDOS POR LA DIGNIDAD,308. MARCO ANDRES URBANO CIFUENTES,PDC,13.0,True
1983,ALHUE,ALHUE,LICEO SARA TRONCOSO,1V,XU.UNIDOS POR LA DIGNIDAD,309. ROBERTO ANTONIO ARAVENA MIRANDA,PDC,15.0,True
1984,ALHUE,ALHUE,LICEO SARA TRONCOSO,1V,XU.UNIDOS POR LA DIGNIDAD,310. EULALIA MARIA LIZAMA ARANDA,PDC,5.0,False
1985,ALHUE,ALHUE,LICEO SARA TRONCOSO,1V,XU.UNIDOS POR LA DIGNIDAD,311. JOSE LUIS ARAYA ARAYA,IND,2.0,False
1986,ALHUE,ALHUE,LICEO SARA TRONCOSO,1V,XU.UNIDOS POR LA DIGNIDAD,312. JAEL ELIANA NUÑEZ FUENTEALBA,IND,0.0,False
1987,ALHUE,ALHUE,LICEO SARA TRONCOSO,1V,XY.DIGNIDAD AHORA,313. ERIKA ELISABET BALLIER ROJAS,PH,3.0,False
1988,ALHUE,ALHUE,LICEO SARA TRONCOSO,1V,XY.DIGNIDAD AHORA,314. JOSE ANDRES ARELLANO BLANCO,IND,12.0,True
1989,ALHUE,ALHUE,LICEO SARA TRONCOSO,1V,XY.DIGNIDAD AHORA,315. IGNACIO CARLOS FERIA ABARCA,IND,6.0,False
1990,ALHUE,ALHUE,LICEO SARA TRONCOSO,1V,XY.DIGNIDAD AHORA,316. ISABEL PAULINA RUBIO ARROYO,IND,0.0,False
1991,ALHUE,ALHUE,LICEO SARA TRONCOSO,1V,YM.CHILE VAMOS - PRI E INDEPENDIENTES,317. JAVIER ENRIQUE SILVA VALDEVENITO,IND,2.0,False
1992,ALHUE,ALHUE,LICEO SARA TRONCOSO,1V,YM.CHILE VAMOS - PRI E INDEPENDIENTES,318. JAIME RODRIGO JORQUERA BLANCO,IND,7.0,False
1993,ALHUE,ALHUE,LICEO SARA TRONCOSO,1V,YM.CHILE VAMOS - PRI E INDEPENDIENTES,319. CRISTIAN JAVIER URBINA NUÑEZ,IND,1.0,False
1994,ALHUE,ALHUE,LICEO SARA TRONCOSO,1V,YW.UNIDAD POR EL APRUEBO PS PPD E INDEPENDIENTES,320. LUIS ALBERTO ELADIO NUÑEZ PEREZ,PS,7.0,False
1995,ALHUE,ALHUE,LICEO SARA TRONCOSO,1V,YW.UNIDAD POR EL APRUEBO PS PPD E INDEPENDIENTES,321. ALEX RIQUELME TARIFEÑO,PS,12.0,True
1996,ALHUE,ALHUE,LICEO SARA TRONCOSO,1V,YW.UNIDAD POR EL APRUEBO PS PPD E INDEPENDIENTES,322. ARIEL CERDA TAPIA,IND,5.0,False
1997,ALHUE,ALHUE,LICEO SARA TRONCOSO,1V,YW.UNIDAD POR EL APRUEBO PS PPD E INDEPENDIENTES,323. PAOLA LARA ROMAN,PPD,2.0,False
1998,ALHUE,ALHUE,LICEO SARA TRONCOSO,1V,YW.UNIDAD POR EL APRUEBO PS PPD E INDEPENDIENTES,324. MIGUEL ANGEL BENITEZ MARTINEZ,IND,6.0,False
1999,ALHUE,ALHUE,LICEO SARA TRONCOSO,1V,YW.UNIDAD POR EL APRUEBO PS PPD E INDEPENDIENTES,325. ARSENIO PATRICIO ALVAREZ ARMIJO,IND,1.0,False
2000,ALHUE,ALHUE,LICEO SARA TRONCOSO,1V,ZJ.CHILE VAMOS UDI - INDEPENDIENTES,326. LEONEL ALADINO ACEVEDO IRRAZABAL,UDI,10.0,True
2001,ALHUE,ALHUE,LICEO SARA TRONCOSO,1V,ZJ.CHILE VAMOS UDI - INDEPENDIENTES,327. RODOLFO ERNESTO ACEVEDO FUENTES,IND,3.0,False
2002,ALHUE,ALHUE,LICEO SARA TRONCOSO,1V,ZJ.CHILE VAMOS UDI - INDEPENDIENTES,328. JORGE MORENO MEZA,IND,5.0,False
2003,ALHUE,ALHUE,LICEO SARA TRONCOSO,2V,M.CHILE DIGNO VERDE Y SOBERANO,300. ROSA DEL CARMEN QUINTEROS ROJAS,PCCH,5.0,False
2004,ALHUE,ALHUE,LICEO SARA TRONCOSO,2V,M.CHILE DIGNO VERDE Y SOBERANO,301. MARIA SOLEDAD RIVERA MESA,IND,2.0,False
2005,ALHUE,ALHUE,LICEO SARA TRONCOSO,2V,M.CHILE DIGNO VERDE Y SOBERANO,302. CHRISTIAN ISIDRO SERRANO MANZO,IND,1.0,False
2006,ALHUE,ALHUE,LICEO SARA TRONCOSO,2V,M.CHILE DIGNO VERDE Y SOBERANO,303. ELIANA ESTEFANY SEPULVEDA LEVIL,FREVS,0.0,False
2007,ALHUE,ALHUE,LICEO SARA TRONCOSO,2V,XK.CHILE VAMOS RENOVACION NACIONAL - INDEPENDIENTES,304. ANDREA ELIZABETH GALVEZ SEPULVEDA,RN,3.0,False
2008,ALHUE,ALHUE,LICEO SARA TRONCOSO,2V,XS.FRENTE AMPLIO,305. LUISA ANDREA ARAVENA OLAVE,IND,4.0,False
2009,ALHUE,ALHUE,LICEO SARA TRONCOSO,2V,XS.FRENTE AMPLIO,306. CARLOS ALBERTO OLAVE LEIVA,IND,0.0,False
2010,ALHUE,ALHUE,LICEO SARA TRONCOSO,2V,XU.UNIDOS POR LA DIGNIDAD,307. CARMEN GLORIA ESPINOZA PASTENE,PDC,11.0,True
2011,ALHUE,ALHUE,LICEO SARA TRONCOSO,2V,XU.UNIDOS POR LA DIGNIDAD,308. MARCO ANDRES URBANO CIFUENTES,PDC,12.0,True
2012,ALHUE,ALHUE,LICEO SARA TRONCOSO,2V,XU.UNIDOS POR LA DIGNIDAD,309. ROBERTO ANTONIO ARAVENA MIRANDA,PDC,16.0,True
2013,ALHUE,ALHUE,LICEO SARA TRONCOSO,2V,XU.UNIDOS POR LA DIGNIDAD,310. EULALIA MARIA LIZAMA ARANDA,PDC,8.0,False
2014,ALHUE,ALHUE,LICEO SARA TRONCOSO,2V,XU.UNIDOS POR LA DIGNIDAD,311. JOSE LUIS ARAYA ARAYA,IND,0.0,False
2015,ALHUE,ALHUE,LICEO SARA TRONCOSO,2V,XU.UNIDOS POR LA DIGNIDAD,312. JAEL ELIANA NUÑEZ FUENTEALBA,IND,4.0,False
2016,ALHUE,ALHUE,LICEO SARA TRONCOSO,2V,XY.DIGNIDAD AHORA,313. ERIKA ELISABET BALLIER ROJAS,PH,0.0,False
2017,ALHUE,ALHUE,LICEO SARA TRONCOSO,2V,XY.DIGNIDAD AHORA,314. JOSE ANDRES ARELLANO BLANCO,IND,18.0,True
2018,ALHUE,ALHUE,LICEO SARA TRONCOSO,2V,XY.DIGNIDAD AHORA,315. IGNACIO CARLOS FERIA ABARCA,IND,1.0,False
2019,ALHUE,ALHUE,LICEO SARA TRONCOSO,2V,XY.DIGNIDAD AHORA,316. ISABEL PAULINA RUBIO ARROYO,IND,0.0,False
2020,ALHUE,ALHUE,LICEO SARA TRONCOSO,2V,YM.CHILE VAMOS - PRI E INDEPENDIENTES,317. JAVIER ENRIQUE SILVA VALDEVENITO,IND,1.0,False
2021,ALHUE,ALHUE,LICEO SARA TRONCOSO,2V,YM.CHILE VAMOS - PRI E INDEPENDIENTES,318. JAIME RODRIGO JORQUERA BLANCO,IND,5.0,False
2022,ALHUE,ALHUE,LICEO SARA TRONCOSO,2V,YM.CHILE VAMOS - PRI E INDEPENDIENTES,319. CRISTIAN JAVIER URBINA NUÑEZ,IND,2.0,False
2023,ALHUE,ALHUE,LICEO SARA TRONCOSO,2V,YW.UNIDAD POR EL APRUEBO PS PPD E INDEPENDIENTES,320. LUIS ALBERTO ELADIO NUÑEZ PEREZ,PS,8.0,False
2024,ALHUE,ALHUE,LICEO SARA TRONCOSO,2V,YW.UNIDAD POR EL APRUEBO PS PPD E INDEPENDIENTES,321. ALEX RIQUELME TARIFEÑO,PS,10.0,True
2025,ALHUE,ALHUE,LICEO SARA TRONCOSO,2V,YW.UNIDAD POR EL APRUEBO PS PPD E INDEPENDIENTES,322. ARIEL CERDA TAPIA,IND,8.0,False
2026,ALHUE,ALHUE,LICEO SARA TRONCOSO,2V,YW.UNIDAD POR EL APRUEBO PS PPD E INDEPENDIENTES,323. PAOLA LARA ROMAN,PPD,1.0,False
2027,ALHUE,ALHUE,LICEO SARA TRONCOSO,2V,YW.UNIDAD POR EL APRUEBO PS PPD E INDEPENDIENTES,324. MIGUEL ANGEL BENITEZ MARTINEZ,IND,3.0,False
2028,ALHUE,ALHUE,LICEO SARA TRONCOSO,2V,YW.UNIDAD POR EL APRUEBO PS PPD E INDEPENDIENTES,325. ARSENIO PATRICIO ALVAREZ ARMIJO,IND,1.0,False
2029,ALHUE,ALHUE,LICEO SARA TRONCOSO,2V,ZJ.CHILE VAMOS UDI - INDEPENDIENTES,326. LEONEL ALADINO ACEVEDO IRRAZABAL,UDI,13.0,True
2030,ALHUE,ALHUE,LICEO SARA TRONCOSO,2V,ZJ.CHILE VAMOS UDI - INDEPENDIENTES,327. RODOLFO ERNESTO ACEVEDO FUENTES,IND,8.0,False
2031,ALHUE,ALHUE,LICEO SARA TRONCOSO,2V,ZJ.CHILE VAMOS UDI - INDEPENDIENTES,328. JORGE MORENO MEZA,IND,14.0,False
2032,ALHUE,ALHUE,LICEO SARA TRONCOSO,3V,M.CHILE DIGNO VERDE Y SOBERANO,300. ROSA DEL CARMEN QUINTEROS ROJAS,PCCH,3.0,False
2033,ALHUE,ALHUE,LICEO SARA TRONCOSO,3V,M.CHILE DIGNO VERDE Y SOBERANO,301. MARIA SOLEDAD RIVERA MESA,IND,0.0,False
2034,ALHUE,ALHUE,LICEO SARA TRONCOSO,3V,M.CHILE DIGNO VERDE Y SOBERANO,302. CHRISTIAN ISIDRO SERRANO MANZO,IND,0.0,False
2035,ALHUE,ALHUE,LICEO SARA TRONCOSO,3V,M.CHILE DIGNO VERDE Y SOBERANO,303. ELIANA ESTEFANY SEPULVEDA LEVIL,FREVS,0.0,False
2036,ALHUE,ALHUE,LICEO SARA TRONCOSO,3V,XK.CHILE VAMOS RENOVACION NACIONAL - INDEPENDIENTES,304. ANDREA ELIZABETH GALVEZ SEPULVEDA,RN,0.0,False
2037,ALHUE,ALHUE,LICEO SARA TRONCOSO,3V,XS.FRENTE AMPLIO,305. LUISA ANDREA ARAVENA OLAVE,IND,3.0,False
2038,ALHUE,ALHUE,LICEO SARA TRONCOSO,3V,XS.FRENTE AMPLIO,306. CARLOS ALBERTO OLAVE LEIVA,IND,0.0,False
2039,ALHUE,ALHUE,LICEO SARA TRONCOSO,3V,XU.UNIDOS POR LA DIGNIDAD,307. CARMEN GLORIA ESPINOZA PASTENE,PDC,13.0,True
2040,ALHUE,ALHUE,LICEO SARA TRONCOSO,3V,XU.UNIDOS POR LA DIGNIDAD,308. MARCO ANDRES URBANO CIFUENTES,PDC,16.0,True
2041,ALHUE,ALHUE,LICEO SARA TRONCOSO,3V,XU.UNIDOS POR LA DIGNIDAD,309. ROBERTO ANTONIO ARAVENA MIRANDA,PDC,27.0,True
2042,ALHUE,ALHUE,LICEO SARA TRONCOSO,3V,XU.UNIDOS POR LA DIGNIDAD,310. EULALIA MARIA LIZAMA ARANDA,PDC,9.0,False
2043,ALHUE,ALHUE,LICEO SARA TRONCOSO,3V,XU.UNIDOS POR LA DIGNIDAD,311. JOSE LUIS ARAYA ARAYA,IND,1.0,False
2044,ALHUE,ALHUE,LICEO SARA TRONCOSO,3V,XU.UNIDOS POR LA DIGNIDAD,312. JAEL ELIANA NUÑEZ FUENTEALBA,IND,0.0,False
2045,ALHUE,ALHUE,LICEO SARA TRONCOSO,3V,XY.DIGNIDAD AHORA,313. ERIKA ELISABET BALLIER ROJAS,PH,2.0,False
2046,ALHUE,ALHUE,LICEO SARA TRONCOSO,3V,XY.DIGNIDAD AHORA,314. JOSE ANDRES ARELLANO BLANCO,IND,13.0,True
2047,ALHUE,ALHUE,LICEO SARA TRONCOSO,3V,XY.DIGNIDAD AHORA,315. IGNACIO CARLOS FERIA ABARCA,IND,5.0,False
2048,ALHUE,ALHUE,LICEO SARA TRONCOSO,3V,XY.DIGNIDAD AHORA,316. ISABEL PAULINA RUBIO ARROYO,IND,1.0,False
2049,ALHUE,ALHUE,LICEO SARA TRONCOSO,3V,YM.CHILE VAMOS - PRI E INDEPENDIENTES,317. JAVIER ENRIQUE SILVA VALDEVENITO,IND,6.0,False
2050,ALHUE,ALHUE,LICEO SARA TRONCOSO,3V,YM.CHILE VAMOS - PRI E INDEPENDIENTES,318. JAIME RODRIGO JORQUERA BLANCO,IND,4.0,False
2051,ALHUE,ALHUE,LICEO SARA TRONCOSO,3V,YM.CHILE VAMOS - PRI E INDEPENDIENTES,319. CRISTIAN JAVIER URBINA NUÑEZ,IND,2.0,False
2052,ALHUE,ALHUE,LICEO SARA TRONCOSO,3V,YW.UNIDAD POR EL APRUEBO PS PPD E INDEPENDIENTES,320. LUIS ALBERTO ELADIO NUÑEZ PEREZ,PS,12.0,False
2053,ALHUE,ALHUE,LICEO SARA TRONCOSO,3V,YW.UNIDAD POR EL APRUEBO PS PPD E INDEPENDIENTES,321. ALEX RIQUELME TARIFEÑO,PS,5.0,True
2054,ALHUE,ALHUE,LICEO SARA TRONCOSO,3V,YW.UNIDAD POR EL APRUEBO PS PPD E INDEPENDIENTES,322. ARIEL CERDA TAPIA,IND,8.0,False
2055,ALHUE,ALHUE,LICEO SARA TRONCOSO,3V,YW.UNIDAD POR EL APRUEBO PS PPD E INDEPENDIENTES,323. PAOLA LARA ROMAN,PPD,1.0,False
2056,ALHUE,ALHUE,LICEO SARA TRONCOSO,3V,YW.UNIDAD POR EL APRUEBO PS PPD E INDEPENDIENTES,324. MIGUEL ANGEL BENITEZ MARTINEZ,IND,6.0,False
2057,ALHUE,ALHUE,LICEO SARA TRONCOSO,3V,YW.UNIDAD POR EL APRUEBO PS PPD E INDEPENDIENTES,325. ARSENIO PATRICIO ALVAREZ ARMIJO,IND,3.0,False
2058,ALHUE,ALHUE,LICEO SARA TRONCOSO,3V,ZJ.CHILE VAMOS UDI - INDEPENDIENTES,326. LEONEL ALADINO ACEVEDO IRRAZABAL,UDI,20.0,True
2059,ALHUE,ALHUE,LICEO SARA TRONCOSO,3V,ZJ.CHILE VAMOS UDI - INDEPENDIENTES,327. RODOLFO ERNESTO ACEVEDO FUENTES,IND,2.0,False
2060,ALHUE,ALHUE,LICEO SARA TRONCOSO,3V,ZJ.CHILE VAMOS UDI - INDEPENDIENTES,328. JORGE MORENO MEZA,IND,9.0,False
2061,ALHUE,ALHUE,LICEO SARA TRONCOSO,4V,M.CHILE DIGNO VERDE Y SOBERANO,300. ROSA DEL CARMEN QUINTEROS ROJAS,PCCH,9.0,False
2062,ALHUE,ALHUE,LICEO SARA TRONCOSO,4V,M.CHILE DIGNO VERDE Y SOBERANO,301. MARIA SOLEDAD RIVERA MESA,IND,3.0,False
2063,ALHUE,ALHUE,LICEO SARA TRONCOSO,4V,M.CHILE DIGNO VERDE Y SOBERANO,302. CHRISTIAN ISIDRO SERRANO MANZO,IND,0.0,False
2064,ALHUE,ALHUE,LICEO SARA TRONCOSO,4V,M.CHILE DIGNO VERDE Y SOBERANO,303. ELIANA ESTEFANY SEPULVEDA LEVIL,FREVS,0.0,False
2065,ALHUE,ALHUE,LICEO SARA TRONCOSO,4V,XK.CHILE VAMOS RENOVACION NACIONAL - INDEPENDIENTES,304. ANDREA ELIZABETH GALVEZ SEPULVEDA,RN,3.0,False
2066,ALHUE,ALHUE,LICEO SARA TRONCOSO,4V,XS.FRENTE AMPLIO,305. LUISA ANDREA ARAVENA OLAVE,IND,1.0,False
2067,ALHUE,ALHUE,LICEO SARA TRONCOSO,4V,XS.FRENTE AMPLIO,306. CARLOS ALBERTO OLAVE LEIVA,IND,1.0,False
2068,ALHUE,ALHUE,LICEO SARA TRONCOSO,4V,XU.UNIDOS POR LA DIGNIDAD,307. CARMEN GLORIA ESPINOZA PASTENE,PDC,23.0,True
2069,ALHUE,ALHUE,LICEO SARA TRONCOSO,4V,XU.UNIDOS POR LA DIGNIDAD,308. MARCO ANDRES URBANO CIFUENTES,PDC,16.0,True
2070,ALHUE,ALHUE,LICEO SARA TRONCOSO,4V,XU.UNIDOS POR LA DIGNIDAD,309. ROBERTO ANTONIO ARAVENA MIRANDA,PDC,10.0,True
2071,ALHUE,ALHUE,LICEO SARA TRONCOSO,4V,XU.UNIDOS POR LA DIGNIDAD,310. EULALIA MARIA LIZAMA ARANDA,PDC,10.0,False
2072,ALHUE,ALHUE,LICEO SARA TRONCOSO,4V,XU.UNIDOS POR LA DIGNIDAD,311. JOSE LUIS ARAYA ARAYA,IND,2.0,False
2073,ALHUE,ALHUE,LICEO SARA TRONCOSO,4V,XU.UNIDOS POR LA DIGNIDAD,312. JAEL ELIANA NUÑEZ FUENTEALBA,IND,4.0,False
2074,ALHUE,ALHUE,LICEO SARA TRONCOSO,4V,XY.DIGNIDAD AHORA,313. ERIKA ELISABET BALLIER ROJAS,PH,0.0,False
2075,ALHUE,ALHUE,LICEO SARA TRONCOSO,4V,XY.DIGNIDAD AHORA,314. JOSE ANDRES ARELLANO BLANCO,IND,14.0,True
2076,ALHUE,ALHUE,LICEO SARA TRONCOSO,4V,XY.DIGNIDAD AHORA,315. IGNACIO CARLOS FERIA ABARCA,IND,10.0,False
2077,ALHUE,ALHUE,LICEO SARA TRONCOSO,4V,XY.DIGNIDAD AHORA,316. ISABEL PAULINA RUBIO ARROYO,IND,0.0,False
2078,ALHUE,ALHUE,LICEO SARA TRONCOSO,4V,YM.CHILE VAMOS - PRI E INDEPENDIENTES,317. JAVIER ENRIQUE SILVA VALDEVENITO,IND,0.0,False
2079,ALHUE,ALHUE,LICEO SARA TRONCOSO,4V,YM.CHILE VAMOS - PRI E INDEPENDIENTES,318. JAIME RODRIGO JORQUERA BLANCO,IND,6.0,False
2080,ALHUE,ALHUE,LICEO SARA TRONCOSO,4V,YM.CHILE VAMOS - PRI E INDEPENDIENTES,319. CRISTIAN JAVIER URBINA NUÑEZ,IND,3.0,False
2081,ALHUE,ALHUE,LICEO SARA TRONCOSO,4V,YW.UNIDAD POR EL APRUEBO PS PPD E INDEPENDIENTES,320. LUIS ALBERTO ELADIO NUÑEZ PEREZ,PS,7.0,False
2082,ALHUE,ALHUE,LICEO SARA TRONCOSO,4V,YW.UNIDAD POR EL APRUEBO PS PPD E INDEPENDIENTES,321. ALEX RIQUELME TARIFEÑO,PS,12.0,True
2083,ALHUE,ALHUE,LICEO SARA TRONCOSO,4V,YW.UNIDAD POR EL APRUEBO PS PPD E INDEPENDIENTES,322. ARIEL CERDA TAPIA,IND,8.0,False
2084,ALHUE,ALHUE,LICEO SARA TRONCOSO,4V,YW.UNIDAD POR EL APRUEBO PS PPD E INDEPENDIENTES,323. PAOLA LARA ROMAN,PPD,7.0,False
2085,ALHUE,ALHUE,LICEO SARA TRONCOSO,4V,YW.UNIDAD POR EL APRUEBO PS PPD E INDEPENDIENTES,324. MIGUEL ANGEL BENITEZ MARTINEZ,IND,1.0,False
2086,ALHUE,ALHUE,LICEO SARA TRONCOSO,4V,YW.UNIDAD POR EL APRUEBO PS PPD E INDEPENDIENTES,325. ARSENIO PATRICIO ALVAREZ ARMIJO,IND,1.0,False
2087,ALHUE,ALHUE,LICEO SARA TRONCOSO,4V,ZJ.CHILE VAMOS UDI - INDEPENDIENTES,326. LEONEL ALADINO ACEVEDO IRRAZABAL,UDI,15.0,True
2088,ALHUE,ALHUE,LICEO SARA TRONCOSO,4V,ZJ.CHILE VAMOS UDI - INDEPENDIENTES,327. RODOLFO ERNESTO ACEVEDO FUENTES,IND,10.0,False
2089,ALHUE,ALHUE,LICEO SARA TRONCOSO,4V,ZJ.CHILE VAMOS UDI - INDEPENDIENTES,328. JORGE MORENO MEZA,IND,7.0,False
2090,ALHUE,ALHUE,LICEO SARA TRONCOSO,5V,M.CHILE DIGNO VERDE Y SOBERANO,300. ROSA DEL CARMEN QUINTEROS ROJAS,PCCH,10.0,False
2091,ALHUE,ALHUE,LICEO SARA TRONCOSO,5V,M.CHILE DIGNO VERDE Y SOBERANO,301. MARIA SOLEDAD RIVERA MESA,IND,2.0,False
2092,ALHUE,ALHUE,LICEO SARA TRONCOSO,5V,M.CHILE DIGNO VERDE Y SOBERANO,302. CHRISTIAN ISIDRO SERRANO MANZO,IND,0.0,False
2093,ALHUE,ALHUE,LICEO SARA TRONCOSO,5V,M.CHILE DIGNO VERDE Y SOBERANO,303. ELIANA ESTEFANY SEPULVEDA LEVIL,FREVS,2.0,False
2094,ALHUE,ALHUE,LICEO SARA TRONCOSO,5V,XK.CHILE VAMOS RENOVACION NACIONAL - INDEPENDIENTES,304. ANDREA ELIZABETH GALVEZ SEPULVEDA,RN,1.0,False
2095,ALHUE,ALHUE,LICEO SARA TRONCOSO,5V,XS.FRENTE AMPLIO,305. LUISA ANDREA ARAVENA OLAVE,IND,2.0,False
2096,ALHUE,ALHUE,LICEO SARA TRONCOSO,5V,XS.FRENTE AMPLIO,306. CARLOS ALBERTO OLAVE LEIVA,IND,1.0,False
2097,ALHUE,ALHUE,LICEO SARA TRONCOSO,5V,XU.UNIDOS POR LA DIGNIDAD,307. CARMEN GLORIA ESPINOZA PASTENE,PDC,17.0,True
2098,ALHUE,ALHUE,LICEO SARA TRONCOSO,5V,XU.UNIDOS POR LA DIGNIDAD,308. MARCO ANDRES URBANO CIFUENTES,PDC,26.0,True
2099,ALHUE,ALHUE,LICEO SARA TRONCOSO,5V,XU.UNIDOS POR LA DIGNIDAD,309. ROBERTO ANTONIO ARAVENA MIRANDA,PDC,6.0,True
2100,ALHUE,ALHUE,LICEO SARA TRONCOSO,5V,XU.UNIDOS POR LA DIGNIDAD,310. EULALIA MARIA LIZAMA ARANDA,PDC,10.0,False
2101,ALHUE,ALHUE,LICEO SARA TRONCOSO,5V,XU.UNIDOS POR LA DIGNIDAD,311. JOSE LUIS ARAYA ARAYA,IND,1.0,False
2102,ALHUE,ALHUE,LICEO SARA TRONCOSO,5V,XU.UNIDOS POR LA DIGNIDAD,312. JAEL ELIANA NUÑEZ FUENTEALBA,IND,1.0,False
2103,ALHUE,ALHUE,LICEO SARA TRONCOSO,5V,XY.DIGNIDAD AHORA,313. ERIKA ELISABET BALLIER ROJAS,PH,1.0,False
2104,ALHUE,ALHUE,LICEO SARA TRONCOSO,5V,XY.DIGNIDAD AHORA,314. JOSE ANDRES ARELLANO BLANCO,IND,19.0,True
2105,ALHUE,ALHUE,LICEO SARA TRONCOSO,5V,XY.DIGNIDAD AHORA,315. IGNACIO CARLOS FERIA ABARCA,IND,8.0,False
2106,ALHUE,ALHUE,LICEO SARA TRONCOSO,5V,XY.DIGNIDAD AHORA,316. ISABEL PAULINA RUBIO ARROYO,IND,0.0,False
2107,ALHUE,ALHUE,LICEO SARA TRONCOSO,5V,YM.CHILE VAMOS - PRI E INDEPENDIENTES,317. JAVIER ENRIQUE SILVA VALDEVENITO,IND,3.0,False
2108,ALHUE,ALHUE,LICEO SARA TRONCOSO,5V,YM.CHILE VAMOS - PRI E INDEPENDIENTES,318. JAIME RODRIGO JORQUERA BLANCO,IND,7.0,False
2109,ALHUE,ALHUE,LICEO SARA TRONCOSO,5V,YM.CHILE VAMOS - PRI E INDEPENDIENTES,319. CRISTIAN JAVIER URBINA NUÑEZ,IND,1.0,False
2110,ALHUE,ALHUE,LICEO SARA TRONCOSO,5V,YW.UNIDAD POR EL APRUEBO PS PPD E INDEPENDIENTES,320. LUIS ALBERTO ELADIO NUÑEZ PEREZ,PS,8.0,False
2111,ALHUE,ALHUE,LICEO SARA TRONCOSO,5V,YW.UNIDAD POR EL APRUEBO PS PPD E INDEPENDIENTES,321. ALEX RIQUELME TARIFEÑO,PS,9.0,True
2112,ALHUE,ALHUE,LICEO SARA TRONCOSO,5V,YW.UNIDAD POR EL APRUEBO PS PPD E INDEPENDIENTES,322. ARIEL CERDA TAPIA,IND,8.0,False
2113,ALHUE,ALHUE,LICEO SARA TRONCOSO,5V,YW.UNIDAD POR EL APRUEBO PS PPD E INDEPENDIENTES,323. PAOLA LARA ROMAN,PPD,4.0,False
2114,ALHUE,ALHUE,LICEO SARA TRONCOSO,5V,YW.UNIDAD POR EL APRUEBO PS PPD E INDEPENDIENTES,324. MIGUEL ANGEL BENITEZ MARTINEZ,IND,3.0,False
2115,ALHUE,ALHUE,LICEO SARA TRONCOSO,5V,YW.UNIDAD POR EL APRUEBO PS PPD E INDEPENDIENTES,325. ARSENIO PATRICIO ALVAREZ ARMIJO,IND,0.0,False
2116,ALHUE,ALHUE,LICEO SARA TRONCOSO,5V,ZJ.CHILE VAMOS UDI - INDEPENDIENTES,326. LEONEL ALADINO ACEVEDO IRRAZABAL,UDI,19.0,True
2117,ALHUE,ALHUE,LICEO SARA TRONCOSO,5V,ZJ.CHILE VAMOS UDI - INDEPENDIENTES,327. RODOLFO ERNESTO ACEVEDO FUENTES,IND,5.0,False
2118,ALHUE,ALHUE,LICEO SARA TRONCOSO,5V,ZJ.CHILE VAMOS UDI - INDEPENDIENTES,328. JORGE MORENO MEZA,IND,4.0,False
2119,ALHUE,ALHUE,LICEO SARA TRONCOSO,6V,M.CHILE DIGNO VERDE Y SOBERANO,300. ROSA DEL CARMEN QUINTEROS ROJAS,PCCH,4.0,False
2120,ALHUE,ALHUE,LICEO SARA TRONCOSO,6V,M.CHILE DIGNO VERDE Y SOBERANO,301. MARIA SOLEDAD RIVERA MESA,IND,0.0,False
2121,ALHUE,ALHUE,LICEO SARA TRONCOSO,6V,M.CHILE DIGNO VERDE Y SOBERANO,302. CHRISTIAN ISIDRO SERRANO MANZO,IND,1.0,False
2122,ALHUE,ALHUE,LICEO SARA TRONCOSO,6V,M.CHILE DIGNO VERDE Y SOBERANO,303. ELIANA ESTEFANY SEPULVEDA LEVIL,FREVS,0.0,False
2123,ALHUE,ALHUE,LICEO SARA TRONCOSO,6V,XK.CHILE VAMOS RENOVACION NACIONAL - INDEPENDIENTES,304. ANDREA ELIZABETH GALVEZ SEPULVEDA,RN,4.0,False
2124,ALHUE,ALHUE,LICEO SARA TRONCOSO,6V,XS.FRENTE AMPLIO,305. LUISA ANDREA ARAVENA OLAVE,IND,4.0,False
2125,ALHUE,ALHUE,LICEO SARA TRONCOSO,6V,XS.FRENTE AMPLIO,306. CARLOS ALBERTO OLAVE LEIVA,IND,0.0,False
2126,ALHUE,ALHUE,LICEO SARA TRONCOSO,6V,XU.UNIDOS POR LA DIGNIDAD,307. CARMEN GLORIA ESPINOZA PASTENE,PDC,27.0,True
2127,ALHUE,ALHUE,LICEO SARA TRONCOSO,6V,XU.UNIDOS POR LA DIGNIDAD,308. MARCO ANDRES URBANO CIFUENTES,PDC,12.0,True
2128,ALHUE,ALHUE,LICEO SARA TRONCOSO,6V,XU.UNIDOS POR LA DIGNIDAD,309. ROBERTO ANTONIO ARAVENA MIRANDA,PDC,21.0,True
2129,ALHUE,ALHUE,LICEO SARA TRONCOSO,6V,XU.UNIDOS POR LA DIGNIDAD,310. EULALIA MARIA LIZAMA ARANDA,PDC,17.0,False
2130,ALHUE,ALHUE,LICEO SARA TRONCOSO,6V,XU.UNIDOS POR LA DIGNIDAD,311. JOSE LUIS ARAYA ARAYA,IND,4.0,False
2131,ALHUE,ALHUE,LICEO SARA TRONCOSO,6V,XU.UNIDOS POR LA DIGNIDAD,312. JAEL ELIANA NUÑEZ FUENTEALBA,IND,1.0,False
2132,ALHUE,ALHUE,LICEO SARA TRONCOSO,6V,XY.DIGNIDAD AHORA,313. ERIKA ELISABET BALLIER ROJAS,PH,3.0,False
2133,ALHUE,ALHUE,LICEO SARA TRONCOSO,6V,XY.DIGNIDAD AHORA,314. JOSE ANDRES ARELLANO BLANCO,IND,27.0,True
2134,ALHUE,ALHUE,LICEO SARA TRONCOSO,6V,XY.DIGNIDAD AHORA,315. IGNACIO CARLOS FERIA ABARCA,IND,7.0,False
2135,ALHUE,ALHUE,LICEO SARA TRONCOSO,6V,XY.DIGNIDAD AHORA,316. ISABEL PAULINA RUBIO ARROYO,IND,1.0,False
2136,ALHUE,ALHUE,LICEO SARA TRONCOSO,6V,YM.CHILE VAMOS - PRI E INDEPENDIENTES,317. JAVIER ENRIQUE SILVA VALDEVENITO,IND,1.0,False
2137,ALHUE,ALHUE,LICEO SARA TRONCOSO,6V,YM.CHILE VAMOS - PRI E INDEPENDIENTES,318. JAIME RODRIGO JORQUERA BLANCO,IND,5.0,False
2138,ALHUE,ALHUE,LICEO SARA TRONCOSO,6V,YM.CHILE VAMOS - PRI E INDEPENDIENTES,319. CRISTIAN JAVIER URBINA NUÑEZ,IND,3.0,False
2139,ALHUE,ALHUE,LICEO SARA TRONCOSO,6V,YW.UNIDAD POR EL APRUEBO PS PPD E INDEPENDIENTES,320. LUIS ALBERTO ELADIO NUÑEZ PEREZ,PS,11.0,False
2140,ALHUE,ALHUE,LICEO SARA TRONCOSO,6V,YW.UNIDAD POR EL APRUEBO PS PPD E INDEPENDIENTES,321. ALEX RIQUELME TARIFEÑO,PS,11.0,True
2141,ALHUE,ALHUE,LICEO SARA TRONCOSO,6V,YW.UNIDAD POR EL APRUEBO PS PPD E INDEPENDIENTES,322. ARIEL CERDA TAPIA,IND,16.0,False
2142,ALHUE,ALHUE,LICEO SARA TRONCOSO,6V,YW.UNIDAD POR EL APRUEBO PS PPD E INDEPENDIENTES,323. PAOLA LARA ROMAN,PPD,6.0,False
2143,ALHUE,ALHUE,LICEO SARA TRONCOSO,6V,YW.UNIDAD POR EL APRUEBO PS PPD E INDEPENDIENTES,324. MIGUEL ANGEL BENITEZ MARTINEZ,IND,6.0,False
2144,ALHUE,ALHUE,LICEO SARA TRONCOSO,6V,YW.UNIDAD POR EL APRUEBO PS PPD E INDEPENDIENTES,325. ARSENIO PATRICIO ALVAREZ ARMIJO,IND,5.0,False
2145,ALHUE,ALHUE,LICEO SARA TRONCOSO,6V,ZJ.CHILE VAMOS UDI - INDEPENDIENTES,326. LEONEL ALADINO ACEVEDO IRRAZABAL,UDI,26.0,True
2146,ALHUE,ALHUE,LICEO SARA TRONCOSO,6V,ZJ.CHILE VAMOS UDI - INDEPENDIENTES,327. RODOLFO ERNESTO ACEVEDO FUENTES,IND,6.0,False
2147,ALHUE,ALHUE,LICEO SARA TRONCOSO,6V,ZJ.CHILE VAMOS UDI - INDEPENDIENTES,328. JORGE MORENO MEZA,IND,4.0,False
2148,ALHUE,ALHUE,LICEO SARA TRONCOSO,7V,M.CHILE DIGNO VERDE Y SOBERANO,300. ROSA DEL CARMEN QUINTEROS ROJAS,PCCH,4.0,False
2149,ALHUE,ALHUE,LICEO SARA TRONCOSO,7V,M.CHILE DIGNO VERDE Y SOBERANO,301. MARIA SOLEDAD RIVERA MESA,IND,1.0,False
2150,ALHUE,ALHUE,LICEO SARA TRONCOSO,7V,M.CHILE DIGNO VERDE Y SOBERANO,302. CHRISTIAN ISIDRO SERRANO MANZO,IND,0.0,False
2151,ALHUE,ALHUE,LICEO SARA TRONCOSO,7V,M.CHILE DIGNO VERDE Y SOBERANO,303. ELIANA ESTEFANY SEPULVEDA LEVIL,FREVS,0.0,False
2152,ALHUE,ALHUE,LICEO SARA TRONCOSO,7V,XK.CHILE VAMOS RENOVACION NACIONAL - INDEPENDIENTES,304. ANDREA ELIZABETH GALVEZ SEPULVEDA,RN,4.0,False
2153,ALHUE,ALHUE,LICEO SARA TRONCOSO,7V,XS.FRENTE AMPLIO,305. LUISA ANDREA ARAVENA OLAVE,IND,3.0,False
2154,ALHUE,ALHUE,LICEO SARA TRONCOSO,7V,XS.FRENTE AMPLIO,306. CARLOS ALBERTO OLAVE LEIVA,IND,0.0,False
2155,ALHUE,ALHUE,LICEO SARA TRONCOSO,7V,XU.UNIDOS POR LA DIGNIDAD,307. CARMEN GLORIA ESPINOZA PASTENE,PDC,8.0,True
2156,ALHUE,ALHUE,LICEO SARA TRONCOSO,7V,XU.UNIDOS POR LA DIGNIDAD,308. MARCO ANDRES URBANO CIFUENTES,PDC,18.0,True
2157,ALHUE,ALHUE,LICEO SARA TRONCOSO,7V,XU.UNIDOS POR LA DIGNIDAD,309. ROBERTO ANTONIO ARAVENA MIRANDA,PDC,11.0,True
2158,ALHUE,ALHUE,LICEO SARA TRONCOSO,7V,XU.UNIDOS POR LA DIGNIDAD,310. EULALIA MARIA LIZAMA ARANDA,PDC,8.0,False
2159,ALHUE,ALHUE,LICEO SARA TRONCOSO,7V,XU.UNIDOS POR LA DIGNIDAD,311. JOSE LUIS ARAYA ARAYA,IND,1.0,False
2160,ALHUE,ALHUE,LICEO SARA TRONCOSO,7V,XU.UNIDOS POR LA DIGNIDAD,312. JAEL ELIANA NUÑEZ FUENTEALBA,IND,1.0,False
2161,ALHUE,ALHUE,LICEO SARA TRONCOSO,7V,XY.DIGNIDAD AHORA,313. ERIKA ELISABET BALLIER ROJAS,PH,0.0,False
2162,ALHUE,ALHUE,LICEO SARA TRONCOSO,7V,XY.DIGNIDAD AHORA,314. JOSE ANDRES ARELLANO BLANCO,IND,21.0,True
2163,ALHUE,ALHUE,LICEO SARA TRONCOSO,7V,XY.DIGNIDAD AHORA,315. IGNACIO CARLOS FERIA ABARCA,IND,3.0,False
2164,ALHUE,ALHUE,LICEO SARA TRONCOSO,7V,XY.DIGNIDAD AHORA,316. ISABEL PAULINA RUBIO ARROYO,IND,1.0,False
2165,ALHUE,ALHUE,LICEO SARA TRONCOSO,7V,YM.CHILE VAMOS - PRI E INDEPENDIENTES,317. JAVIER ENRIQUE SILVA VALDEVENITO,IND,1.0,False
2166,ALHUE,ALHUE,LICEO SARA TRONCOSO,7V,YM.CHILE VAMOS - PRI E INDEPENDIENTES,318. JAIME RODRIGO JORQUERA BLANCO,IND,4.0,False
2167,ALHUE,ALHUE,LICEO SARA TRONCOSO,7V,YM.CHILE VAMOS - PRI E INDEPENDIENTES,319. CRISTIAN JAVIER URBINA NUÑEZ,IND,4.0,False
2168,ALHUE,ALHUE,LICEO SARA TRONCOSO,7V,YW.UNIDAD POR EL APRUEBO PS PPD E INDEPENDIENTES,320. LUIS ALBERTO ELADIO NUÑEZ PEREZ,PS,7.0,False
2169,ALHUE,ALHUE,LICEO SARA TRONCOSO,7V,YW.UNIDAD POR EL APRUEBO PS PPD E INDEPENDIENTES,321. ALEX RIQUELME TARIFEÑO,PS,5.0,True
2170,ALHUE,ALHUE,LICEO SARA TRONCOSO,7V,YW.UNIDAD POR EL APRUEBO PS PPD E INDEPENDIENTES,322. ARIEL CERDA TAPIA,IND,5.0,False
2171,ALHUE,ALHUE,LICEO SARA TRONCOSO,7V,YW.UNIDAD POR EL APRUEBO PS PPD E INDEPENDIENTES,323. PAOLA LARA ROMAN,PPD,3.0,False
2172,ALHUE,ALHUE,LICEO SARA TRONCOSO,7V,YW.UNIDAD POR EL APRUEBO PS PPD E INDEPENDIENTES,324. MIGUEL ANGEL BENITEZ MARTINEZ,IND,3.0,False
2173,ALHUE,ALHUE,LICEO SARA TRONCOSO,7V,YW.UNIDAD POR EL APRUEBO PS PPD E INDEPENDIENTES,325. ARSENIO PATRICIO ALVAREZ ARMIJO,IND,2.0,False
2174,ALHUE,ALHUE,LICEO SARA TRONCOSO,7V,ZJ.CHILE VAMOS UDI - INDEPENDIENTES,326. LEONEL ALADINO ACEVEDO IRRAZABAL,UDI,14.0,True
2175,ALHUE,ALHUE,LICEO SARA TRONCOSO,7V,ZJ.CHILE VAMOS UDI - INDEPENDIENTES,327. RODOLFO ERNESTO ACEVEDO FUENTES,IND,3.0,False
2176,ALHUE,ALHUE,LICEO SARA TRONCOSO,7V,ZJ.CHILE VAMOS UDI - INDEPENDIENTES,328. JORGE MORENO MEZA,IND,0.0,False
2177,ALHUE,ALHUE,LICEO SARA TRONCOSO,8,M.CHILE DIGNO VERDE Y SOBERANO,300. ROSA DEL CARMEN QUINTEROS ROJAS,PCCH,4.0,False
2178,ALHUE,ALHUE,LICEO SARA TRONCOSO,8,M.CHILE DIGNO VERDE Y SOBERANO,301. MARIA SOLEDAD RIVERA MESA,IND,0.0,False
2179,ALHUE,ALHUE,LICEO SARA TRONCOSO,8,M.CHILE DIGNO VERDE Y SOBERANO,302. CHRISTIAN ISIDRO SERRANO MANZO,IND,0.0,False
2180,ALHUE,ALHUE,LICEO SARA TRONCOSO,8,M.CHILE DIGNO VERDE Y SOBERANO,303. ELIANA ESTEFANY SEPULVEDA LEVIL,FREVS,0.0,False
2181,ALHUE,ALHUE,LICEO SARA TRONCOSO,8,XK.CHILE VAMOS RENOVACION NACIONAL - INDEPENDIENTES,304. ANDREA ELIZABETH GALVEZ SEPULVEDA,RN,1.0,False
2182,ALHUE,ALHUE,LICEO SARA TRONCOSO,8,XS.FRENTE AMPLIO,305. LUISA ANDREA ARAVENA OLAVE,IND,1.0,False
2183,ALHUE,ALHUE,LICEO SARA TRONCOSO,8,XS.FRENTE AMPLIO,306. CARLOS ALBERTO OLAVE LEIVA,IND,0.0,False
2184,ALHUE,ALHUE,LICEO SARA TRONCOSO,8,XU.UNIDOS POR LA DIGNIDAD,307. CARMEN GLORIA ESPINOZA PASTENE,PDC,9.0,True
2185,ALHUE,ALHUE,LICEO SARA TRONCOSO,8,XU.UNIDOS POR LA DIGNIDAD,308. MARCO ANDRES URBANO CIFUENTES,PDC,15.0,True
2186,ALHUE,ALHUE,LICEO SARA TRONCOSO,8,XU.UNIDOS POR LA DIGNIDAD,309. ROBERTO ANTONIO ARAVENA MIRANDA,PDC,10.0,True
2187,ALHUE,ALHUE,LICEO SARA TRONCOSO,8,XU.UNIDOS POR LA DIGNIDAD,310. EULALIA MARIA LIZAMA ARANDA,PDC,6.0,False
2188,ALHUE,ALHUE,LICEO SARA TRONCOSO,8,XU.UNIDOS POR LA DIGNIDAD,311. JOSE LUIS ARAYA ARAYA,IND,3.0,False
2189,ALHUE,ALHUE,LICEO SARA TRONCOSO,8,XU.UNIDOS POR LA DIGNIDAD,312. JAEL ELIANA NUÑEZ FUENTEALBA,IND,1.0,False
2190,ALHUE,ALHUE,LICEO SARA TRONCOSO,8,XY.DIGNIDAD AHORA,313. ERIKA ELISABET BALLIER ROJAS,PH,1.0,False
2191,ALHUE,ALHUE,LICEO SARA TRONCOSO,8,XY.DIGNIDAD AHORA,314. JOSE ANDRES ARELLANO BLANCO,IND,12.0,True
2192,ALHUE,ALHUE,LICEO SARA TRONCOSO,8,XY.DIGNIDAD AHORA,315. IGNACIO CARLOS FERIA ABARCA,IND,5.0,False
2193,ALHUE,ALHUE,LICEO SARA TRONCOSO,8,XY.DIGNIDAD AHORA,316. ISABEL PAULINA RUBIO ARROYO,IND,0.0,False
2194,ALHUE,ALHUE,LICEO SARA TRONCOSO,8,YM.CHILE VAMOS - PRI E INDEPENDIENTES,317. JAVIER ENRIQUE SILVA VALDEVENITO,IND,1.0,False
2195,ALHUE,ALHUE,LICEO SARA TRONCOSO,8,YM.CHILE VAMOS - PRI E INDEPENDIENTES,318. JAIME RODRIGO JORQUERA BLANCO,IND,5.0,False
2196,ALHUE,ALHUE,LICEO SARA TRONCOSO,8,YM.CHILE VAMOS - PRI E INDEPENDIENTES,319. CRISTIAN JAVIER URBINA NUÑEZ,IND,1.0,False
2197,ALHUE,ALHUE,LICEO SARA TRONCOSO,8,YW.UNIDAD POR EL APRUEBO PS PPD E INDEPENDIENTES,320. LUIS ALBERTO ELADIO NUÑEZ PEREZ,PS,3.0,False
2198,ALHUE,ALHUE,LICEO SARA TRONCOSO,8,YW.UNIDAD POR EL APRUEBO PS PPD E INDEPENDIENTES,321. ALEX RIQUELME TARIFEÑO,PS,5.0,True
2199,ALHUE,ALHUE,LICEO SARA TRONCOSO,8,YW.UNIDAD POR EL APRUEBO PS PPD E INDEPENDIENTES,322. ARIEL CERDA TAPIA,IND,7.0,False
2200,ALHUE,ALHUE,LICEO SARA TRONCOSO,8,YW.UNIDAD POR EL APRUEBO PS PPD E INDEPENDIENTES,323. PAOLA LARA ROMAN,PPD,2.0,False
2201,ALHUE,ALHUE,LICEO SARA TRONCOSO,8,YW.UNIDAD POR EL APRUEBO PS PPD E INDEPENDIENTES,324. MIGUEL ANGEL BENITEZ MARTINEZ,IND,3.0,False
2202,ALHUE,ALHUE,LICEO SARA TRONCOSO,8,YW.UNIDAD POR EL APRUEBO PS PPD E INDEPENDIENTES,325. ARSENIO PATRICIO ALVAREZ ARMIJO,IND,0.0,False
2203,ALHUE,ALHUE,LICEO SARA TRONCOSO,8,ZJ.CHILE VAMOS UDI - INDEPENDIENTES,326. LEONEL ALADINO ACEVEDO IRRAZABAL,UDI,11.0,True
2204,ALHUE,ALHUE,LICEO SARA TRONCOSO,8,ZJ.CHILE VAMOS UDI - INDEPENDIENTES,327. RODOLFO ERNESTO ACEVEDO FUENTES,IND,5.0,False
2205,ALHUE,ALHUE,LICEO SARA TRONCOSO,8,ZJ.CHILE VAMOS UDI - INDEPENDIENTES,328. JORGE MORENO MEZA,IND,0.0,False
2206,ALHUE,ALHUE,LICEO SARA TRONCOSO,9,M.CHILE DIGNO VERDE Y SOBERANO,300. ROSA DEL CARMEN QUINTEROS ROJAS,PCCH,2.0,False
2207,ALHUE,ALHUE,LICEO SARA TRONCOSO,9,M.CHILE DIGNO VERDE Y SOBERANO,301. MARIA SOLEDAD RIVERA MESA,IND,0.0,False
2208,ALHUE,ALHUE,LICEO SARA TRONCOSO,9,M.CHILE DIGNO VERDE Y SOBERANO,302. CHRISTIAN ISIDRO SERRANO MANZO,IND,0.0,False
2209,ALHUE,ALHUE,LICEO SARA TRONCOSO,9,M.CHILE DIGNO VERDE Y SOBERANO,303. ELIANA ESTEFANY SEPULVEDA LEVIL,FREVS,0.0,False
2210,ALHUE,ALHUE,LICEO SARA TRONCOSO,9,XK.CHILE VAMOS RENOVACION NACIONAL - INDEPENDIENTES,304. ANDREA ELIZABETH GALVEZ SEPULVEDA,RN,4.0,False
2211,ALHUE,ALHUE,LICEO SARA TRONCOSO,9,XS.FRENTE AMPLIO,305. LUISA ANDREA ARAVENA OLAVE,IND,3.0,False
2212,ALHUE,ALHUE,LICEO SARA TRONCOSO,9,XS.FRENTE AMPLIO,306. CARLOS ALBERTO OLAVE LEIVA,IND,0.0,False
2213,ALHUE,ALHUE,LICEO SARA TRONCOSO,9,XU.UNIDOS POR LA DIGNIDAD,307. CARMEN GLORIA ESPINOZA PASTENE,PDC,10.0,True
2214,ALHUE,ALHUE,LICEO SARA TRONCOSO,9,XU.UNIDOS POR LA DIGNIDAD,308. MARCO ANDRES URBANO CIFUENTES,PDC,12.0,True
2215,ALHUE,ALHUE,LICEO SARA TRONCOSO,9,XU.UNIDOS POR LA DIGNIDAD,309. ROBERTO ANTONIO ARAVENA MIRANDA,PDC,14.0,True
2216,ALHUE,ALHUE,LICEO SARA TRONCOSO,9,XU.UNIDOS POR LA DIGNIDAD,310. EULALIA MARIA LIZAMA ARANDA,PDC,5.0,False
2217,ALHUE,ALHUE,LICEO SARA TRONCOSO,9,XU.UNIDOS POR LA DIGNIDAD,311. JOSE LUIS ARAYA ARAYA,IND,2.0,False
2218,ALHUE,ALHUE,LICEO SARA TRONCOSO,9,XU.UNIDOS POR LA DIGNIDAD,312. JAEL ELIANA NUÑEZ FUENTEALBA,IND,0.0,False
2219,ALHUE,ALHUE,LICEO SARA TRONCOSO,9,XY.DIGNIDAD AHORA,313. ERIKA ELISABET BALLIER ROJAS,PH,1.0,False
2220,ALHUE,ALHUE,LICEO SARA TRONCOSO,9,XY.DIGNIDAD AHORA,314. JOSE ANDRES ARELLANO BLANCO,IND,18.0,True
2221,ALHUE,ALHUE,LICEO SARA TRONCOSO,9,XY.DIGNIDAD AHORA,315. IGNACIO CARLOS FERIA ABARCA,IND,3.0,False
2222,ALHUE,ALHUE,LICEO SARA TRONCOSO,9,XY.DIGNIDAD AHORA,316. ISABEL PAULINA RUBIO ARROYO,IND,0.0,False
2223,ALHUE,ALHUE,LICEO SARA TRONCOSO,9,YM.CHILE VAMOS - PRI E INDEPENDIENTES,317. JAVIER ENRIQUE SILVA VALDEVENITO,IND,1.0,False
2224,ALHUE,ALHUE,LICEO SARA TRONCOSO,9,YM.CHILE VAMOS - PRI E INDEPENDIENTES,318. JAIME RODRIGO JORQUERA BLANCO,IND,2.0,False
2225,ALHUE,ALHUE,LICEO SARA TRONCOSO,9,YM.CHILE VAMOS - PRI E INDEPENDIENTES,319. CRISTIAN JAVIER URBINA NUÑEZ,IND,2.0,False
2226,ALHUE,ALHUE,LICEO SARA TRONCOSO,9,YW.UNIDAD POR EL APRUEBO PS PPD E INDEPENDIENTES,320. LUIS ALBERTO ELADIO NUÑEZ PEREZ,PS,8.0,False
2227,ALHUE,ALHUE,LICEO SARA TRONCOSO,9,YW.UNIDAD POR EL APRUEBO PS PPD E INDEPENDIENTES,321. ALEX RIQUELME TARIFEÑO,PS,7.0,True
2228,ALHUE,ALHUE,LICEO SARA TRONCOSO,9,YW.UNIDAD POR EL APRUEBO PS PPD E INDEPENDIENTES,322. ARIEL CERDA TAPIA,IND,0.0,False
2229,ALHUE,ALHUE,LICEO SARA TRONCOSO,9,YW.UNIDAD POR EL APRUEBO PS PPD E INDEPENDIENTES,323. PAOLA LARA ROMAN,PPD,1.0,False
2230,ALHUE,ALHUE,LICEO SARA TRONCOSO,9,YW.UNIDAD POR EL APRUEBO PS PPD E INDEPENDIENTES,324. MIGUEL ANGEL BENITEZ MARTINEZ,IND,4.0,False
2231,ALHUE,ALHUE,LICEO SARA TRONCOSO,9,YW.UNIDAD POR EL APRUEBO PS PPD E INDEPENDIENTES,325. ARSENIO PATRICIO ALVAREZ ARMIJO,IND,3.0,False
2232,ALHUE,ALHUE,LICEO SARA TRONCOSO,9,ZJ.CHILE VAMOS UDI - INDEPENDIENTES,326. LEONEL ALADINO ACEVEDO IRRAZABAL,UDI,2.0,True
2233,ALHUE,ALHUE,LICEO SARA TRONCOSO,9,ZJ.CHILE VAMOS UDI - INDEPENDIENTES,327. RODOLFO ERNESTO ACEVEDO FUENTES,IND,2.0,False
2234,ALHUE,ALHUE,LICEO SARA TRONCOSO,9,ZJ.CHILE VAMOS UDI - INDEPENDIENTES,328. JORGE MORENO MEZA,IND,1.0,False
2235,ALHUE,ALHUE,LICEO SARA TRONCOSO,10,M.CHILE DIGNO VERDE Y SOBERANO,300. ROSA DEL CARMEN QUINTEROS ROJAS,PCCH,3.0,False
2236,ALHUE,ALHUE,LICEO SARA TRONCOSO,10,M.CHILE DIGNO VERDE Y SOBERANO,301. MARIA SOLEDAD RIVERA MESA,IND,0.0,False
2237,ALHUE,ALHUE,LICEO SARA TRONCOSO,10,M.CHILE DIGNO VERDE Y SOBERANO,302. CHRISTIAN ISIDRO SERRANO MANZO,IND,0.0,False
2238,ALHUE,ALHUE,LICEO SARA TRONCOSO,10,M.CHILE DIGNO VERDE Y SOBERANO,303. ELIANA ESTEFANY SEPULVEDA LEVIL,FREVS,0.0,False
2239,ALHUE,ALHUE,LICEO SARA TRONCOSO,10,XK.CHILE VAMOS RENOVACION NACIONAL - INDEPENDIENTES,304. ANDREA ELIZABETH GALVEZ SEPULVEDA,RN,1.0,False
2240,ALHUE,ALHUE,LICEO SARA TRONCOSO,10,XS.FRENTE AMPLIO,305. LUISA ANDREA ARAVENA OLAVE,IND,2.0,False
2241,ALHUE,ALHUE,LICEO SARA TRONCOSO,10,XS.FRENTE AMPLIO,306. CARLOS ALBERTO OLAVE LEIVA,IND,0.0,False
2242,ALHUE,ALHUE,LICEO SARA TRONCOSO,10,XU.UNIDOS POR LA DIGNIDAD,307. CARMEN GLORIA ESPINOZA PASTENE,PDC,11.0,True
2243,ALHUE,ALHUE,LICEO SARA TRONCOSO,10,XU.UNIDOS POR LA DIGNIDAD,308. MARCO ANDRES URBANO CIFUENTES,PDC,20.0,True
2244,ALHUE,ALHUE,LICEO SARA TRONCOSO,10,XU.UNIDOS POR LA DIGNIDAD,309. ROBERTO ANTONIO ARAVENA MIRANDA,PDC,8.0,True
2245,ALHUE,ALHUE,LICEO SARA TRONCOSO,10,XU.UNIDOS POR LA DIGNIDAD,310. EULALIA MARIA LIZAMA ARANDA,PDC,12.0,False
2246,ALHUE,ALHUE,LICEO SARA TRONCOSO,10,XU.UNIDOS POR LA DIGNIDAD,311. JOSE LUIS ARAYA ARAYA,IND,4.0,False
2247,ALHUE,ALHUE,LICEO SARA TRONCOSO,10,XU.UNIDOS POR LA DIGNIDAD,312. JAEL ELIANA NUÑEZ FUENTEALBA,IND,1.0,False
2248,ALHUE,ALHUE,LICEO SARA TRONCOSO,10,XY.DIGNIDAD AHORA,313. ERIKA ELISABET BALLIER ROJAS,PH,1.0,False
2249,ALHUE,ALHUE,LICEO SARA TRONCOSO,10,XY.DIGNIDAD AHORA,314. JOSE ANDRES ARELLANO BLANCO,IND,18.0,True
2250,ALHUE,ALHUE,LICEO SARA TRONCOSO,10,XY.DIGNIDAD AHORA,315. IGNACIO CARLOS FERIA ABARCA,IND,4.0,False
2251,ALHUE,ALHUE,LICEO SARA TRONCOSO,10,XY.DIGNIDAD AHORA,316. ISABEL PAULINA RUBIO ARROYO,IND,0.0,False
2252,ALHUE,ALHUE,LICEO SARA TRONCOSO,10,YM.CHILE VAMOS - PRI E INDEPENDIENTES,317. JAVIER ENRIQUE SILVA VALDEVENITO,IND,4.0,False
2253,ALHUE,ALHUE,LICEO SARA TRONCOSO,10,YM.CHILE VAMOS - PRI E INDEPENDIENTES,318. JAIME RODRIGO JORQUERA BLANCO,IND,3.0,False
2254,ALHUE,ALHUE,LICEO SARA TRONCOSO,10,YM.CHILE VAMOS - PRI E INDEPENDIENTES,319. CRISTIAN JAVIER URBINA NUÑEZ,IND,5.0,False
2255,ALHUE,ALHUE,LICEO SARA TRONCOSO,10,YW.UNIDAD POR EL APRUEBO PS PPD E INDEPENDIENTES,320. LUIS ALBERTO ELADIO NUÑEZ PEREZ,PS,5.0,False
2256,ALHUE,ALHUE,LICEO SARA TRONCOSO,10,YW.UNIDAD POR EL APRUEBO PS PPD E INDEPENDIENTES,321. ALEX RIQUELME TARIFEÑO,PS,1.0,True
2257,ALHUE,ALHUE,LICEO SARA TRONCOSO,10,YW.UNIDAD POR EL APRUEBO PS PPD E INDEPENDIENTES,322. ARIEL CERDA TAPIA,IND,0.0,False
2258,ALHUE,ALHUE,LICEO SARA TRONCOSO,10,YW.UNIDAD POR EL APRUEBO PS PPD E INDEPENDIENTES,323. PAOLA LARA ROMAN,PPD,5.0,False
2259,ALHUE,ALHUE,LICEO SARA TRONCOSO,10,YW.UNIDAD POR EL APRUEBO PS PPD E INDEPENDIENTES,324. MIGUEL ANGEL BENITEZ MARTINEZ,IND,2.0,False
2260,ALHUE,ALHUE,LICEO SARA TRONCOSO,10,YW.UNIDAD POR EL APRUEBO PS PPD E INDEPENDIENTES,325. ARSENIO PATRICIO ALVAREZ ARMIJO,IND,1.0,False
2261,ALHUE,ALHUE,LICEO SARA TRONCOSO,10,ZJ.CHILE VAMOS UDI - INDEPENDIENTES,326. LEONEL ALADINO ACEVEDO IRRAZABAL,UDI,10.0,True
2262,ALHUE,ALHUE,LICEO SARA TRONCOSO,10,ZJ.CHILE VAMOS UDI - INDEPENDIENTES,327. RODOLFO ERNESTO ACEVEDO FUENTES,IND,3.0,False
2263,ALHUE,ALHUE,LICEO SARA TRONCOSO,10,ZJ.CHILE VAMOS UDI - INDEPENDIENTES,328. JORGE MORENO MEZA,IND,0.0,False
2264,ALHUE,ALHUE,LICEO SARA TRONCOSO,11,M.CHILE DIGNO VERDE Y SOBERANO,300. ROSA DEL CARMEN QUINTEROS ROJAS,PCCH,2.0,False
2265,ALHUE,ALHUE,LICEO SARA TRONCOSO,11,M.CHILE DIGNO VERDE Y SOBERANO,301. MARIA SOLEDAD RIVERA MESA,IND,0.0,False
2266,ALHUE,ALHUE,LICEO SARA TRONCOSO,11,M.CHILE DIGNO VERDE Y SOBERANO,302. CHRISTIAN ISIDRO SERRANO MANZO,IND,0.0,False
2267,ALHUE,ALHUE,LICEO SARA TRONCOSO,11,M.CHILE DIGNO VERDE Y SOBERANO,303. ELIANA ESTEFANY SEPULVEDA LEVIL,FREVS,0.0,False
2268,ALHUE,ALHUE,LICEO SARA TRONCOSO,11,XK.CHILE VAMOS RENOVACION NACIONAL - INDEPENDIENTES,304. ANDREA ELIZABETH GALVEZ SEPULVEDA,RN,0.0,False
2269,ALHUE,ALHUE,LICEO SARA TRONCOSO,11,XS.FRENTE AMPLIO,305. LUISA ANDREA ARAVENA OLAVE,IND,3.0,False
2270,ALHUE,ALHUE,LICEO SARA TRONCOSO,11,XS.FRENTE AMPLIO,306. CARLOS ALBERTO OLAVE LEIVA,IND,0.0,False
2271,ALHUE,ALHUE,LICEO SARA TRONCOSO,11,XU.UNIDOS POR LA DIGNIDAD,307. CARMEN GLORIA ESPINOZA PASTENE,PDC,11.0,True
2272,ALHUE,ALHUE,LICEO SARA TRONCOSO,11,XU.UNIDOS POR LA DIGNIDAD,308. MARCO ANDRES URBANO CIFUENTES,PDC,25.0,True
2273,ALHUE,ALHUE,LICEO SARA TRONCOSO,11,XU.UNIDOS POR LA DIGNIDAD,309. ROBERTO ANTONIO ARAVENA MIRANDA,PDC,10.0,True
2274,ALHUE,ALHUE,LICEO SARA TRONCOSO,11,XU.UNIDOS POR LA DIGNIDAD,310. EULALIA MARIA LIZAMA ARANDA,PDC,8.0,False
2275,ALHUE,ALHUE,LICEO SARA TRONCOSO,11,XU.UNIDOS POR LA DIGNIDAD,311. JOSE LUIS ARAYA ARAYA,IND,0.0,False
2276,ALHUE,ALHUE,LICEO SARA TRONCOSO,11,XU.UNIDOS POR LA DIGNIDAD,312. JAEL ELIANA NUÑEZ FUENTEALBA,IND,0.0,False
2277,ALHUE,ALHUE,LICEO SARA TRONCOSO,11,XY.DIGNIDAD AHORA,313. ERIKA ELISABET BALLIER ROJAS,PH,0.0,False
2278,ALHUE,ALHUE,LICEO SARA TRONCOSO,11,XY.DIGNIDAD AHORA,314. JOSE ANDRES ARELLANO BLANCO,IND,10.0,True
2279,ALHUE,ALHUE,LICEO SARA TRONCOSO,11,XY.DIGNIDAD AHORA,315. IGNACIO CARLOS FERIA ABARCA,IND,4.0,False
2280,ALHUE,ALHUE,LICEO SARA TRONCOSO,11,XY.DIGNIDAD AHORA,316. ISABEL PAULINA RUBIO ARROYO,IND,0.0,False
2281,ALHUE,ALHUE,LICEO SARA TRONCOSO,11,YM.CHILE VAMOS - PRI E INDEPENDIENTES,317. JAVIER ENRIQUE SILVA VALDEVENITO,IND,2.0,False
2282,ALHUE,ALHUE,LICEO SARA TRONCOSO,11,YM.CHILE VAMOS - PRI E INDEPENDIENTES,318. JAIME RODRIGO JORQUERA BLANCO,IND,1.0,False
2283,ALHUE,ALHUE,LICEO SARA TRONCOSO,11,YM.CHILE VAMOS - PRI E INDEPENDIENTES,319. CRISTIAN JAVIER URBINA NUÑEZ,IND,2.0,False
2284,ALHUE,ALHUE,LICEO SARA TRONCOSO,11,YW.UNIDAD POR EL APRUEBO PS PPD E INDEPENDIENTES,320. LUIS ALBERTO ELADIO NUÑEZ PEREZ,PS,7.0,False
2285,ALHUE,ALHUE,LICEO SARA TRONCOSO,11,YW.UNIDAD POR EL APRUEBO PS PPD E INDEPENDIENTES,321. ALEX RIQUELME TARIFEÑO,PS,9.0,True
2286,ALHUE,ALHUE,LICEO SARA TRONCOSO,11,YW.UNIDAD POR EL APRUEBO PS PPD E INDEPENDIENTES,322. ARIEL CERDA TAPIA,IND,1.0,False
2287,ALHUE,ALHUE,LICEO SARA TRONCOSO,11,YW.UNIDAD POR EL APRUEBO PS PPD E INDEPENDIENTES,323. PAOLA LARA ROMAN,PPD,6.0,False
2288,ALHUE,ALHUE,LICEO SARA TRONCOSO,11,YW.UNIDAD POR EL APRUEBO PS PPD E INDEPENDIENTES,324. MIGUEL ANGEL BENITEZ MARTINEZ,IND,4.0,False
2289,ALHUE,ALHUE,LICEO SARA TRONCOSO,11,YW.UNIDAD POR EL APRUEBO PS PPD E INDEPENDIENTES,325. ARSENIO PATRICIO ALVAREZ ARMIJO,IND,1.0,False
2290,ALHUE,ALHUE,LICEO SARA TRONCOSO,11,ZJ.CHILE VAMOS UDI - INDEPENDIENTES,326. LEONEL ALADINO ACEVEDO IRRAZABAL,UDI,8.0,True
2291,ALHUE,ALHUE,LICEO SARA TRONCOSO,11,ZJ.CHILE VAMOS UDI - INDEPENDIENTES,327. RODOLFO ERNESTO ACEVEDO FUENTES,IND,4.0,False
2292,ALHUE,ALHUE,LICEO SARA TRONCOSO,11,ZJ.CHILE VAMOS UDI - INDEPENDIENTES,328. JORGE MORENO MEZA,IND,2.0,False
2293,ALHUE,ALHUE,LICEO SARA TRONCOSO,12,M.CHILE DIGNO VERDE Y SOBERANO,300. ROSA DEL CARMEN QUINTEROS ROJAS,PCCH,2.0,False
2294,ALHUE,ALHUE,LICEO SARA TRONCOSO,12,M.CHILE DIGNO VERDE Y SOBERANO,301. MARIA SOLEDAD RIVERA MESA,IND,1.0,False
2295,ALHUE,ALHUE,LICEO SARA TRONCOSO,12,M.CHILE DIGNO VERDE Y SOBERANO,302. CHRISTIAN ISIDRO SERRANO MANZO,IND,0.0,False
2296,ALHUE,ALHUE,LICEO SARA TRONCOSO,12,M.CHILE DIGNO VERDE Y SOBERANO,303. ELIANA ESTEFANY SEPULVEDA LEVIL,FREVS,0.0,False
2297,ALHUE,ALHUE,LICEO SARA TRONCOSO,12,XK.CHILE VAMOS RENOVACION NACIONAL - INDEPENDIENTES,304. ANDREA ELIZABETH GALVEZ SEPULVEDA,RN,2.0,False
2298,ALHUE,ALHUE,LICEO SARA TRONCOSO,12,XS.FRENTE AMPLIO,305. LUISA ANDREA ARAVENA OLAVE,IND,4.0,False
2299,ALHUE,ALHUE,LICEO SARA TRONCOSO,12,XS.FRENTE AMPLIO,306. CARLOS ALBERTO OLAVE LEIVA,IND,0.0,False
2300,ALHUE,ALHUE,LICEO SARA TRONCOSO,12,XU.UNIDOS POR LA DIGNIDAD,307. CARMEN GLORIA ESPINOZA PASTENE,PDC,10.0,True
2301,ALHUE,ALHUE,LICEO SARA TRONCOSO,12,XU.UNIDOS POR LA DIGNIDAD,308. MARCO ANDRES URBANO CIFUENTES,PDC,23.0,True
2302,ALHUE,ALHUE,LICEO SARA TRONCOSO,12,XU.UNIDOS POR LA DIGNIDAD,309. ROBERTO ANTONIO ARAVENA MIRANDA,PDC,13.0,True
2303,ALHUE,ALHUE,LICEO SARA TRONCOSO,12,XU.UNIDOS POR LA DIGNIDAD,310. EULALIA MARIA LIZAMA ARANDA,PDC,4.0,False
2304,ALHUE,ALHUE,LICEO SARA TRONCOSO,12,XU.UNIDOS POR LA DIGNIDAD,311. JOSE LUIS ARAYA ARAYA,IND,1.0,False
2305,ALHUE,ALHUE,LICEO SARA TRONCOSO,12,XU.UNIDOS POR LA DIGNIDAD,312. JAEL ELIANA NUÑEZ FUENTEALBA,IND,1.0,False
2306,ALHUE,ALHUE,LICEO SARA TRONCOSO,12,XY.DIGNIDAD AHORA,313. ERIKA ELISABET BALLIER ROJAS,PH,1.0,False
2307,ALHUE,ALHUE,LICEO SARA TRONCOSO,12,XY.DIGNIDAD AHORA,314. JOSE ANDRES ARELLANO BLANCO,IND,29.0,True
2308,ALHUE,ALHUE,LICEO SARA TRONCOSO,12,XY.DIGNIDAD AHORA,315. IGNACIO CARLOS FERIA ABARCA,IND,9.0,False
2309,ALHUE,ALHUE,LICEO SARA TRONCOSO,12,XY.DIGNIDAD AHORA,316. ISABEL PAULINA RUBIO ARROYO,IND,0.0,False
2310,ALHUE,ALHUE,LICEO SARA TRONCOSO,12,YM.CHILE VAMOS - PRI E INDEPENDIENTES,317. JAVIER ENRIQUE SILVA VALDEVENITO,IND,3.0,False
2311,ALHUE,ALHUE,LICEO SARA TRONCOSO,12,YM.CHILE VAMOS - PRI E INDEPENDIENTES,318. JAIME RODRIGO JORQUERA BLANCO,IND,0.0,False
2312,ALHUE,ALHUE,LICEO SARA TRONCOSO,12,YM.CHILE VAMOS - PRI E INDEPENDIENTES,319. CRISTIAN JAVIER URBINA NUÑEZ,IND,5.0,False
2313,ALHUE,ALHUE,LICEO SARA TRONCOSO,12,YW.UNIDAD POR EL APRUEBO PS PPD E INDEPENDIENTES,320. LUIS ALBERTO ELADIO NUÑEZ PEREZ,PS,3.0,False
2314,ALHUE,ALHUE,LICEO SARA TRONCOSO,12,YW.UNIDAD POR EL APRUEBO PS PPD E INDEPENDIENTES,321. ALEX RIQUELME TARIFEÑO,PS,8.0,True
2315,ALHUE,ALHUE,LICEO SARA TRONCOSO,12,YW.UNIDAD POR EL APRUEBO PS PPD E INDEPENDIENTES,322. ARIEL CERDA TAPIA,IND,5.0,False
2316,ALHUE,ALHUE,LICEO SARA TRONCOSO,12,YW.UNIDAD POR EL APRUEBO PS PPD E INDEPENDIENTES,323. PAOLA LARA ROMAN,PPD,1.0,False
2317,ALHUE,ALHUE,LICEO SARA TRONCOSO,12,YW.UNIDAD POR EL APRUEBO PS PPD E INDEPENDIENTES,324. MIGUEL ANGEL BENITEZ MARTINEZ,IND,2.0,False
2318,ALHUE,ALHUE,LICEO SARA TRONCOSO,12,YW.UNIDAD POR EL APRUEBO PS PPD E INDEPENDIENTES,325. ARSENIO PATRICIO ALVAREZ ARMIJO,IND,2.0,False
2319,ALHUE,ALHUE,LICEO SARA TRONCOSO,12,ZJ.CHILE VAMOS UDI - INDEPENDIENTES,326. LEONEL ALADINO ACEVEDO IRRAZABAL,UDI,12.0,True
2320,ALHUE,ALHUE,LICEO SARA TRONCOSO,12,ZJ.CHILE VAMOS UDI - INDEPENDIENTES,327. RODOLFO ERNESTO ACEVEDO FUENTES,IND,6.0,False
2321,ALHUE,ALHUE,LICEO SARA TRONCOSO,12,ZJ.CHILE VAMOS UDI - INDEPENDIENTES,328. JORGE MORENO MEZA,IND,0.0,False
2322,ALHUE,ALHUE,LICEO SARA TRONCOSO,13,M.CHILE DIGNO VERDE Y SOBERANO,300. ROSA DEL CARMEN QUINTEROS ROJAS,PCCH,5.0,False
2323,ALHUE,ALHUE,LICEO SARA TRONCOSO,13,M.CHILE DIGNO VERDE Y SOBERANO,301. MARIA SOLEDAD RIVERA MESA,IND,0.0,False
2324,ALHUE,ALHUE,LICEO SARA TRONCOSO,13,M.CHILE DIGNO VERDE Y SOBERANO,302. CHRISTIAN ISIDRO SERRANO MANZO,IND,0.0,False
2325,ALHUE,ALHUE,LICEO SARA TRONCOSO,13,M.CHILE DIGNO VERDE Y SOBERANO,303. ELIANA ESTEFANY SEPULVEDA LEVIL,FREVS,0.0,False
2326,ALHUE,ALHUE,LICEO SARA TRONCOSO,13,XK.CHILE VAMOS RENOVACION NACIONAL - INDEPENDIENTES,304. ANDREA ELIZABETH GALVEZ SEPULVEDA,RN,1.0,False
2327,ALHUE,ALHUE,LICEO SARA TRONCOSO,13,XS.FRENTE AMPLIO,305. LUISA ANDREA ARAVENA OLAVE,IND,0.0,False
2328,ALHUE,ALHUE,LICEO SARA TRONCOSO,13,XS.FRENTE AMPLIO,306. CARLOS ALBERTO OLAVE LEIVA,IND,0.0,False
2329,ALHUE,ALHUE,LICEO SARA TRONCOSO,13,XU.UNIDOS POR LA DIGNIDAD,307. CARMEN GLORIA ESPINOZA PASTENE,PDC,8.0,True
2330,ALHUE,ALHUE,LICEO SARA TRONCOSO,13,XU.UNIDOS POR LA DIGNIDAD,308. MARCO ANDRES URBANO CIFUENTES,PDC,23.0,True
2331,ALHUE,ALHUE,LICEO SARA TRONCOSO,13,XU.UNIDOS POR LA DIGNIDAD,309. ROBERTO ANTONIO ARAVENA MIRANDA,PDC,6.0,True
2332,ALHUE,ALHUE,LICEO SARA TRONCOSO,13,XU.UNIDOS POR LA DIGNIDAD,310. EULALIA MARIA LIZAMA ARANDA,PDC,11.0,False
2333,ALHUE,ALHUE,LICEO SARA TRONCOSO,13,XU.UNIDOS POR LA DIGNIDAD,311. JOSE LUIS ARAYA ARAYA,IND,4.0,False
2334,ALHUE,ALHUE,LICEO SARA TRONCOSO,13,XU.UNIDOS POR LA DIGNIDAD,312. JAEL ELIANA NUÑEZ FUENTEALBA,IND,1.0,False
2335,ALHUE,ALHUE,LICEO SARA TRONCOSO,13,XY.DIGNIDAD AHORA,313. ERIKA ELISABET BALLIER ROJAS,PH,2.0,False
2336,ALHUE,ALHUE,LICEO SARA TRONCOSO,13,XY.DIGNIDAD AHORA,314. JOSE ANDRES ARELLANO BLANCO,IND,15.0,True
2337,ALHUE,ALHUE,LICEO SARA TRONCOSO,13,XY.DIGNIDAD AHORA,315. IGNACIO CARLOS FERIA ABARCA,IND,7.0,False
2338,ALHUE,ALHUE,LICEO SARA TRONCOSO,13,XY.DIGNIDAD AHORA,316. ISABEL PAULINA RUBIO ARROYO,IND,0.0,False
2339,ALHUE,ALHUE,LICEO SARA TRONCOSO,13,YM.CHILE VAMOS - PRI E INDEPENDIENTES,317. JAVIER ENRIQUE SILVA VALDEVENITO,IND,1.0,False
2340,ALHUE,ALHUE,LICEO SARA TRONCOSO,13,YM.CHILE VAMOS - PRI E INDEPENDIENTES,318. JAIME RODRIGO JORQUERA BLANCO,IND,4.0,False
2341,ALHUE,ALHUE,LICEO SARA TRONCOSO,13,YM.CHILE VAMOS - PRI E INDEPENDIENTES,319. CRISTIAN JAVIER URBINA NUÑEZ,IND,0.0,False
2342,ALHUE,ALHUE,LICEO SARA TRONCOSO,13,YW.UNIDAD POR EL APRUEBO PS PPD E INDEPENDIENTES,320. LUIS ALBERTO ELADIO NUÑEZ PEREZ,PS,0.0,False
2343,ALHUE,ALHUE,LICEO SARA TRONCOSO,13,YW.UNIDAD POR EL APRUEBO PS PPD E INDEPENDIENTES,321. ALEX RIQUELME TARIFEÑO,PS,4.0,True
2344,ALHUE,ALHUE,LICEO SARA TRONCOSO,13,YW.UNIDAD POR EL APRUEBO PS PPD E INDEPENDIENTES,322. ARIEL CERDA TAPIA,IND,4.0,False
2345,ALHUE,ALHUE,LICEO SARA TRONCOSO,13,YW.UNIDAD POR EL APRUEBO PS PPD E INDEPENDIENTES,323. PAOLA LARA ROMAN,PPD,2.0,False
2346,ALHUE,ALHUE,LICEO SARA TRONCOSO,13,YW.UNIDAD POR EL APRUEBO PS PPD E INDEPENDIENTES,324. MIGUEL ANGEL BENITEZ MARTINEZ,IND,5.0,False
2347,ALHUE,ALHUE,LICEO SARA TRONCOSO,13,YW.UNIDAD POR EL APRUEBO PS PPD E INDEPENDIENTES,325. ARSENIO PATRICIO ALVAREZ ARMIJO,IND,2.0,False
2348,ALHUE,ALHUE,LICEO SARA TRONCOSO,13,ZJ.CHILE VAMOS UDI - INDEPENDIENTES,326. LEONEL ALADINO ACEVEDO IRRAZABAL,UDI,8.0,True
2349,ALHUE,ALHUE,LICEO SARA TRONCOSO,13,ZJ.CHILE VAMOS UDI - INDEPENDIENTES,327. RODOLFO ERNESTO ACEVEDO FUENTES,IND,3.0,False
2350,ALHUE,ALHUE,LICEO SARA TRONCOSO,13,ZJ.CHILE VAMOS UDI - INDEPENDIENTES,328. JORGE MORENO MEZA,IND,2.0,False
2351,ALHUE,ALHUE,LICEO SARA TRONCOSO,14,M.CHILE DIGNO VERDE Y SOBERANO,300. ROSA DEL CARMEN QUINTEROS ROJAS,PCCH,6.0,False
2352,ALHUE,ALHUE,LICEO SARA TRONCOSO,14,M.CHILE DIGNO VERDE Y SOBERANO,301. MARIA SOLEDAD RIVERA MESA,IND,0.0,False
2353,ALHUE,ALHUE,LICEO SARA TRONCOSO,14,M.CHILE DIGNO VERDE Y SOBERANO,302. CHRISTIAN ISIDRO SERRANO MANZO,IND,0.0,False
2354,ALHUE,ALHUE,LICEO SARA TRONCOSO,14,M.CHILE DIGNO VERDE Y SOBERANO,303. ELIANA ESTEFANY SEPULVEDA LEVIL,FREVS,0.0,False
2355,ALHUE,ALHUE,LICEO SARA TRONCOSO,14,XK.CHILE VAMOS RENOVACION NACIONAL - INDEPENDIENTES,304. ANDREA ELIZABETH GALVEZ SEPULVEDA,RN,2.0,False
2356,ALHUE,ALHUE,LICEO SARA TRONCOSO,14,XS.FRENTE AMPLIO,305. LUISA ANDREA ARAVENA OLAVE,IND,2.0,False
2357,ALHUE,ALHUE,LICEO SARA TRONCOSO,14,XS.FRENTE AMPLIO,306. CARLOS ALBERTO OLAVE LEIVA,IND,0.0,False
2358,ALHUE,ALHUE,LICEO SARA TRONCOSO,14,XU.UNIDOS POR LA DIGNIDAD,307. CARMEN GLORIA ESPINOZA PASTENE,PDC,9.0,True
2359,ALHUE,ALHUE,LICEO SARA TRONCOSO,14,XU.UNIDOS POR LA DIGNIDAD,308. MARCO ANDRES URBANO CIFUENTES,PDC,17.0,True
2360,ALHUE,ALHUE,LICEO SARA TRONCOSO,14,XU.UNIDOS POR LA DIGNIDAD,309. ROBERTO ANTONIO ARAVENA MIRANDA,PDC,7.0,True
2361,ALHUE,ALHUE,LICEO SARA TRONCOSO,14,XU.UNIDOS POR LA DIGNIDAD,310. EULALIA MARIA LIZAMA ARANDA,PDC,12.0,False
2362,ALHUE,ALHUE,LICEO SARA TRONCOSO,14,XU.UNIDOS POR LA DIGNIDAD,311. JOSE LUIS ARAYA ARAYA,IND,2.0,False
2363,ALHUE,ALHUE,LICEO SARA TRONCOSO,14,XU.UNIDOS POR LA DIGNIDAD,312. JAEL ELIANA NUÑEZ FUENTEALBA,IND,1.0,False
2364,ALHUE,ALHUE,LICEO SARA TRONCOSO,14,XY.DIGNIDAD AHORA,313. ERIKA ELISABET BALLIER ROJAS,PH,0.0,False
2365,ALHUE,ALHUE,LICEO SARA TRONCOSO,14,XY.DIGNIDAD AHORA,314. JOSE ANDRES ARELLANO BLANCO,IND,10.0,True
2366,ALHUE,ALHUE,LICEO SARA TRONCOSO,14,XY.DIGNIDAD AHORA,315. IGNACIO CARLOS FERIA ABARCA,IND,1.0,False
2367,ALHUE,ALHUE,LICEO SARA TRONCOSO,14,XY.DIGNIDAD AHORA,316. ISABEL PAULINA RUBIO ARROYO,IND,0.0,False
2368,ALHUE,ALHUE,LICEO SARA TRONCOSO,14,YM.CHILE VAMOS - PRI E INDEPENDIENTES,317. JAVIER ENRIQUE SILVA VALDEVENITO,IND,3.0,False
2369,ALHUE,ALHUE,LICEO SARA TRONCOSO,14,YM.CHILE VAMOS - PRI E INDEPENDIENTES,318. JAIME RODRIGO JORQUERA BLANCO,IND,5.0,False
2370,ALHUE,ALHUE,LICEO SARA TRONCOSO,14,YM.CHILE VAMOS - PRI E INDEPENDIENTES,319. CRISTIAN JAVIER URBINA NUÑEZ,IND,2.0,False
2371,ALHUE,ALHUE,LICEO SARA TRONCOSO,14,YW.UNIDAD POR EL APRUEBO PS PPD E INDEPENDIENTES,320. LUIS ALBERTO ELADIO NUÑEZ PEREZ,PS,8.0,False
2372,ALHUE,ALHUE,LICEO SARA TRONCOSO,14,YW.UNIDAD POR EL APRUEBO PS PPD E INDEPENDIENTES,321. ALEX RIQUELME TARIFEÑO,PS,7.0,True
2373,ALHUE,ALHUE,LICEO SARA TRONCOSO,14,YW.UNIDAD POR EL APRUEBO PS PPD E INDEPENDIENTES,322. ARIEL CERDA TAPIA,IND,5.0,False
2374,ALHUE,ALHUE,LICEO SARA TRONCOSO,14,YW.UNIDAD POR EL APRUEBO PS PPD E INDEPENDIENTES,323. PAOLA LARA ROMAN,PPD,3.0,False
2375,ALHUE,ALHUE,LICEO SARA TRONCOSO,14,YW.UNIDAD POR EL APRUEBO PS PPD E INDEPENDIENTES,324. MIGUEL ANGEL BENITEZ MARTINEZ,IND,3.0,False
2376,ALHUE,ALHUE,LICEO SARA TRONCOSO,14,YW.UNIDAD POR EL APRUEBO PS PPD E INDEPENDIENTES,325. ARSENIO PATRICIO ALVAREZ ARMIJO,IND,3.0,False
2377,ALHUE,ALHUE,LICEO SARA TRONCOSO,14,ZJ.CHILE VAMOS UDI - INDEPENDIENTES,326. LEONEL ALADINO ACEVEDO IRRAZABAL,UDI,17.0,True
2378,ALHUE,ALHUE,LICEO SARA TRONCOSO,14,ZJ.CHILE VAMOS UDI - INDEPENDIENTES,327. RODOLFO ERNESTO ACEVEDO FUENTES,IND,2.0,False
2379,ALHUE,ALHUE,LICEO SARA TRONCOSO,14,ZJ.CHILE VAMOS UDI - INDEPENDIENTES,328. JORGE MORENO MEZA,IND,2.0,False
2380,ALHUE,ALHUE,LICEO SARA TRONCOSO,15,M.CHILE DIGNO VERDE Y SOBERANO,300. ROSA DEL CARMEN QUINTEROS ROJAS,PCCH,7.0,False
2381,ALHUE,ALHUE,LICEO SARA TRONCOSO,15,M.CHILE DIGNO VERDE Y SOBERANO,301. MARIA SOLEDAD RIVERA MESA,IND,1.0,False
2382,ALHUE,ALHUE,LICEO SARA TRONCOSO,15,M.CHILE DIGNO VERDE Y SOBERANO,302. CHRISTIAN ISIDRO SERRANO MANZO,IND,0.0,False
2383,ALHUE,ALHUE,LICEO SARA TRONCOSO,15,M.CHILE DIGNO VERDE Y SOBERANO,303. ELIANA ESTEFANY SEPULVEDA LEVIL,FREVS,1.0,False
2384,ALHUE,ALHUE,LICEO SARA TRONCOSO,15,XK.CHILE VAMOS RENOVACION NACIONAL - INDEPENDIENTES,304. ANDREA ELIZABETH GALVEZ SEPULVEDA,RN,4.0,False
2385,ALHUE,ALHUE,LICEO SARA TRONCOSO,15,XS.FRENTE AMPLIO,305. LUISA ANDREA ARAVENA OLAVE,IND,2.0,False
2386,ALHUE,ALHUE,LICEO SARA TRONCOSO,15,XS.FRENTE AMPLIO,306. CARLOS ALBERTO OLAVE LEIVA,IND,1.0,False
2387,ALHUE,ALHUE,LICEO SARA TRONCOSO,15,XU.UNIDOS POR LA DIGNIDAD,307. CARMEN GLORIA ESPINOZA PASTENE,PDC,11.0,True
2388,ALHUE,ALHUE,LICEO SARA TRONCOSO,15,XU.UNIDOS POR LA DIGNIDAD,308. MARCO ANDRES URBANO CIFUENTES,PDC,26.0,True
2389,ALHUE,ALHUE,LICEO SARA TRONCOSO,15,XU.UNIDOS POR LA DIGNIDAD,309. ROBERTO ANTONIO ARAVENA MIRANDA,PDC,12.0,True
2390,ALHUE,ALHUE,LICEO SARA TRONCOSO,15,XU.UNIDOS POR LA DIGNIDAD,310. EULALIA MARIA LIZAMA ARANDA,PDC,5.0,False
2391,ALHUE,ALHUE,LICEO SARA TRONCOSO,15,XU.UNIDOS POR LA DIGNIDAD,311. JOSE LUIS ARAYA ARAYA,IND,3.0,False
2392,ALHUE,ALHUE,LICEO SARA TRONCOSO,15,XU.UNIDOS POR LA DIGNIDAD,312. JAEL ELIANA NUÑEZ FUENTEALBA,IND,5.0,False
2393,ALHUE,ALHUE,LICEO SARA TRONCOSO,15,XY.DIGNIDAD AHORA,313. ERIKA ELISABET BALLIER ROJAS,PH,2.0,False
2394,ALHUE,ALHUE,LICEO SARA TRONCOSO,15,XY.DIGNIDAD AHORA,314. JOSE ANDRES ARELLANO BLANCO,IND,14.0,True
2395,ALHUE,ALHUE,LICEO SARA TRONCOSO,15,XY.DIGNIDAD AHORA,315. IGNACIO CARLOS FERIA ABARCA,IND,6.0,False
2396,ALHUE,ALHUE,LICEO SARA TRONCOSO,15,XY.DIGNIDAD AHORA,316. ISABEL PAULINA RUBIO ARROYO,IND,0.0,False
2397,ALHUE,ALHUE,LICEO SARA TRONCOSO,15,YM.CHILE VAMOS - PRI E INDEPENDIENTES,317. JAVIER ENRIQUE SILVA VALDEVENITO,IND,3.0,False
2398,ALHUE,ALHUE,LICEO SARA TRONCOSO,15,YM.CHILE VAMOS - PRI E INDEPENDIENTES,318. JAIME RODRIGO JORQUERA BLANCO,IND,0.0,False
2399,ALHUE,ALHUE,LICEO SARA TRONCOSO,15,YM.CHILE VAMOS - PRI E INDEPENDIENTES,319. CRISTIAN JAVIER URBINA NUÑEZ,IND,2.0,False
2400,ALHUE,ALHUE,LICEO SARA TRONCOSO,15,YW.UNIDAD POR EL APRUEBO PS PPD E INDEPENDIENTES,320. LUIS ALBERTO ELADIO NUÑEZ PEREZ,PS,6.0,False
2401,ALHUE,ALHUE,LICEO SARA TRONCOSO,15,YW.UNIDAD POR EL APRUEBO PS PPD E INDEPENDIENTES,321. ALEX RIQUELME TARIFEÑO,PS,16.0,True
2402,ALHUE,ALHUE,LICEO SARA TRONCOSO,15,YW.UNIDAD POR EL APRUEBO PS PPD E INDEPENDIENTES,322. ARIEL CERDA TAPIA,IND,11.0,False
2403,ALHUE,ALHUE,LICEO SARA TRONCOSO,15,YW.UNIDAD POR EL APRUEBO PS PPD E INDEPENDIENTES,323. PAOLA LARA ROMAN,PPD,7.0,False
2404,ALHUE,ALHUE,LICEO SARA TRONCOSO,15,YW.UNIDAD POR EL APRUEBO PS PPD E INDEPENDIENTES,324. MIGUEL ANGEL BENITEZ MARTINEZ,IND,5.0,False
2405,ALHUE,ALHUE,LICEO SARA TRONCOSO,15,YW.UNIDAD POR EL APRUEBO PS PPD E INDEPENDIENTES,325. ARSENIO PATRICIO ALVAREZ ARMIJO,IND,1.0,False
2406,ALHUE,ALHUE,LICEO SARA TRONCOSO,15,ZJ.CHILE VAMOS UDI - INDEPENDIENTES,326. LEONEL ALADINO ACEVEDO IRRAZABAL,UDI,13.0,True
2407,ALHUE,ALHUE,LICEO SARA TRONCOSO,15,ZJ.CHILE VAMOS UDI - INDEPENDIENTES,327. RODOLFO ERNESTO ACEVEDO FUENTES,IND,4.0,False
2408,ALHUE,ALHUE,LICEO SARA TRONCOSO,15,ZJ.CHILE VAMOS UDI - INDEPENDIENTES,328. JORGE MORENO MEZA,IND,2.0,False
