,COMUNA,CIRC_ELEC,LOCAL,MESA,LISTA,CANDIDATX,PARTIDO,VOTOS,ELECTX
2941,ALTO DEL CARMEN,ALTO DEL CARMEN,ESCUELA RICARDO CAMPILLAY CONTRERAS,1M-2M,M.CHILE DIGNO VERDE Y SOBERANO,300. MARIA CRISTINA CARTAJENA CASTILLO,PCCH,1.0,False
2942,ALTO DEL CARMEN,ALTO DEL CARMEN,ESCUELA RICARDO CAMPILLAY CONTRERAS,1M-2M,M.CHILE DIGNO VERDE Y SOBERANO,301. SARA DEL ROSARIO ROJAS ROJAS,FREVS,,False
2943,ALTO DEL CARMEN,ALTO DEL CARMEN,ESCUELA RICARDO CAMPILLAY CONTRERAS,1M-2M,M.CHILE DIGNO VERDE Y SOBERANO,302. MANUEL ALEJANDRO JOFRE ROJAS,IND,2.0,False
2944,ALTO DEL CARMEN,ALTO DEL CARMEN,ESCUELA RICARDO CAMPILLAY CONTRERAS,1M-2M,XK.CHILE VAMOS RENOVACION NACIONAL - INDEPENDIENTES,303. JORGE RODOLFO BORQUEZ OLIVARES,RN,6.0,True
2945,ALTO DEL CARMEN,ALTO DEL CARMEN,ESCUELA RICARDO CAMPILLAY CONTRERAS,1M-2M,XK.CHILE VAMOS RENOVACION NACIONAL - INDEPENDIENTES,304. JAVIERA ANDREA ALVAREZ ALVAREZ,RN,11.0,True
2946,ALTO DEL CARMEN,ALTO DEL CARMEN,ESCUELA RICARDO CAMPILLAY CONTRERAS,1M-2M,XK.CHILE VAMOS RENOVACION NACIONAL - INDEPENDIENTES,305. ABEL ARTURO BUSTAMANTE BRAVO,RN,8.0,False
2947,ALTO DEL CARMEN,ALTO DEL CARMEN,ESCUELA RICARDO CAMPILLAY CONTRERAS,1M-2M,XK.CHILE VAMOS RENOVACION NACIONAL - INDEPENDIENTES,306. PAOLA MARGARITA CORTES RAMIREZ,RN,7.0,False
2948,ALTO DEL CARMEN,ALTO DEL CARMEN,ESCUELA RICARDO CAMPILLAY CONTRERAS,1M-2M,XK.CHILE VAMOS RENOVACION NACIONAL - INDEPENDIENTES,307. SERGIO ENRIQUE GONZALEZ REYES,RN,1.0,False
2949,ALTO DEL CARMEN,ALTO DEL CARMEN,ESCUELA RICARDO CAMPILLAY CONTRERAS,1M-2M,XK.CHILE VAMOS RENOVACION NACIONAL - INDEPENDIENTES,308. GUILLERMO ADRIAN VILLEGAS ROJAS,RN,4.0,False
2950,ALTO DEL CARMEN,ALTO DEL CARMEN,ESCUELA RICARDO CAMPILLAY CONTRERAS,1M-2M,XS.FRENTE AMPLIO,309. IRENE ALVEAR AZCARATE,IND,1.0,False
2951,ALTO DEL CARMEN,ALTO DEL CARMEN,ESCUELA RICARDO CAMPILLAY CONTRERAS,1M-2M,XS.FRENTE AMPLIO,310. RAUL ALFONSO GARROTE GARROTE,IND,2.0,False
2952,ALTO DEL CARMEN,ALTO DEL CARMEN,ESCUELA RICARDO CAMPILLAY CONTRERAS,1M-2M,XS.FRENTE AMPLIO,311. BLADIMIR FERNANDO BOLADOS RIVERA,IND,5.0,True
2953,ALTO DEL CARMEN,ALTO DEL CARMEN,ESCUELA RICARDO CAMPILLAY CONTRERAS,1M-2M,XS.FRENTE AMPLIO,312. PATRICIA ERIKA ALVAREZ OLAVE,IND,28.0,False
2954,ALTO DEL CARMEN,ALTO DEL CARMEN,ESCUELA RICARDO CAMPILLAY CONTRERAS,1M-2M,XS.FRENTE AMPLIO,313. HOMERO DARIO CAMPILLAY IRIARTE,IND,1.0,True
2955,ALTO DEL CARMEN,ALTO DEL CARMEN,ESCUELA RICARDO CAMPILLAY CONTRERAS,1M-2M,XS.FRENTE AMPLIO,314. ALEJANDRA RUFINA ARAYA BARAHONA,IND,1.0,False
2956,ALTO DEL CARMEN,ALTO DEL CARMEN,ESCUELA RICARDO CAMPILLAY CONTRERAS,1M-2M,XU.UNIDOS POR LA DIGNIDAD,315. MARCIA ALEJANDRA GONZALEZ CORTES,IND,5.0,False
2957,ALTO DEL CARMEN,ALTO DEL CARMEN,ESCUELA RICARDO CAMPILLAY CONTRERAS,1M-2M,XU.UNIDOS POR LA DIGNIDAD,316. JHON EDUARD MELENDEZ MORALES,IND,6.0,False
2958,ALTO DEL CARMEN,ALTO DEL CARMEN,ESCUELA RICARDO CAMPILLAY CONTRERAS,1M-2M,XU.UNIDOS POR LA DIGNIDAD,317. HAYDEE MARGOT CAMPILLAY CORTEZ,IND,,False
2959,ALTO DEL CARMEN,ALTO DEL CARMEN,ESCUELA RICARDO CAMPILLAY CONTRERAS,1M-2M,YW.UNIDAD POR EL APRUEBO PS PPD E INDEPENDIENTES,318. JUAN CASTRO ALVAREZ,PS,6.0,False
2960,ALTO DEL CARMEN,ALTO DEL CARMEN,ESCUELA RICARDO CAMPILLAY CONTRERAS,1M-2M,YW.UNIDAD POR EL APRUEBO PS PPD E INDEPENDIENTES,319. FABIOLA AROSTICA SANTIBAÑEZ,PS,1.0,False
2961,ALTO DEL CARMEN,ALTO DEL CARMEN,ESCUELA RICARDO CAMPILLAY CONTRERAS,1M-2M,YW.UNIDAD POR EL APRUEBO PS PPD E INDEPENDIENTES,320. VERONICA INES ANACONA GARATE,IND,5.0,False
2962,ALTO DEL CARMEN,ALTO DEL CARMEN,ESCUELA RICARDO CAMPILLAY CONTRERAS,1M-2M,YW.UNIDAD POR EL APRUEBO PS PPD E INDEPENDIENTES,321. ABRAHAM CLAUDIO GONZALEZ BRICEÑO,IND,1.0,False
2963,ALTO DEL CARMEN,ALTO DEL CARMEN,ESCUELA RICARDO CAMPILLAY CONTRERAS,1M-2M,ZJ.CHILE VAMOS UDI - INDEPENDIENTES,322. RODRIGO ALEJANDRO LEYTON ARAYA,UDI,4.0,False
2964,ALTO DEL CARMEN,ALTO DEL CARMEN,ESCUELA RICARDO CAMPILLAY CONTRERAS,1M-2M,ZJ.CHILE VAMOS UDI - INDEPENDIENTES,323. LUIS EDUARDO PAREDES RAMIREZ,UDI,9.0,True
2965,ALTO DEL CARMEN,ALTO DEL CARMEN,ESCUELA RICARDO CAMPILLAY CONTRERAS,1M-2M,ZJ.CHILE VAMOS UDI - INDEPENDIENTES,324. LUIS LINCOYAN ZULETA GONZALEZ,UDI,1.0,False
2966,ALTO DEL CARMEN,ALTO DEL CARMEN,ESCUELA RICARDO CAMPILLAY CONTRERAS,1M-2M,ZJ.CHILE VAMOS UDI - INDEPENDIENTES,325. FRANCISCO ANDRES QUIÑONES FLORES,UDI,8.0,False
2967,ALTO DEL CARMEN,ALTO DEL CARMEN,ESCUELA RICARDO CAMPILLAY CONTRERAS,1M-2M,ZJ.CHILE VAMOS UDI - INDEPENDIENTES,326. PEDRO VERNE NUÑEZ BRICEÑO,IND,,False
2968,ALTO DEL CARMEN,ALTO DEL CARMEN,ESCUELA RICARDO CAMPILLAY CONTRERAS,1M-2M,ZJ.CHILE VAMOS UDI - INDEPENDIENTES,327. EVELYN DAYAN LEHNER VARGAS,IND,5.0,False
2969,ALTO DEL CARMEN,ALTO DEL CARMEN,ESCUELA RICARDO CAMPILLAY CONTRERAS,1M-2M,ZU.RADICALES E INDEPENDIENTES,328. MARITZA ANTONIA PEÑA MORALES,PR,23.0,True
2970,ALTO DEL CARMEN,ALTO DEL CARMEN,ESCUELA RICARDO CAMPILLAY CONTRERAS,1M-2M,ZU.RADICALES E INDEPENDIENTES,329. HORACIO ADOLFO CAMPILLAY OLIVARES,IND,3.0,False
2971,ALTO DEL CARMEN,ALTO DEL CARMEN,ESCUELA RICARDO CAMPILLAY CONTRERAS,1M-2M,ZU.RADICALES E INDEPENDIENTES,330. PEDRO ALFONSO BOLADOS GARATE,IND,1.0,False
2972,ALTO DEL CARMEN,ALTO DEL CARMEN,ESCUELA RICARDO CAMPILLAY CONTRERAS,1M-2M,ZU.RADICALES E INDEPENDIENTES,331. TANIA PAZ PALLAUTA CASTILLO,IND,1.0,False
2973,ALTO DEL CARMEN,ALTO DEL CARMEN,ESCUELA RICARDO CAMPILLAY CONTRERAS,1M-2M,ZU.RADICALES E INDEPENDIENTES,332. SILVIA ESTER LAGUES LAGUES,IND,1.0,False
2974,ALTO DEL CARMEN,ALTO DEL CARMEN,ESCUELA RICARDO CAMPILLAY CONTRERAS,3M-1V,M.CHILE DIGNO VERDE Y SOBERANO,300. MARIA CRISTINA CARTAJENA CASTILLO,PCCH,1.0,False
2975,ALTO DEL CARMEN,ALTO DEL CARMEN,ESCUELA RICARDO CAMPILLAY CONTRERAS,3M-1V,M.CHILE DIGNO VERDE Y SOBERANO,301. SARA DEL ROSARIO ROJAS ROJAS,FREVS,,False
2976,ALTO DEL CARMEN,ALTO DEL CARMEN,ESCUELA RICARDO CAMPILLAY CONTRERAS,3M-1V,M.CHILE DIGNO VERDE Y SOBERANO,302. MANUEL ALEJANDRO JOFRE ROJAS,IND,,False
2977,ALTO DEL CARMEN,ALTO DEL CARMEN,ESCUELA RICARDO CAMPILLAY CONTRERAS,3M-1V,XK.CHILE VAMOS RENOVACION NACIONAL - INDEPENDIENTES,303. JORGE RODOLFO BORQUEZ OLIVARES,RN,12.0,True
2978,ALTO DEL CARMEN,ALTO DEL CARMEN,ESCUELA RICARDO CAMPILLAY CONTRERAS,3M-1V,XK.CHILE VAMOS RENOVACION NACIONAL - INDEPENDIENTES,304. JAVIERA ANDREA ALVAREZ ALVAREZ,RN,23.0,True
2979,ALTO DEL CARMEN,ALTO DEL CARMEN,ESCUELA RICARDO CAMPILLAY CONTRERAS,3M-1V,XK.CHILE VAMOS RENOVACION NACIONAL - INDEPENDIENTES,305. ABEL ARTURO BUSTAMANTE BRAVO,RN,8.0,False
2980,ALTO DEL CARMEN,ALTO DEL CARMEN,ESCUELA RICARDO CAMPILLAY CONTRERAS,3M-1V,XK.CHILE VAMOS RENOVACION NACIONAL - INDEPENDIENTES,306. PAOLA MARGARITA CORTES RAMIREZ,RN,18.0,False
2981,ALTO DEL CARMEN,ALTO DEL CARMEN,ESCUELA RICARDO CAMPILLAY CONTRERAS,3M-1V,XK.CHILE VAMOS RENOVACION NACIONAL - INDEPENDIENTES,307. SERGIO ENRIQUE GONZALEZ REYES,RN,1.0,False
2982,ALTO DEL CARMEN,ALTO DEL CARMEN,ESCUELA RICARDO CAMPILLAY CONTRERAS,3M-1V,XK.CHILE VAMOS RENOVACION NACIONAL - INDEPENDIENTES,308. GUILLERMO ADRIAN VILLEGAS ROJAS,RN,3.0,False
2983,ALTO DEL CARMEN,ALTO DEL CARMEN,ESCUELA RICARDO CAMPILLAY CONTRERAS,3M-1V,XS.FRENTE AMPLIO,309. IRENE ALVEAR AZCARATE,IND,3.0,False
2984,ALTO DEL CARMEN,ALTO DEL CARMEN,ESCUELA RICARDO CAMPILLAY CONTRERAS,3M-1V,XS.FRENTE AMPLIO,310. RAUL ALFONSO GARROTE GARROTE,IND,4.0,False
2985,ALTO DEL CARMEN,ALTO DEL CARMEN,ESCUELA RICARDO CAMPILLAY CONTRERAS,3M-1V,XS.FRENTE AMPLIO,311. BLADIMIR FERNANDO BOLADOS RIVERA,IND,3.0,True
2986,ALTO DEL CARMEN,ALTO DEL CARMEN,ESCUELA RICARDO CAMPILLAY CONTRERAS,3M-1V,XS.FRENTE AMPLIO,312. PATRICIA ERIKA ALVAREZ OLAVE,IND,18.0,False
2987,ALTO DEL CARMEN,ALTO DEL CARMEN,ESCUELA RICARDO CAMPILLAY CONTRERAS,3M-1V,XS.FRENTE AMPLIO,313. HOMERO DARIO CAMPILLAY IRIARTE,IND,3.0,True
2988,ALTO DEL CARMEN,ALTO DEL CARMEN,ESCUELA RICARDO CAMPILLAY CONTRERAS,3M-1V,XS.FRENTE AMPLIO,314. ALEJANDRA RUFINA ARAYA BARAHONA,IND,2.0,False
2989,ALTO DEL CARMEN,ALTO DEL CARMEN,ESCUELA RICARDO CAMPILLAY CONTRERAS,3M-1V,XU.UNIDOS POR LA DIGNIDAD,315. MARCIA ALEJANDRA GONZALEZ CORTES,IND,9.0,False
2990,ALTO DEL CARMEN,ALTO DEL CARMEN,ESCUELA RICARDO CAMPILLAY CONTRERAS,3M-1V,XU.UNIDOS POR LA DIGNIDAD,316. JHON EDUARD MELENDEZ MORALES,IND,5.0,False
2991,ALTO DEL CARMEN,ALTO DEL CARMEN,ESCUELA RICARDO CAMPILLAY CONTRERAS,3M-1V,XU.UNIDOS POR LA DIGNIDAD,317. HAYDEE MARGOT CAMPILLAY CORTEZ,IND,1.0,False
2992,ALTO DEL CARMEN,ALTO DEL CARMEN,ESCUELA RICARDO CAMPILLAY CONTRERAS,3M-1V,YW.UNIDAD POR EL APRUEBO PS PPD E INDEPENDIENTES,318. JUAN CASTRO ALVAREZ,PS,2.0,False
2993,ALTO DEL CARMEN,ALTO DEL CARMEN,ESCUELA RICARDO CAMPILLAY CONTRERAS,3M-1V,YW.UNIDAD POR EL APRUEBO PS PPD E INDEPENDIENTES,319. FABIOLA AROSTICA SANTIBAÑEZ,PS,1.0,False
2994,ALTO DEL CARMEN,ALTO DEL CARMEN,ESCUELA RICARDO CAMPILLAY CONTRERAS,3M-1V,YW.UNIDAD POR EL APRUEBO PS PPD E INDEPENDIENTES,320. VERONICA INES ANACONA GARATE,IND,2.0,False
2995,ALTO DEL CARMEN,ALTO DEL CARMEN,ESCUELA RICARDO CAMPILLAY CONTRERAS,3M-1V,YW.UNIDAD POR EL APRUEBO PS PPD E INDEPENDIENTES,321. ABRAHAM CLAUDIO GONZALEZ BRICEÑO,IND,,False
2996,ALTO DEL CARMEN,ALTO DEL CARMEN,ESCUELA RICARDO CAMPILLAY CONTRERAS,3M-1V,ZJ.CHILE VAMOS UDI - INDEPENDIENTES,322. RODRIGO ALEJANDRO LEYTON ARAYA,UDI,6.0,False
2997,ALTO DEL CARMEN,ALTO DEL CARMEN,ESCUELA RICARDO CAMPILLAY CONTRERAS,3M-1V,ZJ.CHILE VAMOS UDI - INDEPENDIENTES,323. LUIS EDUARDO PAREDES RAMIREZ,UDI,10.0,True
2998,ALTO DEL CARMEN,ALTO DEL CARMEN,ESCUELA RICARDO CAMPILLAY CONTRERAS,3M-1V,ZJ.CHILE VAMOS UDI - INDEPENDIENTES,324. LUIS LINCOYAN ZULETA GONZALEZ,UDI,1.0,False
2999,ALTO DEL CARMEN,ALTO DEL CARMEN,ESCUELA RICARDO CAMPILLAY CONTRERAS,3M-1V,ZJ.CHILE VAMOS UDI - INDEPENDIENTES,325. FRANCISCO ANDRES QUIÑONES FLORES,UDI,6.0,False
3000,ALTO DEL CARMEN,ALTO DEL CARMEN,ESCUELA RICARDO CAMPILLAY CONTRERAS,3M-1V,ZJ.CHILE VAMOS UDI - INDEPENDIENTES,326. PEDRO VERNE NUÑEZ BRICEÑO,IND,1.0,False
3001,ALTO DEL CARMEN,ALTO DEL CARMEN,ESCUELA RICARDO CAMPILLAY CONTRERAS,3M-1V,ZJ.CHILE VAMOS UDI - INDEPENDIENTES,327. EVELYN DAYAN LEHNER VARGAS,IND,8.0,False
3002,ALTO DEL CARMEN,ALTO DEL CARMEN,ESCUELA RICARDO CAMPILLAY CONTRERAS,3M-1V,ZU.RADICALES E INDEPENDIENTES,328. MARITZA ANTONIA PEÑA MORALES,PR,22.0,True
3003,ALTO DEL CARMEN,ALTO DEL CARMEN,ESCUELA RICARDO CAMPILLAY CONTRERAS,3M-1V,ZU.RADICALES E INDEPENDIENTES,329. HORACIO ADOLFO CAMPILLAY OLIVARES,IND,4.0,False
3004,ALTO DEL CARMEN,ALTO DEL CARMEN,ESCUELA RICARDO CAMPILLAY CONTRERAS,3M-1V,ZU.RADICALES E INDEPENDIENTES,330. PEDRO ALFONSO BOLADOS GARATE,IND,2.0,False
3005,ALTO DEL CARMEN,ALTO DEL CARMEN,ESCUELA RICARDO CAMPILLAY CONTRERAS,3M-1V,ZU.RADICALES E INDEPENDIENTES,331. TANIA PAZ PALLAUTA CASTILLO,IND,3.0,False
3006,ALTO DEL CARMEN,ALTO DEL CARMEN,ESCUELA RICARDO CAMPILLAY CONTRERAS,3M-1V,ZU.RADICALES E INDEPENDIENTES,332. SILVIA ESTER LAGUES LAGUES,IND,1.0,False
3007,ALTO DEL CARMEN,ALTO DEL CARMEN,ESCUELA RICARDO CAMPILLAY CONTRERAS,4M-5V,M.CHILE DIGNO VERDE Y SOBERANO,300. MARIA CRISTINA CARTAJENA CASTILLO,PCCH,1.0,False
3008,ALTO DEL CARMEN,ALTO DEL CARMEN,ESCUELA RICARDO CAMPILLAY CONTRERAS,4M-5V,M.CHILE DIGNO VERDE Y SOBERANO,301. SARA DEL ROSARIO ROJAS ROJAS,FREVS,1.0,False
3009,ALTO DEL CARMEN,ALTO DEL CARMEN,ESCUELA RICARDO CAMPILLAY CONTRERAS,4M-5V,M.CHILE DIGNO VERDE Y SOBERANO,302. MANUEL ALEJANDRO JOFRE ROJAS,IND,1.0,False
3010,ALTO DEL CARMEN,ALTO DEL CARMEN,ESCUELA RICARDO CAMPILLAY CONTRERAS,4M-5V,XK.CHILE VAMOS RENOVACION NACIONAL - INDEPENDIENTES,303. JORGE RODOLFO BORQUEZ OLIVARES,RN,12.0,True
3011,ALTO DEL CARMEN,ALTO DEL CARMEN,ESCUELA RICARDO CAMPILLAY CONTRERAS,4M-5V,XK.CHILE VAMOS RENOVACION NACIONAL - INDEPENDIENTES,304. JAVIERA ANDREA ALVAREZ ALVAREZ,RN,15.0,True
3012,ALTO DEL CARMEN,ALTO DEL CARMEN,ESCUELA RICARDO CAMPILLAY CONTRERAS,4M-5V,XK.CHILE VAMOS RENOVACION NACIONAL - INDEPENDIENTES,305. ABEL ARTURO BUSTAMANTE BRAVO,RN,6.0,False
3013,ALTO DEL CARMEN,ALTO DEL CARMEN,ESCUELA RICARDO CAMPILLAY CONTRERAS,4M-5V,XK.CHILE VAMOS RENOVACION NACIONAL - INDEPENDIENTES,306. PAOLA MARGARITA CORTES RAMIREZ,RN,9.0,False
3014,ALTO DEL CARMEN,ALTO DEL CARMEN,ESCUELA RICARDO CAMPILLAY CONTRERAS,4M-5V,XK.CHILE VAMOS RENOVACION NACIONAL - INDEPENDIENTES,307. SERGIO ENRIQUE GONZALEZ REYES,RN,1.0,False
3015,ALTO DEL CARMEN,ALTO DEL CARMEN,ESCUELA RICARDO CAMPILLAY CONTRERAS,4M-5V,XK.CHILE VAMOS RENOVACION NACIONAL - INDEPENDIENTES,308. GUILLERMO ADRIAN VILLEGAS ROJAS,RN,3.0,False
3016,ALTO DEL CARMEN,ALTO DEL CARMEN,ESCUELA RICARDO CAMPILLAY CONTRERAS,4M-5V,XS.FRENTE AMPLIO,309. IRENE ALVEAR AZCARATE,IND,2.0,False
3017,ALTO DEL CARMEN,ALTO DEL CARMEN,ESCUELA RICARDO CAMPILLAY CONTRERAS,4M-5V,XS.FRENTE AMPLIO,310. RAUL ALFONSO GARROTE GARROTE,IND,6.0,False
3018,ALTO DEL CARMEN,ALTO DEL CARMEN,ESCUELA RICARDO CAMPILLAY CONTRERAS,4M-5V,XS.FRENTE AMPLIO,311. BLADIMIR FERNANDO BOLADOS RIVERA,IND,5.0,True
3019,ALTO DEL CARMEN,ALTO DEL CARMEN,ESCUELA RICARDO CAMPILLAY CONTRERAS,4M-5V,XS.FRENTE AMPLIO,312. PATRICIA ERIKA ALVAREZ OLAVE,IND,13.0,False
3020,ALTO DEL CARMEN,ALTO DEL CARMEN,ESCUELA RICARDO CAMPILLAY CONTRERAS,4M-5V,XS.FRENTE AMPLIO,313. HOMERO DARIO CAMPILLAY IRIARTE,IND,1.0,True
3021,ALTO DEL CARMEN,ALTO DEL CARMEN,ESCUELA RICARDO CAMPILLAY CONTRERAS,4M-5V,XS.FRENTE AMPLIO,314. ALEJANDRA RUFINA ARAYA BARAHONA,IND,1.0,False
3022,ALTO DEL CARMEN,ALTO DEL CARMEN,ESCUELA RICARDO CAMPILLAY CONTRERAS,4M-5V,XU.UNIDOS POR LA DIGNIDAD,315. MARCIA ALEJANDRA GONZALEZ CORTES,IND,12.0,False
3023,ALTO DEL CARMEN,ALTO DEL CARMEN,ESCUELA RICARDO CAMPILLAY CONTRERAS,4M-5V,XU.UNIDOS POR LA DIGNIDAD,316. JHON EDUARD MELENDEZ MORALES,IND,9.0,False
3024,ALTO DEL CARMEN,ALTO DEL CARMEN,ESCUELA RICARDO CAMPILLAY CONTRERAS,4M-5V,XU.UNIDOS POR LA DIGNIDAD,317. HAYDEE MARGOT CAMPILLAY CORTEZ,IND,1.0,False
3025,ALTO DEL CARMEN,ALTO DEL CARMEN,ESCUELA RICARDO CAMPILLAY CONTRERAS,4M-5V,YW.UNIDAD POR EL APRUEBO PS PPD E INDEPENDIENTES,318. JUAN CASTRO ALVAREZ,PS,1.0,False
3026,ALTO DEL CARMEN,ALTO DEL CARMEN,ESCUELA RICARDO CAMPILLAY CONTRERAS,4M-5V,YW.UNIDAD POR EL APRUEBO PS PPD E INDEPENDIENTES,319. FABIOLA AROSTICA SANTIBAÑEZ,PS,1.0,False
3027,ALTO DEL CARMEN,ALTO DEL CARMEN,ESCUELA RICARDO CAMPILLAY CONTRERAS,4M-5V,YW.UNIDAD POR EL APRUEBO PS PPD E INDEPENDIENTES,320. VERONICA INES ANACONA GARATE,IND,8.0,False
3028,ALTO DEL CARMEN,ALTO DEL CARMEN,ESCUELA RICARDO CAMPILLAY CONTRERAS,4M-5V,YW.UNIDAD POR EL APRUEBO PS PPD E INDEPENDIENTES,321. ABRAHAM CLAUDIO GONZALEZ BRICEÑO,IND,,False
3029,ALTO DEL CARMEN,ALTO DEL CARMEN,ESCUELA RICARDO CAMPILLAY CONTRERAS,4M-5V,ZJ.CHILE VAMOS UDI - INDEPENDIENTES,322. RODRIGO ALEJANDRO LEYTON ARAYA,UDI,11.0,False
3030,ALTO DEL CARMEN,ALTO DEL CARMEN,ESCUELA RICARDO CAMPILLAY CONTRERAS,4M-5V,ZJ.CHILE VAMOS UDI - INDEPENDIENTES,323. LUIS EDUARDO PAREDES RAMIREZ,UDI,6.0,True
3031,ALTO DEL CARMEN,ALTO DEL CARMEN,ESCUELA RICARDO CAMPILLAY CONTRERAS,4M-5V,ZJ.CHILE VAMOS UDI - INDEPENDIENTES,324. LUIS LINCOYAN ZULETA GONZALEZ,UDI,,False
3032,ALTO DEL CARMEN,ALTO DEL CARMEN,ESCUELA RICARDO CAMPILLAY CONTRERAS,4M-5V,ZJ.CHILE VAMOS UDI - INDEPENDIENTES,325. FRANCISCO ANDRES QUIÑONES FLORES,UDI,13.0,False
3033,ALTO DEL CARMEN,ALTO DEL CARMEN,ESCUELA RICARDO CAMPILLAY CONTRERAS,4M-5V,ZJ.CHILE VAMOS UDI - INDEPENDIENTES,326. PEDRO VERNE NUÑEZ BRICEÑO,IND,,False
3034,ALTO DEL CARMEN,ALTO DEL CARMEN,ESCUELA RICARDO CAMPILLAY CONTRERAS,4M-5V,ZJ.CHILE VAMOS UDI - INDEPENDIENTES,327. EVELYN DAYAN LEHNER VARGAS,IND,8.0,False
3035,ALTO DEL CARMEN,ALTO DEL CARMEN,ESCUELA RICARDO CAMPILLAY CONTRERAS,4M-5V,ZU.RADICALES E INDEPENDIENTES,328. MARITZA ANTONIA PEÑA MORALES,PR,12.0,True
3036,ALTO DEL CARMEN,ALTO DEL CARMEN,ESCUELA RICARDO CAMPILLAY CONTRERAS,4M-5V,ZU.RADICALES E INDEPENDIENTES,329. HORACIO ADOLFO CAMPILLAY OLIVARES,IND,6.0,False
3037,ALTO DEL CARMEN,ALTO DEL CARMEN,ESCUELA RICARDO CAMPILLAY CONTRERAS,4M-5V,ZU.RADICALES E INDEPENDIENTES,330. PEDRO ALFONSO BOLADOS GARATE,IND,1.0,False
3038,ALTO DEL CARMEN,ALTO DEL CARMEN,ESCUELA RICARDO CAMPILLAY CONTRERAS,4M-5V,ZU.RADICALES E INDEPENDIENTES,331. TANIA PAZ PALLAUTA CASTILLO,IND,3.0,False
3039,ALTO DEL CARMEN,ALTO DEL CARMEN,ESCUELA RICARDO CAMPILLAY CONTRERAS,4M-5V,ZU.RADICALES E INDEPENDIENTES,332. SILVIA ESTER LAGUES LAGUES,IND,3.0,False
3040,ALTO DEL CARMEN,ALTO DEL CARMEN,ESCUELA RICARDO CAMPILLAY CONTRERAS,2V-3V,M.CHILE DIGNO VERDE Y SOBERANO,300. MARIA CRISTINA CARTAJENA CASTILLO,PCCH,5.0,False
3041,ALTO DEL CARMEN,ALTO DEL CARMEN,ESCUELA RICARDO CAMPILLAY CONTRERAS,2V-3V,M.CHILE DIGNO VERDE Y SOBERANO,301. SARA DEL ROSARIO ROJAS ROJAS,FREVS,1.0,False
3042,ALTO DEL CARMEN,ALTO DEL CARMEN,ESCUELA RICARDO CAMPILLAY CONTRERAS,2V-3V,M.CHILE DIGNO VERDE Y SOBERANO,302. MANUEL ALEJANDRO JOFRE ROJAS,IND,,False
3043,ALTO DEL CARMEN,ALTO DEL CARMEN,ESCUELA RICARDO CAMPILLAY CONTRERAS,2V-3V,XK.CHILE VAMOS RENOVACION NACIONAL - INDEPENDIENTES,303. JORGE RODOLFO BORQUEZ OLIVARES,RN,5.0,True
3044,ALTO DEL CARMEN,ALTO DEL CARMEN,ESCUELA RICARDO CAMPILLAY CONTRERAS,2V-3V,XK.CHILE VAMOS RENOVACION NACIONAL - INDEPENDIENTES,304. JAVIERA ANDREA ALVAREZ ALVAREZ,RN,17.0,True
3045,ALTO DEL CARMEN,ALTO DEL CARMEN,ESCUELA RICARDO CAMPILLAY CONTRERAS,2V-3V,XK.CHILE VAMOS RENOVACION NACIONAL - INDEPENDIENTES,305. ABEL ARTURO BUSTAMANTE BRAVO,RN,4.0,False
3046,ALTO DEL CARMEN,ALTO DEL CARMEN,ESCUELA RICARDO CAMPILLAY CONTRERAS,2V-3V,XK.CHILE VAMOS RENOVACION NACIONAL - INDEPENDIENTES,306. PAOLA MARGARITA CORTES RAMIREZ,RN,11.0,False
3047,ALTO DEL CARMEN,ALTO DEL CARMEN,ESCUELA RICARDO CAMPILLAY CONTRERAS,2V-3V,XK.CHILE VAMOS RENOVACION NACIONAL - INDEPENDIENTES,307. SERGIO ENRIQUE GONZALEZ REYES,RN,2.0,False
3048,ALTO DEL CARMEN,ALTO DEL CARMEN,ESCUELA RICARDO CAMPILLAY CONTRERAS,2V-3V,XK.CHILE VAMOS RENOVACION NACIONAL - INDEPENDIENTES,308. GUILLERMO ADRIAN VILLEGAS ROJAS,RN,2.0,False
3049,ALTO DEL CARMEN,ALTO DEL CARMEN,ESCUELA RICARDO CAMPILLAY CONTRERAS,2V-3V,XS.FRENTE AMPLIO,309. IRENE ALVEAR AZCARATE,IND,2.0,False
3050,ALTO DEL CARMEN,ALTO DEL CARMEN,ESCUELA RICARDO CAMPILLAY CONTRERAS,2V-3V,XS.FRENTE AMPLIO,310. RAUL ALFONSO GARROTE GARROTE,IND,4.0,False
3051,ALTO DEL CARMEN,ALTO DEL CARMEN,ESCUELA RICARDO CAMPILLAY CONTRERAS,2V-3V,XS.FRENTE AMPLIO,311. BLADIMIR FERNANDO BOLADOS RIVERA,IND,2.0,True
3052,ALTO DEL CARMEN,ALTO DEL CARMEN,ESCUELA RICARDO CAMPILLAY CONTRERAS,2V-3V,XS.FRENTE AMPLIO,312. PATRICIA ERIKA ALVAREZ OLAVE,IND,26.0,False
3053,ALTO DEL CARMEN,ALTO DEL CARMEN,ESCUELA RICARDO CAMPILLAY CONTRERAS,2V-3V,XS.FRENTE AMPLIO,313. HOMERO DARIO CAMPILLAY IRIARTE,IND,2.0,True
3054,ALTO DEL CARMEN,ALTO DEL CARMEN,ESCUELA RICARDO CAMPILLAY CONTRERAS,2V-3V,XS.FRENTE AMPLIO,314. ALEJANDRA RUFINA ARAYA BARAHONA,IND,,False
3055,ALTO DEL CARMEN,ALTO DEL CARMEN,ESCUELA RICARDO CAMPILLAY CONTRERAS,2V-3V,XU.UNIDOS POR LA DIGNIDAD,315. MARCIA ALEJANDRA GONZALEZ CORTES,IND,8.0,False
3056,ALTO DEL CARMEN,ALTO DEL CARMEN,ESCUELA RICARDO CAMPILLAY CONTRERAS,2V-3V,XU.UNIDOS POR LA DIGNIDAD,316. JHON EDUARD MELENDEZ MORALES,IND,6.0,False
3057,ALTO DEL CARMEN,ALTO DEL CARMEN,ESCUELA RICARDO CAMPILLAY CONTRERAS,2V-3V,XU.UNIDOS POR LA DIGNIDAD,317. HAYDEE MARGOT CAMPILLAY CORTEZ,IND,,False
3058,ALTO DEL CARMEN,ALTO DEL CARMEN,ESCUELA RICARDO CAMPILLAY CONTRERAS,2V-3V,YW.UNIDAD POR EL APRUEBO PS PPD E INDEPENDIENTES,318. JUAN CASTRO ALVAREZ,PS,4.0,False
3059,ALTO DEL CARMEN,ALTO DEL CARMEN,ESCUELA RICARDO CAMPILLAY CONTRERAS,2V-3V,YW.UNIDAD POR EL APRUEBO PS PPD E INDEPENDIENTES,319. FABIOLA AROSTICA SANTIBAÑEZ,PS,,False
3060,ALTO DEL CARMEN,ALTO DEL CARMEN,ESCUELA RICARDO CAMPILLAY CONTRERAS,2V-3V,YW.UNIDAD POR EL APRUEBO PS PPD E INDEPENDIENTES,320. VERONICA INES ANACONA GARATE,IND,6.0,False
3061,ALTO DEL CARMEN,ALTO DEL CARMEN,ESCUELA RICARDO CAMPILLAY CONTRERAS,2V-3V,YW.UNIDAD POR EL APRUEBO PS PPD E INDEPENDIENTES,321. ABRAHAM CLAUDIO GONZALEZ BRICEÑO,IND,1.0,False
3062,ALTO DEL CARMEN,ALTO DEL CARMEN,ESCUELA RICARDO CAMPILLAY CONTRERAS,2V-3V,ZJ.CHILE VAMOS UDI - INDEPENDIENTES,322. RODRIGO ALEJANDRO LEYTON ARAYA,UDI,4.0,False
3063,ALTO DEL CARMEN,ALTO DEL CARMEN,ESCUELA RICARDO CAMPILLAY CONTRERAS,2V-3V,ZJ.CHILE VAMOS UDI - INDEPENDIENTES,323. LUIS EDUARDO PAREDES RAMIREZ,UDI,9.0,True
3064,ALTO DEL CARMEN,ALTO DEL CARMEN,ESCUELA RICARDO CAMPILLAY CONTRERAS,2V-3V,ZJ.CHILE VAMOS UDI - INDEPENDIENTES,324. LUIS LINCOYAN ZULETA GONZALEZ,UDI,,False
3065,ALTO DEL CARMEN,ALTO DEL CARMEN,ESCUELA RICARDO CAMPILLAY CONTRERAS,2V-3V,ZJ.CHILE VAMOS UDI - INDEPENDIENTES,325. FRANCISCO ANDRES QUIÑONES FLORES,UDI,3.0,False
3066,ALTO DEL CARMEN,ALTO DEL CARMEN,ESCUELA RICARDO CAMPILLAY CONTRERAS,2V-3V,ZJ.CHILE VAMOS UDI - INDEPENDIENTES,326. PEDRO VERNE NUÑEZ BRICEÑO,IND,2.0,False
3067,ALTO DEL CARMEN,ALTO DEL CARMEN,ESCUELA RICARDO CAMPILLAY CONTRERAS,2V-3V,ZJ.CHILE VAMOS UDI - INDEPENDIENTES,327. EVELYN DAYAN LEHNER VARGAS,IND,6.0,False
3068,ALTO DEL CARMEN,ALTO DEL CARMEN,ESCUELA RICARDO CAMPILLAY CONTRERAS,2V-3V,ZU.RADICALES E INDEPENDIENTES,328. MARITZA ANTONIA PEÑA MORALES,PR,17.0,True
3069,ALTO DEL CARMEN,ALTO DEL CARMEN,ESCUELA RICARDO CAMPILLAY CONTRERAS,2V-3V,ZU.RADICALES E INDEPENDIENTES,329. HORACIO ADOLFO CAMPILLAY OLIVARES,IND,1.0,False
3070,ALTO DEL CARMEN,ALTO DEL CARMEN,ESCUELA RICARDO CAMPILLAY CONTRERAS,2V-3V,ZU.RADICALES E INDEPENDIENTES,330. PEDRO ALFONSO BOLADOS GARATE,IND,1.0,False
3071,ALTO DEL CARMEN,ALTO DEL CARMEN,ESCUELA RICARDO CAMPILLAY CONTRERAS,2V-3V,ZU.RADICALES E INDEPENDIENTES,331. TANIA PAZ PALLAUTA CASTILLO,IND,2.0,False
3072,ALTO DEL CARMEN,ALTO DEL CARMEN,ESCUELA RICARDO CAMPILLAY CONTRERAS,2V-3V,ZU.RADICALES E INDEPENDIENTES,332. SILVIA ESTER LAGUES LAGUES,IND,2.0,False
3073,ALTO DEL CARMEN,ALTO DEL CARMEN,ESCUELA RICARDO CAMPILLAY CONTRERAS,4V-6,M.CHILE DIGNO VERDE Y SOBERANO,300. MARIA CRISTINA CARTAJENA CASTILLO,PCCH,3.0,False
3074,ALTO DEL CARMEN,ALTO DEL CARMEN,ESCUELA RICARDO CAMPILLAY CONTRERAS,4V-6,M.CHILE DIGNO VERDE Y SOBERANO,301. SARA DEL ROSARIO ROJAS ROJAS,FREVS,0.0,False
3075,ALTO DEL CARMEN,ALTO DEL CARMEN,ESCUELA RICARDO CAMPILLAY CONTRERAS,4V-6,M.CHILE DIGNO VERDE Y SOBERANO,302. MANUEL ALEJANDRO JOFRE ROJAS,IND,0.0,False
3076,ALTO DEL CARMEN,ALTO DEL CARMEN,ESCUELA RICARDO CAMPILLAY CONTRERAS,4V-6,XK.CHILE VAMOS RENOVACION NACIONAL - INDEPENDIENTES,303. JORGE RODOLFO BORQUEZ OLIVARES,RN,7.0,True
3077,ALTO DEL CARMEN,ALTO DEL CARMEN,ESCUELA RICARDO CAMPILLAY CONTRERAS,4V-6,XK.CHILE VAMOS RENOVACION NACIONAL - INDEPENDIENTES,304. JAVIERA ANDREA ALVAREZ ALVAREZ,RN,6.0,True
3078,ALTO DEL CARMEN,ALTO DEL CARMEN,ESCUELA RICARDO CAMPILLAY CONTRERAS,4V-6,XK.CHILE VAMOS RENOVACION NACIONAL - INDEPENDIENTES,305. ABEL ARTURO BUSTAMANTE BRAVO,RN,3.0,False
3079,ALTO DEL CARMEN,ALTO DEL CARMEN,ESCUELA RICARDO CAMPILLAY CONTRERAS,4V-6,XK.CHILE VAMOS RENOVACION NACIONAL - INDEPENDIENTES,306. PAOLA MARGARITA CORTES RAMIREZ,RN,1.0,False
3080,ALTO DEL CARMEN,ALTO DEL CARMEN,ESCUELA RICARDO CAMPILLAY CONTRERAS,4V-6,XK.CHILE VAMOS RENOVACION NACIONAL - INDEPENDIENTES,307. SERGIO ENRIQUE GONZALEZ REYES,RN,0.0,False
3081,ALTO DEL CARMEN,ALTO DEL CARMEN,ESCUELA RICARDO CAMPILLAY CONTRERAS,4V-6,XK.CHILE VAMOS RENOVACION NACIONAL - INDEPENDIENTES,308. GUILLERMO ADRIAN VILLEGAS ROJAS,RN,2.0,False
3082,ALTO DEL CARMEN,ALTO DEL CARMEN,ESCUELA RICARDO CAMPILLAY CONTRERAS,4V-6,XS.FRENTE AMPLIO,309. IRENE ALVEAR AZCARATE,IND,4.0,False
3083,ALTO DEL CARMEN,ALTO DEL CARMEN,ESCUELA RICARDO CAMPILLAY CONTRERAS,4V-6,XS.FRENTE AMPLIO,310. RAUL ALFONSO GARROTE GARROTE,IND,3.0,False
3084,ALTO DEL CARMEN,ALTO DEL CARMEN,ESCUELA RICARDO CAMPILLAY CONTRERAS,4V-6,XS.FRENTE AMPLIO,311. BLADIMIR FERNANDO BOLADOS RIVERA,IND,7.0,True
3085,ALTO DEL CARMEN,ALTO DEL CARMEN,ESCUELA RICARDO CAMPILLAY CONTRERAS,4V-6,XS.FRENTE AMPLIO,312. PATRICIA ERIKA ALVAREZ OLAVE,IND,13.0,False
3086,ALTO DEL CARMEN,ALTO DEL CARMEN,ESCUELA RICARDO CAMPILLAY CONTRERAS,4V-6,XS.FRENTE AMPLIO,313. HOMERO DARIO CAMPILLAY IRIARTE,IND,4.0,True
3087,ALTO DEL CARMEN,ALTO DEL CARMEN,ESCUELA RICARDO CAMPILLAY CONTRERAS,4V-6,XS.FRENTE AMPLIO,314. ALEJANDRA RUFINA ARAYA BARAHONA,IND,0.0,False
3088,ALTO DEL CARMEN,ALTO DEL CARMEN,ESCUELA RICARDO CAMPILLAY CONTRERAS,4V-6,XU.UNIDOS POR LA DIGNIDAD,315. MARCIA ALEJANDRA GONZALEZ CORTES,IND,10.0,False
3089,ALTO DEL CARMEN,ALTO DEL CARMEN,ESCUELA RICARDO CAMPILLAY CONTRERAS,4V-6,XU.UNIDOS POR LA DIGNIDAD,316. JHON EDUARD MELENDEZ MORALES,IND,8.0,False
3090,ALTO DEL CARMEN,ALTO DEL CARMEN,ESCUELA RICARDO CAMPILLAY CONTRERAS,4V-6,XU.UNIDOS POR LA DIGNIDAD,317. HAYDEE MARGOT CAMPILLAY CORTEZ,IND,0.0,False
3091,ALTO DEL CARMEN,ALTO DEL CARMEN,ESCUELA RICARDO CAMPILLAY CONTRERAS,4V-6,YW.UNIDAD POR EL APRUEBO PS PPD E INDEPENDIENTES,318. JUAN CASTRO ALVAREZ,PS,1.0,False
3092,ALTO DEL CARMEN,ALTO DEL CARMEN,ESCUELA RICARDO CAMPILLAY CONTRERAS,4V-6,YW.UNIDAD POR EL APRUEBO PS PPD E INDEPENDIENTES,319. FABIOLA AROSTICA SANTIBAÑEZ,PS,0.0,False
3093,ALTO DEL CARMEN,ALTO DEL CARMEN,ESCUELA RICARDO CAMPILLAY CONTRERAS,4V-6,YW.UNIDAD POR EL APRUEBO PS PPD E INDEPENDIENTES,320. VERONICA INES ANACONA GARATE,IND,9.0,False
3094,ALTO DEL CARMEN,ALTO DEL CARMEN,ESCUELA RICARDO CAMPILLAY CONTRERAS,4V-6,YW.UNIDAD POR EL APRUEBO PS PPD E INDEPENDIENTES,321. ABRAHAM CLAUDIO GONZALEZ BRICEÑO,IND,2.0,False
3095,ALTO DEL CARMEN,ALTO DEL CARMEN,ESCUELA RICARDO CAMPILLAY CONTRERAS,4V-6,ZJ.CHILE VAMOS UDI - INDEPENDIENTES,322. RODRIGO ALEJANDRO LEYTON ARAYA,UDI,9.0,False
3096,ALTO DEL CARMEN,ALTO DEL CARMEN,ESCUELA RICARDO CAMPILLAY CONTRERAS,4V-6,ZJ.CHILE VAMOS UDI - INDEPENDIENTES,323. LUIS EDUARDO PAREDES RAMIREZ,UDI,1.0,True
3097,ALTO DEL CARMEN,ALTO DEL CARMEN,ESCUELA RICARDO CAMPILLAY CONTRERAS,4V-6,ZJ.CHILE VAMOS UDI - INDEPENDIENTES,324. LUIS LINCOYAN ZULETA GONZALEZ,UDI,3.0,False
3098,ALTO DEL CARMEN,ALTO DEL CARMEN,ESCUELA RICARDO CAMPILLAY CONTRERAS,4V-6,ZJ.CHILE VAMOS UDI - INDEPENDIENTES,325. FRANCISCO ANDRES QUIÑONES FLORES,UDI,1.0,False
3099,ALTO DEL CARMEN,ALTO DEL CARMEN,ESCUELA RICARDO CAMPILLAY CONTRERAS,4V-6,ZJ.CHILE VAMOS UDI - INDEPENDIENTES,326. PEDRO VERNE NUÑEZ BRICEÑO,IND,0.0,False
3100,ALTO DEL CARMEN,ALTO DEL CARMEN,ESCUELA RICARDO CAMPILLAY CONTRERAS,4V-6,ZJ.CHILE VAMOS UDI - INDEPENDIENTES,327. EVELYN DAYAN LEHNER VARGAS,IND,3.0,False
3101,ALTO DEL CARMEN,ALTO DEL CARMEN,ESCUELA RICARDO CAMPILLAY CONTRERAS,4V-6,ZU.RADICALES E INDEPENDIENTES,328. MARITZA ANTONIA PEÑA MORALES,PR,12.0,True
3102,ALTO DEL CARMEN,ALTO DEL CARMEN,ESCUELA RICARDO CAMPILLAY CONTRERAS,4V-6,ZU.RADICALES E INDEPENDIENTES,329. HORACIO ADOLFO CAMPILLAY OLIVARES,IND,2.0,False
3103,ALTO DEL CARMEN,ALTO DEL CARMEN,ESCUELA RICARDO CAMPILLAY CONTRERAS,4V-6,ZU.RADICALES E INDEPENDIENTES,330. PEDRO ALFONSO BOLADOS GARATE,IND,0.0,False
3104,ALTO DEL CARMEN,ALTO DEL CARMEN,ESCUELA RICARDO CAMPILLAY CONTRERAS,4V-6,ZU.RADICALES E INDEPENDIENTES,331. TANIA PAZ PALLAUTA CASTILLO,IND,3.0,False
3105,ALTO DEL CARMEN,ALTO DEL CARMEN,ESCUELA RICARDO CAMPILLAY CONTRERAS,4V-6,ZU.RADICALES E INDEPENDIENTES,332. SILVIA ESTER LAGUES LAGUES,IND,3.0,False
3106,ALTO DEL CARMEN,EL TRANSITO,EDUCADOR ARTURO ALVEAR RAMOS,1M,M.CHILE DIGNO VERDE Y SOBERANO,300. MARIA CRISTINA CARTAJENA CASTILLO,PCCH,3.0,False
3107,ALTO DEL CARMEN,EL TRANSITO,EDUCADOR ARTURO ALVEAR RAMOS,1M,M.CHILE DIGNO VERDE Y SOBERANO,301. SARA DEL ROSARIO ROJAS ROJAS,FREVS,2.0,False
3108,ALTO DEL CARMEN,EL TRANSITO,EDUCADOR ARTURO ALVEAR RAMOS,1M,M.CHILE DIGNO VERDE Y SOBERANO,302. MANUEL ALEJANDRO JOFRE ROJAS,IND,1.0,False
3109,ALTO DEL CARMEN,EL TRANSITO,EDUCADOR ARTURO ALVEAR RAMOS,1M,XK.CHILE VAMOS RENOVACION NACIONAL - INDEPENDIENTES,303. JORGE RODOLFO BORQUEZ OLIVARES,RN,2.0,True
3110,ALTO DEL CARMEN,EL TRANSITO,EDUCADOR ARTURO ALVEAR RAMOS,1M,XK.CHILE VAMOS RENOVACION NACIONAL - INDEPENDIENTES,304. JAVIERA ANDREA ALVAREZ ALVAREZ,RN,17.0,True
3111,ALTO DEL CARMEN,EL TRANSITO,EDUCADOR ARTURO ALVEAR RAMOS,1M,XK.CHILE VAMOS RENOVACION NACIONAL - INDEPENDIENTES,305. ABEL ARTURO BUSTAMANTE BRAVO,RN,8.0,False
3112,ALTO DEL CARMEN,EL TRANSITO,EDUCADOR ARTURO ALVEAR RAMOS,1M,XK.CHILE VAMOS RENOVACION NACIONAL - INDEPENDIENTES,306. PAOLA MARGARITA CORTES RAMIREZ,RN,1.0,False
3113,ALTO DEL CARMEN,EL TRANSITO,EDUCADOR ARTURO ALVEAR RAMOS,1M,XK.CHILE VAMOS RENOVACION NACIONAL - INDEPENDIENTES,307. SERGIO ENRIQUE GONZALEZ REYES,RN,3.0,False
3114,ALTO DEL CARMEN,EL TRANSITO,EDUCADOR ARTURO ALVEAR RAMOS,1M,XK.CHILE VAMOS RENOVACION NACIONAL - INDEPENDIENTES,308. GUILLERMO ADRIAN VILLEGAS ROJAS,RN,10.0,False
3115,ALTO DEL CARMEN,EL TRANSITO,EDUCADOR ARTURO ALVEAR RAMOS,1M,XS.FRENTE AMPLIO,309. IRENE ALVEAR AZCARATE,IND,8.0,False
3116,ALTO DEL CARMEN,EL TRANSITO,EDUCADOR ARTURO ALVEAR RAMOS,1M,XS.FRENTE AMPLIO,310. RAUL ALFONSO GARROTE GARROTE,IND,4.0,False
3117,ALTO DEL CARMEN,EL TRANSITO,EDUCADOR ARTURO ALVEAR RAMOS,1M,XS.FRENTE AMPLIO,311. BLADIMIR FERNANDO BOLADOS RIVERA,IND,0.0,True
3118,ALTO DEL CARMEN,EL TRANSITO,EDUCADOR ARTURO ALVEAR RAMOS,1M,XS.FRENTE AMPLIO,312. PATRICIA ERIKA ALVAREZ OLAVE,IND,2.0,False
3119,ALTO DEL CARMEN,EL TRANSITO,EDUCADOR ARTURO ALVEAR RAMOS,1M,XS.FRENTE AMPLIO,313. HOMERO DARIO CAMPILLAY IRIARTE,IND,24.0,True
3120,ALTO DEL CARMEN,EL TRANSITO,EDUCADOR ARTURO ALVEAR RAMOS,1M,XS.FRENTE AMPLIO,314. ALEJANDRA RUFINA ARAYA BARAHONA,IND,1.0,False
3121,ALTO DEL CARMEN,EL TRANSITO,EDUCADOR ARTURO ALVEAR RAMOS,1M,XU.UNIDOS POR LA DIGNIDAD,315. MARCIA ALEJANDRA GONZALEZ CORTES,IND,3.0,False
3122,ALTO DEL CARMEN,EL TRANSITO,EDUCADOR ARTURO ALVEAR RAMOS,1M,XU.UNIDOS POR LA DIGNIDAD,316. JHON EDUARD MELENDEZ MORALES,IND,1.0,False
3123,ALTO DEL CARMEN,EL TRANSITO,EDUCADOR ARTURO ALVEAR RAMOS,1M,XU.UNIDOS POR LA DIGNIDAD,317. HAYDEE MARGOT CAMPILLAY CORTEZ,IND,0.0,False
3124,ALTO DEL CARMEN,EL TRANSITO,EDUCADOR ARTURO ALVEAR RAMOS,1M,YW.UNIDAD POR EL APRUEBO PS PPD E INDEPENDIENTES,318. JUAN CASTRO ALVAREZ,PS,2.0,False
3125,ALTO DEL CARMEN,EL TRANSITO,EDUCADOR ARTURO ALVEAR RAMOS,1M,YW.UNIDAD POR EL APRUEBO PS PPD E INDEPENDIENTES,319. FABIOLA AROSTICA SANTIBAÑEZ,PS,3.0,False
3126,ALTO DEL CARMEN,EL TRANSITO,EDUCADOR ARTURO ALVEAR RAMOS,1M,YW.UNIDAD POR EL APRUEBO PS PPD E INDEPENDIENTES,320. VERONICA INES ANACONA GARATE,IND,1.0,False
3127,ALTO DEL CARMEN,EL TRANSITO,EDUCADOR ARTURO ALVEAR RAMOS,1M,YW.UNIDAD POR EL APRUEBO PS PPD E INDEPENDIENTES,321. ABRAHAM CLAUDIO GONZALEZ BRICEÑO,IND,1.0,False
3128,ALTO DEL CARMEN,EL TRANSITO,EDUCADOR ARTURO ALVEAR RAMOS,1M,ZJ.CHILE VAMOS UDI - INDEPENDIENTES,322. RODRIGO ALEJANDRO LEYTON ARAYA,UDI,1.0,False
3129,ALTO DEL CARMEN,EL TRANSITO,EDUCADOR ARTURO ALVEAR RAMOS,1M,ZJ.CHILE VAMOS UDI - INDEPENDIENTES,323. LUIS EDUARDO PAREDES RAMIREZ,UDI,1.0,True
3130,ALTO DEL CARMEN,EL TRANSITO,EDUCADOR ARTURO ALVEAR RAMOS,1M,ZJ.CHILE VAMOS UDI - INDEPENDIENTES,324. LUIS LINCOYAN ZULETA GONZALEZ,UDI,3.0,False
3131,ALTO DEL CARMEN,EL TRANSITO,EDUCADOR ARTURO ALVEAR RAMOS,1M,ZJ.CHILE VAMOS UDI - INDEPENDIENTES,325. FRANCISCO ANDRES QUIÑONES FLORES,UDI,6.0,False
3132,ALTO DEL CARMEN,EL TRANSITO,EDUCADOR ARTURO ALVEAR RAMOS,1M,ZJ.CHILE VAMOS UDI - INDEPENDIENTES,326. PEDRO VERNE NUÑEZ BRICEÑO,IND,0.0,False
3133,ALTO DEL CARMEN,EL TRANSITO,EDUCADOR ARTURO ALVEAR RAMOS,1M,ZJ.CHILE VAMOS UDI - INDEPENDIENTES,327. EVELYN DAYAN LEHNER VARGAS,IND,1.0,False
3134,ALTO DEL CARMEN,EL TRANSITO,EDUCADOR ARTURO ALVEAR RAMOS,1M,ZU.RADICALES E INDEPENDIENTES,328. MARITZA ANTONIA PEÑA MORALES,PR,3.0,True
3135,ALTO DEL CARMEN,EL TRANSITO,EDUCADOR ARTURO ALVEAR RAMOS,1M,ZU.RADICALES E INDEPENDIENTES,329. HORACIO ADOLFO CAMPILLAY OLIVARES,IND,11.0,False
3136,ALTO DEL CARMEN,EL TRANSITO,EDUCADOR ARTURO ALVEAR RAMOS,1M,ZU.RADICALES E INDEPENDIENTES,330. PEDRO ALFONSO BOLADOS GARATE,IND,2.0,False
3137,ALTO DEL CARMEN,EL TRANSITO,EDUCADOR ARTURO ALVEAR RAMOS,1M,ZU.RADICALES E INDEPENDIENTES,331. TANIA PAZ PALLAUTA CASTILLO,IND,3.0,False
3138,ALTO DEL CARMEN,EL TRANSITO,EDUCADOR ARTURO ALVEAR RAMOS,1M,ZU.RADICALES E INDEPENDIENTES,332. SILVIA ESTER LAGUES LAGUES,IND,1.0,False
3139,ALTO DEL CARMEN,EL TRANSITO,EDUCADOR ARTURO ALVEAR RAMOS,2M,M.CHILE DIGNO VERDE Y SOBERANO,300. MARIA CRISTINA CARTAJENA CASTILLO,PCCH,2.0,False
3140,ALTO DEL CARMEN,EL TRANSITO,EDUCADOR ARTURO ALVEAR RAMOS,2M,M.CHILE DIGNO VERDE Y SOBERANO,301. SARA DEL ROSARIO ROJAS ROJAS,FREVS,3.0,False
3141,ALTO DEL CARMEN,EL TRANSITO,EDUCADOR ARTURO ALVEAR RAMOS,2M,M.CHILE DIGNO VERDE Y SOBERANO,302. MANUEL ALEJANDRO JOFRE ROJAS,IND,2.0,False
3142,ALTO DEL CARMEN,EL TRANSITO,EDUCADOR ARTURO ALVEAR RAMOS,2M,XK.CHILE VAMOS RENOVACION NACIONAL - INDEPENDIENTES,303. JORGE RODOLFO BORQUEZ OLIVARES,RN,1.0,True
3143,ALTO DEL CARMEN,EL TRANSITO,EDUCADOR ARTURO ALVEAR RAMOS,2M,XK.CHILE VAMOS RENOVACION NACIONAL - INDEPENDIENTES,304. JAVIERA ANDREA ALVAREZ ALVAREZ,RN,12.0,True
3144,ALTO DEL CARMEN,EL TRANSITO,EDUCADOR ARTURO ALVEAR RAMOS,2M,XK.CHILE VAMOS RENOVACION NACIONAL - INDEPENDIENTES,305. ABEL ARTURO BUSTAMANTE BRAVO,RN,5.0,False
3145,ALTO DEL CARMEN,EL TRANSITO,EDUCADOR ARTURO ALVEAR RAMOS,2M,XK.CHILE VAMOS RENOVACION NACIONAL - INDEPENDIENTES,306. PAOLA MARGARITA CORTES RAMIREZ,RN,2.0,False
3146,ALTO DEL CARMEN,EL TRANSITO,EDUCADOR ARTURO ALVEAR RAMOS,2M,XK.CHILE VAMOS RENOVACION NACIONAL - INDEPENDIENTES,307. SERGIO ENRIQUE GONZALEZ REYES,RN,1.0,False
3147,ALTO DEL CARMEN,EL TRANSITO,EDUCADOR ARTURO ALVEAR RAMOS,2M,XK.CHILE VAMOS RENOVACION NACIONAL - INDEPENDIENTES,308. GUILLERMO ADRIAN VILLEGAS ROJAS,RN,18.0,False
3148,ALTO DEL CARMEN,EL TRANSITO,EDUCADOR ARTURO ALVEAR RAMOS,2M,XS.FRENTE AMPLIO,309. IRENE ALVEAR AZCARATE,IND,13.0,False
3149,ALTO DEL CARMEN,EL TRANSITO,EDUCADOR ARTURO ALVEAR RAMOS,2M,XS.FRENTE AMPLIO,310. RAUL ALFONSO GARROTE GARROTE,IND,11.0,False
3150,ALTO DEL CARMEN,EL TRANSITO,EDUCADOR ARTURO ALVEAR RAMOS,2M,XS.FRENTE AMPLIO,311. BLADIMIR FERNANDO BOLADOS RIVERA,IND,3.0,True
3151,ALTO DEL CARMEN,EL TRANSITO,EDUCADOR ARTURO ALVEAR RAMOS,2M,XS.FRENTE AMPLIO,312. PATRICIA ERIKA ALVAREZ OLAVE,IND,6.0,False
3152,ALTO DEL CARMEN,EL TRANSITO,EDUCADOR ARTURO ALVEAR RAMOS,2M,XS.FRENTE AMPLIO,313. HOMERO DARIO CAMPILLAY IRIARTE,IND,14.0,True
3153,ALTO DEL CARMEN,EL TRANSITO,EDUCADOR ARTURO ALVEAR RAMOS,2M,XS.FRENTE AMPLIO,314. ALEJANDRA RUFINA ARAYA BARAHONA,IND,2.0,False
3154,ALTO DEL CARMEN,EL TRANSITO,EDUCADOR ARTURO ALVEAR RAMOS,2M,XU.UNIDOS POR LA DIGNIDAD,315. MARCIA ALEJANDRA GONZALEZ CORTES,IND,7.0,False
3155,ALTO DEL CARMEN,EL TRANSITO,EDUCADOR ARTURO ALVEAR RAMOS,2M,XU.UNIDOS POR LA DIGNIDAD,316. JHON EDUARD MELENDEZ MORALES,IND,0.0,False
3156,ALTO DEL CARMEN,EL TRANSITO,EDUCADOR ARTURO ALVEAR RAMOS,2M,XU.UNIDOS POR LA DIGNIDAD,317. HAYDEE MARGOT CAMPILLAY CORTEZ,IND,3.0,False
3157,ALTO DEL CARMEN,EL TRANSITO,EDUCADOR ARTURO ALVEAR RAMOS,2M,YW.UNIDAD POR EL APRUEBO PS PPD E INDEPENDIENTES,318. JUAN CASTRO ALVAREZ,PS,4.0,False
3158,ALTO DEL CARMEN,EL TRANSITO,EDUCADOR ARTURO ALVEAR RAMOS,2M,YW.UNIDAD POR EL APRUEBO PS PPD E INDEPENDIENTES,319. FABIOLA AROSTICA SANTIBAÑEZ,PS,2.0,False
3159,ALTO DEL CARMEN,EL TRANSITO,EDUCADOR ARTURO ALVEAR RAMOS,2M,YW.UNIDAD POR EL APRUEBO PS PPD E INDEPENDIENTES,320. VERONICA INES ANACONA GARATE,IND,2.0,False
3160,ALTO DEL CARMEN,EL TRANSITO,EDUCADOR ARTURO ALVEAR RAMOS,2M,YW.UNIDAD POR EL APRUEBO PS PPD E INDEPENDIENTES,321. ABRAHAM CLAUDIO GONZALEZ BRICEÑO,IND,1.0,False
3161,ALTO DEL CARMEN,EL TRANSITO,EDUCADOR ARTURO ALVEAR RAMOS,2M,ZJ.CHILE VAMOS UDI - INDEPENDIENTES,322. RODRIGO ALEJANDRO LEYTON ARAYA,UDI,1.0,False
3162,ALTO DEL CARMEN,EL TRANSITO,EDUCADOR ARTURO ALVEAR RAMOS,2M,ZJ.CHILE VAMOS UDI - INDEPENDIENTES,323. LUIS EDUARDO PAREDES RAMIREZ,UDI,7.0,True
3163,ALTO DEL CARMEN,EL TRANSITO,EDUCADOR ARTURO ALVEAR RAMOS,2M,ZJ.CHILE VAMOS UDI - INDEPENDIENTES,324. LUIS LINCOYAN ZULETA GONZALEZ,UDI,7.0,False
3164,ALTO DEL CARMEN,EL TRANSITO,EDUCADOR ARTURO ALVEAR RAMOS,2M,ZJ.CHILE VAMOS UDI - INDEPENDIENTES,325. FRANCISCO ANDRES QUIÑONES FLORES,UDI,1.0,False
3165,ALTO DEL CARMEN,EL TRANSITO,EDUCADOR ARTURO ALVEAR RAMOS,2M,ZJ.CHILE VAMOS UDI - INDEPENDIENTES,326. PEDRO VERNE NUÑEZ BRICEÑO,IND,0.0,False
3166,ALTO DEL CARMEN,EL TRANSITO,EDUCADOR ARTURO ALVEAR RAMOS,2M,ZJ.CHILE VAMOS UDI - INDEPENDIENTES,327. EVELYN DAYAN LEHNER VARGAS,IND,1.0,False
3167,ALTO DEL CARMEN,EL TRANSITO,EDUCADOR ARTURO ALVEAR RAMOS,2M,ZU.RADICALES E INDEPENDIENTES,328. MARITZA ANTONIA PEÑA MORALES,PR,4.0,True
3168,ALTO DEL CARMEN,EL TRANSITO,EDUCADOR ARTURO ALVEAR RAMOS,2M,ZU.RADICALES E INDEPENDIENTES,329. HORACIO ADOLFO CAMPILLAY OLIVARES,IND,10.0,False
3169,ALTO DEL CARMEN,EL TRANSITO,EDUCADOR ARTURO ALVEAR RAMOS,2M,ZU.RADICALES E INDEPENDIENTES,330. PEDRO ALFONSO BOLADOS GARATE,IND,0.0,False
3170,ALTO DEL CARMEN,EL TRANSITO,EDUCADOR ARTURO ALVEAR RAMOS,2M,ZU.RADICALES E INDEPENDIENTES,331. TANIA PAZ PALLAUTA CASTILLO,IND,3.0,False
3171,ALTO DEL CARMEN,EL TRANSITO,EDUCADOR ARTURO ALVEAR RAMOS,2M,ZU.RADICALES E INDEPENDIENTES,332. SILVIA ESTER LAGUES LAGUES,IND,1.0,False
3172,ALTO DEL CARMEN,EL TRANSITO,EDUCADOR ARTURO ALVEAR RAMOS,3M,M.CHILE DIGNO VERDE Y SOBERANO,300. MARIA CRISTINA CARTAJENA CASTILLO,PCCH,2.0,False
3173,ALTO DEL CARMEN,EL TRANSITO,EDUCADOR ARTURO ALVEAR RAMOS,3M,M.CHILE DIGNO VERDE Y SOBERANO,301. SARA DEL ROSARIO ROJAS ROJAS,FREVS,0.0,False
3174,ALTO DEL CARMEN,EL TRANSITO,EDUCADOR ARTURO ALVEAR RAMOS,3M,M.CHILE DIGNO VERDE Y SOBERANO,302. MANUEL ALEJANDRO JOFRE ROJAS,IND,0.0,False
3175,ALTO DEL CARMEN,EL TRANSITO,EDUCADOR ARTURO ALVEAR RAMOS,3M,XK.CHILE VAMOS RENOVACION NACIONAL - INDEPENDIENTES,303. JORGE RODOLFO BORQUEZ OLIVARES,RN,2.0,True
3176,ALTO DEL CARMEN,EL TRANSITO,EDUCADOR ARTURO ALVEAR RAMOS,3M,XK.CHILE VAMOS RENOVACION NACIONAL - INDEPENDIENTES,304. JAVIERA ANDREA ALVAREZ ALVAREZ,RN,23.0,True
3177,ALTO DEL CARMEN,EL TRANSITO,EDUCADOR ARTURO ALVEAR RAMOS,3M,XK.CHILE VAMOS RENOVACION NACIONAL - INDEPENDIENTES,305. ABEL ARTURO BUSTAMANTE BRAVO,RN,6.0,False
3178,ALTO DEL CARMEN,EL TRANSITO,EDUCADOR ARTURO ALVEAR RAMOS,3M,XK.CHILE VAMOS RENOVACION NACIONAL - INDEPENDIENTES,306. PAOLA MARGARITA CORTES RAMIREZ,RN,2.0,False
3179,ALTO DEL CARMEN,EL TRANSITO,EDUCADOR ARTURO ALVEAR RAMOS,3M,XK.CHILE VAMOS RENOVACION NACIONAL - INDEPENDIENTES,307. SERGIO ENRIQUE GONZALEZ REYES,RN,2.0,False
3180,ALTO DEL CARMEN,EL TRANSITO,EDUCADOR ARTURO ALVEAR RAMOS,3M,XK.CHILE VAMOS RENOVACION NACIONAL - INDEPENDIENTES,308. GUILLERMO ADRIAN VILLEGAS ROJAS,RN,12.0,False
3181,ALTO DEL CARMEN,EL TRANSITO,EDUCADOR ARTURO ALVEAR RAMOS,3M,XS.FRENTE AMPLIO,309. IRENE ALVEAR AZCARATE,IND,8.0,False
3182,ALTO DEL CARMEN,EL TRANSITO,EDUCADOR ARTURO ALVEAR RAMOS,3M,XS.FRENTE AMPLIO,310. RAUL ALFONSO GARROTE GARROTE,IND,4.0,False
3183,ALTO DEL CARMEN,EL TRANSITO,EDUCADOR ARTURO ALVEAR RAMOS,3M,XS.FRENTE AMPLIO,311. BLADIMIR FERNANDO BOLADOS RIVERA,IND,3.0,True
3184,ALTO DEL CARMEN,EL TRANSITO,EDUCADOR ARTURO ALVEAR RAMOS,3M,XS.FRENTE AMPLIO,312. PATRICIA ERIKA ALVAREZ OLAVE,IND,2.0,False
3185,ALTO DEL CARMEN,EL TRANSITO,EDUCADOR ARTURO ALVEAR RAMOS,3M,XS.FRENTE AMPLIO,313. HOMERO DARIO CAMPILLAY IRIARTE,IND,31.0,True
3186,ALTO DEL CARMEN,EL TRANSITO,EDUCADOR ARTURO ALVEAR RAMOS,3M,XS.FRENTE AMPLIO,314. ALEJANDRA RUFINA ARAYA BARAHONA,IND,1.0,False
3187,ALTO DEL CARMEN,EL TRANSITO,EDUCADOR ARTURO ALVEAR RAMOS,3M,XU.UNIDOS POR LA DIGNIDAD,315. MARCIA ALEJANDRA GONZALEZ CORTES,IND,5.0,False
3188,ALTO DEL CARMEN,EL TRANSITO,EDUCADOR ARTURO ALVEAR RAMOS,3M,XU.UNIDOS POR LA DIGNIDAD,316. JHON EDUARD MELENDEZ MORALES,IND,4.0,False
3189,ALTO DEL CARMEN,EL TRANSITO,EDUCADOR ARTURO ALVEAR RAMOS,3M,XU.UNIDOS POR LA DIGNIDAD,317. HAYDEE MARGOT CAMPILLAY CORTEZ,IND,1.0,False
3190,ALTO DEL CARMEN,EL TRANSITO,EDUCADOR ARTURO ALVEAR RAMOS,3M,YW.UNIDAD POR EL APRUEBO PS PPD E INDEPENDIENTES,318. JUAN CASTRO ALVAREZ,PS,3.0,False
3191,ALTO DEL CARMEN,EL TRANSITO,EDUCADOR ARTURO ALVEAR RAMOS,3M,YW.UNIDAD POR EL APRUEBO PS PPD E INDEPENDIENTES,319. FABIOLA AROSTICA SANTIBAÑEZ,PS,5.0,False
3192,ALTO DEL CARMEN,EL TRANSITO,EDUCADOR ARTURO ALVEAR RAMOS,3M,YW.UNIDAD POR EL APRUEBO PS PPD E INDEPENDIENTES,320. VERONICA INES ANACONA GARATE,IND,2.0,False
3193,ALTO DEL CARMEN,EL TRANSITO,EDUCADOR ARTURO ALVEAR RAMOS,3M,YW.UNIDAD POR EL APRUEBO PS PPD E INDEPENDIENTES,321. ABRAHAM CLAUDIO GONZALEZ BRICEÑO,IND,0.0,False
3194,ALTO DEL CARMEN,EL TRANSITO,EDUCADOR ARTURO ALVEAR RAMOS,3M,ZJ.CHILE VAMOS UDI - INDEPENDIENTES,322. RODRIGO ALEJANDRO LEYTON ARAYA,UDI,2.0,False
3195,ALTO DEL CARMEN,EL TRANSITO,EDUCADOR ARTURO ALVEAR RAMOS,3M,ZJ.CHILE VAMOS UDI - INDEPENDIENTES,323. LUIS EDUARDO PAREDES RAMIREZ,UDI,5.0,True
3196,ALTO DEL CARMEN,EL TRANSITO,EDUCADOR ARTURO ALVEAR RAMOS,3M,ZJ.CHILE VAMOS UDI - INDEPENDIENTES,324. LUIS LINCOYAN ZULETA GONZALEZ,UDI,7.0,False
3197,ALTO DEL CARMEN,EL TRANSITO,EDUCADOR ARTURO ALVEAR RAMOS,3M,ZJ.CHILE VAMOS UDI - INDEPENDIENTES,325. FRANCISCO ANDRES QUIÑONES FLORES,UDI,4.0,False
3198,ALTO DEL CARMEN,EL TRANSITO,EDUCADOR ARTURO ALVEAR RAMOS,3M,ZJ.CHILE VAMOS UDI - INDEPENDIENTES,326. PEDRO VERNE NUÑEZ BRICEÑO,IND,2.0,False
3199,ALTO DEL CARMEN,EL TRANSITO,EDUCADOR ARTURO ALVEAR RAMOS,3M,ZJ.CHILE VAMOS UDI - INDEPENDIENTES,327. EVELYN DAYAN LEHNER VARGAS,IND,2.0,False
3200,ALTO DEL CARMEN,EL TRANSITO,EDUCADOR ARTURO ALVEAR RAMOS,3M,ZU.RADICALES E INDEPENDIENTES,328. MARITZA ANTONIA PEÑA MORALES,PR,7.0,True
3201,ALTO DEL CARMEN,EL TRANSITO,EDUCADOR ARTURO ALVEAR RAMOS,3M,ZU.RADICALES E INDEPENDIENTES,329. HORACIO ADOLFO CAMPILLAY OLIVARES,IND,11.0,False
3202,ALTO DEL CARMEN,EL TRANSITO,EDUCADOR ARTURO ALVEAR RAMOS,3M,ZU.RADICALES E INDEPENDIENTES,330. PEDRO ALFONSO BOLADOS GARATE,IND,3.0,False
3203,ALTO DEL CARMEN,EL TRANSITO,EDUCADOR ARTURO ALVEAR RAMOS,3M,ZU.RADICALES E INDEPENDIENTES,331. TANIA PAZ PALLAUTA CASTILLO,IND,3.0,False
3204,ALTO DEL CARMEN,EL TRANSITO,EDUCADOR ARTURO ALVEAR RAMOS,3M,ZU.RADICALES E INDEPENDIENTES,332. SILVIA ESTER LAGUES LAGUES,IND,2.0,False
3205,ALTO DEL CARMEN,EL TRANSITO,EDUCADOR ARTURO ALVEAR RAMOS,4M,M.CHILE DIGNO VERDE Y SOBERANO,300. MARIA CRISTINA CARTAJENA CASTILLO,PCCH,0.0,False
3206,ALTO DEL CARMEN,EL TRANSITO,EDUCADOR ARTURO ALVEAR RAMOS,4M,M.CHILE DIGNO VERDE Y SOBERANO,301. SARA DEL ROSARIO ROJAS ROJAS,FREVS,2.0,False
3207,ALTO DEL CARMEN,EL TRANSITO,EDUCADOR ARTURO ALVEAR RAMOS,4M,M.CHILE DIGNO VERDE Y SOBERANO,302. MANUEL ALEJANDRO JOFRE ROJAS,IND,0.0,False
3208,ALTO DEL CARMEN,EL TRANSITO,EDUCADOR ARTURO ALVEAR RAMOS,4M,XK.CHILE VAMOS RENOVACION NACIONAL - INDEPENDIENTES,303. JORGE RODOLFO BORQUEZ OLIVARES,RN,2.0,True
3209,ALTO DEL CARMEN,EL TRANSITO,EDUCADOR ARTURO ALVEAR RAMOS,4M,XK.CHILE VAMOS RENOVACION NACIONAL - INDEPENDIENTES,304. JAVIERA ANDREA ALVAREZ ALVAREZ,RN,11.0,True
3210,ALTO DEL CARMEN,EL TRANSITO,EDUCADOR ARTURO ALVEAR RAMOS,4M,XK.CHILE VAMOS RENOVACION NACIONAL - INDEPENDIENTES,305. ABEL ARTURO BUSTAMANTE BRAVO,RN,5.0,False
3211,ALTO DEL CARMEN,EL TRANSITO,EDUCADOR ARTURO ALVEAR RAMOS,4M,XK.CHILE VAMOS RENOVACION NACIONAL - INDEPENDIENTES,306. PAOLA MARGARITA CORTES RAMIREZ,RN,1.0,False
3212,ALTO DEL CARMEN,EL TRANSITO,EDUCADOR ARTURO ALVEAR RAMOS,4M,XK.CHILE VAMOS RENOVACION NACIONAL - INDEPENDIENTES,307. SERGIO ENRIQUE GONZALEZ REYES,RN,8.0,False
3213,ALTO DEL CARMEN,EL TRANSITO,EDUCADOR ARTURO ALVEAR RAMOS,4M,XK.CHILE VAMOS RENOVACION NACIONAL - INDEPENDIENTES,308. GUILLERMO ADRIAN VILLEGAS ROJAS,RN,8.0,False
3214,ALTO DEL CARMEN,EL TRANSITO,EDUCADOR ARTURO ALVEAR RAMOS,4M,XS.FRENTE AMPLIO,309. IRENE ALVEAR AZCARATE,IND,8.0,False
3215,ALTO DEL CARMEN,EL TRANSITO,EDUCADOR ARTURO ALVEAR RAMOS,4M,XS.FRENTE AMPLIO,310. RAUL ALFONSO GARROTE GARROTE,IND,3.0,False
3216,ALTO DEL CARMEN,EL TRANSITO,EDUCADOR ARTURO ALVEAR RAMOS,4M,XS.FRENTE AMPLIO,311. BLADIMIR FERNANDO BOLADOS RIVERA,IND,6.0,True
3217,ALTO DEL CARMEN,EL TRANSITO,EDUCADOR ARTURO ALVEAR RAMOS,4M,XS.FRENTE AMPLIO,312. PATRICIA ERIKA ALVAREZ OLAVE,IND,4.0,False
3218,ALTO DEL CARMEN,EL TRANSITO,EDUCADOR ARTURO ALVEAR RAMOS,4M,XS.FRENTE AMPLIO,313. HOMERO DARIO CAMPILLAY IRIARTE,IND,19.0,True
3219,ALTO DEL CARMEN,EL TRANSITO,EDUCADOR ARTURO ALVEAR RAMOS,4M,XS.FRENTE AMPLIO,314. ALEJANDRA RUFINA ARAYA BARAHONA,IND,3.0,False
3220,ALTO DEL CARMEN,EL TRANSITO,EDUCADOR ARTURO ALVEAR RAMOS,4M,XU.UNIDOS POR LA DIGNIDAD,315. MARCIA ALEJANDRA GONZALEZ CORTES,IND,5.0,False
3221,ALTO DEL CARMEN,EL TRANSITO,EDUCADOR ARTURO ALVEAR RAMOS,4M,XU.UNIDOS POR LA DIGNIDAD,316. JHON EDUARD MELENDEZ MORALES,IND,1.0,False
3222,ALTO DEL CARMEN,EL TRANSITO,EDUCADOR ARTURO ALVEAR RAMOS,4M,XU.UNIDOS POR LA DIGNIDAD,317. HAYDEE MARGOT CAMPILLAY CORTEZ,IND,1.0,False
3223,ALTO DEL CARMEN,EL TRANSITO,EDUCADOR ARTURO ALVEAR RAMOS,4M,YW.UNIDAD POR EL APRUEBO PS PPD E INDEPENDIENTES,318. JUAN CASTRO ALVAREZ,PS,1.0,False
3224,ALTO DEL CARMEN,EL TRANSITO,EDUCADOR ARTURO ALVEAR RAMOS,4M,YW.UNIDAD POR EL APRUEBO PS PPD E INDEPENDIENTES,319. FABIOLA AROSTICA SANTIBAÑEZ,PS,7.0,False
3225,ALTO DEL CARMEN,EL TRANSITO,EDUCADOR ARTURO ALVEAR RAMOS,4M,YW.UNIDAD POR EL APRUEBO PS PPD E INDEPENDIENTES,320. VERONICA INES ANACONA GARATE,IND,1.0,False
3226,ALTO DEL CARMEN,EL TRANSITO,EDUCADOR ARTURO ALVEAR RAMOS,4M,YW.UNIDAD POR EL APRUEBO PS PPD E INDEPENDIENTES,321. ABRAHAM CLAUDIO GONZALEZ BRICEÑO,IND,1.0,False
3227,ALTO DEL CARMEN,EL TRANSITO,EDUCADOR ARTURO ALVEAR RAMOS,4M,ZJ.CHILE VAMOS UDI - INDEPENDIENTES,322. RODRIGO ALEJANDRO LEYTON ARAYA,UDI,4.0,False
3228,ALTO DEL CARMEN,EL TRANSITO,EDUCADOR ARTURO ALVEAR RAMOS,4M,ZJ.CHILE VAMOS UDI - INDEPENDIENTES,323. LUIS EDUARDO PAREDES RAMIREZ,UDI,3.0,True
3229,ALTO DEL CARMEN,EL TRANSITO,EDUCADOR ARTURO ALVEAR RAMOS,4M,ZJ.CHILE VAMOS UDI - INDEPENDIENTES,324. LUIS LINCOYAN ZULETA GONZALEZ,UDI,2.0,False
3230,ALTO DEL CARMEN,EL TRANSITO,EDUCADOR ARTURO ALVEAR RAMOS,4M,ZJ.CHILE VAMOS UDI - INDEPENDIENTES,325. FRANCISCO ANDRES QUIÑONES FLORES,UDI,2.0,False
3231,ALTO DEL CARMEN,EL TRANSITO,EDUCADOR ARTURO ALVEAR RAMOS,4M,ZJ.CHILE VAMOS UDI - INDEPENDIENTES,326. PEDRO VERNE NUÑEZ BRICEÑO,IND,1.0,False
3232,ALTO DEL CARMEN,EL TRANSITO,EDUCADOR ARTURO ALVEAR RAMOS,4M,ZJ.CHILE VAMOS UDI - INDEPENDIENTES,327. EVELYN DAYAN LEHNER VARGAS,IND,1.0,False
3233,ALTO DEL CARMEN,EL TRANSITO,EDUCADOR ARTURO ALVEAR RAMOS,4M,ZU.RADICALES E INDEPENDIENTES,328. MARITZA ANTONIA PEÑA MORALES,PR,9.0,True
3234,ALTO DEL CARMEN,EL TRANSITO,EDUCADOR ARTURO ALVEAR RAMOS,4M,ZU.RADICALES E INDEPENDIENTES,329. HORACIO ADOLFO CAMPILLAY OLIVARES,IND,12.0,False
3235,ALTO DEL CARMEN,EL TRANSITO,EDUCADOR ARTURO ALVEAR RAMOS,4M,ZU.RADICALES E INDEPENDIENTES,330. PEDRO ALFONSO BOLADOS GARATE,IND,3.0,False
3236,ALTO DEL CARMEN,EL TRANSITO,EDUCADOR ARTURO ALVEAR RAMOS,4M,ZU.RADICALES E INDEPENDIENTES,331. TANIA PAZ PALLAUTA CASTILLO,IND,6.0,False
3237,ALTO DEL CARMEN,EL TRANSITO,EDUCADOR ARTURO ALVEAR RAMOS,4M,ZU.RADICALES E INDEPENDIENTES,332. SILVIA ESTER LAGUES LAGUES,IND,2.0,False
3238,ALTO DEL CARMEN,EL TRANSITO,EDUCADOR ARTURO ALVEAR RAMOS,1V,M.CHILE DIGNO VERDE Y SOBERANO,300. MARIA CRISTINA CARTAJENA CASTILLO,PCCH,4.0,False
3239,ALTO DEL CARMEN,EL TRANSITO,EDUCADOR ARTURO ALVEAR RAMOS,1V,M.CHILE DIGNO VERDE Y SOBERANO,301. SARA DEL ROSARIO ROJAS ROJAS,FREVS,1.0,False
3240,ALTO DEL CARMEN,EL TRANSITO,EDUCADOR ARTURO ALVEAR RAMOS,1V,M.CHILE DIGNO VERDE Y SOBERANO,302. MANUEL ALEJANDRO JOFRE ROJAS,IND,2.0,False
3241,ALTO DEL CARMEN,EL TRANSITO,EDUCADOR ARTURO ALVEAR RAMOS,1V,XK.CHILE VAMOS RENOVACION NACIONAL - INDEPENDIENTES,303. JORGE RODOLFO BORQUEZ OLIVARES,RN,2.0,True
3242,ALTO DEL CARMEN,EL TRANSITO,EDUCADOR ARTURO ALVEAR RAMOS,1V,XK.CHILE VAMOS RENOVACION NACIONAL - INDEPENDIENTES,304. JAVIERA ANDREA ALVAREZ ALVAREZ,RN,20.0,True
3243,ALTO DEL CARMEN,EL TRANSITO,EDUCADOR ARTURO ALVEAR RAMOS,1V,XK.CHILE VAMOS RENOVACION NACIONAL - INDEPENDIENTES,305. ABEL ARTURO BUSTAMANTE BRAVO,RN,7.0,False
3244,ALTO DEL CARMEN,EL TRANSITO,EDUCADOR ARTURO ALVEAR RAMOS,1V,XK.CHILE VAMOS RENOVACION NACIONAL - INDEPENDIENTES,306. PAOLA MARGARITA CORTES RAMIREZ,RN,2.0,False
3245,ALTO DEL CARMEN,EL TRANSITO,EDUCADOR ARTURO ALVEAR RAMOS,1V,XK.CHILE VAMOS RENOVACION NACIONAL - INDEPENDIENTES,307. SERGIO ENRIQUE GONZALEZ REYES,RN,0.0,False
3246,ALTO DEL CARMEN,EL TRANSITO,EDUCADOR ARTURO ALVEAR RAMOS,1V,XK.CHILE VAMOS RENOVACION NACIONAL - INDEPENDIENTES,308. GUILLERMO ADRIAN VILLEGAS ROJAS,RN,11.0,False
3247,ALTO DEL CARMEN,EL TRANSITO,EDUCADOR ARTURO ALVEAR RAMOS,1V,XS.FRENTE AMPLIO,309. IRENE ALVEAR AZCARATE,IND,7.0,False
3248,ALTO DEL CARMEN,EL TRANSITO,EDUCADOR ARTURO ALVEAR RAMOS,1V,XS.FRENTE AMPLIO,310. RAUL ALFONSO GARROTE GARROTE,IND,3.0,False
3249,ALTO DEL CARMEN,EL TRANSITO,EDUCADOR ARTURO ALVEAR RAMOS,1V,XS.FRENTE AMPLIO,311. BLADIMIR FERNANDO BOLADOS RIVERA,IND,2.0,True
3250,ALTO DEL CARMEN,EL TRANSITO,EDUCADOR ARTURO ALVEAR RAMOS,1V,XS.FRENTE AMPLIO,312. PATRICIA ERIKA ALVAREZ OLAVE,IND,6.0,False
3251,ALTO DEL CARMEN,EL TRANSITO,EDUCADOR ARTURO ALVEAR RAMOS,1V,XS.FRENTE AMPLIO,313. HOMERO DARIO CAMPILLAY IRIARTE,IND,30.0,True
3252,ALTO DEL CARMEN,EL TRANSITO,EDUCADOR ARTURO ALVEAR RAMOS,1V,XS.FRENTE AMPLIO,314. ALEJANDRA RUFINA ARAYA BARAHONA,IND,0.0,False
3253,ALTO DEL CARMEN,EL TRANSITO,EDUCADOR ARTURO ALVEAR RAMOS,1V,XU.UNIDOS POR LA DIGNIDAD,315. MARCIA ALEJANDRA GONZALEZ CORTES,IND,5.0,False
3254,ALTO DEL CARMEN,EL TRANSITO,EDUCADOR ARTURO ALVEAR RAMOS,1V,XU.UNIDOS POR LA DIGNIDAD,316. JHON EDUARD MELENDEZ MORALES,IND,2.0,False
3255,ALTO DEL CARMEN,EL TRANSITO,EDUCADOR ARTURO ALVEAR RAMOS,1V,XU.UNIDOS POR LA DIGNIDAD,317. HAYDEE MARGOT CAMPILLAY CORTEZ,IND,0.0,False
3256,ALTO DEL CARMEN,EL TRANSITO,EDUCADOR ARTURO ALVEAR RAMOS,1V,YW.UNIDAD POR EL APRUEBO PS PPD E INDEPENDIENTES,318. JUAN CASTRO ALVAREZ,PS,5.0,False
3257,ALTO DEL CARMEN,EL TRANSITO,EDUCADOR ARTURO ALVEAR RAMOS,1V,YW.UNIDAD POR EL APRUEBO PS PPD E INDEPENDIENTES,319. FABIOLA AROSTICA SANTIBAÑEZ,PS,3.0,False
3258,ALTO DEL CARMEN,EL TRANSITO,EDUCADOR ARTURO ALVEAR RAMOS,1V,YW.UNIDAD POR EL APRUEBO PS PPD E INDEPENDIENTES,320. VERONICA INES ANACONA GARATE,IND,1.0,False
3259,ALTO DEL CARMEN,EL TRANSITO,EDUCADOR ARTURO ALVEAR RAMOS,1V,YW.UNIDAD POR EL APRUEBO PS PPD E INDEPENDIENTES,321. ABRAHAM CLAUDIO GONZALEZ BRICEÑO,IND,0.0,False
3260,ALTO DEL CARMEN,EL TRANSITO,EDUCADOR ARTURO ALVEAR RAMOS,1V,ZJ.CHILE VAMOS UDI - INDEPENDIENTES,322. RODRIGO ALEJANDRO LEYTON ARAYA,UDI,6.0,False
3261,ALTO DEL CARMEN,EL TRANSITO,EDUCADOR ARTURO ALVEAR RAMOS,1V,ZJ.CHILE VAMOS UDI - INDEPENDIENTES,323. LUIS EDUARDO PAREDES RAMIREZ,UDI,3.0,True
3262,ALTO DEL CARMEN,EL TRANSITO,EDUCADOR ARTURO ALVEAR RAMOS,1V,ZJ.CHILE VAMOS UDI - INDEPENDIENTES,324. LUIS LINCOYAN ZULETA GONZALEZ,UDI,9.0,False
3263,ALTO DEL CARMEN,EL TRANSITO,EDUCADOR ARTURO ALVEAR RAMOS,1V,ZJ.CHILE VAMOS UDI - INDEPENDIENTES,325. FRANCISCO ANDRES QUIÑONES FLORES,UDI,4.0,False
3264,ALTO DEL CARMEN,EL TRANSITO,EDUCADOR ARTURO ALVEAR RAMOS,1V,ZJ.CHILE VAMOS UDI - INDEPENDIENTES,326. PEDRO VERNE NUÑEZ BRICEÑO,IND,0.0,False
3265,ALTO DEL CARMEN,EL TRANSITO,EDUCADOR ARTURO ALVEAR RAMOS,1V,ZJ.CHILE VAMOS UDI - INDEPENDIENTES,327. EVELYN DAYAN LEHNER VARGAS,IND,2.0,False
3266,ALTO DEL CARMEN,EL TRANSITO,EDUCADOR ARTURO ALVEAR RAMOS,1V,ZU.RADICALES E INDEPENDIENTES,328. MARITZA ANTONIA PEÑA MORALES,PR,4.0,True
3267,ALTO DEL CARMEN,EL TRANSITO,EDUCADOR ARTURO ALVEAR RAMOS,1V,ZU.RADICALES E INDEPENDIENTES,329. HORACIO ADOLFO CAMPILLAY OLIVARES,IND,13.0,False
3268,ALTO DEL CARMEN,EL TRANSITO,EDUCADOR ARTURO ALVEAR RAMOS,1V,ZU.RADICALES E INDEPENDIENTES,330. PEDRO ALFONSO BOLADOS GARATE,IND,1.0,False
3269,ALTO DEL CARMEN,EL TRANSITO,EDUCADOR ARTURO ALVEAR RAMOS,1V,ZU.RADICALES E INDEPENDIENTES,331. TANIA PAZ PALLAUTA CASTILLO,IND,6.0,False
3270,ALTO DEL CARMEN,EL TRANSITO,EDUCADOR ARTURO ALVEAR RAMOS,1V,ZU.RADICALES E INDEPENDIENTES,332. SILVIA ESTER LAGUES LAGUES,IND,3.0,False
3271,ALTO DEL CARMEN,EL TRANSITO,EDUCADOR ARTURO ALVEAR RAMOS,2V,M.CHILE DIGNO VERDE Y SOBERANO,300. MARIA CRISTINA CARTAJENA CASTILLO,PCCH,1.0,False
3272,ALTO DEL CARMEN,EL TRANSITO,EDUCADOR ARTURO ALVEAR RAMOS,2V,M.CHILE DIGNO VERDE Y SOBERANO,301. SARA DEL ROSARIO ROJAS ROJAS,FREVS,2.0,False
3273,ALTO DEL CARMEN,EL TRANSITO,EDUCADOR ARTURO ALVEAR RAMOS,2V,M.CHILE DIGNO VERDE Y SOBERANO,302. MANUEL ALEJANDRO JOFRE ROJAS,IND,2.0,False
3274,ALTO DEL CARMEN,EL TRANSITO,EDUCADOR ARTURO ALVEAR RAMOS,2V,XK.CHILE VAMOS RENOVACION NACIONAL - INDEPENDIENTES,303. JORGE RODOLFO BORQUEZ OLIVARES,RN,3.0,True
3275,ALTO DEL CARMEN,EL TRANSITO,EDUCADOR ARTURO ALVEAR RAMOS,2V,XK.CHILE VAMOS RENOVACION NACIONAL - INDEPENDIENTES,304. JAVIERA ANDREA ALVAREZ ALVAREZ,RN,22.0,True
3276,ALTO DEL CARMEN,EL TRANSITO,EDUCADOR ARTURO ALVEAR RAMOS,2V,XK.CHILE VAMOS RENOVACION NACIONAL - INDEPENDIENTES,305. ABEL ARTURO BUSTAMANTE BRAVO,RN,6.0,False
3277,ALTO DEL CARMEN,EL TRANSITO,EDUCADOR ARTURO ALVEAR RAMOS,2V,XK.CHILE VAMOS RENOVACION NACIONAL - INDEPENDIENTES,306. PAOLA MARGARITA CORTES RAMIREZ,RN,1.0,False
3278,ALTO DEL CARMEN,EL TRANSITO,EDUCADOR ARTURO ALVEAR RAMOS,2V,XK.CHILE VAMOS RENOVACION NACIONAL - INDEPENDIENTES,307. SERGIO ENRIQUE GONZALEZ REYES,RN,2.0,False
3279,ALTO DEL CARMEN,EL TRANSITO,EDUCADOR ARTURO ALVEAR RAMOS,2V,XK.CHILE VAMOS RENOVACION NACIONAL - INDEPENDIENTES,308. GUILLERMO ADRIAN VILLEGAS ROJAS,RN,16.0,False
3280,ALTO DEL CARMEN,EL TRANSITO,EDUCADOR ARTURO ALVEAR RAMOS,2V,XS.FRENTE AMPLIO,309. IRENE ALVEAR AZCARATE,IND,14.0,False
3281,ALTO DEL CARMEN,EL TRANSITO,EDUCADOR ARTURO ALVEAR RAMOS,2V,XS.FRENTE AMPLIO,310. RAUL ALFONSO GARROTE GARROTE,IND,13.0,False
3282,ALTO DEL CARMEN,EL TRANSITO,EDUCADOR ARTURO ALVEAR RAMOS,2V,XS.FRENTE AMPLIO,311. BLADIMIR FERNANDO BOLADOS RIVERA,IND,3.0,True
3283,ALTO DEL CARMEN,EL TRANSITO,EDUCADOR ARTURO ALVEAR RAMOS,2V,XS.FRENTE AMPLIO,312. PATRICIA ERIKA ALVAREZ OLAVE,IND,4.0,False
3284,ALTO DEL CARMEN,EL TRANSITO,EDUCADOR ARTURO ALVEAR RAMOS,2V,XS.FRENTE AMPLIO,313. HOMERO DARIO CAMPILLAY IRIARTE,IND,33.0,True
3285,ALTO DEL CARMEN,EL TRANSITO,EDUCADOR ARTURO ALVEAR RAMOS,2V,XS.FRENTE AMPLIO,314. ALEJANDRA RUFINA ARAYA BARAHONA,IND,0.0,False
3286,ALTO DEL CARMEN,EL TRANSITO,EDUCADOR ARTURO ALVEAR RAMOS,2V,XU.UNIDOS POR LA DIGNIDAD,315. MARCIA ALEJANDRA GONZALEZ CORTES,IND,1.0,False
3287,ALTO DEL CARMEN,EL TRANSITO,EDUCADOR ARTURO ALVEAR RAMOS,2V,XU.UNIDOS POR LA DIGNIDAD,316. JHON EDUARD MELENDEZ MORALES,IND,1.0,False
3288,ALTO DEL CARMEN,EL TRANSITO,EDUCADOR ARTURO ALVEAR RAMOS,2V,XU.UNIDOS POR LA DIGNIDAD,317. HAYDEE MARGOT CAMPILLAY CORTEZ,IND,1.0,False
3289,ALTO DEL CARMEN,EL TRANSITO,EDUCADOR ARTURO ALVEAR RAMOS,2V,YW.UNIDAD POR EL APRUEBO PS PPD E INDEPENDIENTES,318. JUAN CASTRO ALVAREZ,PS,4.0,False
3290,ALTO DEL CARMEN,EL TRANSITO,EDUCADOR ARTURO ALVEAR RAMOS,2V,YW.UNIDAD POR EL APRUEBO PS PPD E INDEPENDIENTES,319. FABIOLA AROSTICA SANTIBAÑEZ,PS,11.0,False
3291,ALTO DEL CARMEN,EL TRANSITO,EDUCADOR ARTURO ALVEAR RAMOS,2V,YW.UNIDAD POR EL APRUEBO PS PPD E INDEPENDIENTES,320. VERONICA INES ANACONA GARATE,IND,1.0,False
3292,ALTO DEL CARMEN,EL TRANSITO,EDUCADOR ARTURO ALVEAR RAMOS,2V,YW.UNIDAD POR EL APRUEBO PS PPD E INDEPENDIENTES,321. ABRAHAM CLAUDIO GONZALEZ BRICEÑO,IND,1.0,False
3293,ALTO DEL CARMEN,EL TRANSITO,EDUCADOR ARTURO ALVEAR RAMOS,2V,ZJ.CHILE VAMOS UDI - INDEPENDIENTES,322. RODRIGO ALEJANDRO LEYTON ARAYA,UDI,3.0,False
3294,ALTO DEL CARMEN,EL TRANSITO,EDUCADOR ARTURO ALVEAR RAMOS,2V,ZJ.CHILE VAMOS UDI - INDEPENDIENTES,323. LUIS EDUARDO PAREDES RAMIREZ,UDI,4.0,True
3295,ALTO DEL CARMEN,EL TRANSITO,EDUCADOR ARTURO ALVEAR RAMOS,2V,ZJ.CHILE VAMOS UDI - INDEPENDIENTES,324. LUIS LINCOYAN ZULETA GONZALEZ,UDI,4.0,False
3296,ALTO DEL CARMEN,EL TRANSITO,EDUCADOR ARTURO ALVEAR RAMOS,2V,ZJ.CHILE VAMOS UDI - INDEPENDIENTES,325. FRANCISCO ANDRES QUIÑONES FLORES,UDI,4.0,False
3297,ALTO DEL CARMEN,EL TRANSITO,EDUCADOR ARTURO ALVEAR RAMOS,2V,ZJ.CHILE VAMOS UDI - INDEPENDIENTES,326. PEDRO VERNE NUÑEZ BRICEÑO,IND,0.0,False
3298,ALTO DEL CARMEN,EL TRANSITO,EDUCADOR ARTURO ALVEAR RAMOS,2V,ZJ.CHILE VAMOS UDI - INDEPENDIENTES,327. EVELYN DAYAN LEHNER VARGAS,IND,5.0,False
3299,ALTO DEL CARMEN,EL TRANSITO,EDUCADOR ARTURO ALVEAR RAMOS,2V,ZU.RADICALES E INDEPENDIENTES,328. MARITZA ANTONIA PEÑA MORALES,PR,8.0,True
3300,ALTO DEL CARMEN,EL TRANSITO,EDUCADOR ARTURO ALVEAR RAMOS,2V,ZU.RADICALES E INDEPENDIENTES,329. HORACIO ADOLFO CAMPILLAY OLIVARES,IND,11.0,False
3301,ALTO DEL CARMEN,EL TRANSITO,EDUCADOR ARTURO ALVEAR RAMOS,2V,ZU.RADICALES E INDEPENDIENTES,330. PEDRO ALFONSO BOLADOS GARATE,IND,1.0,False
3302,ALTO DEL CARMEN,EL TRANSITO,EDUCADOR ARTURO ALVEAR RAMOS,2V,ZU.RADICALES E INDEPENDIENTES,331. TANIA PAZ PALLAUTA CASTILLO,IND,6.0,False
3303,ALTO DEL CARMEN,EL TRANSITO,EDUCADOR ARTURO ALVEAR RAMOS,2V,ZU.RADICALES E INDEPENDIENTES,332. SILVIA ESTER LAGUES LAGUES,IND,2.0,False
3304,ALTO DEL CARMEN,EL TRANSITO,EDUCADOR ARTURO ALVEAR RAMOS,3V,M.CHILE DIGNO VERDE Y SOBERANO,300. MARIA CRISTINA CARTAJENA CASTILLO,PCCH,1.0,False
3305,ALTO DEL CARMEN,EL TRANSITO,EDUCADOR ARTURO ALVEAR RAMOS,3V,M.CHILE DIGNO VERDE Y SOBERANO,301. SARA DEL ROSARIO ROJAS ROJAS,FREVS,1.0,False
3306,ALTO DEL CARMEN,EL TRANSITO,EDUCADOR ARTURO ALVEAR RAMOS,3V,M.CHILE DIGNO VERDE Y SOBERANO,302. MANUEL ALEJANDRO JOFRE ROJAS,IND,1.0,False
3307,ALTO DEL CARMEN,EL TRANSITO,EDUCADOR ARTURO ALVEAR RAMOS,3V,XK.CHILE VAMOS RENOVACION NACIONAL - INDEPENDIENTES,303. JORGE RODOLFO BORQUEZ OLIVARES,RN,3.0,True
3308,ALTO DEL CARMEN,EL TRANSITO,EDUCADOR ARTURO ALVEAR RAMOS,3V,XK.CHILE VAMOS RENOVACION NACIONAL - INDEPENDIENTES,304. JAVIERA ANDREA ALVAREZ ALVAREZ,RN,28.0,True
3309,ALTO DEL CARMEN,EL TRANSITO,EDUCADOR ARTURO ALVEAR RAMOS,3V,XK.CHILE VAMOS RENOVACION NACIONAL - INDEPENDIENTES,305. ABEL ARTURO BUSTAMANTE BRAVO,RN,6.0,False
3310,ALTO DEL CARMEN,EL TRANSITO,EDUCADOR ARTURO ALVEAR RAMOS,3V,XK.CHILE VAMOS RENOVACION NACIONAL - INDEPENDIENTES,306. PAOLA MARGARITA CORTES RAMIREZ,RN,2.0,False
3311,ALTO DEL CARMEN,EL TRANSITO,EDUCADOR ARTURO ALVEAR RAMOS,3V,XK.CHILE VAMOS RENOVACION NACIONAL - INDEPENDIENTES,307. SERGIO ENRIQUE GONZALEZ REYES,RN,2.0,False
3312,ALTO DEL CARMEN,EL TRANSITO,EDUCADOR ARTURO ALVEAR RAMOS,3V,XK.CHILE VAMOS RENOVACION NACIONAL - INDEPENDIENTES,308. GUILLERMO ADRIAN VILLEGAS ROJAS,RN,20.0,False
3313,ALTO DEL CARMEN,EL TRANSITO,EDUCADOR ARTURO ALVEAR RAMOS,3V,XS.FRENTE AMPLIO,309. IRENE ALVEAR AZCARATE,IND,9.0,False
3314,ALTO DEL CARMEN,EL TRANSITO,EDUCADOR ARTURO ALVEAR RAMOS,3V,XS.FRENTE AMPLIO,310. RAUL ALFONSO GARROTE GARROTE,IND,4.0,False
3315,ALTO DEL CARMEN,EL TRANSITO,EDUCADOR ARTURO ALVEAR RAMOS,3V,XS.FRENTE AMPLIO,311. BLADIMIR FERNANDO BOLADOS RIVERA,IND,2.0,True
3316,ALTO DEL CARMEN,EL TRANSITO,EDUCADOR ARTURO ALVEAR RAMOS,3V,XS.FRENTE AMPLIO,312. PATRICIA ERIKA ALVAREZ OLAVE,IND,5.0,False
3317,ALTO DEL CARMEN,EL TRANSITO,EDUCADOR ARTURO ALVEAR RAMOS,3V,XS.FRENTE AMPLIO,313. HOMERO DARIO CAMPILLAY IRIARTE,IND,24.0,True
3318,ALTO DEL CARMEN,EL TRANSITO,EDUCADOR ARTURO ALVEAR RAMOS,3V,XS.FRENTE AMPLIO,314. ALEJANDRA RUFINA ARAYA BARAHONA,IND,2.0,False
3319,ALTO DEL CARMEN,EL TRANSITO,EDUCADOR ARTURO ALVEAR RAMOS,3V,XU.UNIDOS POR LA DIGNIDAD,315. MARCIA ALEJANDRA GONZALEZ CORTES,IND,11.0,False
3320,ALTO DEL CARMEN,EL TRANSITO,EDUCADOR ARTURO ALVEAR RAMOS,3V,XU.UNIDOS POR LA DIGNIDAD,316. JHON EDUARD MELENDEZ MORALES,IND,4.0,False
3321,ALTO DEL CARMEN,EL TRANSITO,EDUCADOR ARTURO ALVEAR RAMOS,3V,XU.UNIDOS POR LA DIGNIDAD,317. HAYDEE MARGOT CAMPILLAY CORTEZ,IND,1.0,False
3322,ALTO DEL CARMEN,EL TRANSITO,EDUCADOR ARTURO ALVEAR RAMOS,3V,YW.UNIDAD POR EL APRUEBO PS PPD E INDEPENDIENTES,318. JUAN CASTRO ALVAREZ,PS,1.0,False
3323,ALTO DEL CARMEN,EL TRANSITO,EDUCADOR ARTURO ALVEAR RAMOS,3V,YW.UNIDAD POR EL APRUEBO PS PPD E INDEPENDIENTES,319. FABIOLA AROSTICA SANTIBAÑEZ,PS,3.0,False
3324,ALTO DEL CARMEN,EL TRANSITO,EDUCADOR ARTURO ALVEAR RAMOS,3V,YW.UNIDAD POR EL APRUEBO PS PPD E INDEPENDIENTES,320. VERONICA INES ANACONA GARATE,IND,1.0,False
3325,ALTO DEL CARMEN,EL TRANSITO,EDUCADOR ARTURO ALVEAR RAMOS,3V,YW.UNIDAD POR EL APRUEBO PS PPD E INDEPENDIENTES,321. ABRAHAM CLAUDIO GONZALEZ BRICEÑO,IND,1.0,False
3326,ALTO DEL CARMEN,EL TRANSITO,EDUCADOR ARTURO ALVEAR RAMOS,3V,ZJ.CHILE VAMOS UDI - INDEPENDIENTES,322. RODRIGO ALEJANDRO LEYTON ARAYA,UDI,1.0,False
3327,ALTO DEL CARMEN,EL TRANSITO,EDUCADOR ARTURO ALVEAR RAMOS,3V,ZJ.CHILE VAMOS UDI - INDEPENDIENTES,323. LUIS EDUARDO PAREDES RAMIREZ,UDI,2.0,True
3328,ALTO DEL CARMEN,EL TRANSITO,EDUCADOR ARTURO ALVEAR RAMOS,3V,ZJ.CHILE VAMOS UDI - INDEPENDIENTES,324. LUIS LINCOYAN ZULETA GONZALEZ,UDI,0.0,False
3329,ALTO DEL CARMEN,EL TRANSITO,EDUCADOR ARTURO ALVEAR RAMOS,3V,ZJ.CHILE VAMOS UDI - INDEPENDIENTES,325. FRANCISCO ANDRES QUIÑONES FLORES,UDI,2.0,False
3330,ALTO DEL CARMEN,EL TRANSITO,EDUCADOR ARTURO ALVEAR RAMOS,3V,ZJ.CHILE VAMOS UDI - INDEPENDIENTES,326. PEDRO VERNE NUÑEZ BRICEÑO,IND,0.0,False
3331,ALTO DEL CARMEN,EL TRANSITO,EDUCADOR ARTURO ALVEAR RAMOS,3V,ZJ.CHILE VAMOS UDI - INDEPENDIENTES,327. EVELYN DAYAN LEHNER VARGAS,IND,4.0,False
3332,ALTO DEL CARMEN,EL TRANSITO,EDUCADOR ARTURO ALVEAR RAMOS,3V,ZU.RADICALES E INDEPENDIENTES,328. MARITZA ANTONIA PEÑA MORALES,PR,3.0,True
3333,ALTO DEL CARMEN,EL TRANSITO,EDUCADOR ARTURO ALVEAR RAMOS,3V,ZU.RADICALES E INDEPENDIENTES,329. HORACIO ADOLFO CAMPILLAY OLIVARES,IND,10.0,False
3334,ALTO DEL CARMEN,EL TRANSITO,EDUCADOR ARTURO ALVEAR RAMOS,3V,ZU.RADICALES E INDEPENDIENTES,330. PEDRO ALFONSO BOLADOS GARATE,IND,2.0,False
3335,ALTO DEL CARMEN,EL TRANSITO,EDUCADOR ARTURO ALVEAR RAMOS,3V,ZU.RADICALES E INDEPENDIENTES,331. TANIA PAZ PALLAUTA CASTILLO,IND,5.0,False
3336,ALTO DEL CARMEN,EL TRANSITO,EDUCADOR ARTURO ALVEAR RAMOS,3V,ZU.RADICALES E INDEPENDIENTES,332. SILVIA ESTER LAGUES LAGUES,IND,2.0,False
3337,ALTO DEL CARMEN,EL TRANSITO,EDUCADOR ARTURO ALVEAR RAMOS,4V,M.CHILE DIGNO VERDE Y SOBERANO,300. MARIA CRISTINA CARTAJENA CASTILLO,PCCH,2.0,False
3338,ALTO DEL CARMEN,EL TRANSITO,EDUCADOR ARTURO ALVEAR RAMOS,4V,M.CHILE DIGNO VERDE Y SOBERANO,301. SARA DEL ROSARIO ROJAS ROJAS,FREVS,3.0,False
3339,ALTO DEL CARMEN,EL TRANSITO,EDUCADOR ARTURO ALVEAR RAMOS,4V,M.CHILE DIGNO VERDE Y SOBERANO,302. MANUEL ALEJANDRO JOFRE ROJAS,IND,1.0,False
3340,ALTO DEL CARMEN,EL TRANSITO,EDUCADOR ARTURO ALVEAR RAMOS,4V,XK.CHILE VAMOS RENOVACION NACIONAL - INDEPENDIENTES,303. JORGE RODOLFO BORQUEZ OLIVARES,RN,3.0,True
3341,ALTO DEL CARMEN,EL TRANSITO,EDUCADOR ARTURO ALVEAR RAMOS,4V,XK.CHILE VAMOS RENOVACION NACIONAL - INDEPENDIENTES,304. JAVIERA ANDREA ALVAREZ ALVAREZ,RN,20.0,True
3342,ALTO DEL CARMEN,EL TRANSITO,EDUCADOR ARTURO ALVEAR RAMOS,4V,XK.CHILE VAMOS RENOVACION NACIONAL - INDEPENDIENTES,305. ABEL ARTURO BUSTAMANTE BRAVO,RN,1.0,False
3343,ALTO DEL CARMEN,EL TRANSITO,EDUCADOR ARTURO ALVEAR RAMOS,4V,XK.CHILE VAMOS RENOVACION NACIONAL - INDEPENDIENTES,306. PAOLA MARGARITA CORTES RAMIREZ,RN,3.0,False
3344,ALTO DEL CARMEN,EL TRANSITO,EDUCADOR ARTURO ALVEAR RAMOS,4V,XK.CHILE VAMOS RENOVACION NACIONAL - INDEPENDIENTES,307. SERGIO ENRIQUE GONZALEZ REYES,RN,6.0,False
3345,ALTO DEL CARMEN,EL TRANSITO,EDUCADOR ARTURO ALVEAR RAMOS,4V,XK.CHILE VAMOS RENOVACION NACIONAL - INDEPENDIENTES,308. GUILLERMO ADRIAN VILLEGAS ROJAS,RN,14.0,False
3346,ALTO DEL CARMEN,EL TRANSITO,EDUCADOR ARTURO ALVEAR RAMOS,4V,XS.FRENTE AMPLIO,309. IRENE ALVEAR AZCARATE,IND,12.0,False
3347,ALTO DEL CARMEN,EL TRANSITO,EDUCADOR ARTURO ALVEAR RAMOS,4V,XS.FRENTE AMPLIO,310. RAUL ALFONSO GARROTE GARROTE,IND,8.0,False
3348,ALTO DEL CARMEN,EL TRANSITO,EDUCADOR ARTURO ALVEAR RAMOS,4V,XS.FRENTE AMPLIO,311. BLADIMIR FERNANDO BOLADOS RIVERA,IND,3.0,True
3349,ALTO DEL CARMEN,EL TRANSITO,EDUCADOR ARTURO ALVEAR RAMOS,4V,XS.FRENTE AMPLIO,312. PATRICIA ERIKA ALVAREZ OLAVE,IND,2.0,False
3350,ALTO DEL CARMEN,EL TRANSITO,EDUCADOR ARTURO ALVEAR RAMOS,4V,XS.FRENTE AMPLIO,313. HOMERO DARIO CAMPILLAY IRIARTE,IND,36.0,True
3351,ALTO DEL CARMEN,EL TRANSITO,EDUCADOR ARTURO ALVEAR RAMOS,4V,XS.FRENTE AMPLIO,314. ALEJANDRA RUFINA ARAYA BARAHONA,IND,3.0,False
3352,ALTO DEL CARMEN,EL TRANSITO,EDUCADOR ARTURO ALVEAR RAMOS,4V,XU.UNIDOS POR LA DIGNIDAD,315. MARCIA ALEJANDRA GONZALEZ CORTES,IND,8.0,False
3353,ALTO DEL CARMEN,EL TRANSITO,EDUCADOR ARTURO ALVEAR RAMOS,4V,XU.UNIDOS POR LA DIGNIDAD,316. JHON EDUARD MELENDEZ MORALES,IND,3.0,False
3354,ALTO DEL CARMEN,EL TRANSITO,EDUCADOR ARTURO ALVEAR RAMOS,4V,XU.UNIDOS POR LA DIGNIDAD,317. HAYDEE MARGOT CAMPILLAY CORTEZ,IND,0.0,False
3355,ALTO DEL CARMEN,EL TRANSITO,EDUCADOR ARTURO ALVEAR RAMOS,4V,YW.UNIDAD POR EL APRUEBO PS PPD E INDEPENDIENTES,318. JUAN CASTRO ALVAREZ,PS,5.0,False
3356,ALTO DEL CARMEN,EL TRANSITO,EDUCADOR ARTURO ALVEAR RAMOS,4V,YW.UNIDAD POR EL APRUEBO PS PPD E INDEPENDIENTES,319. FABIOLA AROSTICA SANTIBAÑEZ,PS,5.0,False
3357,ALTO DEL CARMEN,EL TRANSITO,EDUCADOR ARTURO ALVEAR RAMOS,4V,YW.UNIDAD POR EL APRUEBO PS PPD E INDEPENDIENTES,320. VERONICA INES ANACONA GARATE,IND,3.0,False
3358,ALTO DEL CARMEN,EL TRANSITO,EDUCADOR ARTURO ALVEAR RAMOS,4V,YW.UNIDAD POR EL APRUEBO PS PPD E INDEPENDIENTES,321. ABRAHAM CLAUDIO GONZALEZ BRICEÑO,IND,0.0,False
3359,ALTO DEL CARMEN,EL TRANSITO,EDUCADOR ARTURO ALVEAR RAMOS,4V,ZJ.CHILE VAMOS UDI - INDEPENDIENTES,322. RODRIGO ALEJANDRO LEYTON ARAYA,UDI,1.0,False
3360,ALTO DEL CARMEN,EL TRANSITO,EDUCADOR ARTURO ALVEAR RAMOS,4V,ZJ.CHILE VAMOS UDI - INDEPENDIENTES,323. LUIS EDUARDO PAREDES RAMIREZ,UDI,2.0,True
3361,ALTO DEL CARMEN,EL TRANSITO,EDUCADOR ARTURO ALVEAR RAMOS,4V,ZJ.CHILE VAMOS UDI - INDEPENDIENTES,324. LUIS LINCOYAN ZULETA GONZALEZ,UDI,3.0,False
3362,ALTO DEL CARMEN,EL TRANSITO,EDUCADOR ARTURO ALVEAR RAMOS,4V,ZJ.CHILE VAMOS UDI - INDEPENDIENTES,325. FRANCISCO ANDRES QUIÑONES FLORES,UDI,0.0,False
3363,ALTO DEL CARMEN,EL TRANSITO,EDUCADOR ARTURO ALVEAR RAMOS,4V,ZJ.CHILE VAMOS UDI - INDEPENDIENTES,326. PEDRO VERNE NUÑEZ BRICEÑO,IND,0.0,False
3364,ALTO DEL CARMEN,EL TRANSITO,EDUCADOR ARTURO ALVEAR RAMOS,4V,ZJ.CHILE VAMOS UDI - INDEPENDIENTES,327. EVELYN DAYAN LEHNER VARGAS,IND,0.0,False
3365,ALTO DEL CARMEN,EL TRANSITO,EDUCADOR ARTURO ALVEAR RAMOS,4V,ZU.RADICALES E INDEPENDIENTES,328. MARITZA ANTONIA PEÑA MORALES,PR,9.0,True
3366,ALTO DEL CARMEN,EL TRANSITO,EDUCADOR ARTURO ALVEAR RAMOS,4V,ZU.RADICALES E INDEPENDIENTES,329. HORACIO ADOLFO CAMPILLAY OLIVARES,IND,10.0,False
3367,ALTO DEL CARMEN,EL TRANSITO,EDUCADOR ARTURO ALVEAR RAMOS,4V,ZU.RADICALES E INDEPENDIENTES,330. PEDRO ALFONSO BOLADOS GARATE,IND,4.0,False
3368,ALTO DEL CARMEN,EL TRANSITO,EDUCADOR ARTURO ALVEAR RAMOS,4V,ZU.RADICALES E INDEPENDIENTES,331. TANIA PAZ PALLAUTA CASTILLO,IND,7.0,False
3369,ALTO DEL CARMEN,EL TRANSITO,EDUCADOR ARTURO ALVEAR RAMOS,4V,ZU.RADICALES E INDEPENDIENTES,332. SILVIA ESTER LAGUES LAGUES,IND,2.0,False
3370,ALTO DEL CARMEN,EL TRANSITO,EDUCADOR ARTURO ALVEAR RAMOS,5V,M.CHILE DIGNO VERDE Y SOBERANO,300. MARIA CRISTINA CARTAJENA CASTILLO,PCCH,2.0,False
3371,ALTO DEL CARMEN,EL TRANSITO,EDUCADOR ARTURO ALVEAR RAMOS,5V,M.CHILE DIGNO VERDE Y SOBERANO,301. SARA DEL ROSARIO ROJAS ROJAS,FREVS,1.0,False
3372,ALTO DEL CARMEN,EL TRANSITO,EDUCADOR ARTURO ALVEAR RAMOS,5V,M.CHILE DIGNO VERDE Y SOBERANO,302. MANUEL ALEJANDRO JOFRE ROJAS,IND,0.0,False
3373,ALTO DEL CARMEN,EL TRANSITO,EDUCADOR ARTURO ALVEAR RAMOS,5V,XK.CHILE VAMOS RENOVACION NACIONAL - INDEPENDIENTES,303. JORGE RODOLFO BORQUEZ OLIVARES,RN,1.0,True
3374,ALTO DEL CARMEN,EL TRANSITO,EDUCADOR ARTURO ALVEAR RAMOS,5V,XK.CHILE VAMOS RENOVACION NACIONAL - INDEPENDIENTES,304. JAVIERA ANDREA ALVAREZ ALVAREZ,RN,16.0,True
3375,ALTO DEL CARMEN,EL TRANSITO,EDUCADOR ARTURO ALVEAR RAMOS,5V,XK.CHILE VAMOS RENOVACION NACIONAL - INDEPENDIENTES,305. ABEL ARTURO BUSTAMANTE BRAVO,RN,7.0,False
3376,ALTO DEL CARMEN,EL TRANSITO,EDUCADOR ARTURO ALVEAR RAMOS,5V,XK.CHILE VAMOS RENOVACION NACIONAL - INDEPENDIENTES,306. PAOLA MARGARITA CORTES RAMIREZ,RN,3.0,False
3377,ALTO DEL CARMEN,EL TRANSITO,EDUCADOR ARTURO ALVEAR RAMOS,5V,XK.CHILE VAMOS RENOVACION NACIONAL - INDEPENDIENTES,307. SERGIO ENRIQUE GONZALEZ REYES,RN,3.0,False
3378,ALTO DEL CARMEN,EL TRANSITO,EDUCADOR ARTURO ALVEAR RAMOS,5V,XK.CHILE VAMOS RENOVACION NACIONAL - INDEPENDIENTES,308. GUILLERMO ADRIAN VILLEGAS ROJAS,RN,4.0,False
3379,ALTO DEL CARMEN,EL TRANSITO,EDUCADOR ARTURO ALVEAR RAMOS,5V,XS.FRENTE AMPLIO,309. IRENE ALVEAR AZCARATE,IND,2.0,False
3380,ALTO DEL CARMEN,EL TRANSITO,EDUCADOR ARTURO ALVEAR RAMOS,5V,XS.FRENTE AMPLIO,310. RAUL ALFONSO GARROTE GARROTE,IND,6.0,False
3381,ALTO DEL CARMEN,EL TRANSITO,EDUCADOR ARTURO ALVEAR RAMOS,5V,XS.FRENTE AMPLIO,311. BLADIMIR FERNANDO BOLADOS RIVERA,IND,5.0,True
3382,ALTO DEL CARMEN,EL TRANSITO,EDUCADOR ARTURO ALVEAR RAMOS,5V,XS.FRENTE AMPLIO,312. PATRICIA ERIKA ALVAREZ OLAVE,IND,2.0,False
3383,ALTO DEL CARMEN,EL TRANSITO,EDUCADOR ARTURO ALVEAR RAMOS,5V,XS.FRENTE AMPLIO,313. HOMERO DARIO CAMPILLAY IRIARTE,IND,17.0,True
3384,ALTO DEL CARMEN,EL TRANSITO,EDUCADOR ARTURO ALVEAR RAMOS,5V,XS.FRENTE AMPLIO,314. ALEJANDRA RUFINA ARAYA BARAHONA,IND,1.0,False
3385,ALTO DEL CARMEN,EL TRANSITO,EDUCADOR ARTURO ALVEAR RAMOS,5V,XU.UNIDOS POR LA DIGNIDAD,315. MARCIA ALEJANDRA GONZALEZ CORTES,IND,7.0,False
3386,ALTO DEL CARMEN,EL TRANSITO,EDUCADOR ARTURO ALVEAR RAMOS,5V,XU.UNIDOS POR LA DIGNIDAD,316. JHON EDUARD MELENDEZ MORALES,IND,1.0,False
3387,ALTO DEL CARMEN,EL TRANSITO,EDUCADOR ARTURO ALVEAR RAMOS,5V,XU.UNIDOS POR LA DIGNIDAD,317. HAYDEE MARGOT CAMPILLAY CORTEZ,IND,1.0,False
3388,ALTO DEL CARMEN,EL TRANSITO,EDUCADOR ARTURO ALVEAR RAMOS,5V,YW.UNIDAD POR EL APRUEBO PS PPD E INDEPENDIENTES,318. JUAN CASTRO ALVAREZ,PS,2.0,False
3389,ALTO DEL CARMEN,EL TRANSITO,EDUCADOR ARTURO ALVEAR RAMOS,5V,YW.UNIDAD POR EL APRUEBO PS PPD E INDEPENDIENTES,319. FABIOLA AROSTICA SANTIBAÑEZ,PS,2.0,False
3390,ALTO DEL CARMEN,EL TRANSITO,EDUCADOR ARTURO ALVEAR RAMOS,5V,YW.UNIDAD POR EL APRUEBO PS PPD E INDEPENDIENTES,320. VERONICA INES ANACONA GARATE,IND,3.0,False
3391,ALTO DEL CARMEN,EL TRANSITO,EDUCADOR ARTURO ALVEAR RAMOS,5V,YW.UNIDAD POR EL APRUEBO PS PPD E INDEPENDIENTES,321. ABRAHAM CLAUDIO GONZALEZ BRICEÑO,IND,0.0,False
3392,ALTO DEL CARMEN,EL TRANSITO,EDUCADOR ARTURO ALVEAR RAMOS,5V,ZJ.CHILE VAMOS UDI - INDEPENDIENTES,322. RODRIGO ALEJANDRO LEYTON ARAYA,UDI,4.0,False
3393,ALTO DEL CARMEN,EL TRANSITO,EDUCADOR ARTURO ALVEAR RAMOS,5V,ZJ.CHILE VAMOS UDI - INDEPENDIENTES,323. LUIS EDUARDO PAREDES RAMIREZ,UDI,2.0,True
3394,ALTO DEL CARMEN,EL TRANSITO,EDUCADOR ARTURO ALVEAR RAMOS,5V,ZJ.CHILE VAMOS UDI - INDEPENDIENTES,324. LUIS LINCOYAN ZULETA GONZALEZ,UDI,0.0,False
3395,ALTO DEL CARMEN,EL TRANSITO,EDUCADOR ARTURO ALVEAR RAMOS,5V,ZJ.CHILE VAMOS UDI - INDEPENDIENTES,325. FRANCISCO ANDRES QUIÑONES FLORES,UDI,1.0,False
3396,ALTO DEL CARMEN,EL TRANSITO,EDUCADOR ARTURO ALVEAR RAMOS,5V,ZJ.CHILE VAMOS UDI - INDEPENDIENTES,326. PEDRO VERNE NUÑEZ BRICEÑO,IND,0.0,False
3397,ALTO DEL CARMEN,EL TRANSITO,EDUCADOR ARTURO ALVEAR RAMOS,5V,ZJ.CHILE VAMOS UDI - INDEPENDIENTES,327. EVELYN DAYAN LEHNER VARGAS,IND,6.0,False
3398,ALTO DEL CARMEN,EL TRANSITO,EDUCADOR ARTURO ALVEAR RAMOS,5V,ZU.RADICALES E INDEPENDIENTES,328. MARITZA ANTONIA PEÑA MORALES,PR,3.0,True
3399,ALTO DEL CARMEN,EL TRANSITO,EDUCADOR ARTURO ALVEAR RAMOS,5V,ZU.RADICALES E INDEPENDIENTES,329. HORACIO ADOLFO CAMPILLAY OLIVARES,IND,8.0,False
3400,ALTO DEL CARMEN,EL TRANSITO,EDUCADOR ARTURO ALVEAR RAMOS,5V,ZU.RADICALES E INDEPENDIENTES,330. PEDRO ALFONSO BOLADOS GARATE,IND,3.0,False
3401,ALTO DEL CARMEN,EL TRANSITO,EDUCADOR ARTURO ALVEAR RAMOS,5V,ZU.RADICALES E INDEPENDIENTES,331. TANIA PAZ PALLAUTA CASTILLO,IND,2.0,False
3402,ALTO DEL CARMEN,EL TRANSITO,EDUCADOR ARTURO ALVEAR RAMOS,5V,ZU.RADICALES E INDEPENDIENTES,332. SILVIA ESTER LAGUES LAGUES,IND,0.0,False
3403,ALTO DEL CARMEN,EL TRANSITO,EDUCADOR ARTURO ALVEAR RAMOS,6,M.CHILE DIGNO VERDE Y SOBERANO,300. MARIA CRISTINA CARTAJENA CASTILLO,PCCH,0.0,False
3404,ALTO DEL CARMEN,EL TRANSITO,EDUCADOR ARTURO ALVEAR RAMOS,6,M.CHILE DIGNO VERDE Y SOBERANO,301. SARA DEL ROSARIO ROJAS ROJAS,FREVS,0.0,False
3405,ALTO DEL CARMEN,EL TRANSITO,EDUCADOR ARTURO ALVEAR RAMOS,6,M.CHILE DIGNO VERDE Y SOBERANO,302. MANUEL ALEJANDRO JOFRE ROJAS,IND,0.0,False
3406,ALTO DEL CARMEN,EL TRANSITO,EDUCADOR ARTURO ALVEAR RAMOS,6,XK.CHILE VAMOS RENOVACION NACIONAL - INDEPENDIENTES,303. JORGE RODOLFO BORQUEZ OLIVARES,RN,1.0,True
3407,ALTO DEL CARMEN,EL TRANSITO,EDUCADOR ARTURO ALVEAR RAMOS,6,XK.CHILE VAMOS RENOVACION NACIONAL - INDEPENDIENTES,304. JAVIERA ANDREA ALVAREZ ALVAREZ,RN,14.0,True
3408,ALTO DEL CARMEN,EL TRANSITO,EDUCADOR ARTURO ALVEAR RAMOS,6,XK.CHILE VAMOS RENOVACION NACIONAL - INDEPENDIENTES,305. ABEL ARTURO BUSTAMANTE BRAVO,RN,2.0,False
3409,ALTO DEL CARMEN,EL TRANSITO,EDUCADOR ARTURO ALVEAR RAMOS,6,XK.CHILE VAMOS RENOVACION NACIONAL - INDEPENDIENTES,306. PAOLA MARGARITA CORTES RAMIREZ,RN,1.0,False
3410,ALTO DEL CARMEN,EL TRANSITO,EDUCADOR ARTURO ALVEAR RAMOS,6,XK.CHILE VAMOS RENOVACION NACIONAL - INDEPENDIENTES,307. SERGIO ENRIQUE GONZALEZ REYES,RN,1.0,False
3411,ALTO DEL CARMEN,EL TRANSITO,EDUCADOR ARTURO ALVEAR RAMOS,6,XK.CHILE VAMOS RENOVACION NACIONAL - INDEPENDIENTES,308. GUILLERMO ADRIAN VILLEGAS ROJAS,RN,6.0,False
3412,ALTO DEL CARMEN,EL TRANSITO,EDUCADOR ARTURO ALVEAR RAMOS,6,XS.FRENTE AMPLIO,309. IRENE ALVEAR AZCARATE,IND,4.0,False
3413,ALTO DEL CARMEN,EL TRANSITO,EDUCADOR ARTURO ALVEAR RAMOS,6,XS.FRENTE AMPLIO,310. RAUL ALFONSO GARROTE GARROTE,IND,2.0,False
3414,ALTO DEL CARMEN,EL TRANSITO,EDUCADOR ARTURO ALVEAR RAMOS,6,XS.FRENTE AMPLIO,311. BLADIMIR FERNANDO BOLADOS RIVERA,IND,2.0,True
3415,ALTO DEL CARMEN,EL TRANSITO,EDUCADOR ARTURO ALVEAR RAMOS,6,XS.FRENTE AMPLIO,312. PATRICIA ERIKA ALVAREZ OLAVE,IND,2.0,False
3416,ALTO DEL CARMEN,EL TRANSITO,EDUCADOR ARTURO ALVEAR RAMOS,6,XS.FRENTE AMPLIO,313. HOMERO DARIO CAMPILLAY IRIARTE,IND,13.0,True
3417,ALTO DEL CARMEN,EL TRANSITO,EDUCADOR ARTURO ALVEAR RAMOS,6,XS.FRENTE AMPLIO,314. ALEJANDRA RUFINA ARAYA BARAHONA,IND,0.0,False
3418,ALTO DEL CARMEN,EL TRANSITO,EDUCADOR ARTURO ALVEAR RAMOS,6,XU.UNIDOS POR LA DIGNIDAD,315. MARCIA ALEJANDRA GONZALEZ CORTES,IND,2.0,False
3419,ALTO DEL CARMEN,EL TRANSITO,EDUCADOR ARTURO ALVEAR RAMOS,6,XU.UNIDOS POR LA DIGNIDAD,316. JHON EDUARD MELENDEZ MORALES,IND,0.0,False
3420,ALTO DEL CARMEN,EL TRANSITO,EDUCADOR ARTURO ALVEAR RAMOS,6,XU.UNIDOS POR LA DIGNIDAD,317. HAYDEE MARGOT CAMPILLAY CORTEZ,IND,1.0,False
3421,ALTO DEL CARMEN,EL TRANSITO,EDUCADOR ARTURO ALVEAR RAMOS,6,YW.UNIDAD POR EL APRUEBO PS PPD E INDEPENDIENTES,318. JUAN CASTRO ALVAREZ,PS,1.0,False
3422,ALTO DEL CARMEN,EL TRANSITO,EDUCADOR ARTURO ALVEAR RAMOS,6,YW.UNIDAD POR EL APRUEBO PS PPD E INDEPENDIENTES,319. FABIOLA AROSTICA SANTIBAÑEZ,PS,1.0,False
3423,ALTO DEL CARMEN,EL TRANSITO,EDUCADOR ARTURO ALVEAR RAMOS,6,YW.UNIDAD POR EL APRUEBO PS PPD E INDEPENDIENTES,320. VERONICA INES ANACONA GARATE,IND,2.0,False
3424,ALTO DEL CARMEN,EL TRANSITO,EDUCADOR ARTURO ALVEAR RAMOS,6,YW.UNIDAD POR EL APRUEBO PS PPD E INDEPENDIENTES,321. ABRAHAM CLAUDIO GONZALEZ BRICEÑO,IND,0.0,False
3425,ALTO DEL CARMEN,EL TRANSITO,EDUCADOR ARTURO ALVEAR RAMOS,6,ZJ.CHILE VAMOS UDI - INDEPENDIENTES,322. RODRIGO ALEJANDRO LEYTON ARAYA,UDI,2.0,False
3426,ALTO DEL CARMEN,EL TRANSITO,EDUCADOR ARTURO ALVEAR RAMOS,6,ZJ.CHILE VAMOS UDI - INDEPENDIENTES,323. LUIS EDUARDO PAREDES RAMIREZ,UDI,0.0,True
3427,ALTO DEL CARMEN,EL TRANSITO,EDUCADOR ARTURO ALVEAR RAMOS,6,ZJ.CHILE VAMOS UDI - INDEPENDIENTES,324. LUIS LINCOYAN ZULETA GONZALEZ,UDI,0.0,False
3428,ALTO DEL CARMEN,EL TRANSITO,EDUCADOR ARTURO ALVEAR RAMOS,6,ZJ.CHILE VAMOS UDI - INDEPENDIENTES,325. FRANCISCO ANDRES QUIÑONES FLORES,UDI,2.0,False
3429,ALTO DEL CARMEN,EL TRANSITO,EDUCADOR ARTURO ALVEAR RAMOS,6,ZJ.CHILE VAMOS UDI - INDEPENDIENTES,326. PEDRO VERNE NUÑEZ BRICEÑO,IND,0.0,False
3430,ALTO DEL CARMEN,EL TRANSITO,EDUCADOR ARTURO ALVEAR RAMOS,6,ZJ.CHILE VAMOS UDI - INDEPENDIENTES,327. EVELYN DAYAN LEHNER VARGAS,IND,2.0,False
3431,ALTO DEL CARMEN,EL TRANSITO,EDUCADOR ARTURO ALVEAR RAMOS,6,ZU.RADICALES E INDEPENDIENTES,328. MARITZA ANTONIA PEÑA MORALES,PR,2.0,True
3432,ALTO DEL CARMEN,EL TRANSITO,EDUCADOR ARTURO ALVEAR RAMOS,6,ZU.RADICALES E INDEPENDIENTES,329. HORACIO ADOLFO CAMPILLAY OLIVARES,IND,1.0,False
3433,ALTO DEL CARMEN,EL TRANSITO,EDUCADOR ARTURO ALVEAR RAMOS,6,ZU.RADICALES E INDEPENDIENTES,330. PEDRO ALFONSO BOLADOS GARATE,IND,2.0,False
3434,ALTO DEL CARMEN,EL TRANSITO,EDUCADOR ARTURO ALVEAR RAMOS,6,ZU.RADICALES E INDEPENDIENTES,331. TANIA PAZ PALLAUTA CASTILLO,IND,1.0,False
3435,ALTO DEL CARMEN,EL TRANSITO,EDUCADOR ARTURO ALVEAR RAMOS,6,ZU.RADICALES E INDEPENDIENTES,332. SILVIA ESTER LAGUES LAGUES,IND,1.0,False
3436,ALTO DEL CARMEN,SAN FELIX,ESCUELA FRONTERIZA,1M,M.CHILE DIGNO VERDE Y SOBERANO,300. MARIA CRISTINA CARTAJENA CASTILLO,PCCH,1.0,False
3437,ALTO DEL CARMEN,SAN FELIX,ESCUELA FRONTERIZA,1M,M.CHILE DIGNO VERDE Y SOBERANO,301. SARA DEL ROSARIO ROJAS ROJAS,FREVS,0.0,False
3438,ALTO DEL CARMEN,SAN FELIX,ESCUELA FRONTERIZA,1M,M.CHILE DIGNO VERDE Y SOBERANO,302. MANUEL ALEJANDRO JOFRE ROJAS,IND,0.0,False
3439,ALTO DEL CARMEN,SAN FELIX,ESCUELA FRONTERIZA,1M,XK.CHILE VAMOS RENOVACION NACIONAL - INDEPENDIENTES,303. JORGE RODOLFO BORQUEZ OLIVARES,RN,65.0,True
3440,ALTO DEL CARMEN,SAN FELIX,ESCUELA FRONTERIZA,1M,XK.CHILE VAMOS RENOVACION NACIONAL - INDEPENDIENTES,304. JAVIERA ANDREA ALVAREZ ALVAREZ,RN,3.0,True
3441,ALTO DEL CARMEN,SAN FELIX,ESCUELA FRONTERIZA,1M,XK.CHILE VAMOS RENOVACION NACIONAL - INDEPENDIENTES,305. ABEL ARTURO BUSTAMANTE BRAVO,RN,8.0,False
3442,ALTO DEL CARMEN,SAN FELIX,ESCUELA FRONTERIZA,1M,XK.CHILE VAMOS RENOVACION NACIONAL - INDEPENDIENTES,306. PAOLA MARGARITA CORTES RAMIREZ,RN,3.0,False
3443,ALTO DEL CARMEN,SAN FELIX,ESCUELA FRONTERIZA,1M,XK.CHILE VAMOS RENOVACION NACIONAL - INDEPENDIENTES,307. SERGIO ENRIQUE GONZALEZ REYES,RN,0.0,False
3444,ALTO DEL CARMEN,SAN FELIX,ESCUELA FRONTERIZA,1M,XK.CHILE VAMOS RENOVACION NACIONAL - INDEPENDIENTES,308. GUILLERMO ADRIAN VILLEGAS ROJAS,RN,1.0,False
3445,ALTO DEL CARMEN,SAN FELIX,ESCUELA FRONTERIZA,1M,XS.FRENTE AMPLIO,309. IRENE ALVEAR AZCARATE,IND,2.0,False
3446,ALTO DEL CARMEN,SAN FELIX,ESCUELA FRONTERIZA,1M,XS.FRENTE AMPLIO,310. RAUL ALFONSO GARROTE GARROTE,IND,8.0,False
3447,ALTO DEL CARMEN,SAN FELIX,ESCUELA FRONTERIZA,1M,XS.FRENTE AMPLIO,311. BLADIMIR FERNANDO BOLADOS RIVERA,IND,31.0,True
3448,ALTO DEL CARMEN,SAN FELIX,ESCUELA FRONTERIZA,1M,XS.FRENTE AMPLIO,312. PATRICIA ERIKA ALVAREZ OLAVE,IND,1.0,False
3449,ALTO DEL CARMEN,SAN FELIX,ESCUELA FRONTERIZA,1M,XS.FRENTE AMPLIO,313. HOMERO DARIO CAMPILLAY IRIARTE,IND,0.0,True
3450,ALTO DEL CARMEN,SAN FELIX,ESCUELA FRONTERIZA,1M,XS.FRENTE AMPLIO,314. ALEJANDRA RUFINA ARAYA BARAHONA,IND,0.0,False
3451,ALTO DEL CARMEN,SAN FELIX,ESCUELA FRONTERIZA,1M,XU.UNIDOS POR LA DIGNIDAD,315. MARCIA ALEJANDRA GONZALEZ CORTES,IND,3.0,False
3452,ALTO DEL CARMEN,SAN FELIX,ESCUELA FRONTERIZA,1M,XU.UNIDOS POR LA DIGNIDAD,316. JHON EDUARD MELENDEZ MORALES,IND,1.0,False
3453,ALTO DEL CARMEN,SAN FELIX,ESCUELA FRONTERIZA,1M,XU.UNIDOS POR LA DIGNIDAD,317. HAYDEE MARGOT CAMPILLAY CORTEZ,IND,0.0,False
3454,ALTO DEL CARMEN,SAN FELIX,ESCUELA FRONTERIZA,1M,YW.UNIDAD POR EL APRUEBO PS PPD E INDEPENDIENTES,318. JUAN CASTRO ALVAREZ,PS,19.0,False
3455,ALTO DEL CARMEN,SAN FELIX,ESCUELA FRONTERIZA,1M,YW.UNIDAD POR EL APRUEBO PS PPD E INDEPENDIENTES,319. FABIOLA AROSTICA SANTIBAÑEZ,PS,1.0,False
3456,ALTO DEL CARMEN,SAN FELIX,ESCUELA FRONTERIZA,1M,YW.UNIDAD POR EL APRUEBO PS PPD E INDEPENDIENTES,320. VERONICA INES ANACONA GARATE,IND,1.0,False
3457,ALTO DEL CARMEN,SAN FELIX,ESCUELA FRONTERIZA,1M,YW.UNIDAD POR EL APRUEBO PS PPD E INDEPENDIENTES,321. ABRAHAM CLAUDIO GONZALEZ BRICEÑO,IND,0.0,False
3458,ALTO DEL CARMEN,SAN FELIX,ESCUELA FRONTERIZA,1M,ZJ.CHILE VAMOS UDI - INDEPENDIENTES,322. RODRIGO ALEJANDRO LEYTON ARAYA,UDI,0.0,False
3459,ALTO DEL CARMEN,SAN FELIX,ESCUELA FRONTERIZA,1M,ZJ.CHILE VAMOS UDI - INDEPENDIENTES,323. LUIS EDUARDO PAREDES RAMIREZ,UDI,34.0,True
3460,ALTO DEL CARMEN,SAN FELIX,ESCUELA FRONTERIZA,1M,ZJ.CHILE VAMOS UDI - INDEPENDIENTES,324. LUIS LINCOYAN ZULETA GONZALEZ,UDI,0.0,False
3461,ALTO DEL CARMEN,SAN FELIX,ESCUELA FRONTERIZA,1M,ZJ.CHILE VAMOS UDI - INDEPENDIENTES,325. FRANCISCO ANDRES QUIÑONES FLORES,UDI,5.0,False
3462,ALTO DEL CARMEN,SAN FELIX,ESCUELA FRONTERIZA,1M,ZJ.CHILE VAMOS UDI - INDEPENDIENTES,326. PEDRO VERNE NUÑEZ BRICEÑO,IND,0.0,False
3463,ALTO DEL CARMEN,SAN FELIX,ESCUELA FRONTERIZA,1M,ZJ.CHILE VAMOS UDI - INDEPENDIENTES,327. EVELYN DAYAN LEHNER VARGAS,IND,20.0,False
3464,ALTO DEL CARMEN,SAN FELIX,ESCUELA FRONTERIZA,1M,ZU.RADICALES E INDEPENDIENTES,328. MARITZA ANTONIA PEÑA MORALES,PR,6.0,True
3465,ALTO DEL CARMEN,SAN FELIX,ESCUELA FRONTERIZA,1M,ZU.RADICALES E INDEPENDIENTES,329. HORACIO ADOLFO CAMPILLAY OLIVARES,IND,0.0,False
3466,ALTO DEL CARMEN,SAN FELIX,ESCUELA FRONTERIZA,1M,ZU.RADICALES E INDEPENDIENTES,330. PEDRO ALFONSO BOLADOS GARATE,IND,3.0,False
3467,ALTO DEL CARMEN,SAN FELIX,ESCUELA FRONTERIZA,1M,ZU.RADICALES E INDEPENDIENTES,331. TANIA PAZ PALLAUTA CASTILLO,IND,0.0,False
3468,ALTO DEL CARMEN,SAN FELIX,ESCUELA FRONTERIZA,1M,ZU.RADICALES E INDEPENDIENTES,332. SILVIA ESTER LAGUES LAGUES,IND,18.0,False
3469,ALTO DEL CARMEN,SAN FELIX,ESCUELA FRONTERIZA,1V,M.CHILE DIGNO VERDE Y SOBERANO,300. MARIA CRISTINA CARTAJENA CASTILLO,PCCH,0.0,False
3470,ALTO DEL CARMEN,SAN FELIX,ESCUELA FRONTERIZA,1V,M.CHILE DIGNO VERDE Y SOBERANO,301. SARA DEL ROSARIO ROJAS ROJAS,FREVS,0.0,False
3471,ALTO DEL CARMEN,SAN FELIX,ESCUELA FRONTERIZA,1V,M.CHILE DIGNO VERDE Y SOBERANO,302. MANUEL ALEJANDRO JOFRE ROJAS,IND,0.0,False
3472,ALTO DEL CARMEN,SAN FELIX,ESCUELA FRONTERIZA,1V,XK.CHILE VAMOS RENOVACION NACIONAL - INDEPENDIENTES,303. JORGE RODOLFO BORQUEZ OLIVARES,RN,44.0,True
3473,ALTO DEL CARMEN,SAN FELIX,ESCUELA FRONTERIZA,1V,XK.CHILE VAMOS RENOVACION NACIONAL - INDEPENDIENTES,304. JAVIERA ANDREA ALVAREZ ALVAREZ,RN,2.0,True
3474,ALTO DEL CARMEN,SAN FELIX,ESCUELA FRONTERIZA,1V,XK.CHILE VAMOS RENOVACION NACIONAL - INDEPENDIENTES,305. ABEL ARTURO BUSTAMANTE BRAVO,RN,4.0,False
3475,ALTO DEL CARMEN,SAN FELIX,ESCUELA FRONTERIZA,1V,XK.CHILE VAMOS RENOVACION NACIONAL - INDEPENDIENTES,306. PAOLA MARGARITA CORTES RAMIREZ,RN,6.0,False
3476,ALTO DEL CARMEN,SAN FELIX,ESCUELA FRONTERIZA,1V,XK.CHILE VAMOS RENOVACION NACIONAL - INDEPENDIENTES,307. SERGIO ENRIQUE GONZALEZ REYES,RN,0.0,False
3477,ALTO DEL CARMEN,SAN FELIX,ESCUELA FRONTERIZA,1V,XK.CHILE VAMOS RENOVACION NACIONAL - INDEPENDIENTES,308. GUILLERMO ADRIAN VILLEGAS ROJAS,RN,3.0,False
3478,ALTO DEL CARMEN,SAN FELIX,ESCUELA FRONTERIZA,1V,XS.FRENTE AMPLIO,309. IRENE ALVEAR AZCARATE,IND,2.0,False
3479,ALTO DEL CARMEN,SAN FELIX,ESCUELA FRONTERIZA,1V,XS.FRENTE AMPLIO,310. RAUL ALFONSO GARROTE GARROTE,IND,5.0,False
3480,ALTO DEL CARMEN,SAN FELIX,ESCUELA FRONTERIZA,1V,XS.FRENTE AMPLIO,311. BLADIMIR FERNANDO BOLADOS RIVERA,IND,26.0,True
3481,ALTO DEL CARMEN,SAN FELIX,ESCUELA FRONTERIZA,1V,XS.FRENTE AMPLIO,312. PATRICIA ERIKA ALVAREZ OLAVE,IND,4.0,False
3482,ALTO DEL CARMEN,SAN FELIX,ESCUELA FRONTERIZA,1V,XS.FRENTE AMPLIO,313. HOMERO DARIO CAMPILLAY IRIARTE,IND,0.0,True
3483,ALTO DEL CARMEN,SAN FELIX,ESCUELA FRONTERIZA,1V,XS.FRENTE AMPLIO,314. ALEJANDRA RUFINA ARAYA BARAHONA,IND,0.0,False
3484,ALTO DEL CARMEN,SAN FELIX,ESCUELA FRONTERIZA,1V,XU.UNIDOS POR LA DIGNIDAD,315. MARCIA ALEJANDRA GONZALEZ CORTES,IND,2.0,False
3485,ALTO DEL CARMEN,SAN FELIX,ESCUELA FRONTERIZA,1V,XU.UNIDOS POR LA DIGNIDAD,316. JHON EDUARD MELENDEZ MORALES,IND,3.0,False
3486,ALTO DEL CARMEN,SAN FELIX,ESCUELA FRONTERIZA,1V,XU.UNIDOS POR LA DIGNIDAD,317. HAYDEE MARGOT CAMPILLAY CORTEZ,IND,2.0,False
3487,ALTO DEL CARMEN,SAN FELIX,ESCUELA FRONTERIZA,1V,YW.UNIDAD POR EL APRUEBO PS PPD E INDEPENDIENTES,318. JUAN CASTRO ALVAREZ,PS,9.0,False
3488,ALTO DEL CARMEN,SAN FELIX,ESCUELA FRONTERIZA,1V,YW.UNIDAD POR EL APRUEBO PS PPD E INDEPENDIENTES,319. FABIOLA AROSTICA SANTIBAÑEZ,PS,0.0,False
3489,ALTO DEL CARMEN,SAN FELIX,ESCUELA FRONTERIZA,1V,YW.UNIDAD POR EL APRUEBO PS PPD E INDEPENDIENTES,320. VERONICA INES ANACONA GARATE,IND,5.0,False
3490,ALTO DEL CARMEN,SAN FELIX,ESCUELA FRONTERIZA,1V,YW.UNIDAD POR EL APRUEBO PS PPD E INDEPENDIENTES,321. ABRAHAM CLAUDIO GONZALEZ BRICEÑO,IND,0.0,False
3491,ALTO DEL CARMEN,SAN FELIX,ESCUELA FRONTERIZA,1V,ZJ.CHILE VAMOS UDI - INDEPENDIENTES,322. RODRIGO ALEJANDRO LEYTON ARAYA,UDI,1.0,False
3492,ALTO DEL CARMEN,SAN FELIX,ESCUELA FRONTERIZA,1V,ZJ.CHILE VAMOS UDI - INDEPENDIENTES,323. LUIS EDUARDO PAREDES RAMIREZ,UDI,22.0,True
3493,ALTO DEL CARMEN,SAN FELIX,ESCUELA FRONTERIZA,1V,ZJ.CHILE VAMOS UDI - INDEPENDIENTES,324. LUIS LINCOYAN ZULETA GONZALEZ,UDI,0.0,False
3494,ALTO DEL CARMEN,SAN FELIX,ESCUELA FRONTERIZA,1V,ZJ.CHILE VAMOS UDI - INDEPENDIENTES,325. FRANCISCO ANDRES QUIÑONES FLORES,UDI,3.0,False
3495,ALTO DEL CARMEN,SAN FELIX,ESCUELA FRONTERIZA,1V,ZJ.CHILE VAMOS UDI - INDEPENDIENTES,326. PEDRO VERNE NUÑEZ BRICEÑO,IND,2.0,False
3496,ALTO DEL CARMEN,SAN FELIX,ESCUELA FRONTERIZA,1V,ZJ.CHILE VAMOS UDI - INDEPENDIENTES,327. EVELYN DAYAN LEHNER VARGAS,IND,22.0,False
3497,ALTO DEL CARMEN,SAN FELIX,ESCUELA FRONTERIZA,1V,ZU.RADICALES E INDEPENDIENTES,328. MARITZA ANTONIA PEÑA MORALES,PR,5.0,True
3498,ALTO DEL CARMEN,SAN FELIX,ESCUELA FRONTERIZA,1V,ZU.RADICALES E INDEPENDIENTES,329. HORACIO ADOLFO CAMPILLAY OLIVARES,IND,1.0,False
3499,ALTO DEL CARMEN,SAN FELIX,ESCUELA FRONTERIZA,1V,ZU.RADICALES E INDEPENDIENTES,330. PEDRO ALFONSO BOLADOS GARATE,IND,0.0,False
3500,ALTO DEL CARMEN,SAN FELIX,ESCUELA FRONTERIZA,1V,ZU.RADICALES E INDEPENDIENTES,331. TANIA PAZ PALLAUTA CASTILLO,IND,0.0,False
3501,ALTO DEL CARMEN,SAN FELIX,ESCUELA FRONTERIZA,1V,ZU.RADICALES E INDEPENDIENTES,332. SILVIA ESTER LAGUES LAGUES,IND,10.0,False
3502,ALTO DEL CARMEN,SAN FELIX,ESCUELA FRONTERIZA,2,M.CHILE DIGNO VERDE Y SOBERANO,300. MARIA CRISTINA CARTAJENA CASTILLO,PCCH,0.0,False
3503,ALTO DEL CARMEN,SAN FELIX,ESCUELA FRONTERIZA,2,M.CHILE DIGNO VERDE Y SOBERANO,301. SARA DEL ROSARIO ROJAS ROJAS,FREVS,0.0,False
3504,ALTO DEL CARMEN,SAN FELIX,ESCUELA FRONTERIZA,2,M.CHILE DIGNO VERDE Y SOBERANO,302. MANUEL ALEJANDRO JOFRE ROJAS,IND,0.0,False
3505,ALTO DEL CARMEN,SAN FELIX,ESCUELA FRONTERIZA,2,XK.CHILE VAMOS RENOVACION NACIONAL - INDEPENDIENTES,303. JORGE RODOLFO BORQUEZ OLIVARES,RN,29.0,True
3506,ALTO DEL CARMEN,SAN FELIX,ESCUELA FRONTERIZA,2,XK.CHILE VAMOS RENOVACION NACIONAL - INDEPENDIENTES,304. JAVIERA ANDREA ALVAREZ ALVAREZ,RN,5.0,True
3507,ALTO DEL CARMEN,SAN FELIX,ESCUELA FRONTERIZA,2,XK.CHILE VAMOS RENOVACION NACIONAL - INDEPENDIENTES,305. ABEL ARTURO BUSTAMANTE BRAVO,RN,2.0,False
3508,ALTO DEL CARMEN,SAN FELIX,ESCUELA FRONTERIZA,2,XK.CHILE VAMOS RENOVACION NACIONAL - INDEPENDIENTES,306. PAOLA MARGARITA CORTES RAMIREZ,RN,0.0,False
3509,ALTO DEL CARMEN,SAN FELIX,ESCUELA FRONTERIZA,2,XK.CHILE VAMOS RENOVACION NACIONAL - INDEPENDIENTES,307. SERGIO ENRIQUE GONZALEZ REYES,RN,0.0,False
3510,ALTO DEL CARMEN,SAN FELIX,ESCUELA FRONTERIZA,2,XK.CHILE VAMOS RENOVACION NACIONAL - INDEPENDIENTES,308. GUILLERMO ADRIAN VILLEGAS ROJAS,RN,3.0,False
3511,ALTO DEL CARMEN,SAN FELIX,ESCUELA FRONTERIZA,2,XS.FRENTE AMPLIO,309. IRENE ALVEAR AZCARATE,IND,0.0,False
3512,ALTO DEL CARMEN,SAN FELIX,ESCUELA FRONTERIZA,2,XS.FRENTE AMPLIO,310. RAUL ALFONSO GARROTE GARROTE,IND,1.0,False
3513,ALTO DEL CARMEN,SAN FELIX,ESCUELA FRONTERIZA,2,XS.FRENTE AMPLIO,311. BLADIMIR FERNANDO BOLADOS RIVERA,IND,9.0,True
3514,ALTO DEL CARMEN,SAN FELIX,ESCUELA FRONTERIZA,2,XS.FRENTE AMPLIO,312. PATRICIA ERIKA ALVAREZ OLAVE,IND,0.0,False
3515,ALTO DEL CARMEN,SAN FELIX,ESCUELA FRONTERIZA,2,XS.FRENTE AMPLIO,313. HOMERO DARIO CAMPILLAY IRIARTE,IND,1.0,True
3516,ALTO DEL CARMEN,SAN FELIX,ESCUELA FRONTERIZA,2,XS.FRENTE AMPLIO,314. ALEJANDRA RUFINA ARAYA BARAHONA,IND,0.0,False
3517,ALTO DEL CARMEN,SAN FELIX,ESCUELA FRONTERIZA,2,XU.UNIDOS POR LA DIGNIDAD,315. MARCIA ALEJANDRA GONZALEZ CORTES,IND,3.0,False
3518,ALTO DEL CARMEN,SAN FELIX,ESCUELA FRONTERIZA,2,XU.UNIDOS POR LA DIGNIDAD,316. JHON EDUARD MELENDEZ MORALES,IND,1.0,False
3519,ALTO DEL CARMEN,SAN FELIX,ESCUELA FRONTERIZA,2,XU.UNIDOS POR LA DIGNIDAD,317. HAYDEE MARGOT CAMPILLAY CORTEZ,IND,0.0,False
3520,ALTO DEL CARMEN,SAN FELIX,ESCUELA FRONTERIZA,2,YW.UNIDAD POR EL APRUEBO PS PPD E INDEPENDIENTES,318. JUAN CASTRO ALVAREZ,PS,7.0,False
3521,ALTO DEL CARMEN,SAN FELIX,ESCUELA FRONTERIZA,2,YW.UNIDAD POR EL APRUEBO PS PPD E INDEPENDIENTES,319. FABIOLA AROSTICA SANTIBAÑEZ,PS,0.0,False
3522,ALTO DEL CARMEN,SAN FELIX,ESCUELA FRONTERIZA,2,YW.UNIDAD POR EL APRUEBO PS PPD E INDEPENDIENTES,320. VERONICA INES ANACONA GARATE,IND,0.0,False
3523,ALTO DEL CARMEN,SAN FELIX,ESCUELA FRONTERIZA,2,YW.UNIDAD POR EL APRUEBO PS PPD E INDEPENDIENTES,321. ABRAHAM CLAUDIO GONZALEZ BRICEÑO,IND,0.0,False
3524,ALTO DEL CARMEN,SAN FELIX,ESCUELA FRONTERIZA,2,ZJ.CHILE VAMOS UDI - INDEPENDIENTES,322. RODRIGO ALEJANDRO LEYTON ARAYA,UDI,0.0,False
3525,ALTO DEL CARMEN,SAN FELIX,ESCUELA FRONTERIZA,2,ZJ.CHILE VAMOS UDI - INDEPENDIENTES,323. LUIS EDUARDO PAREDES RAMIREZ,UDI,12.0,True
3526,ALTO DEL CARMEN,SAN FELIX,ESCUELA FRONTERIZA,2,ZJ.CHILE VAMOS UDI - INDEPENDIENTES,324. LUIS LINCOYAN ZULETA GONZALEZ,UDI,0.0,False
3527,ALTO DEL CARMEN,SAN FELIX,ESCUELA FRONTERIZA,2,ZJ.CHILE VAMOS UDI - INDEPENDIENTES,325. FRANCISCO ANDRES QUIÑONES FLORES,UDI,0.0,False
3528,ALTO DEL CARMEN,SAN FELIX,ESCUELA FRONTERIZA,2,ZJ.CHILE VAMOS UDI - INDEPENDIENTES,326. PEDRO VERNE NUÑEZ BRICEÑO,IND,1.0,False
3529,ALTO DEL CARMEN,SAN FELIX,ESCUELA FRONTERIZA,2,ZJ.CHILE VAMOS UDI - INDEPENDIENTES,327. EVELYN DAYAN LEHNER VARGAS,IND,12.0,False
3530,ALTO DEL CARMEN,SAN FELIX,ESCUELA FRONTERIZA,2,ZU.RADICALES E INDEPENDIENTES,328. MARITZA ANTONIA PEÑA MORALES,PR,4.0,True
3531,ALTO DEL CARMEN,SAN FELIX,ESCUELA FRONTERIZA,2,ZU.RADICALES E INDEPENDIENTES,329. HORACIO ADOLFO CAMPILLAY OLIVARES,IND,1.0,False
3532,ALTO DEL CARMEN,SAN FELIX,ESCUELA FRONTERIZA,2,ZU.RADICALES E INDEPENDIENTES,330. PEDRO ALFONSO BOLADOS GARATE,IND,2.0,False
3533,ALTO DEL CARMEN,SAN FELIX,ESCUELA FRONTERIZA,2,ZU.RADICALES E INDEPENDIENTES,331. TANIA PAZ PALLAUTA CASTILLO,IND,0.0,False
3534,ALTO DEL CARMEN,SAN FELIX,ESCUELA FRONTERIZA,2,ZU.RADICALES E INDEPENDIENTES,332. SILVIA ESTER LAGUES LAGUES,IND,12.0,False
