,COMUNA,CIRC_ELEC,LOCAL,MESA,LISTA,CANDIDATX,PARTIDO,VOTOS,ELECTX
106886,ANTUCO,ANTUCO,LICEO  DOCTOR VICTOR RIOS RUIZ,1M,XK.CHILE VAMOS RENOVACION NACIONAL - INDEPENDIENTES,300. GLORIA MAGDALENA ABDALA BENAVIDES,RN,0.0,False
106887,ANTUCO,ANTUCO,LICEO  DOCTOR VICTOR RIOS RUIZ,1M,XK.CHILE VAMOS RENOVACION NACIONAL - INDEPENDIENTES,301. BASILIO FELIPE ALMENDRAS SANCHEZ,RN,2.0,False
106888,ANTUCO,ANTUCO,LICEO  DOCTOR VICTOR RIOS RUIZ,1M,XK.CHILE VAMOS RENOVACION NACIONAL - INDEPENDIENTES,302. MIGUEL PATRICIO GARCES MUÑOZ,RN,3.0,False
106889,ANTUCO,ANTUCO,LICEO  DOCTOR VICTOR RIOS RUIZ,1M,XK.CHILE VAMOS RENOVACION NACIONAL - INDEPENDIENTES,303. LEONARDO ERNESTO PINOCHET DAZA,RN,3.0,False
106890,ANTUCO,ANTUCO,LICEO  DOCTOR VICTOR RIOS RUIZ,1M,XK.CHILE VAMOS RENOVACION NACIONAL - INDEPENDIENTES,304. VANESSA IVETTE GOMEZ ROLACK,RN,1.0,False
106891,ANTUCO,ANTUCO,LICEO  DOCTOR VICTOR RIOS RUIZ,1M,XK.CHILE VAMOS RENOVACION NACIONAL - INDEPENDIENTES,305. CARLOS ENRIQUE LOPEZ OVALLE,RN,6.0,True
106892,ANTUCO,ANTUCO,LICEO  DOCTOR VICTOR RIOS RUIZ,1M,XU.UNIDOS POR LA DIGNIDAD,306. FLORISA VERONICA CONEJEROS MUÑOZ,PDC,7.0,False
106893,ANTUCO,ANTUCO,LICEO  DOCTOR VICTOR RIOS RUIZ,1M,XU.UNIDOS POR LA DIGNIDAD,307. MAURICIO ALEJANDRO SALDIAS PARRA,PDC,16.0,True
106894,ANTUCO,ANTUCO,LICEO  DOCTOR VICTOR RIOS RUIZ,1M,XU.UNIDOS POR LA DIGNIDAD,308. CLAUDIO EDELBERTO SOLAR JARA,PDC,8.0,True
106895,ANTUCO,ANTUCO,LICEO  DOCTOR VICTOR RIOS RUIZ,1M,XU.UNIDOS POR LA DIGNIDAD,309. ANA MARIA CORONATA SEGURE,IND,0.0,False
106896,ANTUCO,ANTUCO,LICEO  DOCTOR VICTOR RIOS RUIZ,1M,XZ.ECOLOGISTAS E INDEPENDIENTES,310. DIEGO OVALLE VALENZUELA,IND,7.0,False
106897,ANTUCO,ANTUCO,LICEO  DOCTOR VICTOR RIOS RUIZ,1M,YM.CHILE VAMOS - PRI E INDEPENDIENTES,311. MARIA ANTONIETA DEL VALLE BASCUR,PRI,0.0,False
106898,ANTUCO,ANTUCO,LICEO  DOCTOR VICTOR RIOS RUIZ,1M,YM.CHILE VAMOS - PRI E INDEPENDIENTES,312. VIVIANA SOLEDAD VENEGAS AGUILERA,PRI,1.0,False
106899,ANTUCO,ANTUCO,LICEO  DOCTOR VICTOR RIOS RUIZ,1M,YM.CHILE VAMOS - PRI E INDEPENDIENTES,313. JORGE JAVIER GARCIA TRIVIÑO,IND,3.0,False
106900,ANTUCO,ANTUCO,LICEO  DOCTOR VICTOR RIOS RUIZ,1M,YW.UNIDAD POR EL APRUEBO PS PPD E INDEPENDIENTES,314. RAMON HUMBERTO AGUILA ESPINOZA,PS,14.0,True
106901,ANTUCO,ANTUCO,LICEO  DOCTOR VICTOR RIOS RUIZ,1M,YW.UNIDAD POR EL APRUEBO PS PPD E INDEPENDIENTES,315. MARGARITA DEL CARMEN NAUPA BOQUI,PS,1.0,False
106902,ANTUCO,ANTUCO,LICEO  DOCTOR VICTOR RIOS RUIZ,1M,YW.UNIDAD POR EL APRUEBO PS PPD E INDEPENDIENTES,316. CARLOS ALVAN TOLEDO CIFUENTES,IND,0.0,False
106903,ANTUCO,ANTUCO,LICEO  DOCTOR VICTOR RIOS RUIZ,1M,YW.UNIDAD POR EL APRUEBO PS PPD E INDEPENDIENTES,317. ELBA ISSI SALDIAS,PPD,16.0,False
106904,ANTUCO,ANTUCO,LICEO  DOCTOR VICTOR RIOS RUIZ,1M,YW.UNIDAD POR EL APRUEBO PS PPD E INDEPENDIENTES,318. VICENTE ARNALDO HIGUERAS URRUTIA,PPD,6.0,False
106905,ANTUCO,ANTUCO,LICEO  DOCTOR VICTOR RIOS RUIZ,1M,YW.UNIDAD POR EL APRUEBO PS PPD E INDEPENDIENTES,319. RODRIGO AGUILERA VERGARA,IND,10.0,True
106906,ANTUCO,ANTUCO,LICEO  DOCTOR VICTOR RIOS RUIZ,1M,ZG.CHILE VAMOS EVOPOLI - INDEPENDIENTES,320. LORETO ANDREA VIVEROS COFRE,IND,1.0,False
106907,ANTUCO,ANTUCO,LICEO  DOCTOR VICTOR RIOS RUIZ,1M,ZG.CHILE VAMOS EVOPOLI - INDEPENDIENTES,321. FELIPE ELIZARDO HERNANDEZ SOTO,IND,0.0,False
106908,ANTUCO,ANTUCO,LICEO  DOCTOR VICTOR RIOS RUIZ,1M,ZJ.CHILE VAMOS UDI - INDEPENDIENTES,322. JUAN CARLOS SALINAS MUÑOZ,UDI,0.0,False
106909,ANTUCO,ANTUCO,LICEO  DOCTOR VICTOR RIOS RUIZ,1M,ZJ.CHILE VAMOS UDI - INDEPENDIENTES,323. NAYADETT DEL PILAR FUENTES VIVEROS,IND,2.0,False
106910,ANTUCO,ANTUCO,LICEO  DOCTOR VICTOR RIOS RUIZ,1M,ZJ.CHILE VAMOS UDI - INDEPENDIENTES,324. CARLOS RODOLFO VIGNOLO BURGOS,IND,1.0,False
106911,ANTUCO,ANTUCO,LICEO  DOCTOR VICTOR RIOS RUIZ,1M,ZJ.CHILE VAMOS UDI - INDEPENDIENTES,325. KATHERINE  ECKHOLT SEGUEL,IND,7.0,False
106912,ANTUCO,ANTUCO,LICEO  DOCTOR VICTOR RIOS RUIZ,1M,ZU.RADICALES E INDEPENDIENTES,326. NELSON FABIAN ISLA VILCHE,PR,5.0,True
106913,ANTUCO,ANTUCO,LICEO  DOCTOR VICTOR RIOS RUIZ,1M,ZU.RADICALES E INDEPENDIENTES,327. VICTOR MANUEL VIVANCO QUEZADA,PR,1.0,False
106914,ANTUCO,ANTUCO,LICEO  DOCTOR VICTOR RIOS RUIZ,1M,ZU.RADICALES E INDEPENDIENTES,328. BARBARA ROMINA RUBIO MELLADO,PR,2.0,False
106915,ANTUCO,ANTUCO,LICEO  DOCTOR VICTOR RIOS RUIZ,1M,ZU.RADICALES E INDEPENDIENTES,329. DIONISIO NADIER MUÑOZ COÑUECAR,PR,0.0,False
106916,ANTUCO,ANTUCO,LICEO  DOCTOR VICTOR RIOS RUIZ,1M,ZU.RADICALES E INDEPENDIENTES,330. PAOLA IGNACIA ROLACK SAN MARTIN,IND,1.0,False
106917,ANTUCO,ANTUCO,LICEO  DOCTOR VICTOR RIOS RUIZ,1M,ZU.RADICALES E INDEPENDIENTES,331. CLAUDIA PATRICIA JELVES MANCILLA,IND,3.0,False
106918,ANTUCO,ANTUCO,LICEO  DOCTOR VICTOR RIOS RUIZ,2M,XK.CHILE VAMOS RENOVACION NACIONAL - INDEPENDIENTES,300. GLORIA MAGDALENA ABDALA BENAVIDES,RN,1.0,False
106919,ANTUCO,ANTUCO,LICEO  DOCTOR VICTOR RIOS RUIZ,2M,XK.CHILE VAMOS RENOVACION NACIONAL - INDEPENDIENTES,301. BASILIO FELIPE ALMENDRAS SANCHEZ,RN,2.0,False
106920,ANTUCO,ANTUCO,LICEO  DOCTOR VICTOR RIOS RUIZ,2M,XK.CHILE VAMOS RENOVACION NACIONAL - INDEPENDIENTES,302. MIGUEL PATRICIO GARCES MUÑOZ,RN,1.0,False
106921,ANTUCO,ANTUCO,LICEO  DOCTOR VICTOR RIOS RUIZ,2M,XK.CHILE VAMOS RENOVACION NACIONAL - INDEPENDIENTES,303. LEONARDO ERNESTO PINOCHET DAZA,RN,5.0,False
106922,ANTUCO,ANTUCO,LICEO  DOCTOR VICTOR RIOS RUIZ,2M,XK.CHILE VAMOS RENOVACION NACIONAL - INDEPENDIENTES,304. VANESSA IVETTE GOMEZ ROLACK,RN,4.0,False
106923,ANTUCO,ANTUCO,LICEO  DOCTOR VICTOR RIOS RUIZ,2M,XK.CHILE VAMOS RENOVACION NACIONAL - INDEPENDIENTES,305. CARLOS ENRIQUE LOPEZ OVALLE,RN,3.0,True
106924,ANTUCO,ANTUCO,LICEO  DOCTOR VICTOR RIOS RUIZ,2M,XU.UNIDOS POR LA DIGNIDAD,306. FLORISA VERONICA CONEJEROS MUÑOZ,PDC,10.0,False
106925,ANTUCO,ANTUCO,LICEO  DOCTOR VICTOR RIOS RUIZ,2M,XU.UNIDOS POR LA DIGNIDAD,307. MAURICIO ALEJANDRO SALDIAS PARRA,PDC,15.0,True
106926,ANTUCO,ANTUCO,LICEO  DOCTOR VICTOR RIOS RUIZ,2M,XU.UNIDOS POR LA DIGNIDAD,308. CLAUDIO EDELBERTO SOLAR JARA,PDC,17.0,True
106927,ANTUCO,ANTUCO,LICEO  DOCTOR VICTOR RIOS RUIZ,2M,XU.UNIDOS POR LA DIGNIDAD,309. ANA MARIA CORONATA SEGURE,IND,0.0,False
106928,ANTUCO,ANTUCO,LICEO  DOCTOR VICTOR RIOS RUIZ,2M,XZ.ECOLOGISTAS E INDEPENDIENTES,310. DIEGO OVALLE VALENZUELA,IND,3.0,False
106929,ANTUCO,ANTUCO,LICEO  DOCTOR VICTOR RIOS RUIZ,2M,YM.CHILE VAMOS - PRI E INDEPENDIENTES,311. MARIA ANTONIETA DEL VALLE BASCUR,PRI,3.0,False
106930,ANTUCO,ANTUCO,LICEO  DOCTOR VICTOR RIOS RUIZ,2M,YM.CHILE VAMOS - PRI E INDEPENDIENTES,312. VIVIANA SOLEDAD VENEGAS AGUILERA,PRI,1.0,False
106931,ANTUCO,ANTUCO,LICEO  DOCTOR VICTOR RIOS RUIZ,2M,YM.CHILE VAMOS - PRI E INDEPENDIENTES,313. JORGE JAVIER GARCIA TRIVIÑO,IND,3.0,False
106932,ANTUCO,ANTUCO,LICEO  DOCTOR VICTOR RIOS RUIZ,2M,YW.UNIDAD POR EL APRUEBO PS PPD E INDEPENDIENTES,314. RAMON HUMBERTO AGUILA ESPINOZA,PS,13.0,True
106933,ANTUCO,ANTUCO,LICEO  DOCTOR VICTOR RIOS RUIZ,2M,YW.UNIDAD POR EL APRUEBO PS PPD E INDEPENDIENTES,315. MARGARITA DEL CARMEN NAUPA BOQUI,PS,5.0,False
106934,ANTUCO,ANTUCO,LICEO  DOCTOR VICTOR RIOS RUIZ,2M,YW.UNIDAD POR EL APRUEBO PS PPD E INDEPENDIENTES,316. CARLOS ALVAN TOLEDO CIFUENTES,IND,0.0,False
106935,ANTUCO,ANTUCO,LICEO  DOCTOR VICTOR RIOS RUIZ,2M,YW.UNIDAD POR EL APRUEBO PS PPD E INDEPENDIENTES,317. ELBA ISSI SALDIAS,PPD,14.0,False
106936,ANTUCO,ANTUCO,LICEO  DOCTOR VICTOR RIOS RUIZ,2M,YW.UNIDAD POR EL APRUEBO PS PPD E INDEPENDIENTES,318. VICENTE ARNALDO HIGUERAS URRUTIA,PPD,6.0,False
106937,ANTUCO,ANTUCO,LICEO  DOCTOR VICTOR RIOS RUIZ,2M,YW.UNIDAD POR EL APRUEBO PS PPD E INDEPENDIENTES,319. RODRIGO AGUILERA VERGARA,IND,4.0,True
106938,ANTUCO,ANTUCO,LICEO  DOCTOR VICTOR RIOS RUIZ,2M,ZG.CHILE VAMOS EVOPOLI - INDEPENDIENTES,320. LORETO ANDREA VIVEROS COFRE,IND,2.0,False
106939,ANTUCO,ANTUCO,LICEO  DOCTOR VICTOR RIOS RUIZ,2M,ZG.CHILE VAMOS EVOPOLI - INDEPENDIENTES,321. FELIPE ELIZARDO HERNANDEZ SOTO,IND,0.0,False
106940,ANTUCO,ANTUCO,LICEO  DOCTOR VICTOR RIOS RUIZ,2M,ZJ.CHILE VAMOS UDI - INDEPENDIENTES,322. JUAN CARLOS SALINAS MUÑOZ,UDI,1.0,False
106941,ANTUCO,ANTUCO,LICEO  DOCTOR VICTOR RIOS RUIZ,2M,ZJ.CHILE VAMOS UDI - INDEPENDIENTES,323. NAYADETT DEL PILAR FUENTES VIVEROS,IND,2.0,False
106942,ANTUCO,ANTUCO,LICEO  DOCTOR VICTOR RIOS RUIZ,2M,ZJ.CHILE VAMOS UDI - INDEPENDIENTES,324. CARLOS RODOLFO VIGNOLO BURGOS,IND,3.0,False
106943,ANTUCO,ANTUCO,LICEO  DOCTOR VICTOR RIOS RUIZ,2M,ZJ.CHILE VAMOS UDI - INDEPENDIENTES,325. KATHERINE  ECKHOLT SEGUEL,IND,5.0,False
106944,ANTUCO,ANTUCO,LICEO  DOCTOR VICTOR RIOS RUIZ,2M,ZU.RADICALES E INDEPENDIENTES,326. NELSON FABIAN ISLA VILCHE,PR,3.0,True
106945,ANTUCO,ANTUCO,LICEO  DOCTOR VICTOR RIOS RUIZ,2M,ZU.RADICALES E INDEPENDIENTES,327. VICTOR MANUEL VIVANCO QUEZADA,PR,4.0,False
106946,ANTUCO,ANTUCO,LICEO  DOCTOR VICTOR RIOS RUIZ,2M,ZU.RADICALES E INDEPENDIENTES,328. BARBARA ROMINA RUBIO MELLADO,PR,7.0,False
106947,ANTUCO,ANTUCO,LICEO  DOCTOR VICTOR RIOS RUIZ,2M,ZU.RADICALES E INDEPENDIENTES,329. DIONISIO NADIER MUÑOZ COÑUECAR,PR,0.0,False
106948,ANTUCO,ANTUCO,LICEO  DOCTOR VICTOR RIOS RUIZ,2M,ZU.RADICALES E INDEPENDIENTES,330. PAOLA IGNACIA ROLACK SAN MARTIN,IND,1.0,False
106949,ANTUCO,ANTUCO,LICEO  DOCTOR VICTOR RIOS RUIZ,2M,ZU.RADICALES E INDEPENDIENTES,331. CLAUDIA PATRICIA JELVES MANCILLA,IND,1.0,False
106950,ANTUCO,ANTUCO,LICEO  DOCTOR VICTOR RIOS RUIZ,3M,XK.CHILE VAMOS RENOVACION NACIONAL - INDEPENDIENTES,300. GLORIA MAGDALENA ABDALA BENAVIDES,RN,0.0,False
106951,ANTUCO,ANTUCO,LICEO  DOCTOR VICTOR RIOS RUIZ,3M,XK.CHILE VAMOS RENOVACION NACIONAL - INDEPENDIENTES,301. BASILIO FELIPE ALMENDRAS SANCHEZ,RN,7.0,False
106952,ANTUCO,ANTUCO,LICEO  DOCTOR VICTOR RIOS RUIZ,3M,XK.CHILE VAMOS RENOVACION NACIONAL - INDEPENDIENTES,302. MIGUEL PATRICIO GARCES MUÑOZ,RN,2.0,False
106953,ANTUCO,ANTUCO,LICEO  DOCTOR VICTOR RIOS RUIZ,3M,XK.CHILE VAMOS RENOVACION NACIONAL - INDEPENDIENTES,303. LEONARDO ERNESTO PINOCHET DAZA,RN,9.0,False
106954,ANTUCO,ANTUCO,LICEO  DOCTOR VICTOR RIOS RUIZ,3M,XK.CHILE VAMOS RENOVACION NACIONAL - INDEPENDIENTES,304. VANESSA IVETTE GOMEZ ROLACK,RN,0.0,False
106955,ANTUCO,ANTUCO,LICEO  DOCTOR VICTOR RIOS RUIZ,3M,XK.CHILE VAMOS RENOVACION NACIONAL - INDEPENDIENTES,305. CARLOS ENRIQUE LOPEZ OVALLE,RN,5.0,True
106956,ANTUCO,ANTUCO,LICEO  DOCTOR VICTOR RIOS RUIZ,3M,XU.UNIDOS POR LA DIGNIDAD,306. FLORISA VERONICA CONEJEROS MUÑOZ,PDC,6.0,False
106957,ANTUCO,ANTUCO,LICEO  DOCTOR VICTOR RIOS RUIZ,3M,XU.UNIDOS POR LA DIGNIDAD,307. MAURICIO ALEJANDRO SALDIAS PARRA,PDC,21.0,True
106958,ANTUCO,ANTUCO,LICEO  DOCTOR VICTOR RIOS RUIZ,3M,XU.UNIDOS POR LA DIGNIDAD,308. CLAUDIO EDELBERTO SOLAR JARA,PDC,14.0,True
106959,ANTUCO,ANTUCO,LICEO  DOCTOR VICTOR RIOS RUIZ,3M,XU.UNIDOS POR LA DIGNIDAD,309. ANA MARIA CORONATA SEGURE,IND,1.0,False
106960,ANTUCO,ANTUCO,LICEO  DOCTOR VICTOR RIOS RUIZ,3M,XZ.ECOLOGISTAS E INDEPENDIENTES,310. DIEGO OVALLE VALENZUELA,IND,4.0,False
106961,ANTUCO,ANTUCO,LICEO  DOCTOR VICTOR RIOS RUIZ,3M,YM.CHILE VAMOS - PRI E INDEPENDIENTES,311. MARIA ANTONIETA DEL VALLE BASCUR,PRI,3.0,False
106962,ANTUCO,ANTUCO,LICEO  DOCTOR VICTOR RIOS RUIZ,3M,YM.CHILE VAMOS - PRI E INDEPENDIENTES,312. VIVIANA SOLEDAD VENEGAS AGUILERA,PRI,0.0,False
106963,ANTUCO,ANTUCO,LICEO  DOCTOR VICTOR RIOS RUIZ,3M,YM.CHILE VAMOS - PRI E INDEPENDIENTES,313. JORGE JAVIER GARCIA TRIVIÑO,IND,1.0,False
106964,ANTUCO,ANTUCO,LICEO  DOCTOR VICTOR RIOS RUIZ,3M,YW.UNIDAD POR EL APRUEBO PS PPD E INDEPENDIENTES,314. RAMON HUMBERTO AGUILA ESPINOZA,PS,12.0,True
106965,ANTUCO,ANTUCO,LICEO  DOCTOR VICTOR RIOS RUIZ,3M,YW.UNIDAD POR EL APRUEBO PS PPD E INDEPENDIENTES,315. MARGARITA DEL CARMEN NAUPA BOQUI,PS,5.0,False
106966,ANTUCO,ANTUCO,LICEO  DOCTOR VICTOR RIOS RUIZ,3M,YW.UNIDAD POR EL APRUEBO PS PPD E INDEPENDIENTES,316. CARLOS ALVAN TOLEDO CIFUENTES,IND,0.0,False
106967,ANTUCO,ANTUCO,LICEO  DOCTOR VICTOR RIOS RUIZ,3M,YW.UNIDAD POR EL APRUEBO PS PPD E INDEPENDIENTES,317. ELBA ISSI SALDIAS,PPD,9.0,False
106968,ANTUCO,ANTUCO,LICEO  DOCTOR VICTOR RIOS RUIZ,3M,YW.UNIDAD POR EL APRUEBO PS PPD E INDEPENDIENTES,318. VICENTE ARNALDO HIGUERAS URRUTIA,PPD,8.0,False
106969,ANTUCO,ANTUCO,LICEO  DOCTOR VICTOR RIOS RUIZ,3M,YW.UNIDAD POR EL APRUEBO PS PPD E INDEPENDIENTES,319. RODRIGO AGUILERA VERGARA,IND,13.0,True
106970,ANTUCO,ANTUCO,LICEO  DOCTOR VICTOR RIOS RUIZ,3M,ZG.CHILE VAMOS EVOPOLI - INDEPENDIENTES,320. LORETO ANDREA VIVEROS COFRE,IND,1.0,False
106971,ANTUCO,ANTUCO,LICEO  DOCTOR VICTOR RIOS RUIZ,3M,ZG.CHILE VAMOS EVOPOLI - INDEPENDIENTES,321. FELIPE ELIZARDO HERNANDEZ SOTO,IND,0.0,False
106972,ANTUCO,ANTUCO,LICEO  DOCTOR VICTOR RIOS RUIZ,3M,ZJ.CHILE VAMOS UDI - INDEPENDIENTES,322. JUAN CARLOS SALINAS MUÑOZ,UDI,0.0,False
106973,ANTUCO,ANTUCO,LICEO  DOCTOR VICTOR RIOS RUIZ,3M,ZJ.CHILE VAMOS UDI - INDEPENDIENTES,323. NAYADETT DEL PILAR FUENTES VIVEROS,IND,2.0,False
106974,ANTUCO,ANTUCO,LICEO  DOCTOR VICTOR RIOS RUIZ,3M,ZJ.CHILE VAMOS UDI - INDEPENDIENTES,324. CARLOS RODOLFO VIGNOLO BURGOS,IND,1.0,False
106975,ANTUCO,ANTUCO,LICEO  DOCTOR VICTOR RIOS RUIZ,3M,ZJ.CHILE VAMOS UDI - INDEPENDIENTES,325. KATHERINE  ECKHOLT SEGUEL,IND,10.0,False
106976,ANTUCO,ANTUCO,LICEO  DOCTOR VICTOR RIOS RUIZ,3M,ZU.RADICALES E INDEPENDIENTES,326. NELSON FABIAN ISLA VILCHE,PR,11.0,True
106977,ANTUCO,ANTUCO,LICEO  DOCTOR VICTOR RIOS RUIZ,3M,ZU.RADICALES E INDEPENDIENTES,327. VICTOR MANUEL VIVANCO QUEZADA,PR,2.0,False
106978,ANTUCO,ANTUCO,LICEO  DOCTOR VICTOR RIOS RUIZ,3M,ZU.RADICALES E INDEPENDIENTES,328. BARBARA ROMINA RUBIO MELLADO,PR,6.0,False
106979,ANTUCO,ANTUCO,LICEO  DOCTOR VICTOR RIOS RUIZ,3M,ZU.RADICALES E INDEPENDIENTES,329. DIONISIO NADIER MUÑOZ COÑUECAR,PR,3.0,False
106980,ANTUCO,ANTUCO,LICEO  DOCTOR VICTOR RIOS RUIZ,3M,ZU.RADICALES E INDEPENDIENTES,330. PAOLA IGNACIA ROLACK SAN MARTIN,IND,1.0,False
106981,ANTUCO,ANTUCO,LICEO  DOCTOR VICTOR RIOS RUIZ,3M,ZU.RADICALES E INDEPENDIENTES,331. CLAUDIA PATRICIA JELVES MANCILLA,IND,4.0,False
106982,ANTUCO,ANTUCO,LICEO  DOCTOR VICTOR RIOS RUIZ,4M,XK.CHILE VAMOS RENOVACION NACIONAL - INDEPENDIENTES,300. GLORIA MAGDALENA ABDALA BENAVIDES,RN,1.0,False
106983,ANTUCO,ANTUCO,LICEO  DOCTOR VICTOR RIOS RUIZ,4M,XK.CHILE VAMOS RENOVACION NACIONAL - INDEPENDIENTES,301. BASILIO FELIPE ALMENDRAS SANCHEZ,RN,2.0,False
106984,ANTUCO,ANTUCO,LICEO  DOCTOR VICTOR RIOS RUIZ,4M,XK.CHILE VAMOS RENOVACION NACIONAL - INDEPENDIENTES,302. MIGUEL PATRICIO GARCES MUÑOZ,RN,2.0,False
106985,ANTUCO,ANTUCO,LICEO  DOCTOR VICTOR RIOS RUIZ,4M,XK.CHILE VAMOS RENOVACION NACIONAL - INDEPENDIENTES,303. LEONARDO ERNESTO PINOCHET DAZA,RN,2.0,False
106986,ANTUCO,ANTUCO,LICEO  DOCTOR VICTOR RIOS RUIZ,4M,XK.CHILE VAMOS RENOVACION NACIONAL - INDEPENDIENTES,304. VANESSA IVETTE GOMEZ ROLACK,RN,4.0,False
106987,ANTUCO,ANTUCO,LICEO  DOCTOR VICTOR RIOS RUIZ,4M,XK.CHILE VAMOS RENOVACION NACIONAL - INDEPENDIENTES,305. CARLOS ENRIQUE LOPEZ OVALLE,RN,6.0,True
106988,ANTUCO,ANTUCO,LICEO  DOCTOR VICTOR RIOS RUIZ,4M,XU.UNIDOS POR LA DIGNIDAD,306. FLORISA VERONICA CONEJEROS MUÑOZ,PDC,14.0,False
106989,ANTUCO,ANTUCO,LICEO  DOCTOR VICTOR RIOS RUIZ,4M,XU.UNIDOS POR LA DIGNIDAD,307. MAURICIO ALEJANDRO SALDIAS PARRA,PDC,11.0,True
106990,ANTUCO,ANTUCO,LICEO  DOCTOR VICTOR RIOS RUIZ,4M,XU.UNIDOS POR LA DIGNIDAD,308. CLAUDIO EDELBERTO SOLAR JARA,PDC,19.0,True
106991,ANTUCO,ANTUCO,LICEO  DOCTOR VICTOR RIOS RUIZ,4M,XU.UNIDOS POR LA DIGNIDAD,309. ANA MARIA CORONATA SEGURE,IND,3.0,False
106992,ANTUCO,ANTUCO,LICEO  DOCTOR VICTOR RIOS RUIZ,4M,XZ.ECOLOGISTAS E INDEPENDIENTES,310. DIEGO OVALLE VALENZUELA,IND,3.0,False
106993,ANTUCO,ANTUCO,LICEO  DOCTOR VICTOR RIOS RUIZ,4M,YM.CHILE VAMOS - PRI E INDEPENDIENTES,311. MARIA ANTONIETA DEL VALLE BASCUR,PRI,1.0,False
106994,ANTUCO,ANTUCO,LICEO  DOCTOR VICTOR RIOS RUIZ,4M,YM.CHILE VAMOS - PRI E INDEPENDIENTES,312. VIVIANA SOLEDAD VENEGAS AGUILERA,PRI,5.0,False
106995,ANTUCO,ANTUCO,LICEO  DOCTOR VICTOR RIOS RUIZ,4M,YM.CHILE VAMOS - PRI E INDEPENDIENTES,313. JORGE JAVIER GARCIA TRIVIÑO,IND,4.0,False
106996,ANTUCO,ANTUCO,LICEO  DOCTOR VICTOR RIOS RUIZ,4M,YW.UNIDAD POR EL APRUEBO PS PPD E INDEPENDIENTES,314. RAMON HUMBERTO AGUILA ESPINOZA,PS,14.0,True
106997,ANTUCO,ANTUCO,LICEO  DOCTOR VICTOR RIOS RUIZ,4M,YW.UNIDAD POR EL APRUEBO PS PPD E INDEPENDIENTES,315. MARGARITA DEL CARMEN NAUPA BOQUI,PS,0.0,False
106998,ANTUCO,ANTUCO,LICEO  DOCTOR VICTOR RIOS RUIZ,4M,YW.UNIDAD POR EL APRUEBO PS PPD E INDEPENDIENTES,316. CARLOS ALVAN TOLEDO CIFUENTES,IND,3.0,False
106999,ANTUCO,ANTUCO,LICEO  DOCTOR VICTOR RIOS RUIZ,4M,YW.UNIDAD POR EL APRUEBO PS PPD E INDEPENDIENTES,317. ELBA ISSI SALDIAS,PPD,11.0,False
107000,ANTUCO,ANTUCO,LICEO  DOCTOR VICTOR RIOS RUIZ,4M,YW.UNIDAD POR EL APRUEBO PS PPD E INDEPENDIENTES,318. VICENTE ARNALDO HIGUERAS URRUTIA,PPD,5.0,False
107001,ANTUCO,ANTUCO,LICEO  DOCTOR VICTOR RIOS RUIZ,4M,YW.UNIDAD POR EL APRUEBO PS PPD E INDEPENDIENTES,319. RODRIGO AGUILERA VERGARA,IND,8.0,True
107002,ANTUCO,ANTUCO,LICEO  DOCTOR VICTOR RIOS RUIZ,4M,ZG.CHILE VAMOS EVOPOLI - INDEPENDIENTES,320. LORETO ANDREA VIVEROS COFRE,IND,3.0,False
107003,ANTUCO,ANTUCO,LICEO  DOCTOR VICTOR RIOS RUIZ,4M,ZG.CHILE VAMOS EVOPOLI - INDEPENDIENTES,321. FELIPE ELIZARDO HERNANDEZ SOTO,IND,0.0,False
107004,ANTUCO,ANTUCO,LICEO  DOCTOR VICTOR RIOS RUIZ,4M,ZJ.CHILE VAMOS UDI - INDEPENDIENTES,322. JUAN CARLOS SALINAS MUÑOZ,UDI,0.0,False
107005,ANTUCO,ANTUCO,LICEO  DOCTOR VICTOR RIOS RUIZ,4M,ZJ.CHILE VAMOS UDI - INDEPENDIENTES,323. NAYADETT DEL PILAR FUENTES VIVEROS,IND,1.0,False
107006,ANTUCO,ANTUCO,LICEO  DOCTOR VICTOR RIOS RUIZ,4M,ZJ.CHILE VAMOS UDI - INDEPENDIENTES,324. CARLOS RODOLFO VIGNOLO BURGOS,IND,1.0,False
107007,ANTUCO,ANTUCO,LICEO  DOCTOR VICTOR RIOS RUIZ,4M,ZJ.CHILE VAMOS UDI - INDEPENDIENTES,325. KATHERINE  ECKHOLT SEGUEL,IND,6.0,False
107008,ANTUCO,ANTUCO,LICEO  DOCTOR VICTOR RIOS RUIZ,4M,ZU.RADICALES E INDEPENDIENTES,326. NELSON FABIAN ISLA VILCHE,PR,4.0,True
107009,ANTUCO,ANTUCO,LICEO  DOCTOR VICTOR RIOS RUIZ,4M,ZU.RADICALES E INDEPENDIENTES,327. VICTOR MANUEL VIVANCO QUEZADA,PR,2.0,False
107010,ANTUCO,ANTUCO,LICEO  DOCTOR VICTOR RIOS RUIZ,4M,ZU.RADICALES E INDEPENDIENTES,328. BARBARA ROMINA RUBIO MELLADO,PR,6.0,False
107011,ANTUCO,ANTUCO,LICEO  DOCTOR VICTOR RIOS RUIZ,4M,ZU.RADICALES E INDEPENDIENTES,329. DIONISIO NADIER MUÑOZ COÑUECAR,PR,4.0,False
107012,ANTUCO,ANTUCO,LICEO  DOCTOR VICTOR RIOS RUIZ,4M,ZU.RADICALES E INDEPENDIENTES,330. PAOLA IGNACIA ROLACK SAN MARTIN,IND,1.0,False
107013,ANTUCO,ANTUCO,LICEO  DOCTOR VICTOR RIOS RUIZ,4M,ZU.RADICALES E INDEPENDIENTES,331. CLAUDIA PATRICIA JELVES MANCILLA,IND,6.0,False
107014,ANTUCO,ANTUCO,LICEO  DOCTOR VICTOR RIOS RUIZ,5M,XK.CHILE VAMOS RENOVACION NACIONAL - INDEPENDIENTES,300. GLORIA MAGDALENA ABDALA BENAVIDES,RN,4.0,False
107015,ANTUCO,ANTUCO,LICEO  DOCTOR VICTOR RIOS RUIZ,5M,XK.CHILE VAMOS RENOVACION NACIONAL - INDEPENDIENTES,301. BASILIO FELIPE ALMENDRAS SANCHEZ,RN,6.0,False
107016,ANTUCO,ANTUCO,LICEO  DOCTOR VICTOR RIOS RUIZ,5M,XK.CHILE VAMOS RENOVACION NACIONAL - INDEPENDIENTES,302. MIGUEL PATRICIO GARCES MUÑOZ,RN,9.0,False
107017,ANTUCO,ANTUCO,LICEO  DOCTOR VICTOR RIOS RUIZ,5M,XK.CHILE VAMOS RENOVACION NACIONAL - INDEPENDIENTES,303. LEONARDO ERNESTO PINOCHET DAZA,RN,1.0,False
107018,ANTUCO,ANTUCO,LICEO  DOCTOR VICTOR RIOS RUIZ,5M,XK.CHILE VAMOS RENOVACION NACIONAL - INDEPENDIENTES,304. VANESSA IVETTE GOMEZ ROLACK,RN,2.0,False
107019,ANTUCO,ANTUCO,LICEO  DOCTOR VICTOR RIOS RUIZ,5M,XK.CHILE VAMOS RENOVACION NACIONAL - INDEPENDIENTES,305. CARLOS ENRIQUE LOPEZ OVALLE,RN,5.0,True
107020,ANTUCO,ANTUCO,LICEO  DOCTOR VICTOR RIOS RUIZ,5M,XU.UNIDOS POR LA DIGNIDAD,306. FLORISA VERONICA CONEJEROS MUÑOZ,PDC,15.0,False
107021,ANTUCO,ANTUCO,LICEO  DOCTOR VICTOR RIOS RUIZ,5M,XU.UNIDOS POR LA DIGNIDAD,307. MAURICIO ALEJANDRO SALDIAS PARRA,PDC,28.0,True
107022,ANTUCO,ANTUCO,LICEO  DOCTOR VICTOR RIOS RUIZ,5M,XU.UNIDOS POR LA DIGNIDAD,308. CLAUDIO EDELBERTO SOLAR JARA,PDC,12.0,True
107023,ANTUCO,ANTUCO,LICEO  DOCTOR VICTOR RIOS RUIZ,5M,XU.UNIDOS POR LA DIGNIDAD,309. ANA MARIA CORONATA SEGURE,IND,5.0,False
107024,ANTUCO,ANTUCO,LICEO  DOCTOR VICTOR RIOS RUIZ,5M,XZ.ECOLOGISTAS E INDEPENDIENTES,310. DIEGO OVALLE VALENZUELA,IND,10.0,False
107025,ANTUCO,ANTUCO,LICEO  DOCTOR VICTOR RIOS RUIZ,5M,YM.CHILE VAMOS - PRI E INDEPENDIENTES,311. MARIA ANTONIETA DEL VALLE BASCUR,PRI,1.0,False
107026,ANTUCO,ANTUCO,LICEO  DOCTOR VICTOR RIOS RUIZ,5M,YM.CHILE VAMOS - PRI E INDEPENDIENTES,312. VIVIANA SOLEDAD VENEGAS AGUILERA,PRI,3.0,False
107027,ANTUCO,ANTUCO,LICEO  DOCTOR VICTOR RIOS RUIZ,5M,YM.CHILE VAMOS - PRI E INDEPENDIENTES,313. JORGE JAVIER GARCIA TRIVIÑO,IND,5.0,False
107028,ANTUCO,ANTUCO,LICEO  DOCTOR VICTOR RIOS RUIZ,5M,YW.UNIDAD POR EL APRUEBO PS PPD E INDEPENDIENTES,314. RAMON HUMBERTO AGUILA ESPINOZA,PS,14.0,True
107029,ANTUCO,ANTUCO,LICEO  DOCTOR VICTOR RIOS RUIZ,5M,YW.UNIDAD POR EL APRUEBO PS PPD E INDEPENDIENTES,315. MARGARITA DEL CARMEN NAUPA BOQUI,PS,4.0,False
107030,ANTUCO,ANTUCO,LICEO  DOCTOR VICTOR RIOS RUIZ,5M,YW.UNIDAD POR EL APRUEBO PS PPD E INDEPENDIENTES,316. CARLOS ALVAN TOLEDO CIFUENTES,IND,2.0,False
107031,ANTUCO,ANTUCO,LICEO  DOCTOR VICTOR RIOS RUIZ,5M,YW.UNIDAD POR EL APRUEBO PS PPD E INDEPENDIENTES,317. ELBA ISSI SALDIAS,PPD,11.0,False
107032,ANTUCO,ANTUCO,LICEO  DOCTOR VICTOR RIOS RUIZ,5M,YW.UNIDAD POR EL APRUEBO PS PPD E INDEPENDIENTES,318. VICENTE ARNALDO HIGUERAS URRUTIA,PPD,3.0,False
107033,ANTUCO,ANTUCO,LICEO  DOCTOR VICTOR RIOS RUIZ,5M,YW.UNIDAD POR EL APRUEBO PS PPD E INDEPENDIENTES,319. RODRIGO AGUILERA VERGARA,IND,22.0,True
107034,ANTUCO,ANTUCO,LICEO  DOCTOR VICTOR RIOS RUIZ,5M,ZG.CHILE VAMOS EVOPOLI - INDEPENDIENTES,320. LORETO ANDREA VIVEROS COFRE,IND,2.0,False
107035,ANTUCO,ANTUCO,LICEO  DOCTOR VICTOR RIOS RUIZ,5M,ZG.CHILE VAMOS EVOPOLI - INDEPENDIENTES,321. FELIPE ELIZARDO HERNANDEZ SOTO,IND,0.0,False
107036,ANTUCO,ANTUCO,LICEO  DOCTOR VICTOR RIOS RUIZ,5M,ZJ.CHILE VAMOS UDI - INDEPENDIENTES,322. JUAN CARLOS SALINAS MUÑOZ,UDI,2.0,False
107037,ANTUCO,ANTUCO,LICEO  DOCTOR VICTOR RIOS RUIZ,5M,ZJ.CHILE VAMOS UDI - INDEPENDIENTES,323. NAYADETT DEL PILAR FUENTES VIVEROS,IND,1.0,False
107038,ANTUCO,ANTUCO,LICEO  DOCTOR VICTOR RIOS RUIZ,5M,ZJ.CHILE VAMOS UDI - INDEPENDIENTES,324. CARLOS RODOLFO VIGNOLO BURGOS,IND,1.0,False
107039,ANTUCO,ANTUCO,LICEO  DOCTOR VICTOR RIOS RUIZ,5M,ZJ.CHILE VAMOS UDI - INDEPENDIENTES,325. KATHERINE  ECKHOLT SEGUEL,IND,5.0,False
107040,ANTUCO,ANTUCO,LICEO  DOCTOR VICTOR RIOS RUIZ,5M,ZU.RADICALES E INDEPENDIENTES,326. NELSON FABIAN ISLA VILCHE,PR,8.0,True
107041,ANTUCO,ANTUCO,LICEO  DOCTOR VICTOR RIOS RUIZ,5M,ZU.RADICALES E INDEPENDIENTES,327. VICTOR MANUEL VIVANCO QUEZADA,PR,2.0,False
107042,ANTUCO,ANTUCO,LICEO  DOCTOR VICTOR RIOS RUIZ,5M,ZU.RADICALES E INDEPENDIENTES,328. BARBARA ROMINA RUBIO MELLADO,PR,4.0,False
107043,ANTUCO,ANTUCO,LICEO  DOCTOR VICTOR RIOS RUIZ,5M,ZU.RADICALES E INDEPENDIENTES,329. DIONISIO NADIER MUÑOZ COÑUECAR,PR,2.0,False
107044,ANTUCO,ANTUCO,LICEO  DOCTOR VICTOR RIOS RUIZ,5M,ZU.RADICALES E INDEPENDIENTES,330. PAOLA IGNACIA ROLACK SAN MARTIN,IND,3.0,False
107045,ANTUCO,ANTUCO,LICEO  DOCTOR VICTOR RIOS RUIZ,5M,ZU.RADICALES E INDEPENDIENTES,331. CLAUDIA PATRICIA JELVES MANCILLA,IND,5.0,False
107046,ANTUCO,ANTUCO,LICEO  DOCTOR VICTOR RIOS RUIZ,6M,XK.CHILE VAMOS RENOVACION NACIONAL - INDEPENDIENTES,300. GLORIA MAGDALENA ABDALA BENAVIDES,RN,1.0,False
107047,ANTUCO,ANTUCO,LICEO  DOCTOR VICTOR RIOS RUIZ,6M,XK.CHILE VAMOS RENOVACION NACIONAL - INDEPENDIENTES,301. BASILIO FELIPE ALMENDRAS SANCHEZ,RN,0.0,False
107048,ANTUCO,ANTUCO,LICEO  DOCTOR VICTOR RIOS RUIZ,6M,XK.CHILE VAMOS RENOVACION NACIONAL - INDEPENDIENTES,302. MIGUEL PATRICIO GARCES MUÑOZ,RN,2.0,False
107049,ANTUCO,ANTUCO,LICEO  DOCTOR VICTOR RIOS RUIZ,6M,XK.CHILE VAMOS RENOVACION NACIONAL - INDEPENDIENTES,303. LEONARDO ERNESTO PINOCHET DAZA,RN,2.0,False
107050,ANTUCO,ANTUCO,LICEO  DOCTOR VICTOR RIOS RUIZ,6M,XK.CHILE VAMOS RENOVACION NACIONAL - INDEPENDIENTES,304. VANESSA IVETTE GOMEZ ROLACK,RN,2.0,False
107051,ANTUCO,ANTUCO,LICEO  DOCTOR VICTOR RIOS RUIZ,6M,XK.CHILE VAMOS RENOVACION NACIONAL - INDEPENDIENTES,305. CARLOS ENRIQUE LOPEZ OVALLE,RN,9.0,True
107052,ANTUCO,ANTUCO,LICEO  DOCTOR VICTOR RIOS RUIZ,6M,XU.UNIDOS POR LA DIGNIDAD,306. FLORISA VERONICA CONEJEROS MUÑOZ,PDC,17.0,False
107053,ANTUCO,ANTUCO,LICEO  DOCTOR VICTOR RIOS RUIZ,6M,XU.UNIDOS POR LA DIGNIDAD,307. MAURICIO ALEJANDRO SALDIAS PARRA,PDC,20.0,True
107054,ANTUCO,ANTUCO,LICEO  DOCTOR VICTOR RIOS RUIZ,6M,XU.UNIDOS POR LA DIGNIDAD,308. CLAUDIO EDELBERTO SOLAR JARA,PDC,24.0,True
107055,ANTUCO,ANTUCO,LICEO  DOCTOR VICTOR RIOS RUIZ,6M,XU.UNIDOS POR LA DIGNIDAD,309. ANA MARIA CORONATA SEGURE,IND,2.0,False
107056,ANTUCO,ANTUCO,LICEO  DOCTOR VICTOR RIOS RUIZ,6M,XZ.ECOLOGISTAS E INDEPENDIENTES,310. DIEGO OVALLE VALENZUELA,IND,12.0,False
107057,ANTUCO,ANTUCO,LICEO  DOCTOR VICTOR RIOS RUIZ,6M,YM.CHILE VAMOS - PRI E INDEPENDIENTES,311. MARIA ANTONIETA DEL VALLE BASCUR,PRI,1.0,False
107058,ANTUCO,ANTUCO,LICEO  DOCTOR VICTOR RIOS RUIZ,6M,YM.CHILE VAMOS - PRI E INDEPENDIENTES,312. VIVIANA SOLEDAD VENEGAS AGUILERA,PRI,6.0,False
107059,ANTUCO,ANTUCO,LICEO  DOCTOR VICTOR RIOS RUIZ,6M,YM.CHILE VAMOS - PRI E INDEPENDIENTES,313. JORGE JAVIER GARCIA TRIVIÑO,IND,2.0,False
107060,ANTUCO,ANTUCO,LICEO  DOCTOR VICTOR RIOS RUIZ,6M,YW.UNIDAD POR EL APRUEBO PS PPD E INDEPENDIENTES,314. RAMON HUMBERTO AGUILA ESPINOZA,PS,21.0,True
107061,ANTUCO,ANTUCO,LICEO  DOCTOR VICTOR RIOS RUIZ,6M,YW.UNIDAD POR EL APRUEBO PS PPD E INDEPENDIENTES,315. MARGARITA DEL CARMEN NAUPA BOQUI,PS,3.0,False
107062,ANTUCO,ANTUCO,LICEO  DOCTOR VICTOR RIOS RUIZ,6M,YW.UNIDAD POR EL APRUEBO PS PPD E INDEPENDIENTES,316. CARLOS ALVAN TOLEDO CIFUENTES,IND,0.0,False
107063,ANTUCO,ANTUCO,LICEO  DOCTOR VICTOR RIOS RUIZ,6M,YW.UNIDAD POR EL APRUEBO PS PPD E INDEPENDIENTES,317. ELBA ISSI SALDIAS,PPD,13.0,False
107064,ANTUCO,ANTUCO,LICEO  DOCTOR VICTOR RIOS RUIZ,6M,YW.UNIDAD POR EL APRUEBO PS PPD E INDEPENDIENTES,318. VICENTE ARNALDO HIGUERAS URRUTIA,PPD,5.0,False
107065,ANTUCO,ANTUCO,LICEO  DOCTOR VICTOR RIOS RUIZ,6M,YW.UNIDAD POR EL APRUEBO PS PPD E INDEPENDIENTES,319. RODRIGO AGUILERA VERGARA,IND,11.0,True
107066,ANTUCO,ANTUCO,LICEO  DOCTOR VICTOR RIOS RUIZ,6M,ZG.CHILE VAMOS EVOPOLI - INDEPENDIENTES,320. LORETO ANDREA VIVEROS COFRE,IND,3.0,False
107067,ANTUCO,ANTUCO,LICEO  DOCTOR VICTOR RIOS RUIZ,6M,ZG.CHILE VAMOS EVOPOLI - INDEPENDIENTES,321. FELIPE ELIZARDO HERNANDEZ SOTO,IND,0.0,False
107068,ANTUCO,ANTUCO,LICEO  DOCTOR VICTOR RIOS RUIZ,6M,ZJ.CHILE VAMOS UDI - INDEPENDIENTES,322. JUAN CARLOS SALINAS MUÑOZ,UDI,0.0,False
107069,ANTUCO,ANTUCO,LICEO  DOCTOR VICTOR RIOS RUIZ,6M,ZJ.CHILE VAMOS UDI - INDEPENDIENTES,323. NAYADETT DEL PILAR FUENTES VIVEROS,IND,0.0,False
107070,ANTUCO,ANTUCO,LICEO  DOCTOR VICTOR RIOS RUIZ,6M,ZJ.CHILE VAMOS UDI - INDEPENDIENTES,324. CARLOS RODOLFO VIGNOLO BURGOS,IND,3.0,False
107071,ANTUCO,ANTUCO,LICEO  DOCTOR VICTOR RIOS RUIZ,6M,ZJ.CHILE VAMOS UDI - INDEPENDIENTES,325. KATHERINE  ECKHOLT SEGUEL,IND,16.0,False
107072,ANTUCO,ANTUCO,LICEO  DOCTOR VICTOR RIOS RUIZ,6M,ZU.RADICALES E INDEPENDIENTES,326. NELSON FABIAN ISLA VILCHE,PR,5.0,True
107073,ANTUCO,ANTUCO,LICEO  DOCTOR VICTOR RIOS RUIZ,6M,ZU.RADICALES E INDEPENDIENTES,327. VICTOR MANUEL VIVANCO QUEZADA,PR,3.0,False
107074,ANTUCO,ANTUCO,LICEO  DOCTOR VICTOR RIOS RUIZ,6M,ZU.RADICALES E INDEPENDIENTES,328. BARBARA ROMINA RUBIO MELLADO,PR,5.0,False
107075,ANTUCO,ANTUCO,LICEO  DOCTOR VICTOR RIOS RUIZ,6M,ZU.RADICALES E INDEPENDIENTES,329. DIONISIO NADIER MUÑOZ COÑUECAR,PR,1.0,False
107076,ANTUCO,ANTUCO,LICEO  DOCTOR VICTOR RIOS RUIZ,6M,ZU.RADICALES E INDEPENDIENTES,330. PAOLA IGNACIA ROLACK SAN MARTIN,IND,0.0,False
107077,ANTUCO,ANTUCO,LICEO  DOCTOR VICTOR RIOS RUIZ,6M,ZU.RADICALES E INDEPENDIENTES,331. CLAUDIA PATRICIA JELVES MANCILLA,IND,5.0,False
107078,ANTUCO,ANTUCO,LICEO  DOCTOR VICTOR RIOS RUIZ,7M,XK.CHILE VAMOS RENOVACION NACIONAL - INDEPENDIENTES,300. GLORIA MAGDALENA ABDALA BENAVIDES,RN,1.0,False
107079,ANTUCO,ANTUCO,LICEO  DOCTOR VICTOR RIOS RUIZ,7M,XK.CHILE VAMOS RENOVACION NACIONAL - INDEPENDIENTES,301. BASILIO FELIPE ALMENDRAS SANCHEZ,RN,2.0,False
107080,ANTUCO,ANTUCO,LICEO  DOCTOR VICTOR RIOS RUIZ,7M,XK.CHILE VAMOS RENOVACION NACIONAL - INDEPENDIENTES,302. MIGUEL PATRICIO GARCES MUÑOZ,RN,3.0,False
107081,ANTUCO,ANTUCO,LICEO  DOCTOR VICTOR RIOS RUIZ,7M,XK.CHILE VAMOS RENOVACION NACIONAL - INDEPENDIENTES,303. LEONARDO ERNESTO PINOCHET DAZA,RN,5.0,False
107082,ANTUCO,ANTUCO,LICEO  DOCTOR VICTOR RIOS RUIZ,7M,XK.CHILE VAMOS RENOVACION NACIONAL - INDEPENDIENTES,304. VANESSA IVETTE GOMEZ ROLACK,RN,1.0,False
107083,ANTUCO,ANTUCO,LICEO  DOCTOR VICTOR RIOS RUIZ,7M,XK.CHILE VAMOS RENOVACION NACIONAL - INDEPENDIENTES,305. CARLOS ENRIQUE LOPEZ OVALLE,RN,10.0,True
107084,ANTUCO,ANTUCO,LICEO  DOCTOR VICTOR RIOS RUIZ,7M,XU.UNIDOS POR LA DIGNIDAD,306. FLORISA VERONICA CONEJEROS MUÑOZ,PDC,14.0,False
107085,ANTUCO,ANTUCO,LICEO  DOCTOR VICTOR RIOS RUIZ,7M,XU.UNIDOS POR LA DIGNIDAD,307. MAURICIO ALEJANDRO SALDIAS PARRA,PDC,11.0,True
107086,ANTUCO,ANTUCO,LICEO  DOCTOR VICTOR RIOS RUIZ,7M,XU.UNIDOS POR LA DIGNIDAD,308. CLAUDIO EDELBERTO SOLAR JARA,PDC,16.0,True
107087,ANTUCO,ANTUCO,LICEO  DOCTOR VICTOR RIOS RUIZ,7M,XU.UNIDOS POR LA DIGNIDAD,309. ANA MARIA CORONATA SEGURE,IND,2.0,False
107088,ANTUCO,ANTUCO,LICEO  DOCTOR VICTOR RIOS RUIZ,7M,XZ.ECOLOGISTAS E INDEPENDIENTES,310. DIEGO OVALLE VALENZUELA,IND,17.0,False
107089,ANTUCO,ANTUCO,LICEO  DOCTOR VICTOR RIOS RUIZ,7M,YM.CHILE VAMOS - PRI E INDEPENDIENTES,311. MARIA ANTONIETA DEL VALLE BASCUR,PRI,0.0,False
107090,ANTUCO,ANTUCO,LICEO  DOCTOR VICTOR RIOS RUIZ,7M,YM.CHILE VAMOS - PRI E INDEPENDIENTES,312. VIVIANA SOLEDAD VENEGAS AGUILERA,PRI,2.0,False
107091,ANTUCO,ANTUCO,LICEO  DOCTOR VICTOR RIOS RUIZ,7M,YM.CHILE VAMOS - PRI E INDEPENDIENTES,313. JORGE JAVIER GARCIA TRIVIÑO,IND,3.0,False
107092,ANTUCO,ANTUCO,LICEO  DOCTOR VICTOR RIOS RUIZ,7M,YW.UNIDAD POR EL APRUEBO PS PPD E INDEPENDIENTES,314. RAMON HUMBERTO AGUILA ESPINOZA,PS,15.0,True
107093,ANTUCO,ANTUCO,LICEO  DOCTOR VICTOR RIOS RUIZ,7M,YW.UNIDAD POR EL APRUEBO PS PPD E INDEPENDIENTES,315. MARGARITA DEL CARMEN NAUPA BOQUI,PS,8.0,False
107094,ANTUCO,ANTUCO,LICEO  DOCTOR VICTOR RIOS RUIZ,7M,YW.UNIDAD POR EL APRUEBO PS PPD E INDEPENDIENTES,316. CARLOS ALVAN TOLEDO CIFUENTES,IND,1.0,False
107095,ANTUCO,ANTUCO,LICEO  DOCTOR VICTOR RIOS RUIZ,7M,YW.UNIDAD POR EL APRUEBO PS PPD E INDEPENDIENTES,317. ELBA ISSI SALDIAS,PPD,9.0,False
107096,ANTUCO,ANTUCO,LICEO  DOCTOR VICTOR RIOS RUIZ,7M,YW.UNIDAD POR EL APRUEBO PS PPD E INDEPENDIENTES,318. VICENTE ARNALDO HIGUERAS URRUTIA,PPD,8.0,False
107097,ANTUCO,ANTUCO,LICEO  DOCTOR VICTOR RIOS RUIZ,7M,YW.UNIDAD POR EL APRUEBO PS PPD E INDEPENDIENTES,319. RODRIGO AGUILERA VERGARA,IND,29.0,True
107098,ANTUCO,ANTUCO,LICEO  DOCTOR VICTOR RIOS RUIZ,7M,ZG.CHILE VAMOS EVOPOLI - INDEPENDIENTES,320. LORETO ANDREA VIVEROS COFRE,IND,1.0,False
107099,ANTUCO,ANTUCO,LICEO  DOCTOR VICTOR RIOS RUIZ,7M,ZG.CHILE VAMOS EVOPOLI - INDEPENDIENTES,321. FELIPE ELIZARDO HERNANDEZ SOTO,IND,0.0,False
107100,ANTUCO,ANTUCO,LICEO  DOCTOR VICTOR RIOS RUIZ,7M,ZJ.CHILE VAMOS UDI - INDEPENDIENTES,322. JUAN CARLOS SALINAS MUÑOZ,UDI,0.0,False
107101,ANTUCO,ANTUCO,LICEO  DOCTOR VICTOR RIOS RUIZ,7M,ZJ.CHILE VAMOS UDI - INDEPENDIENTES,323. NAYADETT DEL PILAR FUENTES VIVEROS,IND,6.0,False
107102,ANTUCO,ANTUCO,LICEO  DOCTOR VICTOR RIOS RUIZ,7M,ZJ.CHILE VAMOS UDI - INDEPENDIENTES,324. CARLOS RODOLFO VIGNOLO BURGOS,IND,2.0,False
107103,ANTUCO,ANTUCO,LICEO  DOCTOR VICTOR RIOS RUIZ,7M,ZJ.CHILE VAMOS UDI - INDEPENDIENTES,325. KATHERINE  ECKHOLT SEGUEL,IND,7.0,False
107104,ANTUCO,ANTUCO,LICEO  DOCTOR VICTOR RIOS RUIZ,7M,ZU.RADICALES E INDEPENDIENTES,326. NELSON FABIAN ISLA VILCHE,PR,4.0,True
107105,ANTUCO,ANTUCO,LICEO  DOCTOR VICTOR RIOS RUIZ,7M,ZU.RADICALES E INDEPENDIENTES,327. VICTOR MANUEL VIVANCO QUEZADA,PR,7.0,False
107106,ANTUCO,ANTUCO,LICEO  DOCTOR VICTOR RIOS RUIZ,7M,ZU.RADICALES E INDEPENDIENTES,328. BARBARA ROMINA RUBIO MELLADO,PR,9.0,False
107107,ANTUCO,ANTUCO,LICEO  DOCTOR VICTOR RIOS RUIZ,7M,ZU.RADICALES E INDEPENDIENTES,329. DIONISIO NADIER MUÑOZ COÑUECAR,PR,3.0,False
107108,ANTUCO,ANTUCO,LICEO  DOCTOR VICTOR RIOS RUIZ,7M,ZU.RADICALES E INDEPENDIENTES,330. PAOLA IGNACIA ROLACK SAN MARTIN,IND,3.0,False
107109,ANTUCO,ANTUCO,LICEO  DOCTOR VICTOR RIOS RUIZ,7M,ZU.RADICALES E INDEPENDIENTES,331. CLAUDIA PATRICIA JELVES MANCILLA,IND,4.0,False
107110,ANTUCO,ANTUCO,LICEO  DOCTOR VICTOR RIOS RUIZ,1V,XK.CHILE VAMOS RENOVACION NACIONAL - INDEPENDIENTES,300. GLORIA MAGDALENA ABDALA BENAVIDES,RN,0.0,False
107111,ANTUCO,ANTUCO,LICEO  DOCTOR VICTOR RIOS RUIZ,1V,XK.CHILE VAMOS RENOVACION NACIONAL - INDEPENDIENTES,301. BASILIO FELIPE ALMENDRAS SANCHEZ,RN,2.0,False
107112,ANTUCO,ANTUCO,LICEO  DOCTOR VICTOR RIOS RUIZ,1V,XK.CHILE VAMOS RENOVACION NACIONAL - INDEPENDIENTES,302. MIGUEL PATRICIO GARCES MUÑOZ,RN,1.0,False
107113,ANTUCO,ANTUCO,LICEO  DOCTOR VICTOR RIOS RUIZ,1V,XK.CHILE VAMOS RENOVACION NACIONAL - INDEPENDIENTES,303. LEONARDO ERNESTO PINOCHET DAZA,RN,5.0,False
107114,ANTUCO,ANTUCO,LICEO  DOCTOR VICTOR RIOS RUIZ,1V,XK.CHILE VAMOS RENOVACION NACIONAL - INDEPENDIENTES,304. VANESSA IVETTE GOMEZ ROLACK,RN,1.0,False
107115,ANTUCO,ANTUCO,LICEO  DOCTOR VICTOR RIOS RUIZ,1V,XK.CHILE VAMOS RENOVACION NACIONAL - INDEPENDIENTES,305. CARLOS ENRIQUE LOPEZ OVALLE,RN,7.0,True
107116,ANTUCO,ANTUCO,LICEO  DOCTOR VICTOR RIOS RUIZ,1V,XU.UNIDOS POR LA DIGNIDAD,306. FLORISA VERONICA CONEJEROS MUÑOZ,PDC,9.0,False
107117,ANTUCO,ANTUCO,LICEO  DOCTOR VICTOR RIOS RUIZ,1V,XU.UNIDOS POR LA DIGNIDAD,307. MAURICIO ALEJANDRO SALDIAS PARRA,PDC,11.0,True
107118,ANTUCO,ANTUCO,LICEO  DOCTOR VICTOR RIOS RUIZ,1V,XU.UNIDOS POR LA DIGNIDAD,308. CLAUDIO EDELBERTO SOLAR JARA,PDC,11.0,True
107119,ANTUCO,ANTUCO,LICEO  DOCTOR VICTOR RIOS RUIZ,1V,XU.UNIDOS POR LA DIGNIDAD,309. ANA MARIA CORONATA SEGURE,IND,1.0,False
107120,ANTUCO,ANTUCO,LICEO  DOCTOR VICTOR RIOS RUIZ,1V,XZ.ECOLOGISTAS E INDEPENDIENTES,310. DIEGO OVALLE VALENZUELA,IND,1.0,False
107121,ANTUCO,ANTUCO,LICEO  DOCTOR VICTOR RIOS RUIZ,1V,YM.CHILE VAMOS - PRI E INDEPENDIENTES,311. MARIA ANTONIETA DEL VALLE BASCUR,PRI,1.0,False
107122,ANTUCO,ANTUCO,LICEO  DOCTOR VICTOR RIOS RUIZ,1V,YM.CHILE VAMOS - PRI E INDEPENDIENTES,312. VIVIANA SOLEDAD VENEGAS AGUILERA,PRI,2.0,False
107123,ANTUCO,ANTUCO,LICEO  DOCTOR VICTOR RIOS RUIZ,1V,YM.CHILE VAMOS - PRI E INDEPENDIENTES,313. JORGE JAVIER GARCIA TRIVIÑO,IND,1.0,False
107124,ANTUCO,ANTUCO,LICEO  DOCTOR VICTOR RIOS RUIZ,1V,YW.UNIDAD POR EL APRUEBO PS PPD E INDEPENDIENTES,314. RAMON HUMBERTO AGUILA ESPINOZA,PS,20.0,True
107125,ANTUCO,ANTUCO,LICEO  DOCTOR VICTOR RIOS RUIZ,1V,YW.UNIDAD POR EL APRUEBO PS PPD E INDEPENDIENTES,315. MARGARITA DEL CARMEN NAUPA BOQUI,PS,3.0,False
107126,ANTUCO,ANTUCO,LICEO  DOCTOR VICTOR RIOS RUIZ,1V,YW.UNIDAD POR EL APRUEBO PS PPD E INDEPENDIENTES,316. CARLOS ALVAN TOLEDO CIFUENTES,IND,1.0,False
107127,ANTUCO,ANTUCO,LICEO  DOCTOR VICTOR RIOS RUIZ,1V,YW.UNIDAD POR EL APRUEBO PS PPD E INDEPENDIENTES,317. ELBA ISSI SALDIAS,PPD,8.0,False
107128,ANTUCO,ANTUCO,LICEO  DOCTOR VICTOR RIOS RUIZ,1V,YW.UNIDAD POR EL APRUEBO PS PPD E INDEPENDIENTES,318. VICENTE ARNALDO HIGUERAS URRUTIA,PPD,4.0,False
107129,ANTUCO,ANTUCO,LICEO  DOCTOR VICTOR RIOS RUIZ,1V,YW.UNIDAD POR EL APRUEBO PS PPD E INDEPENDIENTES,319. RODRIGO AGUILERA VERGARA,IND,15.0,True
107130,ANTUCO,ANTUCO,LICEO  DOCTOR VICTOR RIOS RUIZ,1V,ZG.CHILE VAMOS EVOPOLI - INDEPENDIENTES,320. LORETO ANDREA VIVEROS COFRE,IND,1.0,False
107131,ANTUCO,ANTUCO,LICEO  DOCTOR VICTOR RIOS RUIZ,1V,ZG.CHILE VAMOS EVOPOLI - INDEPENDIENTES,321. FELIPE ELIZARDO HERNANDEZ SOTO,IND,0.0,False
107132,ANTUCO,ANTUCO,LICEO  DOCTOR VICTOR RIOS RUIZ,1V,ZJ.CHILE VAMOS UDI - INDEPENDIENTES,322. JUAN CARLOS SALINAS MUÑOZ,UDI,0.0,False
107133,ANTUCO,ANTUCO,LICEO  DOCTOR VICTOR RIOS RUIZ,1V,ZJ.CHILE VAMOS UDI - INDEPENDIENTES,323. NAYADETT DEL PILAR FUENTES VIVEROS,IND,2.0,False
107134,ANTUCO,ANTUCO,LICEO  DOCTOR VICTOR RIOS RUIZ,1V,ZJ.CHILE VAMOS UDI - INDEPENDIENTES,324. CARLOS RODOLFO VIGNOLO BURGOS,IND,2.0,False
107135,ANTUCO,ANTUCO,LICEO  DOCTOR VICTOR RIOS RUIZ,1V,ZJ.CHILE VAMOS UDI - INDEPENDIENTES,325. KATHERINE  ECKHOLT SEGUEL,IND,7.0,False
107136,ANTUCO,ANTUCO,LICEO  DOCTOR VICTOR RIOS RUIZ,1V,ZU.RADICALES E INDEPENDIENTES,326. NELSON FABIAN ISLA VILCHE,PR,8.0,True
107137,ANTUCO,ANTUCO,LICEO  DOCTOR VICTOR RIOS RUIZ,1V,ZU.RADICALES E INDEPENDIENTES,327. VICTOR MANUEL VIVANCO QUEZADA,PR,1.0,False
107138,ANTUCO,ANTUCO,LICEO  DOCTOR VICTOR RIOS RUIZ,1V,ZU.RADICALES E INDEPENDIENTES,328. BARBARA ROMINA RUBIO MELLADO,PR,6.0,False
107139,ANTUCO,ANTUCO,LICEO  DOCTOR VICTOR RIOS RUIZ,1V,ZU.RADICALES E INDEPENDIENTES,329. DIONISIO NADIER MUÑOZ COÑUECAR,PR,1.0,False
107140,ANTUCO,ANTUCO,LICEO  DOCTOR VICTOR RIOS RUIZ,1V,ZU.RADICALES E INDEPENDIENTES,330. PAOLA IGNACIA ROLACK SAN MARTIN,IND,1.0,False
107141,ANTUCO,ANTUCO,LICEO  DOCTOR VICTOR RIOS RUIZ,1V,ZU.RADICALES E INDEPENDIENTES,331. CLAUDIA PATRICIA JELVES MANCILLA,IND,1.0,False
107142,ANTUCO,ANTUCO,LICEO  DOCTOR VICTOR RIOS RUIZ,2V,XK.CHILE VAMOS RENOVACION NACIONAL - INDEPENDIENTES,300. GLORIA MAGDALENA ABDALA BENAVIDES,RN,1.0,False
107143,ANTUCO,ANTUCO,LICEO  DOCTOR VICTOR RIOS RUIZ,2V,XK.CHILE VAMOS RENOVACION NACIONAL - INDEPENDIENTES,301. BASILIO FELIPE ALMENDRAS SANCHEZ,RN,5.0,False
107144,ANTUCO,ANTUCO,LICEO  DOCTOR VICTOR RIOS RUIZ,2V,XK.CHILE VAMOS RENOVACION NACIONAL - INDEPENDIENTES,302. MIGUEL PATRICIO GARCES MUÑOZ,RN,0.0,False
107145,ANTUCO,ANTUCO,LICEO  DOCTOR VICTOR RIOS RUIZ,2V,XK.CHILE VAMOS RENOVACION NACIONAL - INDEPENDIENTES,303. LEONARDO ERNESTO PINOCHET DAZA,RN,2.0,False
107146,ANTUCO,ANTUCO,LICEO  DOCTOR VICTOR RIOS RUIZ,2V,XK.CHILE VAMOS RENOVACION NACIONAL - INDEPENDIENTES,304. VANESSA IVETTE GOMEZ ROLACK,RN,1.0,False
107147,ANTUCO,ANTUCO,LICEO  DOCTOR VICTOR RIOS RUIZ,2V,XK.CHILE VAMOS RENOVACION NACIONAL - INDEPENDIENTES,305. CARLOS ENRIQUE LOPEZ OVALLE,RN,3.0,True
107148,ANTUCO,ANTUCO,LICEO  DOCTOR VICTOR RIOS RUIZ,2V,XU.UNIDOS POR LA DIGNIDAD,306. FLORISA VERONICA CONEJEROS MUÑOZ,PDC,16.0,False
107149,ANTUCO,ANTUCO,LICEO  DOCTOR VICTOR RIOS RUIZ,2V,XU.UNIDOS POR LA DIGNIDAD,307. MAURICIO ALEJANDRO SALDIAS PARRA,PDC,22.0,True
107150,ANTUCO,ANTUCO,LICEO  DOCTOR VICTOR RIOS RUIZ,2V,XU.UNIDOS POR LA DIGNIDAD,308. CLAUDIO EDELBERTO SOLAR JARA,PDC,19.0,True
107151,ANTUCO,ANTUCO,LICEO  DOCTOR VICTOR RIOS RUIZ,2V,XU.UNIDOS POR LA DIGNIDAD,309. ANA MARIA CORONATA SEGURE,IND,0.0,False
107152,ANTUCO,ANTUCO,LICEO  DOCTOR VICTOR RIOS RUIZ,2V,XZ.ECOLOGISTAS E INDEPENDIENTES,310. DIEGO OVALLE VALENZUELA,IND,6.0,False
107153,ANTUCO,ANTUCO,LICEO  DOCTOR VICTOR RIOS RUIZ,2V,YM.CHILE VAMOS - PRI E INDEPENDIENTES,311. MARIA ANTONIETA DEL VALLE BASCUR,PRI,1.0,False
107154,ANTUCO,ANTUCO,LICEO  DOCTOR VICTOR RIOS RUIZ,2V,YM.CHILE VAMOS - PRI E INDEPENDIENTES,312. VIVIANA SOLEDAD VENEGAS AGUILERA,PRI,5.0,False
107155,ANTUCO,ANTUCO,LICEO  DOCTOR VICTOR RIOS RUIZ,2V,YM.CHILE VAMOS - PRI E INDEPENDIENTES,313. JORGE JAVIER GARCIA TRIVIÑO,IND,1.0,False
107156,ANTUCO,ANTUCO,LICEO  DOCTOR VICTOR RIOS RUIZ,2V,YW.UNIDAD POR EL APRUEBO PS PPD E INDEPENDIENTES,314. RAMON HUMBERTO AGUILA ESPINOZA,PS,21.0,True
107157,ANTUCO,ANTUCO,LICEO  DOCTOR VICTOR RIOS RUIZ,2V,YW.UNIDAD POR EL APRUEBO PS PPD E INDEPENDIENTES,315. MARGARITA DEL CARMEN NAUPA BOQUI,PS,3.0,False
107158,ANTUCO,ANTUCO,LICEO  DOCTOR VICTOR RIOS RUIZ,2V,YW.UNIDAD POR EL APRUEBO PS PPD E INDEPENDIENTES,316. CARLOS ALVAN TOLEDO CIFUENTES,IND,0.0,False
107159,ANTUCO,ANTUCO,LICEO  DOCTOR VICTOR RIOS RUIZ,2V,YW.UNIDAD POR EL APRUEBO PS PPD E INDEPENDIENTES,317. ELBA ISSI SALDIAS,PPD,11.0,False
107160,ANTUCO,ANTUCO,LICEO  DOCTOR VICTOR RIOS RUIZ,2V,YW.UNIDAD POR EL APRUEBO PS PPD E INDEPENDIENTES,318. VICENTE ARNALDO HIGUERAS URRUTIA,PPD,6.0,False
107161,ANTUCO,ANTUCO,LICEO  DOCTOR VICTOR RIOS RUIZ,2V,YW.UNIDAD POR EL APRUEBO PS PPD E INDEPENDIENTES,319. RODRIGO AGUILERA VERGARA,IND,14.0,True
107162,ANTUCO,ANTUCO,LICEO  DOCTOR VICTOR RIOS RUIZ,2V,ZG.CHILE VAMOS EVOPOLI - INDEPENDIENTES,320. LORETO ANDREA VIVEROS COFRE,IND,3.0,False
107163,ANTUCO,ANTUCO,LICEO  DOCTOR VICTOR RIOS RUIZ,2V,ZG.CHILE VAMOS EVOPOLI - INDEPENDIENTES,321. FELIPE ELIZARDO HERNANDEZ SOTO,IND,1.0,False
107164,ANTUCO,ANTUCO,LICEO  DOCTOR VICTOR RIOS RUIZ,2V,ZJ.CHILE VAMOS UDI - INDEPENDIENTES,322. JUAN CARLOS SALINAS MUÑOZ,UDI,2.0,False
107165,ANTUCO,ANTUCO,LICEO  DOCTOR VICTOR RIOS RUIZ,2V,ZJ.CHILE VAMOS UDI - INDEPENDIENTES,323. NAYADETT DEL PILAR FUENTES VIVEROS,IND,3.0,False
107166,ANTUCO,ANTUCO,LICEO  DOCTOR VICTOR RIOS RUIZ,2V,ZJ.CHILE VAMOS UDI - INDEPENDIENTES,324. CARLOS RODOLFO VIGNOLO BURGOS,IND,1.0,False
107167,ANTUCO,ANTUCO,LICEO  DOCTOR VICTOR RIOS RUIZ,2V,ZJ.CHILE VAMOS UDI - INDEPENDIENTES,325. KATHERINE  ECKHOLT SEGUEL,IND,7.0,False
107168,ANTUCO,ANTUCO,LICEO  DOCTOR VICTOR RIOS RUIZ,2V,ZU.RADICALES E INDEPENDIENTES,326. NELSON FABIAN ISLA VILCHE,PR,5.0,True
107169,ANTUCO,ANTUCO,LICEO  DOCTOR VICTOR RIOS RUIZ,2V,ZU.RADICALES E INDEPENDIENTES,327. VICTOR MANUEL VIVANCO QUEZADA,PR,1.0,False
107170,ANTUCO,ANTUCO,LICEO  DOCTOR VICTOR RIOS RUIZ,2V,ZU.RADICALES E INDEPENDIENTES,328. BARBARA ROMINA RUBIO MELLADO,PR,7.0,False
107171,ANTUCO,ANTUCO,LICEO  DOCTOR VICTOR RIOS RUIZ,2V,ZU.RADICALES E INDEPENDIENTES,329. DIONISIO NADIER MUÑOZ COÑUECAR,PR,0.0,False
107172,ANTUCO,ANTUCO,LICEO  DOCTOR VICTOR RIOS RUIZ,2V,ZU.RADICALES E INDEPENDIENTES,330. PAOLA IGNACIA ROLACK SAN MARTIN,IND,3.0,False
107173,ANTUCO,ANTUCO,LICEO  DOCTOR VICTOR RIOS RUIZ,2V,ZU.RADICALES E INDEPENDIENTES,331. CLAUDIA PATRICIA JELVES MANCILLA,IND,4.0,False
107174,ANTUCO,ANTUCO,LICEO  DOCTOR VICTOR RIOS RUIZ,3V,XK.CHILE VAMOS RENOVACION NACIONAL - INDEPENDIENTES,300. GLORIA MAGDALENA ABDALA BENAVIDES,RN,3.0,False
107175,ANTUCO,ANTUCO,LICEO  DOCTOR VICTOR RIOS RUIZ,3V,XK.CHILE VAMOS RENOVACION NACIONAL - INDEPENDIENTES,301. BASILIO FELIPE ALMENDRAS SANCHEZ,RN,3.0,False
107176,ANTUCO,ANTUCO,LICEO  DOCTOR VICTOR RIOS RUIZ,3V,XK.CHILE VAMOS RENOVACION NACIONAL - INDEPENDIENTES,302. MIGUEL PATRICIO GARCES MUÑOZ,RN,2.0,False
107177,ANTUCO,ANTUCO,LICEO  DOCTOR VICTOR RIOS RUIZ,3V,XK.CHILE VAMOS RENOVACION NACIONAL - INDEPENDIENTES,303. LEONARDO ERNESTO PINOCHET DAZA,RN,3.0,False
107178,ANTUCO,ANTUCO,LICEO  DOCTOR VICTOR RIOS RUIZ,3V,XK.CHILE VAMOS RENOVACION NACIONAL - INDEPENDIENTES,304. VANESSA IVETTE GOMEZ ROLACK,RN,1.0,False
107179,ANTUCO,ANTUCO,LICEO  DOCTOR VICTOR RIOS RUIZ,3V,XK.CHILE VAMOS RENOVACION NACIONAL - INDEPENDIENTES,305. CARLOS ENRIQUE LOPEZ OVALLE,RN,8.0,True
107180,ANTUCO,ANTUCO,LICEO  DOCTOR VICTOR RIOS RUIZ,3V,XU.UNIDOS POR LA DIGNIDAD,306. FLORISA VERONICA CONEJEROS MUÑOZ,PDC,15.0,False
107181,ANTUCO,ANTUCO,LICEO  DOCTOR VICTOR RIOS RUIZ,3V,XU.UNIDOS POR LA DIGNIDAD,307. MAURICIO ALEJANDRO SALDIAS PARRA,PDC,19.0,True
107182,ANTUCO,ANTUCO,LICEO  DOCTOR VICTOR RIOS RUIZ,3V,XU.UNIDOS POR LA DIGNIDAD,308. CLAUDIO EDELBERTO SOLAR JARA,PDC,21.0,True
107183,ANTUCO,ANTUCO,LICEO  DOCTOR VICTOR RIOS RUIZ,3V,XU.UNIDOS POR LA DIGNIDAD,309. ANA MARIA CORONATA SEGURE,IND,1.0,False
107184,ANTUCO,ANTUCO,LICEO  DOCTOR VICTOR RIOS RUIZ,3V,XZ.ECOLOGISTAS E INDEPENDIENTES,310. DIEGO OVALLE VALENZUELA,IND,7.0,False
107185,ANTUCO,ANTUCO,LICEO  DOCTOR VICTOR RIOS RUIZ,3V,YM.CHILE VAMOS - PRI E INDEPENDIENTES,311. MARIA ANTONIETA DEL VALLE BASCUR,PRI,2.0,False
107186,ANTUCO,ANTUCO,LICEO  DOCTOR VICTOR RIOS RUIZ,3V,YM.CHILE VAMOS - PRI E INDEPENDIENTES,312. VIVIANA SOLEDAD VENEGAS AGUILERA,PRI,3.0,False
107187,ANTUCO,ANTUCO,LICEO  DOCTOR VICTOR RIOS RUIZ,3V,YM.CHILE VAMOS - PRI E INDEPENDIENTES,313. JORGE JAVIER GARCIA TRIVIÑO,IND,6.0,False
107188,ANTUCO,ANTUCO,LICEO  DOCTOR VICTOR RIOS RUIZ,3V,YW.UNIDAD POR EL APRUEBO PS PPD E INDEPENDIENTES,314. RAMON HUMBERTO AGUILA ESPINOZA,PS,18.0,True
107189,ANTUCO,ANTUCO,LICEO  DOCTOR VICTOR RIOS RUIZ,3V,YW.UNIDAD POR EL APRUEBO PS PPD E INDEPENDIENTES,315. MARGARITA DEL CARMEN NAUPA BOQUI,PS,3.0,False
107190,ANTUCO,ANTUCO,LICEO  DOCTOR VICTOR RIOS RUIZ,3V,YW.UNIDAD POR EL APRUEBO PS PPD E INDEPENDIENTES,316. CARLOS ALVAN TOLEDO CIFUENTES,IND,4.0,False
107191,ANTUCO,ANTUCO,LICEO  DOCTOR VICTOR RIOS RUIZ,3V,YW.UNIDAD POR EL APRUEBO PS PPD E INDEPENDIENTES,317. ELBA ISSI SALDIAS,PPD,7.0,False
107192,ANTUCO,ANTUCO,LICEO  DOCTOR VICTOR RIOS RUIZ,3V,YW.UNIDAD POR EL APRUEBO PS PPD E INDEPENDIENTES,318. VICENTE ARNALDO HIGUERAS URRUTIA,PPD,5.0,False
107193,ANTUCO,ANTUCO,LICEO  DOCTOR VICTOR RIOS RUIZ,3V,YW.UNIDAD POR EL APRUEBO PS PPD E INDEPENDIENTES,319. RODRIGO AGUILERA VERGARA,IND,10.0,True
107194,ANTUCO,ANTUCO,LICEO  DOCTOR VICTOR RIOS RUIZ,3V,ZG.CHILE VAMOS EVOPOLI - INDEPENDIENTES,320. LORETO ANDREA VIVEROS COFRE,IND,3.0,False
107195,ANTUCO,ANTUCO,LICEO  DOCTOR VICTOR RIOS RUIZ,3V,ZG.CHILE VAMOS EVOPOLI - INDEPENDIENTES,321. FELIPE ELIZARDO HERNANDEZ SOTO,IND,2.0,False
107196,ANTUCO,ANTUCO,LICEO  DOCTOR VICTOR RIOS RUIZ,3V,ZJ.CHILE VAMOS UDI - INDEPENDIENTES,322. JUAN CARLOS SALINAS MUÑOZ,UDI,2.0,False
107197,ANTUCO,ANTUCO,LICEO  DOCTOR VICTOR RIOS RUIZ,3V,ZJ.CHILE VAMOS UDI - INDEPENDIENTES,323. NAYADETT DEL PILAR FUENTES VIVEROS,IND,3.0,False
107198,ANTUCO,ANTUCO,LICEO  DOCTOR VICTOR RIOS RUIZ,3V,ZJ.CHILE VAMOS UDI - INDEPENDIENTES,324. CARLOS RODOLFO VIGNOLO BURGOS,IND,1.0,False
107199,ANTUCO,ANTUCO,LICEO  DOCTOR VICTOR RIOS RUIZ,3V,ZJ.CHILE VAMOS UDI - INDEPENDIENTES,325. KATHERINE  ECKHOLT SEGUEL,IND,9.0,False
107200,ANTUCO,ANTUCO,LICEO  DOCTOR VICTOR RIOS RUIZ,3V,ZU.RADICALES E INDEPENDIENTES,326. NELSON FABIAN ISLA VILCHE,PR,5.0,True
107201,ANTUCO,ANTUCO,LICEO  DOCTOR VICTOR RIOS RUIZ,3V,ZU.RADICALES E INDEPENDIENTES,327. VICTOR MANUEL VIVANCO QUEZADA,PR,3.0,False
107202,ANTUCO,ANTUCO,LICEO  DOCTOR VICTOR RIOS RUIZ,3V,ZU.RADICALES E INDEPENDIENTES,328. BARBARA ROMINA RUBIO MELLADO,PR,3.0,False
107203,ANTUCO,ANTUCO,LICEO  DOCTOR VICTOR RIOS RUIZ,3V,ZU.RADICALES E INDEPENDIENTES,329. DIONISIO NADIER MUÑOZ COÑUECAR,PR,4.0,False
107204,ANTUCO,ANTUCO,LICEO  DOCTOR VICTOR RIOS RUIZ,3V,ZU.RADICALES E INDEPENDIENTES,330. PAOLA IGNACIA ROLACK SAN MARTIN,IND,0.0,False
107205,ANTUCO,ANTUCO,LICEO  DOCTOR VICTOR RIOS RUIZ,3V,ZU.RADICALES E INDEPENDIENTES,331. CLAUDIA PATRICIA JELVES MANCILLA,IND,5.0,False
107206,ANTUCO,ANTUCO,LICEO  DOCTOR VICTOR RIOS RUIZ,4V,XK.CHILE VAMOS RENOVACION NACIONAL - INDEPENDIENTES,300. GLORIA MAGDALENA ABDALA BENAVIDES,RN,0.0,False
107207,ANTUCO,ANTUCO,LICEO  DOCTOR VICTOR RIOS RUIZ,4V,XK.CHILE VAMOS RENOVACION NACIONAL - INDEPENDIENTES,301. BASILIO FELIPE ALMENDRAS SANCHEZ,RN,1.0,False
107208,ANTUCO,ANTUCO,LICEO  DOCTOR VICTOR RIOS RUIZ,4V,XK.CHILE VAMOS RENOVACION NACIONAL - INDEPENDIENTES,302. MIGUEL PATRICIO GARCES MUÑOZ,RN,7.0,False
107209,ANTUCO,ANTUCO,LICEO  DOCTOR VICTOR RIOS RUIZ,4V,XK.CHILE VAMOS RENOVACION NACIONAL - INDEPENDIENTES,303. LEONARDO ERNESTO PINOCHET DAZA,RN,3.0,False
107210,ANTUCO,ANTUCO,LICEO  DOCTOR VICTOR RIOS RUIZ,4V,XK.CHILE VAMOS RENOVACION NACIONAL - INDEPENDIENTES,304. VANESSA IVETTE GOMEZ ROLACK,RN,0.0,False
107211,ANTUCO,ANTUCO,LICEO  DOCTOR VICTOR RIOS RUIZ,4V,XK.CHILE VAMOS RENOVACION NACIONAL - INDEPENDIENTES,305. CARLOS ENRIQUE LOPEZ OVALLE,RN,8.0,True
107212,ANTUCO,ANTUCO,LICEO  DOCTOR VICTOR RIOS RUIZ,4V,XU.UNIDOS POR LA DIGNIDAD,306. FLORISA VERONICA CONEJEROS MUÑOZ,PDC,14.0,False
107213,ANTUCO,ANTUCO,LICEO  DOCTOR VICTOR RIOS RUIZ,4V,XU.UNIDOS POR LA DIGNIDAD,307. MAURICIO ALEJANDRO SALDIAS PARRA,PDC,10.0,True
107214,ANTUCO,ANTUCO,LICEO  DOCTOR VICTOR RIOS RUIZ,4V,XU.UNIDOS POR LA DIGNIDAD,308. CLAUDIO EDELBERTO SOLAR JARA,PDC,11.0,True
107215,ANTUCO,ANTUCO,LICEO  DOCTOR VICTOR RIOS RUIZ,4V,XU.UNIDOS POR LA DIGNIDAD,309. ANA MARIA CORONATA SEGURE,IND,3.0,False
107216,ANTUCO,ANTUCO,LICEO  DOCTOR VICTOR RIOS RUIZ,4V,XZ.ECOLOGISTAS E INDEPENDIENTES,310. DIEGO OVALLE VALENZUELA,IND,15.0,False
107217,ANTUCO,ANTUCO,LICEO  DOCTOR VICTOR RIOS RUIZ,4V,YM.CHILE VAMOS - PRI E INDEPENDIENTES,311. MARIA ANTONIETA DEL VALLE BASCUR,PRI,2.0,False
107218,ANTUCO,ANTUCO,LICEO  DOCTOR VICTOR RIOS RUIZ,4V,YM.CHILE VAMOS - PRI E INDEPENDIENTES,312. VIVIANA SOLEDAD VENEGAS AGUILERA,PRI,3.0,False
107219,ANTUCO,ANTUCO,LICEO  DOCTOR VICTOR RIOS RUIZ,4V,YM.CHILE VAMOS - PRI E INDEPENDIENTES,313. JORGE JAVIER GARCIA TRIVIÑO,IND,4.0,False
107220,ANTUCO,ANTUCO,LICEO  DOCTOR VICTOR RIOS RUIZ,4V,YW.UNIDAD POR EL APRUEBO PS PPD E INDEPENDIENTES,314. RAMON HUMBERTO AGUILA ESPINOZA,PS,15.0,True
107221,ANTUCO,ANTUCO,LICEO  DOCTOR VICTOR RIOS RUIZ,4V,YW.UNIDAD POR EL APRUEBO PS PPD E INDEPENDIENTES,315. MARGARITA DEL CARMEN NAUPA BOQUI,PS,5.0,False
107222,ANTUCO,ANTUCO,LICEO  DOCTOR VICTOR RIOS RUIZ,4V,YW.UNIDAD POR EL APRUEBO PS PPD E INDEPENDIENTES,316. CARLOS ALVAN TOLEDO CIFUENTES,IND,4.0,False
107223,ANTUCO,ANTUCO,LICEO  DOCTOR VICTOR RIOS RUIZ,4V,YW.UNIDAD POR EL APRUEBO PS PPD E INDEPENDIENTES,317. ELBA ISSI SALDIAS,PPD,6.0,False
107224,ANTUCO,ANTUCO,LICEO  DOCTOR VICTOR RIOS RUIZ,4V,YW.UNIDAD POR EL APRUEBO PS PPD E INDEPENDIENTES,318. VICENTE ARNALDO HIGUERAS URRUTIA,PPD,13.0,False
107225,ANTUCO,ANTUCO,LICEO  DOCTOR VICTOR RIOS RUIZ,4V,YW.UNIDAD POR EL APRUEBO PS PPD E INDEPENDIENTES,319. RODRIGO AGUILERA VERGARA,IND,14.0,True
107226,ANTUCO,ANTUCO,LICEO  DOCTOR VICTOR RIOS RUIZ,4V,ZG.CHILE VAMOS EVOPOLI - INDEPENDIENTES,320. LORETO ANDREA VIVEROS COFRE,IND,0.0,False
107227,ANTUCO,ANTUCO,LICEO  DOCTOR VICTOR RIOS RUIZ,4V,ZG.CHILE VAMOS EVOPOLI - INDEPENDIENTES,321. FELIPE ELIZARDO HERNANDEZ SOTO,IND,4.0,False
107228,ANTUCO,ANTUCO,LICEO  DOCTOR VICTOR RIOS RUIZ,4V,ZJ.CHILE VAMOS UDI - INDEPENDIENTES,322. JUAN CARLOS SALINAS MUÑOZ,UDI,1.0,False
107229,ANTUCO,ANTUCO,LICEO  DOCTOR VICTOR RIOS RUIZ,4V,ZJ.CHILE VAMOS UDI - INDEPENDIENTES,323. NAYADETT DEL PILAR FUENTES VIVEROS,IND,3.0,False
107230,ANTUCO,ANTUCO,LICEO  DOCTOR VICTOR RIOS RUIZ,4V,ZJ.CHILE VAMOS UDI - INDEPENDIENTES,324. CARLOS RODOLFO VIGNOLO BURGOS,IND,1.0,False
107231,ANTUCO,ANTUCO,LICEO  DOCTOR VICTOR RIOS RUIZ,4V,ZJ.CHILE VAMOS UDI - INDEPENDIENTES,325. KATHERINE  ECKHOLT SEGUEL,IND,5.0,False
107232,ANTUCO,ANTUCO,LICEO  DOCTOR VICTOR RIOS RUIZ,4V,ZU.RADICALES E INDEPENDIENTES,326. NELSON FABIAN ISLA VILCHE,PR,6.0,True
107233,ANTUCO,ANTUCO,LICEO  DOCTOR VICTOR RIOS RUIZ,4V,ZU.RADICALES E INDEPENDIENTES,327. VICTOR MANUEL VIVANCO QUEZADA,PR,3.0,False
107234,ANTUCO,ANTUCO,LICEO  DOCTOR VICTOR RIOS RUIZ,4V,ZU.RADICALES E INDEPENDIENTES,328. BARBARA ROMINA RUBIO MELLADO,PR,6.0,False
107235,ANTUCO,ANTUCO,LICEO  DOCTOR VICTOR RIOS RUIZ,4V,ZU.RADICALES E INDEPENDIENTES,329. DIONISIO NADIER MUÑOZ COÑUECAR,PR,1.0,False
107236,ANTUCO,ANTUCO,LICEO  DOCTOR VICTOR RIOS RUIZ,4V,ZU.RADICALES E INDEPENDIENTES,330. PAOLA IGNACIA ROLACK SAN MARTIN,IND,1.0,False
107237,ANTUCO,ANTUCO,LICEO  DOCTOR VICTOR RIOS RUIZ,4V,ZU.RADICALES E INDEPENDIENTES,331. CLAUDIA PATRICIA JELVES MANCILLA,IND,4.0,False
107238,ANTUCO,ANTUCO,LICEO  DOCTOR VICTOR RIOS RUIZ,5V,XK.CHILE VAMOS RENOVACION NACIONAL - INDEPENDIENTES,300. GLORIA MAGDALENA ABDALA BENAVIDES,RN,5.0,False
107239,ANTUCO,ANTUCO,LICEO  DOCTOR VICTOR RIOS RUIZ,5V,XK.CHILE VAMOS RENOVACION NACIONAL - INDEPENDIENTES,301. BASILIO FELIPE ALMENDRAS SANCHEZ,RN,4.0,False
107240,ANTUCO,ANTUCO,LICEO  DOCTOR VICTOR RIOS RUIZ,5V,XK.CHILE VAMOS RENOVACION NACIONAL - INDEPENDIENTES,302. MIGUEL PATRICIO GARCES MUÑOZ,RN,6.0,False
107241,ANTUCO,ANTUCO,LICEO  DOCTOR VICTOR RIOS RUIZ,5V,XK.CHILE VAMOS RENOVACION NACIONAL - INDEPENDIENTES,303. LEONARDO ERNESTO PINOCHET DAZA,RN,3.0,False
107242,ANTUCO,ANTUCO,LICEO  DOCTOR VICTOR RIOS RUIZ,5V,XK.CHILE VAMOS RENOVACION NACIONAL - INDEPENDIENTES,304. VANESSA IVETTE GOMEZ ROLACK,RN,0.0,False
107243,ANTUCO,ANTUCO,LICEO  DOCTOR VICTOR RIOS RUIZ,5V,XK.CHILE VAMOS RENOVACION NACIONAL - INDEPENDIENTES,305. CARLOS ENRIQUE LOPEZ OVALLE,RN,2.0,True
107244,ANTUCO,ANTUCO,LICEO  DOCTOR VICTOR RIOS RUIZ,5V,XU.UNIDOS POR LA DIGNIDAD,306. FLORISA VERONICA CONEJEROS MUÑOZ,PDC,9.0,False
107245,ANTUCO,ANTUCO,LICEO  DOCTOR VICTOR RIOS RUIZ,5V,XU.UNIDOS POR LA DIGNIDAD,307. MAURICIO ALEJANDRO SALDIAS PARRA,PDC,16.0,True
107246,ANTUCO,ANTUCO,LICEO  DOCTOR VICTOR RIOS RUIZ,5V,XU.UNIDOS POR LA DIGNIDAD,308. CLAUDIO EDELBERTO SOLAR JARA,PDC,13.0,True
107247,ANTUCO,ANTUCO,LICEO  DOCTOR VICTOR RIOS RUIZ,5V,XU.UNIDOS POR LA DIGNIDAD,309. ANA MARIA CORONATA SEGURE,IND,2.0,False
107248,ANTUCO,ANTUCO,LICEO  DOCTOR VICTOR RIOS RUIZ,5V,XZ.ECOLOGISTAS E INDEPENDIENTES,310. DIEGO OVALLE VALENZUELA,IND,13.0,False
107249,ANTUCO,ANTUCO,LICEO  DOCTOR VICTOR RIOS RUIZ,5V,YM.CHILE VAMOS - PRI E INDEPENDIENTES,311. MARIA ANTONIETA DEL VALLE BASCUR,PRI,2.0,False
107250,ANTUCO,ANTUCO,LICEO  DOCTOR VICTOR RIOS RUIZ,5V,YM.CHILE VAMOS - PRI E INDEPENDIENTES,312. VIVIANA SOLEDAD VENEGAS AGUILERA,PRI,1.0,False
107251,ANTUCO,ANTUCO,LICEO  DOCTOR VICTOR RIOS RUIZ,5V,YM.CHILE VAMOS - PRI E INDEPENDIENTES,313. JORGE JAVIER GARCIA TRIVIÑO,IND,5.0,False
107252,ANTUCO,ANTUCO,LICEO  DOCTOR VICTOR RIOS RUIZ,5V,YW.UNIDAD POR EL APRUEBO PS PPD E INDEPENDIENTES,314. RAMON HUMBERTO AGUILA ESPINOZA,PS,12.0,True
107253,ANTUCO,ANTUCO,LICEO  DOCTOR VICTOR RIOS RUIZ,5V,YW.UNIDAD POR EL APRUEBO PS PPD E INDEPENDIENTES,315. MARGARITA DEL CARMEN NAUPA BOQUI,PS,2.0,False
107254,ANTUCO,ANTUCO,LICEO  DOCTOR VICTOR RIOS RUIZ,5V,YW.UNIDAD POR EL APRUEBO PS PPD E INDEPENDIENTES,316. CARLOS ALVAN TOLEDO CIFUENTES,IND,0.0,False
107255,ANTUCO,ANTUCO,LICEO  DOCTOR VICTOR RIOS RUIZ,5V,YW.UNIDAD POR EL APRUEBO PS PPD E INDEPENDIENTES,317. ELBA ISSI SALDIAS,PPD,9.0,False
107256,ANTUCO,ANTUCO,LICEO  DOCTOR VICTOR RIOS RUIZ,5V,YW.UNIDAD POR EL APRUEBO PS PPD E INDEPENDIENTES,318. VICENTE ARNALDO HIGUERAS URRUTIA,PPD,7.0,False
107257,ANTUCO,ANTUCO,LICEO  DOCTOR VICTOR RIOS RUIZ,5V,YW.UNIDAD POR EL APRUEBO PS PPD E INDEPENDIENTES,319. RODRIGO AGUILERA VERGARA,IND,16.0,True
107258,ANTUCO,ANTUCO,LICEO  DOCTOR VICTOR RIOS RUIZ,5V,ZG.CHILE VAMOS EVOPOLI - INDEPENDIENTES,320. LORETO ANDREA VIVEROS COFRE,IND,1.0,False
107259,ANTUCO,ANTUCO,LICEO  DOCTOR VICTOR RIOS RUIZ,5V,ZG.CHILE VAMOS EVOPOLI - INDEPENDIENTES,321. FELIPE ELIZARDO HERNANDEZ SOTO,IND,0.0,False
107260,ANTUCO,ANTUCO,LICEO  DOCTOR VICTOR RIOS RUIZ,5V,ZJ.CHILE VAMOS UDI - INDEPENDIENTES,322. JUAN CARLOS SALINAS MUÑOZ,UDI,0.0,False
107261,ANTUCO,ANTUCO,LICEO  DOCTOR VICTOR RIOS RUIZ,5V,ZJ.CHILE VAMOS UDI - INDEPENDIENTES,323. NAYADETT DEL PILAR FUENTES VIVEROS,IND,1.0,False
107262,ANTUCO,ANTUCO,LICEO  DOCTOR VICTOR RIOS RUIZ,5V,ZJ.CHILE VAMOS UDI - INDEPENDIENTES,324. CARLOS RODOLFO VIGNOLO BURGOS,IND,0.0,False
107263,ANTUCO,ANTUCO,LICEO  DOCTOR VICTOR RIOS RUIZ,5V,ZJ.CHILE VAMOS UDI - INDEPENDIENTES,325. KATHERINE  ECKHOLT SEGUEL,IND,7.0,False
107264,ANTUCO,ANTUCO,LICEO  DOCTOR VICTOR RIOS RUIZ,5V,ZU.RADICALES E INDEPENDIENTES,326. NELSON FABIAN ISLA VILCHE,PR,4.0,True
107265,ANTUCO,ANTUCO,LICEO  DOCTOR VICTOR RIOS RUIZ,5V,ZU.RADICALES E INDEPENDIENTES,327. VICTOR MANUEL VIVANCO QUEZADA,PR,3.0,False
107266,ANTUCO,ANTUCO,LICEO  DOCTOR VICTOR RIOS RUIZ,5V,ZU.RADICALES E INDEPENDIENTES,328. BARBARA ROMINA RUBIO MELLADO,PR,3.0,False
107267,ANTUCO,ANTUCO,LICEO  DOCTOR VICTOR RIOS RUIZ,5V,ZU.RADICALES E INDEPENDIENTES,329. DIONISIO NADIER MUÑOZ COÑUECAR,PR,0.0,False
107268,ANTUCO,ANTUCO,LICEO  DOCTOR VICTOR RIOS RUIZ,5V,ZU.RADICALES E INDEPENDIENTES,330. PAOLA IGNACIA ROLACK SAN MARTIN,IND,0.0,False
107269,ANTUCO,ANTUCO,LICEO  DOCTOR VICTOR RIOS RUIZ,5V,ZU.RADICALES E INDEPENDIENTES,331. CLAUDIA PATRICIA JELVES MANCILLA,IND,5.0,False
107270,ANTUCO,ANTUCO,LICEO  DOCTOR VICTOR RIOS RUIZ,6V,XK.CHILE VAMOS RENOVACION NACIONAL - INDEPENDIENTES,300. GLORIA MAGDALENA ABDALA BENAVIDES,RN,3.0,False
107271,ANTUCO,ANTUCO,LICEO  DOCTOR VICTOR RIOS RUIZ,6V,XK.CHILE VAMOS RENOVACION NACIONAL - INDEPENDIENTES,301. BASILIO FELIPE ALMENDRAS SANCHEZ,RN,1.0,False
107272,ANTUCO,ANTUCO,LICEO  DOCTOR VICTOR RIOS RUIZ,6V,XK.CHILE VAMOS RENOVACION NACIONAL - INDEPENDIENTES,302. MIGUEL PATRICIO GARCES MUÑOZ,RN,2.0,False
107273,ANTUCO,ANTUCO,LICEO  DOCTOR VICTOR RIOS RUIZ,6V,XK.CHILE VAMOS RENOVACION NACIONAL - INDEPENDIENTES,303. LEONARDO ERNESTO PINOCHET DAZA,RN,1.0,False
107274,ANTUCO,ANTUCO,LICEO  DOCTOR VICTOR RIOS RUIZ,6V,XK.CHILE VAMOS RENOVACION NACIONAL - INDEPENDIENTES,304. VANESSA IVETTE GOMEZ ROLACK,RN,2.0,False
107275,ANTUCO,ANTUCO,LICEO  DOCTOR VICTOR RIOS RUIZ,6V,XK.CHILE VAMOS RENOVACION NACIONAL - INDEPENDIENTES,305. CARLOS ENRIQUE LOPEZ OVALLE,RN,5.0,True
107276,ANTUCO,ANTUCO,LICEO  DOCTOR VICTOR RIOS RUIZ,6V,XU.UNIDOS POR LA DIGNIDAD,306. FLORISA VERONICA CONEJEROS MUÑOZ,PDC,10.0,False
107277,ANTUCO,ANTUCO,LICEO  DOCTOR VICTOR RIOS RUIZ,6V,XU.UNIDOS POR LA DIGNIDAD,307. MAURICIO ALEJANDRO SALDIAS PARRA,PDC,18.0,True
107278,ANTUCO,ANTUCO,LICEO  DOCTOR VICTOR RIOS RUIZ,6V,XU.UNIDOS POR LA DIGNIDAD,308. CLAUDIO EDELBERTO SOLAR JARA,PDC,22.0,True
107279,ANTUCO,ANTUCO,LICEO  DOCTOR VICTOR RIOS RUIZ,6V,XU.UNIDOS POR LA DIGNIDAD,309. ANA MARIA CORONATA SEGURE,IND,1.0,False
107280,ANTUCO,ANTUCO,LICEO  DOCTOR VICTOR RIOS RUIZ,6V,XZ.ECOLOGISTAS E INDEPENDIENTES,310. DIEGO OVALLE VALENZUELA,IND,7.0,False
107281,ANTUCO,ANTUCO,LICEO  DOCTOR VICTOR RIOS RUIZ,6V,YM.CHILE VAMOS - PRI E INDEPENDIENTES,311. MARIA ANTONIETA DEL VALLE BASCUR,PRI,2.0,False
107282,ANTUCO,ANTUCO,LICEO  DOCTOR VICTOR RIOS RUIZ,6V,YM.CHILE VAMOS - PRI E INDEPENDIENTES,312. VIVIANA SOLEDAD VENEGAS AGUILERA,PRI,1.0,False
107283,ANTUCO,ANTUCO,LICEO  DOCTOR VICTOR RIOS RUIZ,6V,YM.CHILE VAMOS - PRI E INDEPENDIENTES,313. JORGE JAVIER GARCIA TRIVIÑO,IND,2.0,False
107284,ANTUCO,ANTUCO,LICEO  DOCTOR VICTOR RIOS RUIZ,6V,YW.UNIDAD POR EL APRUEBO PS PPD E INDEPENDIENTES,314. RAMON HUMBERTO AGUILA ESPINOZA,PS,10.0,True
107285,ANTUCO,ANTUCO,LICEO  DOCTOR VICTOR RIOS RUIZ,6V,YW.UNIDAD POR EL APRUEBO PS PPD E INDEPENDIENTES,315. MARGARITA DEL CARMEN NAUPA BOQUI,PS,3.0,False
107286,ANTUCO,ANTUCO,LICEO  DOCTOR VICTOR RIOS RUIZ,6V,YW.UNIDAD POR EL APRUEBO PS PPD E INDEPENDIENTES,316. CARLOS ALVAN TOLEDO CIFUENTES,IND,1.0,False
107287,ANTUCO,ANTUCO,LICEO  DOCTOR VICTOR RIOS RUIZ,6V,YW.UNIDAD POR EL APRUEBO PS PPD E INDEPENDIENTES,317. ELBA ISSI SALDIAS,PPD,2.0,False
107288,ANTUCO,ANTUCO,LICEO  DOCTOR VICTOR RIOS RUIZ,6V,YW.UNIDAD POR EL APRUEBO PS PPD E INDEPENDIENTES,318. VICENTE ARNALDO HIGUERAS URRUTIA,PPD,5.0,False
107289,ANTUCO,ANTUCO,LICEO  DOCTOR VICTOR RIOS RUIZ,6V,YW.UNIDAD POR EL APRUEBO PS PPD E INDEPENDIENTES,319. RODRIGO AGUILERA VERGARA,IND,9.0,True
107290,ANTUCO,ANTUCO,LICEO  DOCTOR VICTOR RIOS RUIZ,6V,ZG.CHILE VAMOS EVOPOLI - INDEPENDIENTES,320. LORETO ANDREA VIVEROS COFRE,IND,3.0,False
107291,ANTUCO,ANTUCO,LICEO  DOCTOR VICTOR RIOS RUIZ,6V,ZG.CHILE VAMOS EVOPOLI - INDEPENDIENTES,321. FELIPE ELIZARDO HERNANDEZ SOTO,IND,0.0,False
107292,ANTUCO,ANTUCO,LICEO  DOCTOR VICTOR RIOS RUIZ,6V,ZJ.CHILE VAMOS UDI - INDEPENDIENTES,322. JUAN CARLOS SALINAS MUÑOZ,UDI,1.0,False
107293,ANTUCO,ANTUCO,LICEO  DOCTOR VICTOR RIOS RUIZ,6V,ZJ.CHILE VAMOS UDI - INDEPENDIENTES,323. NAYADETT DEL PILAR FUENTES VIVEROS,IND,1.0,False
107294,ANTUCO,ANTUCO,LICEO  DOCTOR VICTOR RIOS RUIZ,6V,ZJ.CHILE VAMOS UDI - INDEPENDIENTES,324. CARLOS RODOLFO VIGNOLO BURGOS,IND,2.0,False
107295,ANTUCO,ANTUCO,LICEO  DOCTOR VICTOR RIOS RUIZ,6V,ZJ.CHILE VAMOS UDI - INDEPENDIENTES,325. KATHERINE  ECKHOLT SEGUEL,IND,7.0,False
107296,ANTUCO,ANTUCO,LICEO  DOCTOR VICTOR RIOS RUIZ,6V,ZU.RADICALES E INDEPENDIENTES,326. NELSON FABIAN ISLA VILCHE,PR,8.0,True
107297,ANTUCO,ANTUCO,LICEO  DOCTOR VICTOR RIOS RUIZ,6V,ZU.RADICALES E INDEPENDIENTES,327. VICTOR MANUEL VIVANCO QUEZADA,PR,6.0,False
107298,ANTUCO,ANTUCO,LICEO  DOCTOR VICTOR RIOS RUIZ,6V,ZU.RADICALES E INDEPENDIENTES,328. BARBARA ROMINA RUBIO MELLADO,PR,6.0,False
107299,ANTUCO,ANTUCO,LICEO  DOCTOR VICTOR RIOS RUIZ,6V,ZU.RADICALES E INDEPENDIENTES,329. DIONISIO NADIER MUÑOZ COÑUECAR,PR,2.0,False
107300,ANTUCO,ANTUCO,LICEO  DOCTOR VICTOR RIOS RUIZ,6V,ZU.RADICALES E INDEPENDIENTES,330. PAOLA IGNACIA ROLACK SAN MARTIN,IND,7.0,False
107301,ANTUCO,ANTUCO,LICEO  DOCTOR VICTOR RIOS RUIZ,6V,ZU.RADICALES E INDEPENDIENTES,331. CLAUDIA PATRICIA JELVES MANCILLA,IND,3.0,False
107302,ANTUCO,ANTUCO,LICEO  DOCTOR VICTOR RIOS RUIZ,7V,XK.CHILE VAMOS RENOVACION NACIONAL - INDEPENDIENTES,300. GLORIA MAGDALENA ABDALA BENAVIDES,RN,2.0,False
107303,ANTUCO,ANTUCO,LICEO  DOCTOR VICTOR RIOS RUIZ,7V,XK.CHILE VAMOS RENOVACION NACIONAL - INDEPENDIENTES,301. BASILIO FELIPE ALMENDRAS SANCHEZ,RN,1.0,False
107304,ANTUCO,ANTUCO,LICEO  DOCTOR VICTOR RIOS RUIZ,7V,XK.CHILE VAMOS RENOVACION NACIONAL - INDEPENDIENTES,302. MIGUEL PATRICIO GARCES MUÑOZ,RN,6.0,False
107305,ANTUCO,ANTUCO,LICEO  DOCTOR VICTOR RIOS RUIZ,7V,XK.CHILE VAMOS RENOVACION NACIONAL - INDEPENDIENTES,303. LEONARDO ERNESTO PINOCHET DAZA,RN,3.0,False
107306,ANTUCO,ANTUCO,LICEO  DOCTOR VICTOR RIOS RUIZ,7V,XK.CHILE VAMOS RENOVACION NACIONAL - INDEPENDIENTES,304. VANESSA IVETTE GOMEZ ROLACK,RN,0.0,False
107307,ANTUCO,ANTUCO,LICEO  DOCTOR VICTOR RIOS RUIZ,7V,XK.CHILE VAMOS RENOVACION NACIONAL - INDEPENDIENTES,305. CARLOS ENRIQUE LOPEZ OVALLE,RN,6.0,True
107308,ANTUCO,ANTUCO,LICEO  DOCTOR VICTOR RIOS RUIZ,7V,XU.UNIDOS POR LA DIGNIDAD,306. FLORISA VERONICA CONEJEROS MUÑOZ,PDC,11.0,False
107309,ANTUCO,ANTUCO,LICEO  DOCTOR VICTOR RIOS RUIZ,7V,XU.UNIDOS POR LA DIGNIDAD,307. MAURICIO ALEJANDRO SALDIAS PARRA,PDC,15.0,True
107310,ANTUCO,ANTUCO,LICEO  DOCTOR VICTOR RIOS RUIZ,7V,XU.UNIDOS POR LA DIGNIDAD,308. CLAUDIO EDELBERTO SOLAR JARA,PDC,12.0,True
107311,ANTUCO,ANTUCO,LICEO  DOCTOR VICTOR RIOS RUIZ,7V,XU.UNIDOS POR LA DIGNIDAD,309. ANA MARIA CORONATA SEGURE,IND,1.0,False
107312,ANTUCO,ANTUCO,LICEO  DOCTOR VICTOR RIOS RUIZ,7V,XZ.ECOLOGISTAS E INDEPENDIENTES,310. DIEGO OVALLE VALENZUELA,IND,9.0,False
107313,ANTUCO,ANTUCO,LICEO  DOCTOR VICTOR RIOS RUIZ,7V,YM.CHILE VAMOS - PRI E INDEPENDIENTES,311. MARIA ANTONIETA DEL VALLE BASCUR,PRI,1.0,False
107314,ANTUCO,ANTUCO,LICEO  DOCTOR VICTOR RIOS RUIZ,7V,YM.CHILE VAMOS - PRI E INDEPENDIENTES,312. VIVIANA SOLEDAD VENEGAS AGUILERA,PRI,2.0,False
107315,ANTUCO,ANTUCO,LICEO  DOCTOR VICTOR RIOS RUIZ,7V,YM.CHILE VAMOS - PRI E INDEPENDIENTES,313. JORGE JAVIER GARCIA TRIVIÑO,IND,4.0,False
107316,ANTUCO,ANTUCO,LICEO  DOCTOR VICTOR RIOS RUIZ,7V,YW.UNIDAD POR EL APRUEBO PS PPD E INDEPENDIENTES,314. RAMON HUMBERTO AGUILA ESPINOZA,PS,13.0,True
107317,ANTUCO,ANTUCO,LICEO  DOCTOR VICTOR RIOS RUIZ,7V,YW.UNIDAD POR EL APRUEBO PS PPD E INDEPENDIENTES,315. MARGARITA DEL CARMEN NAUPA BOQUI,PS,1.0,False
107318,ANTUCO,ANTUCO,LICEO  DOCTOR VICTOR RIOS RUIZ,7V,YW.UNIDAD POR EL APRUEBO PS PPD E INDEPENDIENTES,316. CARLOS ALVAN TOLEDO CIFUENTES,IND,0.0,False
107319,ANTUCO,ANTUCO,LICEO  DOCTOR VICTOR RIOS RUIZ,7V,YW.UNIDAD POR EL APRUEBO PS PPD E INDEPENDIENTES,317. ELBA ISSI SALDIAS,PPD,11.0,False
107320,ANTUCO,ANTUCO,LICEO  DOCTOR VICTOR RIOS RUIZ,7V,YW.UNIDAD POR EL APRUEBO PS PPD E INDEPENDIENTES,318. VICENTE ARNALDO HIGUERAS URRUTIA,PPD,0.0,False
107321,ANTUCO,ANTUCO,LICEO  DOCTOR VICTOR RIOS RUIZ,7V,YW.UNIDAD POR EL APRUEBO PS PPD E INDEPENDIENTES,319. RODRIGO AGUILERA VERGARA,IND,6.0,True
107322,ANTUCO,ANTUCO,LICEO  DOCTOR VICTOR RIOS RUIZ,7V,ZG.CHILE VAMOS EVOPOLI - INDEPENDIENTES,320. LORETO ANDREA VIVEROS COFRE,IND,3.0,False
107323,ANTUCO,ANTUCO,LICEO  DOCTOR VICTOR RIOS RUIZ,7V,ZG.CHILE VAMOS EVOPOLI - INDEPENDIENTES,321. FELIPE ELIZARDO HERNANDEZ SOTO,IND,0.0,False
107324,ANTUCO,ANTUCO,LICEO  DOCTOR VICTOR RIOS RUIZ,7V,ZJ.CHILE VAMOS UDI - INDEPENDIENTES,322. JUAN CARLOS SALINAS MUÑOZ,UDI,0.0,False
107325,ANTUCO,ANTUCO,LICEO  DOCTOR VICTOR RIOS RUIZ,7V,ZJ.CHILE VAMOS UDI - INDEPENDIENTES,323. NAYADETT DEL PILAR FUENTES VIVEROS,IND,1.0,False
107326,ANTUCO,ANTUCO,LICEO  DOCTOR VICTOR RIOS RUIZ,7V,ZJ.CHILE VAMOS UDI - INDEPENDIENTES,324. CARLOS RODOLFO VIGNOLO BURGOS,IND,0.0,False
107327,ANTUCO,ANTUCO,LICEO  DOCTOR VICTOR RIOS RUIZ,7V,ZJ.CHILE VAMOS UDI - INDEPENDIENTES,325. KATHERINE  ECKHOLT SEGUEL,IND,8.0,False
107328,ANTUCO,ANTUCO,LICEO  DOCTOR VICTOR RIOS RUIZ,7V,ZU.RADICALES E INDEPENDIENTES,326. NELSON FABIAN ISLA VILCHE,PR,5.0,True
107329,ANTUCO,ANTUCO,LICEO  DOCTOR VICTOR RIOS RUIZ,7V,ZU.RADICALES E INDEPENDIENTES,327. VICTOR MANUEL VIVANCO QUEZADA,PR,2.0,False
107330,ANTUCO,ANTUCO,LICEO  DOCTOR VICTOR RIOS RUIZ,7V,ZU.RADICALES E INDEPENDIENTES,328. BARBARA ROMINA RUBIO MELLADO,PR,8.0,False
107331,ANTUCO,ANTUCO,LICEO  DOCTOR VICTOR RIOS RUIZ,7V,ZU.RADICALES E INDEPENDIENTES,329. DIONISIO NADIER MUÑOZ COÑUECAR,PR,4.0,False
107332,ANTUCO,ANTUCO,LICEO  DOCTOR VICTOR RIOS RUIZ,7V,ZU.RADICALES E INDEPENDIENTES,330. PAOLA IGNACIA ROLACK SAN MARTIN,IND,0.0,False
107333,ANTUCO,ANTUCO,LICEO  DOCTOR VICTOR RIOS RUIZ,7V,ZU.RADICALES E INDEPENDIENTES,331. CLAUDIA PATRICIA JELVES MANCILLA,IND,3.0,False
107334,ANTUCO,ANTUCO,LICEO  DOCTOR VICTOR RIOS RUIZ,8V,XK.CHILE VAMOS RENOVACION NACIONAL - INDEPENDIENTES,300. GLORIA MAGDALENA ABDALA BENAVIDES,RN,2.0,False
107335,ANTUCO,ANTUCO,LICEO  DOCTOR VICTOR RIOS RUIZ,8V,XK.CHILE VAMOS RENOVACION NACIONAL - INDEPENDIENTES,301. BASILIO FELIPE ALMENDRAS SANCHEZ,RN,0.0,False
107336,ANTUCO,ANTUCO,LICEO  DOCTOR VICTOR RIOS RUIZ,8V,XK.CHILE VAMOS RENOVACION NACIONAL - INDEPENDIENTES,302. MIGUEL PATRICIO GARCES MUÑOZ,RN,7.0,False
107337,ANTUCO,ANTUCO,LICEO  DOCTOR VICTOR RIOS RUIZ,8V,XK.CHILE VAMOS RENOVACION NACIONAL - INDEPENDIENTES,303. LEONARDO ERNESTO PINOCHET DAZA,RN,5.0,False
107338,ANTUCO,ANTUCO,LICEO  DOCTOR VICTOR RIOS RUIZ,8V,XK.CHILE VAMOS RENOVACION NACIONAL - INDEPENDIENTES,304. VANESSA IVETTE GOMEZ ROLACK,RN,4.0,False
107339,ANTUCO,ANTUCO,LICEO  DOCTOR VICTOR RIOS RUIZ,8V,XK.CHILE VAMOS RENOVACION NACIONAL - INDEPENDIENTES,305. CARLOS ENRIQUE LOPEZ OVALLE,RN,8.0,True
107340,ANTUCO,ANTUCO,LICEO  DOCTOR VICTOR RIOS RUIZ,8V,XU.UNIDOS POR LA DIGNIDAD,306. FLORISA VERONICA CONEJEROS MUÑOZ,PDC,9.0,False
107341,ANTUCO,ANTUCO,LICEO  DOCTOR VICTOR RIOS RUIZ,8V,XU.UNIDOS POR LA DIGNIDAD,307. MAURICIO ALEJANDRO SALDIAS PARRA,PDC,13.0,True
107342,ANTUCO,ANTUCO,LICEO  DOCTOR VICTOR RIOS RUIZ,8V,XU.UNIDOS POR LA DIGNIDAD,308. CLAUDIO EDELBERTO SOLAR JARA,PDC,6.0,True
107343,ANTUCO,ANTUCO,LICEO  DOCTOR VICTOR RIOS RUIZ,8V,XU.UNIDOS POR LA DIGNIDAD,309. ANA MARIA CORONATA SEGURE,IND,0.0,False
107344,ANTUCO,ANTUCO,LICEO  DOCTOR VICTOR RIOS RUIZ,8V,XZ.ECOLOGISTAS E INDEPENDIENTES,310. DIEGO OVALLE VALENZUELA,IND,14.0,False
107345,ANTUCO,ANTUCO,LICEO  DOCTOR VICTOR RIOS RUIZ,8V,YM.CHILE VAMOS - PRI E INDEPENDIENTES,311. MARIA ANTONIETA DEL VALLE BASCUR,PRI,5.0,False
107346,ANTUCO,ANTUCO,LICEO  DOCTOR VICTOR RIOS RUIZ,8V,YM.CHILE VAMOS - PRI E INDEPENDIENTES,312. VIVIANA SOLEDAD VENEGAS AGUILERA,PRI,3.0,False
107347,ANTUCO,ANTUCO,LICEO  DOCTOR VICTOR RIOS RUIZ,8V,YM.CHILE VAMOS - PRI E INDEPENDIENTES,313. JORGE JAVIER GARCIA TRIVIÑO,IND,2.0,False
107348,ANTUCO,ANTUCO,LICEO  DOCTOR VICTOR RIOS RUIZ,8V,YW.UNIDAD POR EL APRUEBO PS PPD E INDEPENDIENTES,314. RAMON HUMBERTO AGUILA ESPINOZA,PS,15.0,True
107349,ANTUCO,ANTUCO,LICEO  DOCTOR VICTOR RIOS RUIZ,8V,YW.UNIDAD POR EL APRUEBO PS PPD E INDEPENDIENTES,315. MARGARITA DEL CARMEN NAUPA BOQUI,PS,5.0,False
107350,ANTUCO,ANTUCO,LICEO  DOCTOR VICTOR RIOS RUIZ,8V,YW.UNIDAD POR EL APRUEBO PS PPD E INDEPENDIENTES,316. CARLOS ALVAN TOLEDO CIFUENTES,IND,0.0,False
107351,ANTUCO,ANTUCO,LICEO  DOCTOR VICTOR RIOS RUIZ,8V,YW.UNIDAD POR EL APRUEBO PS PPD E INDEPENDIENTES,317. ELBA ISSI SALDIAS,PPD,8.0,False
107352,ANTUCO,ANTUCO,LICEO  DOCTOR VICTOR RIOS RUIZ,8V,YW.UNIDAD POR EL APRUEBO PS PPD E INDEPENDIENTES,318. VICENTE ARNALDO HIGUERAS URRUTIA,PPD,14.0,False
107353,ANTUCO,ANTUCO,LICEO  DOCTOR VICTOR RIOS RUIZ,8V,YW.UNIDAD POR EL APRUEBO PS PPD E INDEPENDIENTES,319. RODRIGO AGUILERA VERGARA,IND,21.0,True
107354,ANTUCO,ANTUCO,LICEO  DOCTOR VICTOR RIOS RUIZ,8V,ZG.CHILE VAMOS EVOPOLI - INDEPENDIENTES,320. LORETO ANDREA VIVEROS COFRE,IND,0.0,False
107355,ANTUCO,ANTUCO,LICEO  DOCTOR VICTOR RIOS RUIZ,8V,ZG.CHILE VAMOS EVOPOLI - INDEPENDIENTES,321. FELIPE ELIZARDO HERNANDEZ SOTO,IND,0.0,False
107356,ANTUCO,ANTUCO,LICEO  DOCTOR VICTOR RIOS RUIZ,8V,ZJ.CHILE VAMOS UDI - INDEPENDIENTES,322. JUAN CARLOS SALINAS MUÑOZ,UDI,1.0,False
107357,ANTUCO,ANTUCO,LICEO  DOCTOR VICTOR RIOS RUIZ,8V,ZJ.CHILE VAMOS UDI - INDEPENDIENTES,323. NAYADETT DEL PILAR FUENTES VIVEROS,IND,0.0,False
107358,ANTUCO,ANTUCO,LICEO  DOCTOR VICTOR RIOS RUIZ,8V,ZJ.CHILE VAMOS UDI - INDEPENDIENTES,324. CARLOS RODOLFO VIGNOLO BURGOS,IND,2.0,False
107359,ANTUCO,ANTUCO,LICEO  DOCTOR VICTOR RIOS RUIZ,8V,ZJ.CHILE VAMOS UDI - INDEPENDIENTES,325. KATHERINE  ECKHOLT SEGUEL,IND,7.0,False
107360,ANTUCO,ANTUCO,LICEO  DOCTOR VICTOR RIOS RUIZ,8V,ZU.RADICALES E INDEPENDIENTES,326. NELSON FABIAN ISLA VILCHE,PR,7.0,True
107361,ANTUCO,ANTUCO,LICEO  DOCTOR VICTOR RIOS RUIZ,8V,ZU.RADICALES E INDEPENDIENTES,327. VICTOR MANUEL VIVANCO QUEZADA,PR,2.0,False
107362,ANTUCO,ANTUCO,LICEO  DOCTOR VICTOR RIOS RUIZ,8V,ZU.RADICALES E INDEPENDIENTES,328. BARBARA ROMINA RUBIO MELLADO,PR,5.0,False
107363,ANTUCO,ANTUCO,LICEO  DOCTOR VICTOR RIOS RUIZ,8V,ZU.RADICALES E INDEPENDIENTES,329. DIONISIO NADIER MUÑOZ COÑUECAR,PR,1.0,False
107364,ANTUCO,ANTUCO,LICEO  DOCTOR VICTOR RIOS RUIZ,8V,ZU.RADICALES E INDEPENDIENTES,330. PAOLA IGNACIA ROLACK SAN MARTIN,IND,3.0,False
107365,ANTUCO,ANTUCO,LICEO  DOCTOR VICTOR RIOS RUIZ,8V,ZU.RADICALES E INDEPENDIENTES,331. CLAUDIA PATRICIA JELVES MANCILLA,IND,4.0,False
