,COMUNA,CIRC_ELEC,LOCAL,MESA,LISTA,CANDIDATX,PARTIDO,VOTOS,ELECTX
180887,CABO DE HORNOS(EX-NAVARINO) Y ANTARTICA,ANTARTICA,ESCUELA BASICA VILLA LAS ESTRELLAS,1M-2V-3V,XK.CHILE VAMOS RENOVACION NACIONAL - INDEPENDIENTES,300. FRANCIS ANDREA DELGADO IBACETA,RN,1.0,False
180888,CABO DE HORNOS(EX-NAVARINO) Y ANTARTICA,ANTARTICA,ESCUELA BASICA VILLA LAS ESTRELLAS,1M-2V-3V,XK.CHILE VAMOS RENOVACION NACIONAL - INDEPENDIENTES,301. JOSE LUIS PAREDES SOTO,RN,0.0,True
180889,CABO DE HORNOS(EX-NAVARINO) Y ANTARTICA,ANTARTICA,ESCUELA BASICA VILLA LAS ESTRELLAS,1M-2V-3V,XK.CHILE VAMOS RENOVACION NACIONAL - INDEPENDIENTES,302. CAROLINA ISABEL GUENEL GONZALEZ,IND,0.0,True
180890,CABO DE HORNOS(EX-NAVARINO) Y ANTARTICA,ANTARTICA,ESCUELA BASICA VILLA LAS ESTRELLAS,1M-2V-3V,XK.CHILE VAMOS RENOVACION NACIONAL - INDEPENDIENTES,303. MAURO JAVIER ROJAS DUMENES,IND,0.0,False
180891,CABO DE HORNOS(EX-NAVARINO) Y ANTARTICA,ANTARTICA,ESCUELA BASICA VILLA LAS ESTRELLAS,1M-2V-3V,XK.CHILE VAMOS RENOVACION NACIONAL - INDEPENDIENTES,304. KARINA SANDOVAL MANSILLA,IND,0.0,True
180892,CABO DE HORNOS(EX-NAVARINO) Y ANTARTICA,ANTARTICA,ESCUELA BASICA VILLA LAS ESTRELLAS,1M-2V-3V,XK.CHILE VAMOS RENOVACION NACIONAL - INDEPENDIENTES,305. JENIFER KAREN FAVIOLA YAÑEZ VILLEGAS,IND,0.0,False
180893,CABO DE HORNOS(EX-NAVARINO) Y ANTARTICA,ANTARTICA,ESCUELA BASICA VILLA LAS ESTRELLAS,1M-2V-3V,XU.UNIDOS POR LA DIGNIDAD,306. PAOLA ALEJANDRA SPEAKE OJEDA,PDC,0.0,False
180894,CABO DE HORNOS(EX-NAVARINO) Y ANTARTICA,ANTARTICA,ESCUELA BASICA VILLA LAS ESTRELLAS,1M-2V-3V,XU.UNIDOS POR LA DIGNIDAD,307. ROBERTO GANTER SALAZAR,IND,0.0,False
180895,CABO DE HORNOS(EX-NAVARINO) Y ANTARTICA,ANTARTICA,ESCUELA BASICA VILLA LAS ESTRELLAS,1M-2V-3V,XY.DIGNIDAD AHORA,308. DAVID ALDAY CHIGUAY,IND,1.0,False
180896,CABO DE HORNOS(EX-NAVARINO) Y ANTARTICA,ANTARTICA,ESCUELA BASICA VILLA LAS ESTRELLAS,1M-2V-3V,XY.DIGNIDAD AHORA,309. ALBERTO SERRANO FILLOL,IND,1.0,True
180897,CABO DE HORNOS(EX-NAVARINO) Y ANTARTICA,ANTARTICA,ESCUELA BASICA VILLA LAS ESTRELLAS,1M-2V-3V,XY.DIGNIDAD AHORA,310. NATALIA EMELINA VALDERAS CHIGUAY,IND,1.0,False
180898,CABO DE HORNOS(EX-NAVARINO) Y ANTARTICA,ANTARTICA,ESCUELA BASICA VILLA LAS ESTRELLAS,1M-2V-3V,YW.UNIDAD POR EL APRUEBO PS PPD E INDEPENDIENTES,311. JUAN BAUTISTA VELASQUEZ MUÑOZ,PS,0.0,True
180899,CABO DE HORNOS(EX-NAVARINO) Y ANTARTICA,ANTARTICA,ESCUELA BASICA VILLA LAS ESTRELLAS,1M-2V-3V,YW.UNIDAD POR EL APRUEBO PS PPD E INDEPENDIENTES,312. HUGO PEREZ SANTANA,IND,0.0,False
180900,CABO DE HORNOS(EX-NAVARINO) Y ANTARTICA,ANTARTICA,ESCUELA BASICA VILLA LAS ESTRELLAS,1M-2V-3V,ZJ.CHILE VAMOS UDI - INDEPENDIENTES,313. JAIME PATRICIO CARCAMO ALVAREZ,UDI,0.0,False
180901,CABO DE HORNOS(EX-NAVARINO) Y ANTARTICA,ANTARTICA,ESCUELA BASICA VILLA LAS ESTRELLAS,1M-2V-3V,ZJ.CHILE VAMOS UDI - INDEPENDIENTES,314. CESAR VILLARROEL LOVERA,UDI,0.0,False
180902,CABO DE HORNOS(EX-NAVARINO) Y ANTARTICA,ANTARTICA,ESCUELA BASICA VILLA LAS ESTRELLAS,1M-2V-3V,ZJ.CHILE VAMOS UDI - INDEPENDIENTES,315. KARINA ANDREA CARCAMO BARRIA,IND,0.0,True
180903,CABO DE HORNOS(EX-NAVARINO) Y ANTARTICA,ANTARTICA,ESCUELA BASICA VILLA LAS ESTRELLAS,1M-2V-3V,ZJ.CHILE VAMOS UDI - INDEPENDIENTES,316. RICHARD CARU IBACETA,IND,0.0,False
180904,CABO DE HORNOS(EX-NAVARINO) Y ANTARTICA,CABO DE HORNOS (NAVARINO),LICEO DONALD MC-INTYRE GRIFFITHS,1M-3M,XK.CHILE VAMOS RENOVACION NACIONAL - INDEPENDIENTES,300. FRANCIS ANDREA DELGADO IBACETA,RN,3.0,False
180905,CABO DE HORNOS(EX-NAVARINO) Y ANTARTICA,CABO DE HORNOS (NAVARINO),LICEO DONALD MC-INTYRE GRIFFITHS,1M-3M,XK.CHILE VAMOS RENOVACION NACIONAL - INDEPENDIENTES,301. JOSE LUIS PAREDES SOTO,RN,16.0,True
180906,CABO DE HORNOS(EX-NAVARINO) Y ANTARTICA,CABO DE HORNOS (NAVARINO),LICEO DONALD MC-INTYRE GRIFFITHS,1M-3M,XK.CHILE VAMOS RENOVACION NACIONAL - INDEPENDIENTES,302. CAROLINA ISABEL GUENEL GONZALEZ,IND,21.0,True
180907,CABO DE HORNOS(EX-NAVARINO) Y ANTARTICA,CABO DE HORNOS (NAVARINO),LICEO DONALD MC-INTYRE GRIFFITHS,1M-3M,XK.CHILE VAMOS RENOVACION NACIONAL - INDEPENDIENTES,303. MAURO JAVIER ROJAS DUMENES,IND,4.0,False
180908,CABO DE HORNOS(EX-NAVARINO) Y ANTARTICA,CABO DE HORNOS (NAVARINO),LICEO DONALD MC-INTYRE GRIFFITHS,1M-3M,XK.CHILE VAMOS RENOVACION NACIONAL - INDEPENDIENTES,304. KARINA SANDOVAL MANSILLA,IND,11.0,True
180909,CABO DE HORNOS(EX-NAVARINO) Y ANTARTICA,CABO DE HORNOS (NAVARINO),LICEO DONALD MC-INTYRE GRIFFITHS,1M-3M,XK.CHILE VAMOS RENOVACION NACIONAL - INDEPENDIENTES,305. JENIFER KAREN FAVIOLA YAÑEZ VILLEGAS,IND,1.0,False
180910,CABO DE HORNOS(EX-NAVARINO) Y ANTARTICA,CABO DE HORNOS (NAVARINO),LICEO DONALD MC-INTYRE GRIFFITHS,1M-3M,XU.UNIDOS POR LA DIGNIDAD,306. PAOLA ALEJANDRA SPEAKE OJEDA,PDC,3.0,False
180911,CABO DE HORNOS(EX-NAVARINO) Y ANTARTICA,CABO DE HORNOS (NAVARINO),LICEO DONALD MC-INTYRE GRIFFITHS,1M-3M,XU.UNIDOS POR LA DIGNIDAD,307. ROBERTO GANTER SALAZAR,IND,3.0,False
180912,CABO DE HORNOS(EX-NAVARINO) Y ANTARTICA,CABO DE HORNOS (NAVARINO),LICEO DONALD MC-INTYRE GRIFFITHS,1M-3M,XY.DIGNIDAD AHORA,308. DAVID ALDAY CHIGUAY,IND,6.0,False
180913,CABO DE HORNOS(EX-NAVARINO) Y ANTARTICA,CABO DE HORNOS (NAVARINO),LICEO DONALD MC-INTYRE GRIFFITHS,1M-3M,XY.DIGNIDAD AHORA,309. ALBERTO SERRANO FILLOL,IND,13.0,True
180914,CABO DE HORNOS(EX-NAVARINO) Y ANTARTICA,CABO DE HORNOS (NAVARINO),LICEO DONALD MC-INTYRE GRIFFITHS,1M-3M,XY.DIGNIDAD AHORA,310. NATALIA EMELINA VALDERAS CHIGUAY,IND,1.0,False
180915,CABO DE HORNOS(EX-NAVARINO) Y ANTARTICA,CABO DE HORNOS (NAVARINO),LICEO DONALD MC-INTYRE GRIFFITHS,1M-3M,YW.UNIDAD POR EL APRUEBO PS PPD E INDEPENDIENTES,311. JUAN BAUTISTA VELASQUEZ MUÑOZ,PS,15.0,True
180916,CABO DE HORNOS(EX-NAVARINO) Y ANTARTICA,CABO DE HORNOS (NAVARINO),LICEO DONALD MC-INTYRE GRIFFITHS,1M-3M,YW.UNIDAD POR EL APRUEBO PS PPD E INDEPENDIENTES,312. HUGO PEREZ SANTANA,IND,19.0,False
180917,CABO DE HORNOS(EX-NAVARINO) Y ANTARTICA,CABO DE HORNOS (NAVARINO),LICEO DONALD MC-INTYRE GRIFFITHS,1M-3M,ZJ.CHILE VAMOS UDI - INDEPENDIENTES,313. JAIME PATRICIO CARCAMO ALVAREZ,UDI,5.0,False
180918,CABO DE HORNOS(EX-NAVARINO) Y ANTARTICA,CABO DE HORNOS (NAVARINO),LICEO DONALD MC-INTYRE GRIFFITHS,1M-3M,ZJ.CHILE VAMOS UDI - INDEPENDIENTES,314. CESAR VILLARROEL LOVERA,UDI,2.0,False
180919,CABO DE HORNOS(EX-NAVARINO) Y ANTARTICA,CABO DE HORNOS (NAVARINO),LICEO DONALD MC-INTYRE GRIFFITHS,1M-3M,ZJ.CHILE VAMOS UDI - INDEPENDIENTES,315. KARINA ANDREA CARCAMO BARRIA,IND,3.0,True
180920,CABO DE HORNOS(EX-NAVARINO) Y ANTARTICA,CABO DE HORNOS (NAVARINO),LICEO DONALD MC-INTYRE GRIFFITHS,1M-3M,ZJ.CHILE VAMOS UDI - INDEPENDIENTES,316. RICHARD CARU IBACETA,IND,5.0,False
180921,CABO DE HORNOS(EX-NAVARINO) Y ANTARTICA,CABO DE HORNOS (NAVARINO),LICEO DONALD MC-INTYRE GRIFFITHS,4M-5M-5V,XK.CHILE VAMOS RENOVACION NACIONAL - INDEPENDIENTES,300. FRANCIS ANDREA DELGADO IBACETA,RN,4.0,False
180922,CABO DE HORNOS(EX-NAVARINO) Y ANTARTICA,CABO DE HORNOS (NAVARINO),LICEO DONALD MC-INTYRE GRIFFITHS,4M-5M-5V,XK.CHILE VAMOS RENOVACION NACIONAL - INDEPENDIENTES,301. JOSE LUIS PAREDES SOTO,RN,11.0,True
180923,CABO DE HORNOS(EX-NAVARINO) Y ANTARTICA,CABO DE HORNOS (NAVARINO),LICEO DONALD MC-INTYRE GRIFFITHS,4M-5M-5V,XK.CHILE VAMOS RENOVACION NACIONAL - INDEPENDIENTES,302. CAROLINA ISABEL GUENEL GONZALEZ,IND,18.0,True
180924,CABO DE HORNOS(EX-NAVARINO) Y ANTARTICA,CABO DE HORNOS (NAVARINO),LICEO DONALD MC-INTYRE GRIFFITHS,4M-5M-5V,XK.CHILE VAMOS RENOVACION NACIONAL - INDEPENDIENTES,303. MAURO JAVIER ROJAS DUMENES,IND,1.0,False
180925,CABO DE HORNOS(EX-NAVARINO) Y ANTARTICA,CABO DE HORNOS (NAVARINO),LICEO DONALD MC-INTYRE GRIFFITHS,4M-5M-5V,XK.CHILE VAMOS RENOVACION NACIONAL - INDEPENDIENTES,304. KARINA SANDOVAL MANSILLA,IND,13.0,True
180926,CABO DE HORNOS(EX-NAVARINO) Y ANTARTICA,CABO DE HORNOS (NAVARINO),LICEO DONALD MC-INTYRE GRIFFITHS,4M-5M-5V,XK.CHILE VAMOS RENOVACION NACIONAL - INDEPENDIENTES,305. JENIFER KAREN FAVIOLA YAÑEZ VILLEGAS,IND,3.0,False
180927,CABO DE HORNOS(EX-NAVARINO) Y ANTARTICA,CABO DE HORNOS (NAVARINO),LICEO DONALD MC-INTYRE GRIFFITHS,4M-5M-5V,XU.UNIDOS POR LA DIGNIDAD,306. PAOLA ALEJANDRA SPEAKE OJEDA,PDC,9.0,False
180928,CABO DE HORNOS(EX-NAVARINO) Y ANTARTICA,CABO DE HORNOS (NAVARINO),LICEO DONALD MC-INTYRE GRIFFITHS,4M-5M-5V,XU.UNIDOS POR LA DIGNIDAD,307. ROBERTO GANTER SALAZAR,IND,6.0,False
180929,CABO DE HORNOS(EX-NAVARINO) Y ANTARTICA,CABO DE HORNOS (NAVARINO),LICEO DONALD MC-INTYRE GRIFFITHS,4M-5M-5V,XY.DIGNIDAD AHORA,308. DAVID ALDAY CHIGUAY,IND,7.0,False
180930,CABO DE HORNOS(EX-NAVARINO) Y ANTARTICA,CABO DE HORNOS (NAVARINO),LICEO DONALD MC-INTYRE GRIFFITHS,4M-5M-5V,XY.DIGNIDAD AHORA,309. ALBERTO SERRANO FILLOL,IND,10.0,True
180931,CABO DE HORNOS(EX-NAVARINO) Y ANTARTICA,CABO DE HORNOS (NAVARINO),LICEO DONALD MC-INTYRE GRIFFITHS,4M-5M-5V,XY.DIGNIDAD AHORA,310. NATALIA EMELINA VALDERAS CHIGUAY,IND,4.0,False
180932,CABO DE HORNOS(EX-NAVARINO) Y ANTARTICA,CABO DE HORNOS (NAVARINO),LICEO DONALD MC-INTYRE GRIFFITHS,4M-5M-5V,YW.UNIDAD POR EL APRUEBO PS PPD E INDEPENDIENTES,311. JUAN BAUTISTA VELASQUEZ MUÑOZ,PS,22.0,True
180933,CABO DE HORNOS(EX-NAVARINO) Y ANTARTICA,CABO DE HORNOS (NAVARINO),LICEO DONALD MC-INTYRE GRIFFITHS,4M-5M-5V,YW.UNIDAD POR EL APRUEBO PS PPD E INDEPENDIENTES,312. HUGO PEREZ SANTANA,IND,10.0,False
180934,CABO DE HORNOS(EX-NAVARINO) Y ANTARTICA,CABO DE HORNOS (NAVARINO),LICEO DONALD MC-INTYRE GRIFFITHS,4M-5M-5V,ZJ.CHILE VAMOS UDI - INDEPENDIENTES,313. JAIME PATRICIO CARCAMO ALVAREZ,UDI,4.0,False
180935,CABO DE HORNOS(EX-NAVARINO) Y ANTARTICA,CABO DE HORNOS (NAVARINO),LICEO DONALD MC-INTYRE GRIFFITHS,4M-5M-5V,ZJ.CHILE VAMOS UDI - INDEPENDIENTES,314. CESAR VILLARROEL LOVERA,UDI,0.0,False
180936,CABO DE HORNOS(EX-NAVARINO) Y ANTARTICA,CABO DE HORNOS (NAVARINO),LICEO DONALD MC-INTYRE GRIFFITHS,4M-5M-5V,ZJ.CHILE VAMOS UDI - INDEPENDIENTES,315. KARINA ANDREA CARCAMO BARRIA,IND,11.0,True
180937,CABO DE HORNOS(EX-NAVARINO) Y ANTARTICA,CABO DE HORNOS (NAVARINO),LICEO DONALD MC-INTYRE GRIFFITHS,4M-5M-5V,ZJ.CHILE VAMOS UDI - INDEPENDIENTES,316. RICHARD CARU IBACETA,IND,8.0,False
180938,CABO DE HORNOS(EX-NAVARINO) Y ANTARTICA,CABO DE HORNOS (NAVARINO),LICEO DONALD MC-INTYRE GRIFFITHS,6M-1V,XK.CHILE VAMOS RENOVACION NACIONAL - INDEPENDIENTES,300. FRANCIS ANDREA DELGADO IBACETA,RN,5.0,False
180939,CABO DE HORNOS(EX-NAVARINO) Y ANTARTICA,CABO DE HORNOS (NAVARINO),LICEO DONALD MC-INTYRE GRIFFITHS,6M-1V,XK.CHILE VAMOS RENOVACION NACIONAL - INDEPENDIENTES,301. JOSE LUIS PAREDES SOTO,RN,15.0,True
180940,CABO DE HORNOS(EX-NAVARINO) Y ANTARTICA,CABO DE HORNOS (NAVARINO),LICEO DONALD MC-INTYRE GRIFFITHS,6M-1V,XK.CHILE VAMOS RENOVACION NACIONAL - INDEPENDIENTES,302. CAROLINA ISABEL GUENEL GONZALEZ,IND,24.0,True
180941,CABO DE HORNOS(EX-NAVARINO) Y ANTARTICA,CABO DE HORNOS (NAVARINO),LICEO DONALD MC-INTYRE GRIFFITHS,6M-1V,XK.CHILE VAMOS RENOVACION NACIONAL - INDEPENDIENTES,303. MAURO JAVIER ROJAS DUMENES,IND,4.0,False
180942,CABO DE HORNOS(EX-NAVARINO) Y ANTARTICA,CABO DE HORNOS (NAVARINO),LICEO DONALD MC-INTYRE GRIFFITHS,6M-1V,XK.CHILE VAMOS RENOVACION NACIONAL - INDEPENDIENTES,304. KARINA SANDOVAL MANSILLA,IND,6.0,True
180943,CABO DE HORNOS(EX-NAVARINO) Y ANTARTICA,CABO DE HORNOS (NAVARINO),LICEO DONALD MC-INTYRE GRIFFITHS,6M-1V,XK.CHILE VAMOS RENOVACION NACIONAL - INDEPENDIENTES,305. JENIFER KAREN FAVIOLA YAÑEZ VILLEGAS,IND,2.0,False
180944,CABO DE HORNOS(EX-NAVARINO) Y ANTARTICA,CABO DE HORNOS (NAVARINO),LICEO DONALD MC-INTYRE GRIFFITHS,6M-1V,XU.UNIDOS POR LA DIGNIDAD,306. PAOLA ALEJANDRA SPEAKE OJEDA,PDC,6.0,False
180945,CABO DE HORNOS(EX-NAVARINO) Y ANTARTICA,CABO DE HORNOS (NAVARINO),LICEO DONALD MC-INTYRE GRIFFITHS,6M-1V,XU.UNIDOS POR LA DIGNIDAD,307. ROBERTO GANTER SALAZAR,IND,3.0,False
180946,CABO DE HORNOS(EX-NAVARINO) Y ANTARTICA,CABO DE HORNOS (NAVARINO),LICEO DONALD MC-INTYRE GRIFFITHS,6M-1V,XY.DIGNIDAD AHORA,308. DAVID ALDAY CHIGUAY,IND,11.0,False
180947,CABO DE HORNOS(EX-NAVARINO) Y ANTARTICA,CABO DE HORNOS (NAVARINO),LICEO DONALD MC-INTYRE GRIFFITHS,6M-1V,XY.DIGNIDAD AHORA,309. ALBERTO SERRANO FILLOL,IND,10.0,True
180948,CABO DE HORNOS(EX-NAVARINO) Y ANTARTICA,CABO DE HORNOS (NAVARINO),LICEO DONALD MC-INTYRE GRIFFITHS,6M-1V,XY.DIGNIDAD AHORA,310. NATALIA EMELINA VALDERAS CHIGUAY,IND,3.0,False
180949,CABO DE HORNOS(EX-NAVARINO) Y ANTARTICA,CABO DE HORNOS (NAVARINO),LICEO DONALD MC-INTYRE GRIFFITHS,6M-1V,YW.UNIDAD POR EL APRUEBO PS PPD E INDEPENDIENTES,311. JUAN BAUTISTA VELASQUEZ MUÑOZ,PS,16.0,True
180950,CABO DE HORNOS(EX-NAVARINO) Y ANTARTICA,CABO DE HORNOS (NAVARINO),LICEO DONALD MC-INTYRE GRIFFITHS,6M-1V,YW.UNIDAD POR EL APRUEBO PS PPD E INDEPENDIENTES,312. HUGO PEREZ SANTANA,IND,20.0,False
180951,CABO DE HORNOS(EX-NAVARINO) Y ANTARTICA,CABO DE HORNOS (NAVARINO),LICEO DONALD MC-INTYRE GRIFFITHS,6M-1V,ZJ.CHILE VAMOS UDI - INDEPENDIENTES,313. JAIME PATRICIO CARCAMO ALVAREZ,UDI,2.0,False
180952,CABO DE HORNOS(EX-NAVARINO) Y ANTARTICA,CABO DE HORNOS (NAVARINO),LICEO DONALD MC-INTYRE GRIFFITHS,6M-1V,ZJ.CHILE VAMOS UDI - INDEPENDIENTES,314. CESAR VILLARROEL LOVERA,UDI,0.0,False
180953,CABO DE HORNOS(EX-NAVARINO) Y ANTARTICA,CABO DE HORNOS (NAVARINO),LICEO DONALD MC-INTYRE GRIFFITHS,6M-1V,ZJ.CHILE VAMOS UDI - INDEPENDIENTES,315. KARINA ANDREA CARCAMO BARRIA,IND,9.0,True
180954,CABO DE HORNOS(EX-NAVARINO) Y ANTARTICA,CABO DE HORNOS (NAVARINO),LICEO DONALD MC-INTYRE GRIFFITHS,6M-1V,ZJ.CHILE VAMOS UDI - INDEPENDIENTES,316. RICHARD CARU IBACETA,IND,1.0,False
180955,CABO DE HORNOS(EX-NAVARINO) Y ANTARTICA,CABO DE HORNOS (NAVARINO),LICEO DONALD MC-INTYRE GRIFFITHS,3V-6V,XK.CHILE VAMOS RENOVACION NACIONAL - INDEPENDIENTES,300. FRANCIS ANDREA DELGADO IBACETA,RN,2.0,False
180956,CABO DE HORNOS(EX-NAVARINO) Y ANTARTICA,CABO DE HORNOS (NAVARINO),LICEO DONALD MC-INTYRE GRIFFITHS,3V-6V,XK.CHILE VAMOS RENOVACION NACIONAL - INDEPENDIENTES,301. JOSE LUIS PAREDES SOTO,RN,9.0,True
180957,CABO DE HORNOS(EX-NAVARINO) Y ANTARTICA,CABO DE HORNOS (NAVARINO),LICEO DONALD MC-INTYRE GRIFFITHS,3V-6V,XK.CHILE VAMOS RENOVACION NACIONAL - INDEPENDIENTES,302. CAROLINA ISABEL GUENEL GONZALEZ,IND,9.0,True
180958,CABO DE HORNOS(EX-NAVARINO) Y ANTARTICA,CABO DE HORNOS (NAVARINO),LICEO DONALD MC-INTYRE GRIFFITHS,3V-6V,XK.CHILE VAMOS RENOVACION NACIONAL - INDEPENDIENTES,303. MAURO JAVIER ROJAS DUMENES,IND,7.0,False
180959,CABO DE HORNOS(EX-NAVARINO) Y ANTARTICA,CABO DE HORNOS (NAVARINO),LICEO DONALD MC-INTYRE GRIFFITHS,3V-6V,XK.CHILE VAMOS RENOVACION NACIONAL - INDEPENDIENTES,304. KARINA SANDOVAL MANSILLA,IND,11.0,True
180960,CABO DE HORNOS(EX-NAVARINO) Y ANTARTICA,CABO DE HORNOS (NAVARINO),LICEO DONALD MC-INTYRE GRIFFITHS,3V-6V,XK.CHILE VAMOS RENOVACION NACIONAL - INDEPENDIENTES,305. JENIFER KAREN FAVIOLA YAÑEZ VILLEGAS,IND,3.0,False
180961,CABO DE HORNOS(EX-NAVARINO) Y ANTARTICA,CABO DE HORNOS (NAVARINO),LICEO DONALD MC-INTYRE GRIFFITHS,3V-6V,XU.UNIDOS POR LA DIGNIDAD,306. PAOLA ALEJANDRA SPEAKE OJEDA,PDC,10.0,False
180962,CABO DE HORNOS(EX-NAVARINO) Y ANTARTICA,CABO DE HORNOS (NAVARINO),LICEO DONALD MC-INTYRE GRIFFITHS,3V-6V,XU.UNIDOS POR LA DIGNIDAD,307. ROBERTO GANTER SALAZAR,IND,7.0,False
180963,CABO DE HORNOS(EX-NAVARINO) Y ANTARTICA,CABO DE HORNOS (NAVARINO),LICEO DONALD MC-INTYRE GRIFFITHS,3V-6V,XY.DIGNIDAD AHORA,308. DAVID ALDAY CHIGUAY,IND,2.0,False
180964,CABO DE HORNOS(EX-NAVARINO) Y ANTARTICA,CABO DE HORNOS (NAVARINO),LICEO DONALD MC-INTYRE GRIFFITHS,3V-6V,XY.DIGNIDAD AHORA,309. ALBERTO SERRANO FILLOL,IND,3.0,True
180965,CABO DE HORNOS(EX-NAVARINO) Y ANTARTICA,CABO DE HORNOS (NAVARINO),LICEO DONALD MC-INTYRE GRIFFITHS,3V-6V,XY.DIGNIDAD AHORA,310. NATALIA EMELINA VALDERAS CHIGUAY,IND,4.0,False
180966,CABO DE HORNOS(EX-NAVARINO) Y ANTARTICA,CABO DE HORNOS (NAVARINO),LICEO DONALD MC-INTYRE GRIFFITHS,3V-6V,YW.UNIDAD POR EL APRUEBO PS PPD E INDEPENDIENTES,311. JUAN BAUTISTA VELASQUEZ MUÑOZ,PS,17.0,True
180967,CABO DE HORNOS(EX-NAVARINO) Y ANTARTICA,CABO DE HORNOS (NAVARINO),LICEO DONALD MC-INTYRE GRIFFITHS,3V-6V,YW.UNIDAD POR EL APRUEBO PS PPD E INDEPENDIENTES,312. HUGO PEREZ SANTANA,IND,6.0,False
180968,CABO DE HORNOS(EX-NAVARINO) Y ANTARTICA,CABO DE HORNOS (NAVARINO),LICEO DONALD MC-INTYRE GRIFFITHS,3V-6V,ZJ.CHILE VAMOS UDI - INDEPENDIENTES,313. JAIME PATRICIO CARCAMO ALVAREZ,UDI,1.0,False
180969,CABO DE HORNOS(EX-NAVARINO) Y ANTARTICA,CABO DE HORNOS (NAVARINO),LICEO DONALD MC-INTYRE GRIFFITHS,3V-6V,ZJ.CHILE VAMOS UDI - INDEPENDIENTES,314. CESAR VILLARROEL LOVERA,UDI,2.0,False
180970,CABO DE HORNOS(EX-NAVARINO) Y ANTARTICA,CABO DE HORNOS (NAVARINO),LICEO DONALD MC-INTYRE GRIFFITHS,3V-6V,ZJ.CHILE VAMOS UDI - INDEPENDIENTES,315. KARINA ANDREA CARCAMO BARRIA,IND,5.0,True
180971,CABO DE HORNOS(EX-NAVARINO) Y ANTARTICA,CABO DE HORNOS (NAVARINO),LICEO DONALD MC-INTYRE GRIFFITHS,3V-6V,ZJ.CHILE VAMOS UDI - INDEPENDIENTES,316. RICHARD CARU IBACETA,IND,1.0,False
180972,CABO DE HORNOS(EX-NAVARINO) Y ANTARTICA,CABO DE HORNOS (NAVARINO),LICEO DONALD MC-INTYRE GRIFFITHS,7V-8V,XK.CHILE VAMOS RENOVACION NACIONAL - INDEPENDIENTES,300. FRANCIS ANDREA DELGADO IBACETA,RN,2.0,False
180973,CABO DE HORNOS(EX-NAVARINO) Y ANTARTICA,CABO DE HORNOS (NAVARINO),LICEO DONALD MC-INTYRE GRIFFITHS,7V-8V,XK.CHILE VAMOS RENOVACION NACIONAL - INDEPENDIENTES,301. JOSE LUIS PAREDES SOTO,RN,12.0,True
180974,CABO DE HORNOS(EX-NAVARINO) Y ANTARTICA,CABO DE HORNOS (NAVARINO),LICEO DONALD MC-INTYRE GRIFFITHS,7V-8V,XK.CHILE VAMOS RENOVACION NACIONAL - INDEPENDIENTES,302. CAROLINA ISABEL GUENEL GONZALEZ,IND,10.0,True
180975,CABO DE HORNOS(EX-NAVARINO) Y ANTARTICA,CABO DE HORNOS (NAVARINO),LICEO DONALD MC-INTYRE GRIFFITHS,7V-8V,XK.CHILE VAMOS RENOVACION NACIONAL - INDEPENDIENTES,303. MAURO JAVIER ROJAS DUMENES,IND,2.0,False
180976,CABO DE HORNOS(EX-NAVARINO) Y ANTARTICA,CABO DE HORNOS (NAVARINO),LICEO DONALD MC-INTYRE GRIFFITHS,7V-8V,XK.CHILE VAMOS RENOVACION NACIONAL - INDEPENDIENTES,304. KARINA SANDOVAL MANSILLA,IND,8.0,True
180977,CABO DE HORNOS(EX-NAVARINO) Y ANTARTICA,CABO DE HORNOS (NAVARINO),LICEO DONALD MC-INTYRE GRIFFITHS,7V-8V,XK.CHILE VAMOS RENOVACION NACIONAL - INDEPENDIENTES,305. JENIFER KAREN FAVIOLA YAÑEZ VILLEGAS,IND,3.0,False
180978,CABO DE HORNOS(EX-NAVARINO) Y ANTARTICA,CABO DE HORNOS (NAVARINO),LICEO DONALD MC-INTYRE GRIFFITHS,7V-8V,XU.UNIDOS POR LA DIGNIDAD,306. PAOLA ALEJANDRA SPEAKE OJEDA,PDC,9.0,False
180979,CABO DE HORNOS(EX-NAVARINO) Y ANTARTICA,CABO DE HORNOS (NAVARINO),LICEO DONALD MC-INTYRE GRIFFITHS,7V-8V,XU.UNIDOS POR LA DIGNIDAD,307. ROBERTO GANTER SALAZAR,IND,5.0,False
180980,CABO DE HORNOS(EX-NAVARINO) Y ANTARTICA,CABO DE HORNOS (NAVARINO),LICEO DONALD MC-INTYRE GRIFFITHS,7V-8V,XY.DIGNIDAD AHORA,308. DAVID ALDAY CHIGUAY,IND,2.0,False
180981,CABO DE HORNOS(EX-NAVARINO) Y ANTARTICA,CABO DE HORNOS (NAVARINO),LICEO DONALD MC-INTYRE GRIFFITHS,7V-8V,XY.DIGNIDAD AHORA,309. ALBERTO SERRANO FILLOL,IND,4.0,True
180982,CABO DE HORNOS(EX-NAVARINO) Y ANTARTICA,CABO DE HORNOS (NAVARINO),LICEO DONALD MC-INTYRE GRIFFITHS,7V-8V,XY.DIGNIDAD AHORA,310. NATALIA EMELINA VALDERAS CHIGUAY,IND,8.0,False
180983,CABO DE HORNOS(EX-NAVARINO) Y ANTARTICA,CABO DE HORNOS (NAVARINO),LICEO DONALD MC-INTYRE GRIFFITHS,7V-8V,YW.UNIDAD POR EL APRUEBO PS PPD E INDEPENDIENTES,311. JUAN BAUTISTA VELASQUEZ MUÑOZ,PS,12.0,True
180984,CABO DE HORNOS(EX-NAVARINO) Y ANTARTICA,CABO DE HORNOS (NAVARINO),LICEO DONALD MC-INTYRE GRIFFITHS,7V-8V,YW.UNIDAD POR EL APRUEBO PS PPD E INDEPENDIENTES,312. HUGO PEREZ SANTANA,IND,16.0,False
180985,CABO DE HORNOS(EX-NAVARINO) Y ANTARTICA,CABO DE HORNOS (NAVARINO),LICEO DONALD MC-INTYRE GRIFFITHS,7V-8V,ZJ.CHILE VAMOS UDI - INDEPENDIENTES,313. JAIME PATRICIO CARCAMO ALVAREZ,UDI,0.0,False
180986,CABO DE HORNOS(EX-NAVARINO) Y ANTARTICA,CABO DE HORNOS (NAVARINO),LICEO DONALD MC-INTYRE GRIFFITHS,7V-8V,ZJ.CHILE VAMOS UDI - INDEPENDIENTES,314. CESAR VILLARROEL LOVERA,UDI,2.0,False
180987,CABO DE HORNOS(EX-NAVARINO) Y ANTARTICA,CABO DE HORNOS (NAVARINO),LICEO DONALD MC-INTYRE GRIFFITHS,7V-8V,ZJ.CHILE VAMOS UDI - INDEPENDIENTES,315. KARINA ANDREA CARCAMO BARRIA,IND,3.0,True
180988,CABO DE HORNOS(EX-NAVARINO) Y ANTARTICA,CABO DE HORNOS (NAVARINO),LICEO DONALD MC-INTYRE GRIFFITHS,7V-8V,ZJ.CHILE VAMOS UDI - INDEPENDIENTES,316. RICHARD CARU IBACETA,IND,5.0,False
180989,CABO DE HORNOS(EX-NAVARINO) Y ANTARTICA,CABO DE HORNOS (NAVARINO),LICEO DONALD MC-INTYRE GRIFFITHS,9V,XK.CHILE VAMOS RENOVACION NACIONAL - INDEPENDIENTES,300. FRANCIS ANDREA DELGADO IBACETA,RN,1.0,False
180990,CABO DE HORNOS(EX-NAVARINO) Y ANTARTICA,CABO DE HORNOS (NAVARINO),LICEO DONALD MC-INTYRE GRIFFITHS,9V,XK.CHILE VAMOS RENOVACION NACIONAL - INDEPENDIENTES,301. JOSE LUIS PAREDES SOTO,RN,13.0,True
180991,CABO DE HORNOS(EX-NAVARINO) Y ANTARTICA,CABO DE HORNOS (NAVARINO),LICEO DONALD MC-INTYRE GRIFFITHS,9V,XK.CHILE VAMOS RENOVACION NACIONAL - INDEPENDIENTES,302. CAROLINA ISABEL GUENEL GONZALEZ,IND,14.0,True
180992,CABO DE HORNOS(EX-NAVARINO) Y ANTARTICA,CABO DE HORNOS (NAVARINO),LICEO DONALD MC-INTYRE GRIFFITHS,9V,XK.CHILE VAMOS RENOVACION NACIONAL - INDEPENDIENTES,303. MAURO JAVIER ROJAS DUMENES,IND,6.0,False
180993,CABO DE HORNOS(EX-NAVARINO) Y ANTARTICA,CABO DE HORNOS (NAVARINO),LICEO DONALD MC-INTYRE GRIFFITHS,9V,XK.CHILE VAMOS RENOVACION NACIONAL - INDEPENDIENTES,304. KARINA SANDOVAL MANSILLA,IND,14.0,True
180994,CABO DE HORNOS(EX-NAVARINO) Y ANTARTICA,CABO DE HORNOS (NAVARINO),LICEO DONALD MC-INTYRE GRIFFITHS,9V,XK.CHILE VAMOS RENOVACION NACIONAL - INDEPENDIENTES,305. JENIFER KAREN FAVIOLA YAÑEZ VILLEGAS,IND,3.0,False
180995,CABO DE HORNOS(EX-NAVARINO) Y ANTARTICA,CABO DE HORNOS (NAVARINO),LICEO DONALD MC-INTYRE GRIFFITHS,9V,XU.UNIDOS POR LA DIGNIDAD,306. PAOLA ALEJANDRA SPEAKE OJEDA,PDC,7.0,False
180996,CABO DE HORNOS(EX-NAVARINO) Y ANTARTICA,CABO DE HORNOS (NAVARINO),LICEO DONALD MC-INTYRE GRIFFITHS,9V,XU.UNIDOS POR LA DIGNIDAD,307. ROBERTO GANTER SALAZAR,IND,11.0,False
180997,CABO DE HORNOS(EX-NAVARINO) Y ANTARTICA,CABO DE HORNOS (NAVARINO),LICEO DONALD MC-INTYRE GRIFFITHS,9V,XY.DIGNIDAD AHORA,308. DAVID ALDAY CHIGUAY,IND,6.0,False
180998,CABO DE HORNOS(EX-NAVARINO) Y ANTARTICA,CABO DE HORNOS (NAVARINO),LICEO DONALD MC-INTYRE GRIFFITHS,9V,XY.DIGNIDAD AHORA,309. ALBERTO SERRANO FILLOL,IND,5.0,True
180999,CABO DE HORNOS(EX-NAVARINO) Y ANTARTICA,CABO DE HORNOS (NAVARINO),LICEO DONALD MC-INTYRE GRIFFITHS,9V,XY.DIGNIDAD AHORA,310. NATALIA EMELINA VALDERAS CHIGUAY,IND,1.0,False
181000,CABO DE HORNOS(EX-NAVARINO) Y ANTARTICA,CABO DE HORNOS (NAVARINO),LICEO DONALD MC-INTYRE GRIFFITHS,9V,YW.UNIDAD POR EL APRUEBO PS PPD E INDEPENDIENTES,311. JUAN BAUTISTA VELASQUEZ MUÑOZ,PS,10.0,True
181001,CABO DE HORNOS(EX-NAVARINO) Y ANTARTICA,CABO DE HORNOS (NAVARINO),LICEO DONALD MC-INTYRE GRIFFITHS,9V,YW.UNIDAD POR EL APRUEBO PS PPD E INDEPENDIENTES,312. HUGO PEREZ SANTANA,IND,9.0,False
181002,CABO DE HORNOS(EX-NAVARINO) Y ANTARTICA,CABO DE HORNOS (NAVARINO),LICEO DONALD MC-INTYRE GRIFFITHS,9V,ZJ.CHILE VAMOS UDI - INDEPENDIENTES,313. JAIME PATRICIO CARCAMO ALVAREZ,UDI,5.0,False
181003,CABO DE HORNOS(EX-NAVARINO) Y ANTARTICA,CABO DE HORNOS (NAVARINO),LICEO DONALD MC-INTYRE GRIFFITHS,9V,ZJ.CHILE VAMOS UDI - INDEPENDIENTES,314. CESAR VILLARROEL LOVERA,UDI,2.0,False
181004,CABO DE HORNOS(EX-NAVARINO) Y ANTARTICA,CABO DE HORNOS (NAVARINO),LICEO DONALD MC-INTYRE GRIFFITHS,9V,ZJ.CHILE VAMOS UDI - INDEPENDIENTES,315. KARINA ANDREA CARCAMO BARRIA,IND,2.0,True
181005,CABO DE HORNOS(EX-NAVARINO) Y ANTARTICA,CABO DE HORNOS (NAVARINO),LICEO DONALD MC-INTYRE GRIFFITHS,9V,ZJ.CHILE VAMOS UDI - INDEPENDIENTES,316. RICHARD CARU IBACETA,IND,1.0,False
181006,CABO DE HORNOS(EX-NAVARINO) Y ANTARTICA,CABO DE HORNOS (NAVARINO),LICEO DONALD MC-INTYRE GRIFFITHS,10V-11V,XK.CHILE VAMOS RENOVACION NACIONAL - INDEPENDIENTES,300. FRANCIS ANDREA DELGADO IBACETA,RN,2.0,False
181007,CABO DE HORNOS(EX-NAVARINO) Y ANTARTICA,CABO DE HORNOS (NAVARINO),LICEO DONALD MC-INTYRE GRIFFITHS,10V-11V,XK.CHILE VAMOS RENOVACION NACIONAL - INDEPENDIENTES,301. JOSE LUIS PAREDES SOTO,RN,12.0,True
181008,CABO DE HORNOS(EX-NAVARINO) Y ANTARTICA,CABO DE HORNOS (NAVARINO),LICEO DONALD MC-INTYRE GRIFFITHS,10V-11V,XK.CHILE VAMOS RENOVACION NACIONAL - INDEPENDIENTES,302. CAROLINA ISABEL GUENEL GONZALEZ,IND,14.0,True
181009,CABO DE HORNOS(EX-NAVARINO) Y ANTARTICA,CABO DE HORNOS (NAVARINO),LICEO DONALD MC-INTYRE GRIFFITHS,10V-11V,XK.CHILE VAMOS RENOVACION NACIONAL - INDEPENDIENTES,303. MAURO JAVIER ROJAS DUMENES,IND,3.0,False
181010,CABO DE HORNOS(EX-NAVARINO) Y ANTARTICA,CABO DE HORNOS (NAVARINO),LICEO DONALD MC-INTYRE GRIFFITHS,10V-11V,XK.CHILE VAMOS RENOVACION NACIONAL - INDEPENDIENTES,304. KARINA SANDOVAL MANSILLA,IND,12.0,True
181011,CABO DE HORNOS(EX-NAVARINO) Y ANTARTICA,CABO DE HORNOS (NAVARINO),LICEO DONALD MC-INTYRE GRIFFITHS,10V-11V,XK.CHILE VAMOS RENOVACION NACIONAL - INDEPENDIENTES,305. JENIFER KAREN FAVIOLA YAÑEZ VILLEGAS,IND,3.0,False
181012,CABO DE HORNOS(EX-NAVARINO) Y ANTARTICA,CABO DE HORNOS (NAVARINO),LICEO DONALD MC-INTYRE GRIFFITHS,10V-11V,XU.UNIDOS POR LA DIGNIDAD,306. PAOLA ALEJANDRA SPEAKE OJEDA,PDC,3.0,False
181013,CABO DE HORNOS(EX-NAVARINO) Y ANTARTICA,CABO DE HORNOS (NAVARINO),LICEO DONALD MC-INTYRE GRIFFITHS,10V-11V,XU.UNIDOS POR LA DIGNIDAD,307. ROBERTO GANTER SALAZAR,IND,4.0,False
181014,CABO DE HORNOS(EX-NAVARINO) Y ANTARTICA,CABO DE HORNOS (NAVARINO),LICEO DONALD MC-INTYRE GRIFFITHS,10V-11V,XY.DIGNIDAD AHORA,308. DAVID ALDAY CHIGUAY,IND,7.0,False
181015,CABO DE HORNOS(EX-NAVARINO) Y ANTARTICA,CABO DE HORNOS (NAVARINO),LICEO DONALD MC-INTYRE GRIFFITHS,10V-11V,XY.DIGNIDAD AHORA,309. ALBERTO SERRANO FILLOL,IND,11.0,True
181016,CABO DE HORNOS(EX-NAVARINO) Y ANTARTICA,CABO DE HORNOS (NAVARINO),LICEO DONALD MC-INTYRE GRIFFITHS,10V-11V,XY.DIGNIDAD AHORA,310. NATALIA EMELINA VALDERAS CHIGUAY,IND,1.0,False
181017,CABO DE HORNOS(EX-NAVARINO) Y ANTARTICA,CABO DE HORNOS (NAVARINO),LICEO DONALD MC-INTYRE GRIFFITHS,10V-11V,YW.UNIDAD POR EL APRUEBO PS PPD E INDEPENDIENTES,311. JUAN BAUTISTA VELASQUEZ MUÑOZ,PS,17.0,True
181018,CABO DE HORNOS(EX-NAVARINO) Y ANTARTICA,CABO DE HORNOS (NAVARINO),LICEO DONALD MC-INTYRE GRIFFITHS,10V-11V,YW.UNIDAD POR EL APRUEBO PS PPD E INDEPENDIENTES,312. HUGO PEREZ SANTANA,IND,8.0,False
181019,CABO DE HORNOS(EX-NAVARINO) Y ANTARTICA,CABO DE HORNOS (NAVARINO),LICEO DONALD MC-INTYRE GRIFFITHS,10V-11V,ZJ.CHILE VAMOS UDI - INDEPENDIENTES,313. JAIME PATRICIO CARCAMO ALVAREZ,UDI,6.0,False
181020,CABO DE HORNOS(EX-NAVARINO) Y ANTARTICA,CABO DE HORNOS (NAVARINO),LICEO DONALD MC-INTYRE GRIFFITHS,10V-11V,ZJ.CHILE VAMOS UDI - INDEPENDIENTES,314. CESAR VILLARROEL LOVERA,UDI,2.0,False
181021,CABO DE HORNOS(EX-NAVARINO) Y ANTARTICA,CABO DE HORNOS (NAVARINO),LICEO DONALD MC-INTYRE GRIFFITHS,10V-11V,ZJ.CHILE VAMOS UDI - INDEPENDIENTES,315. KARINA ANDREA CARCAMO BARRIA,IND,4.0,True
181022,CABO DE HORNOS(EX-NAVARINO) Y ANTARTICA,CABO DE HORNOS (NAVARINO),LICEO DONALD MC-INTYRE GRIFFITHS,10V-11V,ZJ.CHILE VAMOS UDI - INDEPENDIENTES,316. RICHARD CARU IBACETA,IND,10.0,False
