,COMUNA,CIRC_ELEC,LOCAL,MESA,LISTA,CANDIDATX,PARTIDO,VOTOS,ELECTX
218695,CAMARONES,CAMARONES,ESCUELA VALLE DE CUYA,1M-2M-3M-4M-5M,M.CHILE DIGNO VERDE Y SOBERANO,300. PEDRO MIGUEL RIVERA BUSTOS,PCCH,3.0,False
218696,CAMARONES,CAMARONES,ESCUELA VALLE DE CUYA,1M-2M-3M-4M-5M,XK.CHILE VAMOS RENOVACION NACIONAL - INDEPENDIENTES,301. DANIELA PATRICIA BRAÑEZ LOBOS,RN,1.0,False
218697,CAMARONES,CAMARONES,ESCUELA VALLE DE CUYA,1M-2M-3M-4M-5M,XK.CHILE VAMOS RENOVACION NACIONAL - INDEPENDIENTES,302. GRACIELA IVONNE DIAZ ARAYA,RN,0.0,False
218698,CAMARONES,CAMARONES,ESCUELA VALLE DE CUYA,1M-2M-3M-4M-5M,XK.CHILE VAMOS RENOVACION NACIONAL - INDEPENDIENTES,303. CARLOS JOAQUIN GONZALEZ GODOY,RN,6.0,False
218699,CAMARONES,CAMARONES,ESCUELA VALLE DE CUYA,1M-2M-3M-4M-5M,XK.CHILE VAMOS RENOVACION NACIONAL - INDEPENDIENTES,304. CAMILA TOMASINA ACUÑA CHURA,IND,1.0,False
218700,CAMARONES,CAMARONES,ESCUELA VALLE DE CUYA,1M-2M-3M-4M-5M,XK.CHILE VAMOS RENOVACION NACIONAL - INDEPENDIENTES,305. DELIA BRUNA VALDEZ GODOY,IND,0.0,False
218701,CAMARONES,CAMARONES,ESCUELA VALLE DE CUYA,1M-2M-3M-4M-5M,XS.FRENTE AMPLIO,306. LIZARDO DEMETRIO ZUBIETA MEDINA,IND,3.0,True
218702,CAMARONES,CAMARONES,ESCUELA VALLE DE CUYA,1M-2M-3M-4M-5M,XS.FRENTE AMPLIO,307. YOVANA INES SOTO CALLE,IND,6.0,True
218703,CAMARONES,CAMARONES,ESCUELA VALLE DE CUYA,1M-2M-3M-4M-5M,XS.FRENTE AMPLIO,308. MANUEL EDUARDO ALVARADO ARAVENA,IND,8.0,False
218704,CAMARONES,CAMARONES,ESCUELA VALLE DE CUYA,1M-2M-3M-4M-5M,XS.FRENTE AMPLIO,309. JORGE PATRICIO ALEXANDER MAMANI CONDORI,IND,6.0,False
218705,CAMARONES,CAMARONES,ESCUELA VALLE DE CUYA,1M-2M-3M-4M-5M,XS.FRENTE AMPLIO,310. VILMA DEL CARMEN GODOY CONDORI,IND,3.0,False
218706,CAMARONES,CAMARONES,ESCUELA VALLE DE CUYA,1M-2M-3M-4M-5M,XU.UNIDOS POR LA DIGNIDAD,311. SERGIO HUGO PALOMINO ROMERO,PDC,12.0,False
218707,CAMARONES,CAMARONES,ESCUELA VALLE DE CUYA,1M-2M-3M-4M-5M,XU.UNIDOS POR LA DIGNIDAD,312. ANGELO GINO RODRIGUEZ RODRIGUEZ,IND,0.0,False
218708,CAMARONES,CAMARONES,ESCUELA VALLE DE CUYA,1M-2M-3M-4M-5M,XU.UNIDOS POR LA DIGNIDAD,313. CARLA DANIELA ALBORNOZ SALGADO,IND,1.0,False
218709,CAMARONES,CAMARONES,ESCUELA VALLE DE CUYA,1M-2M-3M-4M-5M,XU.UNIDOS POR LA DIGNIDAD,314. EUSEBIO SEGUNDO MAMANI CHOQUE,IND,4.0,True
218710,CAMARONES,CAMARONES,ESCUELA VALLE DE CUYA,1M-2M-3M-4M-5M,XU.UNIDOS POR LA DIGNIDAD,315. CLAUDIA ANDREA CANDIA BARRIENTOS,IND,0.0,False
218711,CAMARONES,CAMARONES,ESCUELA VALLE DE CUYA,1M-2M-3M-4M-5M,XY.DIGNIDAD AHORA,316. AMADIEL DEL ROSARIO CODOCEO CASTRO,IND,0.0,False
218712,CAMARONES,CAMARONES,ESCUELA VALLE DE CUYA,1M-2M-3M-4M-5M,XY.DIGNIDAD AHORA,317. LISSETTE ANDREA RUIZ ZUBIETA,IND,5.0,False
218713,CAMARONES,CAMARONES,ESCUELA VALLE DE CUYA,1M-2M-3M-4M-5M,XY.DIGNIDAD AHORA,318. PABLO ANDRES DINAMARCA CAUCOTT,IND,0.0,False
218714,CAMARONES,CAMARONES,ESCUELA VALLE DE CUYA,1M-2M-3M-4M-5M,XY.DIGNIDAD AHORA,319. CRISTIAN FERNANDO CHOQUE BISSA,IND,1.0,False
218715,CAMARONES,CAMARONES,ESCUELA VALLE DE CUYA,1M-2M-3M-4M-5M,YM.CHILE VAMOS - PRI E INDEPENDIENTES,320. SANDRA PAOLA MONTOYA FUENTES,PRI,3.0,False
218716,CAMARONES,CAMARONES,ESCUELA VALLE DE CUYA,1M-2M-3M-4M-5M,YM.CHILE VAMOS - PRI E INDEPENDIENTES,321. RODRIGO JAVIER OPAZO HUCK,PRI,0.0,False
218717,CAMARONES,CAMARONES,ESCUELA VALLE DE CUYA,1M-2M-3M-4M-5M,YM.CHILE VAMOS - PRI E INDEPENDIENTES,322. GISELA JUANA MANZANARES CALLE,IND,3.0,False
218718,CAMARONES,CAMARONES,ESCUELA VALLE DE CUYA,1M-2M-3M-4M-5M,YM.CHILE VAMOS - PRI E INDEPENDIENTES,323. MARLENE IRIS MONTECINOS MADUEÑO,IND,1.0,False
218719,CAMARONES,CAMARONES,ESCUELA VALLE DE CUYA,1M-2M-3M-4M-5M,YM.CHILE VAMOS - PRI E INDEPENDIENTES,324. SERGIO ALFONSO VIZA HUAYTA,IND,2.0,False
218720,CAMARONES,CAMARONES,ESCUELA VALLE DE CUYA,1M-2M-3M-4M-5M,YW.UNIDAD POR EL APRUEBO PS PPD E INDEPENDIENTES,325. ESTHEPANIE SILVA SEPULVEDA,IND,0.0,False
218721,CAMARONES,CAMARONES,ESCUELA VALLE DE CUYA,1M-2M-3M-4M-5M,YW.UNIDAD POR EL APRUEBO PS PPD E INDEPENDIENTES,326. FREDDY FLORES CONDORI,IND,4.0,False
218722,CAMARONES,CAMARONES,ESCUELA VALLE DE CUYA,1M-2M-3M-4M-5M,YW.UNIDAD POR EL APRUEBO PS PPD E INDEPENDIENTES,327. RAUL EUGENIO IBARRA MONTECINOS,PPD,8.0,True
218723,CAMARONES,CAMARONES,ESCUELA VALLE DE CUYA,1M-2M-3M-4M-5M,YW.UNIDAD POR EL APRUEBO PS PPD E INDEPENDIENTES,328. MONICA ALEJANDRA MUÑOZ SARMIENTO,PPD,0.0,False
218724,CAMARONES,CAMARONES,ESCUELA VALLE DE CUYA,1M-2M-3M-4M-5M,YW.UNIDAD POR EL APRUEBO PS PPD E INDEPENDIENTES,329. MAURICIO SALVADOR JELDES ÑAVE,PPD,3.0,False
218725,CAMARONES,CAMARONES,ESCUELA VALLE DE CUYA,1M-2M-3M-4M-5M,ZG.CHILE VAMOS EVOPOLI - INDEPENDIENTES,330. PRISCILA MICHEL TORO AZOCAR,EVOPOLI,0.0,False
218726,CAMARONES,CAMARONES,ESCUELA VALLE DE CUYA,1M-2M-3M-4M-5M,ZG.CHILE VAMOS EVOPOLI - INDEPENDIENTES,331. YANERI ALEXANDRA VARGAS VILCHES,IND,0.0,False
218727,CAMARONES,CAMARONES,ESCUELA VALLE DE CUYA,1M-2M-3M-4M-5M,ZG.CHILE VAMOS EVOPOLI - INDEPENDIENTES,332. WILFREDO ALEX ALVARADO ZAVALA,IND,0.0,False
218728,CAMARONES,CAMARONES,ESCUELA VALLE DE CUYA,1M-2M-3M-4M-5M,ZG.CHILE VAMOS EVOPOLI - INDEPENDIENTES,333. DANIEL ARNOLDO JOFRE RAMIREZ,IND,0.0,False
218729,CAMARONES,CAMARONES,ESCUELA VALLE DE CUYA,1M-2M-3M-4M-5M,ZG.CHILE VAMOS EVOPOLI - INDEPENDIENTES,334. SANDRA MARIA MONTEVILLA MAMANI,IND,2.0,False
218730,CAMARONES,CAMARONES,ESCUELA VALLE DE CUYA,1M-2M-3M-4M-5M,ZJ.CHILE VAMOS UDI - INDEPENDIENTES,335. AMERICA YOLANDA CALLE CALLE,UDI,2.0,False
218731,CAMARONES,CAMARONES,ESCUELA VALLE DE CUYA,1M-2M-3M-4M-5M,ZJ.CHILE VAMOS UDI - INDEPENDIENTES,336. JESSICA DEL CARMEN VALDEZ ARANIBAR,IND,2.0,False
218732,CAMARONES,CAMARONES,ESCUELA VALLE DE CUYA,1M-2M-3M-4M-5M,ZJ.CHILE VAMOS UDI - INDEPENDIENTES,337. JEANETTE PATRICIA SAAVEDRA MAMANI,IND,5.0,False
218733,CAMARONES,CAMARONES,ESCUELA VALLE DE CUYA,1M-2M-3M-4M-5M,ZJ.CHILE VAMOS UDI - INDEPENDIENTES,338. IVONNE  LUQUE MAMANI,IND,17.0,True
218734,CAMARONES,CAMARONES,ESCUELA VALLE DE CUYA,1M-2M-3M-4M-5M,ZJ.CHILE VAMOS UDI - INDEPENDIENTES,339. ANA CAROLINA GONZALEZ ROJAS,IND,7.0,False
218735,CAMARONES,CAMARONES,ESCUELA VALLE DE CUYA,1M-2M-3M-4M-5M,ZJ.CHILE VAMOS UDI - INDEPENDIENTES,340. JULIA ANDREA GONZALEZ FUENTES,IND,10.0,False
218736,CAMARONES,CAMARONES,ESCUELA VALLE DE CUYA,1M-2M-3M-4M-5M,ZU.RADICALES E INDEPENDIENTES,341. AMERICA YARELA AJATA CHOQUE,PR,1.0,False
218737,CAMARONES,CAMARONES,ESCUELA VALLE DE CUYA,1M-2M-3M-4M-5M,ZU.RADICALES E INDEPENDIENTES,342. RENE ARNALDO VIZA QUENAYA,PR,12.0,True
218738,CAMARONES,CAMARONES,ESCUELA VALLE DE CUYA,1M-2M-3M-4M-5M,ZU.RADICALES E INDEPENDIENTES,343. CLAUDIA GUACOLDA ORTEGA BUSTOS,PR,0.0,False
218739,CAMARONES,CAMARONES,ESCUELA VALLE DE CUYA,1M-2M-3M-4M-5M,ZU.RADICALES E INDEPENDIENTES,344. HUMBERTO ALEXANDER SANA LAZARO,PR,1.0,False
218740,CAMARONES,CAMARONES,ESCUELA VALLE DE CUYA,1M-2M-3M-4M-5M,ZU.RADICALES E INDEPENDIENTES,345. JORGE FRANCISCO VELIZ BARRAZA,PR,2.0,False
218741,CAMARONES,CAMARONES,ESCUELA VALLE DE CUYA,1M-2M-3M-4M-5M,ZU.RADICALES E INDEPENDIENTES,346. ALFREDO FRANCISCO PACASA ACEVEDO,IND,0.0,False
218742,CAMARONES,CAMARONES,ESCUELA VALLE DE CUYA,1M-2M-3M-4M-5M,CANDIDATURA INDEPENDIENTE,347. JONATHAN ANGELO YANTE CHAMBE,IND,3.0,False
218743,CAMARONES,CAMARONES,ESCUELA VALLE DE CUYA,6M-7M-1V-2V,M.CHILE DIGNO VERDE Y SOBERANO,300. PEDRO MIGUEL RIVERA BUSTOS,PCCH,0.0,False
218744,CAMARONES,CAMARONES,ESCUELA VALLE DE CUYA,6M-7M-1V-2V,XK.CHILE VAMOS RENOVACION NACIONAL - INDEPENDIENTES,301. DANIELA PATRICIA BRAÑEZ LOBOS,RN,0.0,False
218745,CAMARONES,CAMARONES,ESCUELA VALLE DE CUYA,6M-7M-1V-2V,XK.CHILE VAMOS RENOVACION NACIONAL - INDEPENDIENTES,302. GRACIELA IVONNE DIAZ ARAYA,RN,2.0,False
218746,CAMARONES,CAMARONES,ESCUELA VALLE DE CUYA,6M-7M-1V-2V,XK.CHILE VAMOS RENOVACION NACIONAL - INDEPENDIENTES,303. CARLOS JOAQUIN GONZALEZ GODOY,RN,3.0,False
218747,CAMARONES,CAMARONES,ESCUELA VALLE DE CUYA,6M-7M-1V-2V,XK.CHILE VAMOS RENOVACION NACIONAL - INDEPENDIENTES,304. CAMILA TOMASINA ACUÑA CHURA,IND,0.0,False
218748,CAMARONES,CAMARONES,ESCUELA VALLE DE CUYA,6M-7M-1V-2V,XK.CHILE VAMOS RENOVACION NACIONAL - INDEPENDIENTES,305. DELIA BRUNA VALDEZ GODOY,IND,3.0,False
218749,CAMARONES,CAMARONES,ESCUELA VALLE DE CUYA,6M-7M-1V-2V,XS.FRENTE AMPLIO,306. LIZARDO DEMETRIO ZUBIETA MEDINA,IND,1.0,True
218750,CAMARONES,CAMARONES,ESCUELA VALLE DE CUYA,6M-7M-1V-2V,XS.FRENTE AMPLIO,307. YOVANA INES SOTO CALLE,IND,9.0,True
218751,CAMARONES,CAMARONES,ESCUELA VALLE DE CUYA,6M-7M-1V-2V,XS.FRENTE AMPLIO,308. MANUEL EDUARDO ALVARADO ARAVENA,IND,12.0,False
218752,CAMARONES,CAMARONES,ESCUELA VALLE DE CUYA,6M-7M-1V-2V,XS.FRENTE AMPLIO,309. JORGE PATRICIO ALEXANDER MAMANI CONDORI,IND,2.0,False
218753,CAMARONES,CAMARONES,ESCUELA VALLE DE CUYA,6M-7M-1V-2V,XS.FRENTE AMPLIO,310. VILMA DEL CARMEN GODOY CONDORI,IND,0.0,False
218754,CAMARONES,CAMARONES,ESCUELA VALLE DE CUYA,6M-7M-1V-2V,XU.UNIDOS POR LA DIGNIDAD,311. SERGIO HUGO PALOMINO ROMERO,PDC,11.0,False
218755,CAMARONES,CAMARONES,ESCUELA VALLE DE CUYA,6M-7M-1V-2V,XU.UNIDOS POR LA DIGNIDAD,312. ANGELO GINO RODRIGUEZ RODRIGUEZ,IND,1.0,False
218756,CAMARONES,CAMARONES,ESCUELA VALLE DE CUYA,6M-7M-1V-2V,XU.UNIDOS POR LA DIGNIDAD,313. CARLA DANIELA ALBORNOZ SALGADO,IND,1.0,False
218757,CAMARONES,CAMARONES,ESCUELA VALLE DE CUYA,6M-7M-1V-2V,XU.UNIDOS POR LA DIGNIDAD,314. EUSEBIO SEGUNDO MAMANI CHOQUE,IND,8.0,True
218758,CAMARONES,CAMARONES,ESCUELA VALLE DE CUYA,6M-7M-1V-2V,XU.UNIDOS POR LA DIGNIDAD,315. CLAUDIA ANDREA CANDIA BARRIENTOS,IND,0.0,False
218759,CAMARONES,CAMARONES,ESCUELA VALLE DE CUYA,6M-7M-1V-2V,XY.DIGNIDAD AHORA,316. AMADIEL DEL ROSARIO CODOCEO CASTRO,IND,3.0,False
218760,CAMARONES,CAMARONES,ESCUELA VALLE DE CUYA,6M-7M-1V-2V,XY.DIGNIDAD AHORA,317. LISSETTE ANDREA RUIZ ZUBIETA,IND,3.0,False
218761,CAMARONES,CAMARONES,ESCUELA VALLE DE CUYA,6M-7M-1V-2V,XY.DIGNIDAD AHORA,318. PABLO ANDRES DINAMARCA CAUCOTT,IND,0.0,False
218762,CAMARONES,CAMARONES,ESCUELA VALLE DE CUYA,6M-7M-1V-2V,XY.DIGNIDAD AHORA,319. CRISTIAN FERNANDO CHOQUE BISSA,IND,0.0,False
218763,CAMARONES,CAMARONES,ESCUELA VALLE DE CUYA,6M-7M-1V-2V,YM.CHILE VAMOS - PRI E INDEPENDIENTES,320. SANDRA PAOLA MONTOYA FUENTES,PRI,0.0,False
218764,CAMARONES,CAMARONES,ESCUELA VALLE DE CUYA,6M-7M-1V-2V,YM.CHILE VAMOS - PRI E INDEPENDIENTES,321. RODRIGO JAVIER OPAZO HUCK,PRI,4.0,False
218765,CAMARONES,CAMARONES,ESCUELA VALLE DE CUYA,6M-7M-1V-2V,YM.CHILE VAMOS - PRI E INDEPENDIENTES,322. GISELA JUANA MANZANARES CALLE,IND,0.0,False
218766,CAMARONES,CAMARONES,ESCUELA VALLE DE CUYA,6M-7M-1V-2V,YM.CHILE VAMOS - PRI E INDEPENDIENTES,323. MARLENE IRIS MONTECINOS MADUEÑO,IND,0.0,False
218767,CAMARONES,CAMARONES,ESCUELA VALLE DE CUYA,6M-7M-1V-2V,YM.CHILE VAMOS - PRI E INDEPENDIENTES,324. SERGIO ALFONSO VIZA HUAYTA,IND,4.0,False
218768,CAMARONES,CAMARONES,ESCUELA VALLE DE CUYA,6M-7M-1V-2V,YW.UNIDAD POR EL APRUEBO PS PPD E INDEPENDIENTES,325. ESTHEPANIE SILVA SEPULVEDA,IND,1.0,False
218769,CAMARONES,CAMARONES,ESCUELA VALLE DE CUYA,6M-7M-1V-2V,YW.UNIDAD POR EL APRUEBO PS PPD E INDEPENDIENTES,326. FREDDY FLORES CONDORI,IND,2.0,False
218770,CAMARONES,CAMARONES,ESCUELA VALLE DE CUYA,6M-7M-1V-2V,YW.UNIDAD POR EL APRUEBO PS PPD E INDEPENDIENTES,327. RAUL EUGENIO IBARRA MONTECINOS,PPD,11.0,True
218771,CAMARONES,CAMARONES,ESCUELA VALLE DE CUYA,6M-7M-1V-2V,YW.UNIDAD POR EL APRUEBO PS PPD E INDEPENDIENTES,328. MONICA ALEJANDRA MUÑOZ SARMIENTO,PPD,0.0,False
218772,CAMARONES,CAMARONES,ESCUELA VALLE DE CUYA,6M-7M-1V-2V,YW.UNIDAD POR EL APRUEBO PS PPD E INDEPENDIENTES,329. MAURICIO SALVADOR JELDES ÑAVE,PPD,4.0,False
218773,CAMARONES,CAMARONES,ESCUELA VALLE DE CUYA,6M-7M-1V-2V,ZG.CHILE VAMOS EVOPOLI - INDEPENDIENTES,330. PRISCILA MICHEL TORO AZOCAR,EVOPOLI,0.0,False
218774,CAMARONES,CAMARONES,ESCUELA VALLE DE CUYA,6M-7M-1V-2V,ZG.CHILE VAMOS EVOPOLI - INDEPENDIENTES,331. YANERI ALEXANDRA VARGAS VILCHES,IND,0.0,False
218775,CAMARONES,CAMARONES,ESCUELA VALLE DE CUYA,6M-7M-1V-2V,ZG.CHILE VAMOS EVOPOLI - INDEPENDIENTES,332. WILFREDO ALEX ALVARADO ZAVALA,IND,1.0,False
218776,CAMARONES,CAMARONES,ESCUELA VALLE DE CUYA,6M-7M-1V-2V,ZG.CHILE VAMOS EVOPOLI - INDEPENDIENTES,333. DANIEL ARNOLDO JOFRE RAMIREZ,IND,0.0,False
218777,CAMARONES,CAMARONES,ESCUELA VALLE DE CUYA,6M-7M-1V-2V,ZG.CHILE VAMOS EVOPOLI - INDEPENDIENTES,334. SANDRA MARIA MONTEVILLA MAMANI,IND,2.0,False
218778,CAMARONES,CAMARONES,ESCUELA VALLE DE CUYA,6M-7M-1V-2V,ZJ.CHILE VAMOS UDI - INDEPENDIENTES,335. AMERICA YOLANDA CALLE CALLE,UDI,0.0,False
218779,CAMARONES,CAMARONES,ESCUELA VALLE DE CUYA,6M-7M-1V-2V,ZJ.CHILE VAMOS UDI - INDEPENDIENTES,336. JESSICA DEL CARMEN VALDEZ ARANIBAR,IND,3.0,False
218780,CAMARONES,CAMARONES,ESCUELA VALLE DE CUYA,6M-7M-1V-2V,ZJ.CHILE VAMOS UDI - INDEPENDIENTES,337. JEANETTE PATRICIA SAAVEDRA MAMANI,IND,7.0,False
218781,CAMARONES,CAMARONES,ESCUELA VALLE DE CUYA,6M-7M-1V-2V,ZJ.CHILE VAMOS UDI - INDEPENDIENTES,338. IVONNE  LUQUE MAMANI,IND,9.0,True
218782,CAMARONES,CAMARONES,ESCUELA VALLE DE CUYA,6M-7M-1V-2V,ZJ.CHILE VAMOS UDI - INDEPENDIENTES,339. ANA CAROLINA GONZALEZ ROJAS,IND,6.0,False
218783,CAMARONES,CAMARONES,ESCUELA VALLE DE CUYA,6M-7M-1V-2V,ZJ.CHILE VAMOS UDI - INDEPENDIENTES,340. JULIA ANDREA GONZALEZ FUENTES,IND,6.0,False
218784,CAMARONES,CAMARONES,ESCUELA VALLE DE CUYA,6M-7M-1V-2V,ZU.RADICALES E INDEPENDIENTES,341. AMERICA YARELA AJATA CHOQUE,PR,0.0,False
218785,CAMARONES,CAMARONES,ESCUELA VALLE DE CUYA,6M-7M-1V-2V,ZU.RADICALES E INDEPENDIENTES,342. RENE ARNALDO VIZA QUENAYA,PR,16.0,True
218786,CAMARONES,CAMARONES,ESCUELA VALLE DE CUYA,6M-7M-1V-2V,ZU.RADICALES E INDEPENDIENTES,343. CLAUDIA GUACOLDA ORTEGA BUSTOS,PR,0.0,False
218787,CAMARONES,CAMARONES,ESCUELA VALLE DE CUYA,6M-7M-1V-2V,ZU.RADICALES E INDEPENDIENTES,344. HUMBERTO ALEXANDER SANA LAZARO,PR,0.0,False
218788,CAMARONES,CAMARONES,ESCUELA VALLE DE CUYA,6M-7M-1V-2V,ZU.RADICALES E INDEPENDIENTES,345. JORGE FRANCISCO VELIZ BARRAZA,PR,0.0,False
218789,CAMARONES,CAMARONES,ESCUELA VALLE DE CUYA,6M-7M-1V-2V,ZU.RADICALES E INDEPENDIENTES,346. ALFREDO FRANCISCO PACASA ACEVEDO,IND,0.0,False
218790,CAMARONES,CAMARONES,ESCUELA VALLE DE CUYA,6M-7M-1V-2V,CANDIDATURA INDEPENDIENTE,347. JONATHAN ANGELO YANTE CHAMBE,IND,4.0,False
218791,CAMARONES,CAMARONES,ESCUELA VALLE DE CUYA,3V-4V-5V-6V-8,M.CHILE DIGNO VERDE Y SOBERANO,300. PEDRO MIGUEL RIVERA BUSTOS,PCCH,1.0,False
218792,CAMARONES,CAMARONES,ESCUELA VALLE DE CUYA,3V-4V-5V-6V-8,XK.CHILE VAMOS RENOVACION NACIONAL - INDEPENDIENTES,301. DANIELA PATRICIA BRAÑEZ LOBOS,RN,0.0,False
218793,CAMARONES,CAMARONES,ESCUELA VALLE DE CUYA,3V-4V-5V-6V-8,XK.CHILE VAMOS RENOVACION NACIONAL - INDEPENDIENTES,302. GRACIELA IVONNE DIAZ ARAYA,RN,0.0,False
218794,CAMARONES,CAMARONES,ESCUELA VALLE DE CUYA,3V-4V-5V-6V-8,XK.CHILE VAMOS RENOVACION NACIONAL - INDEPENDIENTES,303. CARLOS JOAQUIN GONZALEZ GODOY,RN,2.0,False
218795,CAMARONES,CAMARONES,ESCUELA VALLE DE CUYA,3V-4V-5V-6V-8,XK.CHILE VAMOS RENOVACION NACIONAL - INDEPENDIENTES,304. CAMILA TOMASINA ACUÑA CHURA,IND,0.0,False
218796,CAMARONES,CAMARONES,ESCUELA VALLE DE CUYA,3V-4V-5V-6V-8,XK.CHILE VAMOS RENOVACION NACIONAL - INDEPENDIENTES,305. DELIA BRUNA VALDEZ GODOY,IND,2.0,False
218797,CAMARONES,CAMARONES,ESCUELA VALLE DE CUYA,3V-4V-5V-6V-8,XS.FRENTE AMPLIO,306. LIZARDO DEMETRIO ZUBIETA MEDINA,IND,1.0,True
218798,CAMARONES,CAMARONES,ESCUELA VALLE DE CUYA,3V-4V-5V-6V-8,XS.FRENTE AMPLIO,307. YOVANA INES SOTO CALLE,IND,5.0,True
218799,CAMARONES,CAMARONES,ESCUELA VALLE DE CUYA,3V-4V-5V-6V-8,XS.FRENTE AMPLIO,308. MANUEL EDUARDO ALVARADO ARAVENA,IND,8.0,False
218800,CAMARONES,CAMARONES,ESCUELA VALLE DE CUYA,3V-4V-5V-6V-8,XS.FRENTE AMPLIO,309. JORGE PATRICIO ALEXANDER MAMANI CONDORI,IND,5.0,False
218801,CAMARONES,CAMARONES,ESCUELA VALLE DE CUYA,3V-4V-5V-6V-8,XS.FRENTE AMPLIO,310. VILMA DEL CARMEN GODOY CONDORI,IND,3.0,False
218802,CAMARONES,CAMARONES,ESCUELA VALLE DE CUYA,3V-4V-5V-6V-8,XU.UNIDOS POR LA DIGNIDAD,311. SERGIO HUGO PALOMINO ROMERO,PDC,7.0,False
218803,CAMARONES,CAMARONES,ESCUELA VALLE DE CUYA,3V-4V-5V-6V-8,XU.UNIDOS POR LA DIGNIDAD,312. ANGELO GINO RODRIGUEZ RODRIGUEZ,IND,0.0,False
218804,CAMARONES,CAMARONES,ESCUELA VALLE DE CUYA,3V-4V-5V-6V-8,XU.UNIDOS POR LA DIGNIDAD,313. CARLA DANIELA ALBORNOZ SALGADO,IND,0.0,False
218805,CAMARONES,CAMARONES,ESCUELA VALLE DE CUYA,3V-4V-5V-6V-8,XU.UNIDOS POR LA DIGNIDAD,314. EUSEBIO SEGUNDO MAMANI CHOQUE,IND,10.0,True
218806,CAMARONES,CAMARONES,ESCUELA VALLE DE CUYA,3V-4V-5V-6V-8,XU.UNIDOS POR LA DIGNIDAD,315. CLAUDIA ANDREA CANDIA BARRIENTOS,IND,0.0,False
218807,CAMARONES,CAMARONES,ESCUELA VALLE DE CUYA,3V-4V-5V-6V-8,XY.DIGNIDAD AHORA,316. AMADIEL DEL ROSARIO CODOCEO CASTRO,IND,0.0,False
218808,CAMARONES,CAMARONES,ESCUELA VALLE DE CUYA,3V-4V-5V-6V-8,XY.DIGNIDAD AHORA,317. LISSETTE ANDREA RUIZ ZUBIETA,IND,4.0,False
218809,CAMARONES,CAMARONES,ESCUELA VALLE DE CUYA,3V-4V-5V-6V-8,XY.DIGNIDAD AHORA,318. PABLO ANDRES DINAMARCA CAUCOTT,IND,0.0,False
218810,CAMARONES,CAMARONES,ESCUELA VALLE DE CUYA,3V-4V-5V-6V-8,XY.DIGNIDAD AHORA,319. CRISTIAN FERNANDO CHOQUE BISSA,IND,0.0,False
218811,CAMARONES,CAMARONES,ESCUELA VALLE DE CUYA,3V-4V-5V-6V-8,YM.CHILE VAMOS - PRI E INDEPENDIENTES,320. SANDRA PAOLA MONTOYA FUENTES,PRI,3.0,False
218812,CAMARONES,CAMARONES,ESCUELA VALLE DE CUYA,3V-4V-5V-6V-8,YM.CHILE VAMOS - PRI E INDEPENDIENTES,321. RODRIGO JAVIER OPAZO HUCK,PRI,1.0,False
218813,CAMARONES,CAMARONES,ESCUELA VALLE DE CUYA,3V-4V-5V-6V-8,YM.CHILE VAMOS - PRI E INDEPENDIENTES,322. GISELA JUANA MANZANARES CALLE,IND,0.0,False
218814,CAMARONES,CAMARONES,ESCUELA VALLE DE CUYA,3V-4V-5V-6V-8,YM.CHILE VAMOS - PRI E INDEPENDIENTES,323. MARLENE IRIS MONTECINOS MADUEÑO,IND,0.0,False
218815,CAMARONES,CAMARONES,ESCUELA VALLE DE CUYA,3V-4V-5V-6V-8,YM.CHILE VAMOS - PRI E INDEPENDIENTES,324. SERGIO ALFONSO VIZA HUAYTA,IND,4.0,False
218816,CAMARONES,CAMARONES,ESCUELA VALLE DE CUYA,3V-4V-5V-6V-8,YW.UNIDAD POR EL APRUEBO PS PPD E INDEPENDIENTES,325. ESTHEPANIE SILVA SEPULVEDA,IND,2.0,False
218817,CAMARONES,CAMARONES,ESCUELA VALLE DE CUYA,3V-4V-5V-6V-8,YW.UNIDAD POR EL APRUEBO PS PPD E INDEPENDIENTES,326. FREDDY FLORES CONDORI,IND,6.0,False
218818,CAMARONES,CAMARONES,ESCUELA VALLE DE CUYA,3V-4V-5V-6V-8,YW.UNIDAD POR EL APRUEBO PS PPD E INDEPENDIENTES,327. RAUL EUGENIO IBARRA MONTECINOS,PPD,14.0,True
218819,CAMARONES,CAMARONES,ESCUELA VALLE DE CUYA,3V-4V-5V-6V-8,YW.UNIDAD POR EL APRUEBO PS PPD E INDEPENDIENTES,328. MONICA ALEJANDRA MUÑOZ SARMIENTO,PPD,1.0,False
218820,CAMARONES,CAMARONES,ESCUELA VALLE DE CUYA,3V-4V-5V-6V-8,YW.UNIDAD POR EL APRUEBO PS PPD E INDEPENDIENTES,329. MAURICIO SALVADOR JELDES ÑAVE,PPD,9.0,False
218821,CAMARONES,CAMARONES,ESCUELA VALLE DE CUYA,3V-4V-5V-6V-8,ZG.CHILE VAMOS EVOPOLI - INDEPENDIENTES,330. PRISCILA MICHEL TORO AZOCAR,EVOPOLI,0.0,False
218822,CAMARONES,CAMARONES,ESCUELA VALLE DE CUYA,3V-4V-5V-6V-8,ZG.CHILE VAMOS EVOPOLI - INDEPENDIENTES,331. YANERI ALEXANDRA VARGAS VILCHES,IND,0.0,False
218823,CAMARONES,CAMARONES,ESCUELA VALLE DE CUYA,3V-4V-5V-6V-8,ZG.CHILE VAMOS EVOPOLI - INDEPENDIENTES,332. WILFREDO ALEX ALVARADO ZAVALA,IND,0.0,False
218824,CAMARONES,CAMARONES,ESCUELA VALLE DE CUYA,3V-4V-5V-6V-8,ZG.CHILE VAMOS EVOPOLI - INDEPENDIENTES,333. DANIEL ARNOLDO JOFRE RAMIREZ,IND,0.0,False
218825,CAMARONES,CAMARONES,ESCUELA VALLE DE CUYA,3V-4V-5V-6V-8,ZG.CHILE VAMOS EVOPOLI - INDEPENDIENTES,334. SANDRA MARIA MONTEVILLA MAMANI,IND,1.0,False
218826,CAMARONES,CAMARONES,ESCUELA VALLE DE CUYA,3V-4V-5V-6V-8,ZJ.CHILE VAMOS UDI - INDEPENDIENTES,335. AMERICA YOLANDA CALLE CALLE,UDI,3.0,False
218827,CAMARONES,CAMARONES,ESCUELA VALLE DE CUYA,3V-4V-5V-6V-8,ZJ.CHILE VAMOS UDI - INDEPENDIENTES,336. JESSICA DEL CARMEN VALDEZ ARANIBAR,IND,5.0,False
218828,CAMARONES,CAMARONES,ESCUELA VALLE DE CUYA,3V-4V-5V-6V-8,ZJ.CHILE VAMOS UDI - INDEPENDIENTES,337. JEANETTE PATRICIA SAAVEDRA MAMANI,IND,3.0,False
218829,CAMARONES,CAMARONES,ESCUELA VALLE DE CUYA,3V-4V-5V-6V-8,ZJ.CHILE VAMOS UDI - INDEPENDIENTES,338. IVONNE  LUQUE MAMANI,IND,12.0,True
218830,CAMARONES,CAMARONES,ESCUELA VALLE DE CUYA,3V-4V-5V-6V-8,ZJ.CHILE VAMOS UDI - INDEPENDIENTES,339. ANA CAROLINA GONZALEZ ROJAS,IND,10.0,False
218831,CAMARONES,CAMARONES,ESCUELA VALLE DE CUYA,3V-4V-5V-6V-8,ZJ.CHILE VAMOS UDI - INDEPENDIENTES,340. JULIA ANDREA GONZALEZ FUENTES,IND,6.0,False
218832,CAMARONES,CAMARONES,ESCUELA VALLE DE CUYA,3V-4V-5V-6V-8,ZU.RADICALES E INDEPENDIENTES,341. AMERICA YARELA AJATA CHOQUE,PR,0.0,False
218833,CAMARONES,CAMARONES,ESCUELA VALLE DE CUYA,3V-4V-5V-6V-8,ZU.RADICALES E INDEPENDIENTES,342. RENE ARNALDO VIZA QUENAYA,PR,8.0,True
218834,CAMARONES,CAMARONES,ESCUELA VALLE DE CUYA,3V-4V-5V-6V-8,ZU.RADICALES E INDEPENDIENTES,343. CLAUDIA GUACOLDA ORTEGA BUSTOS,PR,0.0,False
218835,CAMARONES,CAMARONES,ESCUELA VALLE DE CUYA,3V-4V-5V-6V-8,ZU.RADICALES E INDEPENDIENTES,344. HUMBERTO ALEXANDER SANA LAZARO,PR,1.0,False
218836,CAMARONES,CAMARONES,ESCUELA VALLE DE CUYA,3V-4V-5V-6V-8,ZU.RADICALES E INDEPENDIENTES,345. JORGE FRANCISCO VELIZ BARRAZA,PR,3.0,False
218837,CAMARONES,CAMARONES,ESCUELA VALLE DE CUYA,3V-4V-5V-6V-8,ZU.RADICALES E INDEPENDIENTES,346. ALFREDO FRANCISCO PACASA ACEVEDO,IND,0.0,False
218838,CAMARONES,CAMARONES,ESCUELA VALLE DE CUYA,3V-4V-5V-6V-8,CANDIDATURA INDEPENDIENTE,347. JONATHAN ANGELO YANTE CHAMBE,IND,8.0,False
218839,CAMARONES,CODPA,LICEO  VALLE DE CODPA,1M-3M,M.CHILE DIGNO VERDE Y SOBERANO,300. PEDRO MIGUEL RIVERA BUSTOS,PCCH,4.0,False
218840,CAMARONES,CODPA,LICEO  VALLE DE CODPA,1M-3M,XK.CHILE VAMOS RENOVACION NACIONAL - INDEPENDIENTES,301. DANIELA PATRICIA BRAÑEZ LOBOS,RN,0.0,False
218841,CAMARONES,CODPA,LICEO  VALLE DE CODPA,1M-3M,XK.CHILE VAMOS RENOVACION NACIONAL - INDEPENDIENTES,302. GRACIELA IVONNE DIAZ ARAYA,RN,0.0,False
218842,CAMARONES,CODPA,LICEO  VALLE DE CODPA,1M-3M,XK.CHILE VAMOS RENOVACION NACIONAL - INDEPENDIENTES,303. CARLOS JOAQUIN GONZALEZ GODOY,RN,1.0,False
218843,CAMARONES,CODPA,LICEO  VALLE DE CODPA,1M-3M,XK.CHILE VAMOS RENOVACION NACIONAL - INDEPENDIENTES,304. CAMILA TOMASINA ACUÑA CHURA,IND,0.0,False
218844,CAMARONES,CODPA,LICEO  VALLE DE CODPA,1M-3M,XK.CHILE VAMOS RENOVACION NACIONAL - INDEPENDIENTES,305. DELIA BRUNA VALDEZ GODOY,IND,21.0,False
218845,CAMARONES,CODPA,LICEO  VALLE DE CODPA,1M-3M,XS.FRENTE AMPLIO,306. LIZARDO DEMETRIO ZUBIETA MEDINA,IND,13.0,True
218846,CAMARONES,CODPA,LICEO  VALLE DE CODPA,1M-3M,XS.FRENTE AMPLIO,307. YOVANA INES SOTO CALLE,IND,9.0,True
218847,CAMARONES,CODPA,LICEO  VALLE DE CODPA,1M-3M,XS.FRENTE AMPLIO,308. MANUEL EDUARDO ALVARADO ARAVENA,IND,3.0,False
218848,CAMARONES,CODPA,LICEO  VALLE DE CODPA,1M-3M,XS.FRENTE AMPLIO,309. JORGE PATRICIO ALEXANDER MAMANI CONDORI,IND,4.0,False
218849,CAMARONES,CODPA,LICEO  VALLE DE CODPA,1M-3M,XS.FRENTE AMPLIO,310. VILMA DEL CARMEN GODOY CONDORI,IND,4.0,False
218850,CAMARONES,CODPA,LICEO  VALLE DE CODPA,1M-3M,XU.UNIDOS POR LA DIGNIDAD,311. SERGIO HUGO PALOMINO ROMERO,PDC,6.0,False
218851,CAMARONES,CODPA,LICEO  VALLE DE CODPA,1M-3M,XU.UNIDOS POR LA DIGNIDAD,312. ANGELO GINO RODRIGUEZ RODRIGUEZ,IND,3.0,False
218852,CAMARONES,CODPA,LICEO  VALLE DE CODPA,1M-3M,XU.UNIDOS POR LA DIGNIDAD,313. CARLA DANIELA ALBORNOZ SALGADO,IND,2.0,False
218853,CAMARONES,CODPA,LICEO  VALLE DE CODPA,1M-3M,XU.UNIDOS POR LA DIGNIDAD,314. EUSEBIO SEGUNDO MAMANI CHOQUE,IND,11.0,True
218854,CAMARONES,CODPA,LICEO  VALLE DE CODPA,1M-3M,XU.UNIDOS POR LA DIGNIDAD,315. CLAUDIA ANDREA CANDIA BARRIENTOS,IND,0.0,False
218855,CAMARONES,CODPA,LICEO  VALLE DE CODPA,1M-3M,XY.DIGNIDAD AHORA,316. AMADIEL DEL ROSARIO CODOCEO CASTRO,IND,1.0,False
218856,CAMARONES,CODPA,LICEO  VALLE DE CODPA,1M-3M,XY.DIGNIDAD AHORA,317. LISSETTE ANDREA RUIZ ZUBIETA,IND,3.0,False
218857,CAMARONES,CODPA,LICEO  VALLE DE CODPA,1M-3M,XY.DIGNIDAD AHORA,318. PABLO ANDRES DINAMARCA CAUCOTT,IND,3.0,False
218858,CAMARONES,CODPA,LICEO  VALLE DE CODPA,1M-3M,XY.DIGNIDAD AHORA,319. CRISTIAN FERNANDO CHOQUE BISSA,IND,3.0,False
218859,CAMARONES,CODPA,LICEO  VALLE DE CODPA,1M-3M,YM.CHILE VAMOS - PRI E INDEPENDIENTES,320. SANDRA PAOLA MONTOYA FUENTES,PRI,5.0,False
218860,CAMARONES,CODPA,LICEO  VALLE DE CODPA,1M-3M,YM.CHILE VAMOS - PRI E INDEPENDIENTES,321. RODRIGO JAVIER OPAZO HUCK,PRI,0.0,False
218861,CAMARONES,CODPA,LICEO  VALLE DE CODPA,1M-3M,YM.CHILE VAMOS - PRI E INDEPENDIENTES,322. GISELA JUANA MANZANARES CALLE,IND,1.0,False
218862,CAMARONES,CODPA,LICEO  VALLE DE CODPA,1M-3M,YM.CHILE VAMOS - PRI E INDEPENDIENTES,323. MARLENE IRIS MONTECINOS MADUEÑO,IND,3.0,False
218863,CAMARONES,CODPA,LICEO  VALLE DE CODPA,1M-3M,YM.CHILE VAMOS - PRI E INDEPENDIENTES,324. SERGIO ALFONSO VIZA HUAYTA,IND,1.0,False
218864,CAMARONES,CODPA,LICEO  VALLE DE CODPA,1M-3M,YW.UNIDAD POR EL APRUEBO PS PPD E INDEPENDIENTES,325. ESTHEPANIE SILVA SEPULVEDA,IND,2.0,False
218865,CAMARONES,CODPA,LICEO  VALLE DE CODPA,1M-3M,YW.UNIDAD POR EL APRUEBO PS PPD E INDEPENDIENTES,326. FREDDY FLORES CONDORI,IND,2.0,False
218866,CAMARONES,CODPA,LICEO  VALLE DE CODPA,1M-3M,YW.UNIDAD POR EL APRUEBO PS PPD E INDEPENDIENTES,327. RAUL EUGENIO IBARRA MONTECINOS,PPD,11.0,True
218867,CAMARONES,CODPA,LICEO  VALLE DE CODPA,1M-3M,YW.UNIDAD POR EL APRUEBO PS PPD E INDEPENDIENTES,328. MONICA ALEJANDRA MUÑOZ SARMIENTO,PPD,2.0,False
218868,CAMARONES,CODPA,LICEO  VALLE DE CODPA,1M-3M,YW.UNIDAD POR EL APRUEBO PS PPD E INDEPENDIENTES,329. MAURICIO SALVADOR JELDES ÑAVE,PPD,7.0,False
218869,CAMARONES,CODPA,LICEO  VALLE DE CODPA,1M-3M,ZG.CHILE VAMOS EVOPOLI - INDEPENDIENTES,330. PRISCILA MICHEL TORO AZOCAR,EVOPOLI,0.0,False
218870,CAMARONES,CODPA,LICEO  VALLE DE CODPA,1M-3M,ZG.CHILE VAMOS EVOPOLI - INDEPENDIENTES,331. YANERI ALEXANDRA VARGAS VILCHES,IND,1.0,False
218871,CAMARONES,CODPA,LICEO  VALLE DE CODPA,1M-3M,ZG.CHILE VAMOS EVOPOLI - INDEPENDIENTES,332. WILFREDO ALEX ALVARADO ZAVALA,IND,1.0,False
218872,CAMARONES,CODPA,LICEO  VALLE DE CODPA,1M-3M,ZG.CHILE VAMOS EVOPOLI - INDEPENDIENTES,333. DANIEL ARNOLDO JOFRE RAMIREZ,IND,0.0,False
218873,CAMARONES,CODPA,LICEO  VALLE DE CODPA,1M-3M,ZG.CHILE VAMOS EVOPOLI - INDEPENDIENTES,334. SANDRA MARIA MONTEVILLA MAMANI,IND,2.0,False
218874,CAMARONES,CODPA,LICEO  VALLE DE CODPA,1M-3M,ZJ.CHILE VAMOS UDI - INDEPENDIENTES,335. AMERICA YOLANDA CALLE CALLE,UDI,1.0,False
218875,CAMARONES,CODPA,LICEO  VALLE DE CODPA,1M-3M,ZJ.CHILE VAMOS UDI - INDEPENDIENTES,336. JESSICA DEL CARMEN VALDEZ ARANIBAR,IND,1.0,False
218876,CAMARONES,CODPA,LICEO  VALLE DE CODPA,1M-3M,ZJ.CHILE VAMOS UDI - INDEPENDIENTES,337. JEANETTE PATRICIA SAAVEDRA MAMANI,IND,7.0,False
218877,CAMARONES,CODPA,LICEO  VALLE DE CODPA,1M-3M,ZJ.CHILE VAMOS UDI - INDEPENDIENTES,338. IVONNE  LUQUE MAMANI,IND,2.0,True
218878,CAMARONES,CODPA,LICEO  VALLE DE CODPA,1M-3M,ZJ.CHILE VAMOS UDI - INDEPENDIENTES,339. ANA CAROLINA GONZALEZ ROJAS,IND,0.0,False
218879,CAMARONES,CODPA,LICEO  VALLE DE CODPA,1M-3M,ZJ.CHILE VAMOS UDI - INDEPENDIENTES,340. JULIA ANDREA GONZALEZ FUENTES,IND,1.0,False
218880,CAMARONES,CODPA,LICEO  VALLE DE CODPA,1M-3M,ZU.RADICALES E INDEPENDIENTES,341. AMERICA YARELA AJATA CHOQUE,PR,6.0,False
218881,CAMARONES,CODPA,LICEO  VALLE DE CODPA,1M-3M,ZU.RADICALES E INDEPENDIENTES,342. RENE ARNALDO VIZA QUENAYA,PR,3.0,True
218882,CAMARONES,CODPA,LICEO  VALLE DE CODPA,1M-3M,ZU.RADICALES E INDEPENDIENTES,343. CLAUDIA GUACOLDA ORTEGA BUSTOS,PR,3.0,False
218883,CAMARONES,CODPA,LICEO  VALLE DE CODPA,1M-3M,ZU.RADICALES E INDEPENDIENTES,344. HUMBERTO ALEXANDER SANA LAZARO,PR,2.0,False
218884,CAMARONES,CODPA,LICEO  VALLE DE CODPA,1M-3M,ZU.RADICALES E INDEPENDIENTES,345. JORGE FRANCISCO VELIZ BARRAZA,PR,0.0,False
218885,CAMARONES,CODPA,LICEO  VALLE DE CODPA,1M-3M,ZU.RADICALES E INDEPENDIENTES,346. ALFREDO FRANCISCO PACASA ACEVEDO,IND,2.0,False
218886,CAMARONES,CODPA,LICEO  VALLE DE CODPA,1M-3M,CANDIDATURA INDEPENDIENTE,347. JONATHAN ANGELO YANTE CHAMBE,IND,7.0,False
218887,CAMARONES,CODPA,LICEO  VALLE DE CODPA,2M-4M,M.CHILE DIGNO VERDE Y SOBERANO,300. PEDRO MIGUEL RIVERA BUSTOS,PCCH,8.0,False
218888,CAMARONES,CODPA,LICEO  VALLE DE CODPA,2M-4M,XK.CHILE VAMOS RENOVACION NACIONAL - INDEPENDIENTES,301. DANIELA PATRICIA BRAÑEZ LOBOS,RN,0.0,False
218889,CAMARONES,CODPA,LICEO  VALLE DE CODPA,2M-4M,XK.CHILE VAMOS RENOVACION NACIONAL - INDEPENDIENTES,302. GRACIELA IVONNE DIAZ ARAYA,RN,1.0,False
218890,CAMARONES,CODPA,LICEO  VALLE DE CODPA,2M-4M,XK.CHILE VAMOS RENOVACION NACIONAL - INDEPENDIENTES,303. CARLOS JOAQUIN GONZALEZ GODOY,RN,0.0,False
218891,CAMARONES,CODPA,LICEO  VALLE DE CODPA,2M-4M,XK.CHILE VAMOS RENOVACION NACIONAL - INDEPENDIENTES,304. CAMILA TOMASINA ACUÑA CHURA,IND,0.0,False
218892,CAMARONES,CODPA,LICEO  VALLE DE CODPA,2M-4M,XK.CHILE VAMOS RENOVACION NACIONAL - INDEPENDIENTES,305. DELIA BRUNA VALDEZ GODOY,IND,17.0,False
218893,CAMARONES,CODPA,LICEO  VALLE DE CODPA,2M-4M,XS.FRENTE AMPLIO,306. LIZARDO DEMETRIO ZUBIETA MEDINA,IND,19.0,True
218894,CAMARONES,CODPA,LICEO  VALLE DE CODPA,2M-4M,XS.FRENTE AMPLIO,307. YOVANA INES SOTO CALLE,IND,15.0,True
218895,CAMARONES,CODPA,LICEO  VALLE DE CODPA,2M-4M,XS.FRENTE AMPLIO,308. MANUEL EDUARDO ALVARADO ARAVENA,IND,2.0,False
218896,CAMARONES,CODPA,LICEO  VALLE DE CODPA,2M-4M,XS.FRENTE AMPLIO,309. JORGE PATRICIO ALEXANDER MAMANI CONDORI,IND,6.0,False
218897,CAMARONES,CODPA,LICEO  VALLE DE CODPA,2M-4M,XS.FRENTE AMPLIO,310. VILMA DEL CARMEN GODOY CONDORI,IND,1.0,False
218898,CAMARONES,CODPA,LICEO  VALLE DE CODPA,2M-4M,XU.UNIDOS POR LA DIGNIDAD,311. SERGIO HUGO PALOMINO ROMERO,PDC,4.0,False
218899,CAMARONES,CODPA,LICEO  VALLE DE CODPA,2M-4M,XU.UNIDOS POR LA DIGNIDAD,312. ANGELO GINO RODRIGUEZ RODRIGUEZ,IND,3.0,False
218900,CAMARONES,CODPA,LICEO  VALLE DE CODPA,2M-4M,XU.UNIDOS POR LA DIGNIDAD,313. CARLA DANIELA ALBORNOZ SALGADO,IND,5.0,False
218901,CAMARONES,CODPA,LICEO  VALLE DE CODPA,2M-4M,XU.UNIDOS POR LA DIGNIDAD,314. EUSEBIO SEGUNDO MAMANI CHOQUE,IND,11.0,True
218902,CAMARONES,CODPA,LICEO  VALLE DE CODPA,2M-4M,XU.UNIDOS POR LA DIGNIDAD,315. CLAUDIA ANDREA CANDIA BARRIENTOS,IND,0.0,False
218903,CAMARONES,CODPA,LICEO  VALLE DE CODPA,2M-4M,XY.DIGNIDAD AHORA,316. AMADIEL DEL ROSARIO CODOCEO CASTRO,IND,0.0,False
218904,CAMARONES,CODPA,LICEO  VALLE DE CODPA,2M-4M,XY.DIGNIDAD AHORA,317. LISSETTE ANDREA RUIZ ZUBIETA,IND,7.0,False
218905,CAMARONES,CODPA,LICEO  VALLE DE CODPA,2M-4M,XY.DIGNIDAD AHORA,318. PABLO ANDRES DINAMARCA CAUCOTT,IND,0.0,False
218906,CAMARONES,CODPA,LICEO  VALLE DE CODPA,2M-4M,XY.DIGNIDAD AHORA,319. CRISTIAN FERNANDO CHOQUE BISSA,IND,4.0,False
218907,CAMARONES,CODPA,LICEO  VALLE DE CODPA,2M-4M,YM.CHILE VAMOS - PRI E INDEPENDIENTES,320. SANDRA PAOLA MONTOYA FUENTES,PRI,7.0,False
218908,CAMARONES,CODPA,LICEO  VALLE DE CODPA,2M-4M,YM.CHILE VAMOS - PRI E INDEPENDIENTES,321. RODRIGO JAVIER OPAZO HUCK,PRI,0.0,False
218909,CAMARONES,CODPA,LICEO  VALLE DE CODPA,2M-4M,YM.CHILE VAMOS - PRI E INDEPENDIENTES,322. GISELA JUANA MANZANARES CALLE,IND,0.0,False
218910,CAMARONES,CODPA,LICEO  VALLE DE CODPA,2M-4M,YM.CHILE VAMOS - PRI E INDEPENDIENTES,323. MARLENE IRIS MONTECINOS MADUEÑO,IND,8.0,False
218911,CAMARONES,CODPA,LICEO  VALLE DE CODPA,2M-4M,YM.CHILE VAMOS - PRI E INDEPENDIENTES,324. SERGIO ALFONSO VIZA HUAYTA,IND,0.0,False
218912,CAMARONES,CODPA,LICEO  VALLE DE CODPA,2M-4M,YW.UNIDAD POR EL APRUEBO PS PPD E INDEPENDIENTES,325. ESTHEPANIE SILVA SEPULVEDA,IND,0.0,False
218913,CAMARONES,CODPA,LICEO  VALLE DE CODPA,2M-4M,YW.UNIDAD POR EL APRUEBO PS PPD E INDEPENDIENTES,326. FREDDY FLORES CONDORI,IND,4.0,False
218914,CAMARONES,CODPA,LICEO  VALLE DE CODPA,2M-4M,YW.UNIDAD POR EL APRUEBO PS PPD E INDEPENDIENTES,327. RAUL EUGENIO IBARRA MONTECINOS,PPD,13.0,True
218915,CAMARONES,CODPA,LICEO  VALLE DE CODPA,2M-4M,YW.UNIDAD POR EL APRUEBO PS PPD E INDEPENDIENTES,328. MONICA ALEJANDRA MUÑOZ SARMIENTO,PPD,1.0,False
218916,CAMARONES,CODPA,LICEO  VALLE DE CODPA,2M-4M,YW.UNIDAD POR EL APRUEBO PS PPD E INDEPENDIENTES,329. MAURICIO SALVADOR JELDES ÑAVE,PPD,6.0,False
218917,CAMARONES,CODPA,LICEO  VALLE DE CODPA,2M-4M,ZG.CHILE VAMOS EVOPOLI - INDEPENDIENTES,330. PRISCILA MICHEL TORO AZOCAR,EVOPOLI,0.0,False
218918,CAMARONES,CODPA,LICEO  VALLE DE CODPA,2M-4M,ZG.CHILE VAMOS EVOPOLI - INDEPENDIENTES,331. YANERI ALEXANDRA VARGAS VILCHES,IND,0.0,False
218919,CAMARONES,CODPA,LICEO  VALLE DE CODPA,2M-4M,ZG.CHILE VAMOS EVOPOLI - INDEPENDIENTES,332. WILFREDO ALEX ALVARADO ZAVALA,IND,0.0,False
218920,CAMARONES,CODPA,LICEO  VALLE DE CODPA,2M-4M,ZG.CHILE VAMOS EVOPOLI - INDEPENDIENTES,333. DANIEL ARNOLDO JOFRE RAMIREZ,IND,1.0,False
218921,CAMARONES,CODPA,LICEO  VALLE DE CODPA,2M-4M,ZG.CHILE VAMOS EVOPOLI - INDEPENDIENTES,334. SANDRA MARIA MONTEVILLA MAMANI,IND,2.0,False
218922,CAMARONES,CODPA,LICEO  VALLE DE CODPA,2M-4M,ZJ.CHILE VAMOS UDI - INDEPENDIENTES,335. AMERICA YOLANDA CALLE CALLE,UDI,5.0,False
218923,CAMARONES,CODPA,LICEO  VALLE DE CODPA,2M-4M,ZJ.CHILE VAMOS UDI - INDEPENDIENTES,336. JESSICA DEL CARMEN VALDEZ ARANIBAR,IND,1.0,False
218924,CAMARONES,CODPA,LICEO  VALLE DE CODPA,2M-4M,ZJ.CHILE VAMOS UDI - INDEPENDIENTES,337. JEANETTE PATRICIA SAAVEDRA MAMANI,IND,6.0,False
218925,CAMARONES,CODPA,LICEO  VALLE DE CODPA,2M-4M,ZJ.CHILE VAMOS UDI - INDEPENDIENTES,338. IVONNE  LUQUE MAMANI,IND,10.0,True
218926,CAMARONES,CODPA,LICEO  VALLE DE CODPA,2M-4M,ZJ.CHILE VAMOS UDI - INDEPENDIENTES,339. ANA CAROLINA GONZALEZ ROJAS,IND,0.0,False
218927,CAMARONES,CODPA,LICEO  VALLE DE CODPA,2M-4M,ZJ.CHILE VAMOS UDI - INDEPENDIENTES,340. JULIA ANDREA GONZALEZ FUENTES,IND,3.0,False
218928,CAMARONES,CODPA,LICEO  VALLE DE CODPA,2M-4M,ZU.RADICALES E INDEPENDIENTES,341. AMERICA YARELA AJATA CHOQUE,PR,7.0,False
218929,CAMARONES,CODPA,LICEO  VALLE DE CODPA,2M-4M,ZU.RADICALES E INDEPENDIENTES,342. RENE ARNALDO VIZA QUENAYA,PR,5.0,True
218930,CAMARONES,CODPA,LICEO  VALLE DE CODPA,2M-4M,ZU.RADICALES E INDEPENDIENTES,343. CLAUDIA GUACOLDA ORTEGA BUSTOS,PR,0.0,False
218931,CAMARONES,CODPA,LICEO  VALLE DE CODPA,2M-4M,ZU.RADICALES E INDEPENDIENTES,344. HUMBERTO ALEXANDER SANA LAZARO,PR,0.0,False
218932,CAMARONES,CODPA,LICEO  VALLE DE CODPA,2M-4M,ZU.RADICALES E INDEPENDIENTES,345. JORGE FRANCISCO VELIZ BARRAZA,PR,2.0,False
218933,CAMARONES,CODPA,LICEO  VALLE DE CODPA,2M-4M,ZU.RADICALES E INDEPENDIENTES,346. ALFREDO FRANCISCO PACASA ACEVEDO,IND,0.0,False
218934,CAMARONES,CODPA,LICEO  VALLE DE CODPA,2M-4M,CANDIDATURA INDEPENDIENTE,347. JONATHAN ANGELO YANTE CHAMBE,IND,2.0,False
218935,CAMARONES,CODPA,LICEO  VALLE DE CODPA,5M-7M,M.CHILE DIGNO VERDE Y SOBERANO,300. PEDRO MIGUEL RIVERA BUSTOS,PCCH,4.0,False
218936,CAMARONES,CODPA,LICEO  VALLE DE CODPA,5M-7M,XK.CHILE VAMOS RENOVACION NACIONAL - INDEPENDIENTES,301. DANIELA PATRICIA BRAÑEZ LOBOS,RN,1.0,False
218937,CAMARONES,CODPA,LICEO  VALLE DE CODPA,5M-7M,XK.CHILE VAMOS RENOVACION NACIONAL - INDEPENDIENTES,302. GRACIELA IVONNE DIAZ ARAYA,RN,2.0,False
218938,CAMARONES,CODPA,LICEO  VALLE DE CODPA,5M-7M,XK.CHILE VAMOS RENOVACION NACIONAL - INDEPENDIENTES,303. CARLOS JOAQUIN GONZALEZ GODOY,RN,1.0,False
218939,CAMARONES,CODPA,LICEO  VALLE DE CODPA,5M-7M,XK.CHILE VAMOS RENOVACION NACIONAL - INDEPENDIENTES,304. CAMILA TOMASINA ACUÑA CHURA,IND,0.0,False
218940,CAMARONES,CODPA,LICEO  VALLE DE CODPA,5M-7M,XK.CHILE VAMOS RENOVACION NACIONAL - INDEPENDIENTES,305. DELIA BRUNA VALDEZ GODOY,IND,12.0,False
218941,CAMARONES,CODPA,LICEO  VALLE DE CODPA,5M-7M,XS.FRENTE AMPLIO,306. LIZARDO DEMETRIO ZUBIETA MEDINA,IND,18.0,True
218942,CAMARONES,CODPA,LICEO  VALLE DE CODPA,5M-7M,XS.FRENTE AMPLIO,307. YOVANA INES SOTO CALLE,IND,6.0,True
218943,CAMARONES,CODPA,LICEO  VALLE DE CODPA,5M-7M,XS.FRENTE AMPLIO,308. MANUEL EDUARDO ALVARADO ARAVENA,IND,3.0,False
218944,CAMARONES,CODPA,LICEO  VALLE DE CODPA,5M-7M,XS.FRENTE AMPLIO,309. JORGE PATRICIO ALEXANDER MAMANI CONDORI,IND,2.0,False
218945,CAMARONES,CODPA,LICEO  VALLE DE CODPA,5M-7M,XS.FRENTE AMPLIO,310. VILMA DEL CARMEN GODOY CONDORI,IND,1.0,False
218946,CAMARONES,CODPA,LICEO  VALLE DE CODPA,5M-7M,XU.UNIDOS POR LA DIGNIDAD,311. SERGIO HUGO PALOMINO ROMERO,PDC,7.0,False
218947,CAMARONES,CODPA,LICEO  VALLE DE CODPA,5M-7M,XU.UNIDOS POR LA DIGNIDAD,312. ANGELO GINO RODRIGUEZ RODRIGUEZ,IND,2.0,False
218948,CAMARONES,CODPA,LICEO  VALLE DE CODPA,5M-7M,XU.UNIDOS POR LA DIGNIDAD,313. CARLA DANIELA ALBORNOZ SALGADO,IND,1.0,False
218949,CAMARONES,CODPA,LICEO  VALLE DE CODPA,5M-7M,XU.UNIDOS POR LA DIGNIDAD,314. EUSEBIO SEGUNDO MAMANI CHOQUE,IND,6.0,True
218950,CAMARONES,CODPA,LICEO  VALLE DE CODPA,5M-7M,XU.UNIDOS POR LA DIGNIDAD,315. CLAUDIA ANDREA CANDIA BARRIENTOS,IND,0.0,False
218951,CAMARONES,CODPA,LICEO  VALLE DE CODPA,5M-7M,XY.DIGNIDAD AHORA,316. AMADIEL DEL ROSARIO CODOCEO CASTRO,IND,1.0,False
218952,CAMARONES,CODPA,LICEO  VALLE DE CODPA,5M-7M,XY.DIGNIDAD AHORA,317. LISSETTE ANDREA RUIZ ZUBIETA,IND,12.0,False
218953,CAMARONES,CODPA,LICEO  VALLE DE CODPA,5M-7M,XY.DIGNIDAD AHORA,318. PABLO ANDRES DINAMARCA CAUCOTT,IND,5.0,False
218954,CAMARONES,CODPA,LICEO  VALLE DE CODPA,5M-7M,XY.DIGNIDAD AHORA,319. CRISTIAN FERNANDO CHOQUE BISSA,IND,3.0,False
218955,CAMARONES,CODPA,LICEO  VALLE DE CODPA,5M-7M,YM.CHILE VAMOS - PRI E INDEPENDIENTES,320. SANDRA PAOLA MONTOYA FUENTES,PRI,6.0,False
218956,CAMARONES,CODPA,LICEO  VALLE DE CODPA,5M-7M,YM.CHILE VAMOS - PRI E INDEPENDIENTES,321. RODRIGO JAVIER OPAZO HUCK,PRI,0.0,False
218957,CAMARONES,CODPA,LICEO  VALLE DE CODPA,5M-7M,YM.CHILE VAMOS - PRI E INDEPENDIENTES,322. GISELA JUANA MANZANARES CALLE,IND,0.0,False
218958,CAMARONES,CODPA,LICEO  VALLE DE CODPA,5M-7M,YM.CHILE VAMOS - PRI E INDEPENDIENTES,323. MARLENE IRIS MONTECINOS MADUEÑO,IND,6.0,False
218959,CAMARONES,CODPA,LICEO  VALLE DE CODPA,5M-7M,YM.CHILE VAMOS - PRI E INDEPENDIENTES,324. SERGIO ALFONSO VIZA HUAYTA,IND,0.0,False
218960,CAMARONES,CODPA,LICEO  VALLE DE CODPA,5M-7M,YW.UNIDAD POR EL APRUEBO PS PPD E INDEPENDIENTES,325. ESTHEPANIE SILVA SEPULVEDA,IND,2.0,False
218961,CAMARONES,CODPA,LICEO  VALLE DE CODPA,5M-7M,YW.UNIDAD POR EL APRUEBO PS PPD E INDEPENDIENTES,326. FREDDY FLORES CONDORI,IND,10.0,False
218962,CAMARONES,CODPA,LICEO  VALLE DE CODPA,5M-7M,YW.UNIDAD POR EL APRUEBO PS PPD E INDEPENDIENTES,327. RAUL EUGENIO IBARRA MONTECINOS,PPD,5.0,True
218963,CAMARONES,CODPA,LICEO  VALLE DE CODPA,5M-7M,YW.UNIDAD POR EL APRUEBO PS PPD E INDEPENDIENTES,328. MONICA ALEJANDRA MUÑOZ SARMIENTO,PPD,0.0,False
218964,CAMARONES,CODPA,LICEO  VALLE DE CODPA,5M-7M,YW.UNIDAD POR EL APRUEBO PS PPD E INDEPENDIENTES,329. MAURICIO SALVADOR JELDES ÑAVE,PPD,5.0,False
218965,CAMARONES,CODPA,LICEO  VALLE DE CODPA,5M-7M,ZG.CHILE VAMOS EVOPOLI - INDEPENDIENTES,330. PRISCILA MICHEL TORO AZOCAR,EVOPOLI,0.0,False
218966,CAMARONES,CODPA,LICEO  VALLE DE CODPA,5M-7M,ZG.CHILE VAMOS EVOPOLI - INDEPENDIENTES,331. YANERI ALEXANDRA VARGAS VILCHES,IND,0.0,False
218967,CAMARONES,CODPA,LICEO  VALLE DE CODPA,5M-7M,ZG.CHILE VAMOS EVOPOLI - INDEPENDIENTES,332. WILFREDO ALEX ALVARADO ZAVALA,IND,0.0,False
218968,CAMARONES,CODPA,LICEO  VALLE DE CODPA,5M-7M,ZG.CHILE VAMOS EVOPOLI - INDEPENDIENTES,333. DANIEL ARNOLDO JOFRE RAMIREZ,IND,1.0,False
218969,CAMARONES,CODPA,LICEO  VALLE DE CODPA,5M-7M,ZG.CHILE VAMOS EVOPOLI - INDEPENDIENTES,334. SANDRA MARIA MONTEVILLA MAMANI,IND,0.0,False
218970,CAMARONES,CODPA,LICEO  VALLE DE CODPA,5M-7M,ZJ.CHILE VAMOS UDI - INDEPENDIENTES,335. AMERICA YOLANDA CALLE CALLE,UDI,3.0,False
218971,CAMARONES,CODPA,LICEO  VALLE DE CODPA,5M-7M,ZJ.CHILE VAMOS UDI - INDEPENDIENTES,336. JESSICA DEL CARMEN VALDEZ ARANIBAR,IND,2.0,False
218972,CAMARONES,CODPA,LICEO  VALLE DE CODPA,5M-7M,ZJ.CHILE VAMOS UDI - INDEPENDIENTES,337. JEANETTE PATRICIA SAAVEDRA MAMANI,IND,10.0,False
218973,CAMARONES,CODPA,LICEO  VALLE DE CODPA,5M-7M,ZJ.CHILE VAMOS UDI - INDEPENDIENTES,338. IVONNE  LUQUE MAMANI,IND,3.0,True
218974,CAMARONES,CODPA,LICEO  VALLE DE CODPA,5M-7M,ZJ.CHILE VAMOS UDI - INDEPENDIENTES,339. ANA CAROLINA GONZALEZ ROJAS,IND,0.0,False
218975,CAMARONES,CODPA,LICEO  VALLE DE CODPA,5M-7M,ZJ.CHILE VAMOS UDI - INDEPENDIENTES,340. JULIA ANDREA GONZALEZ FUENTES,IND,2.0,False
218976,CAMARONES,CODPA,LICEO  VALLE DE CODPA,5M-7M,ZU.RADICALES E INDEPENDIENTES,341. AMERICA YARELA AJATA CHOQUE,PR,4.0,False
218977,CAMARONES,CODPA,LICEO  VALLE DE CODPA,5M-7M,ZU.RADICALES E INDEPENDIENTES,342. RENE ARNALDO VIZA QUENAYA,PR,0.0,True
218978,CAMARONES,CODPA,LICEO  VALLE DE CODPA,5M-7M,ZU.RADICALES E INDEPENDIENTES,343. CLAUDIA GUACOLDA ORTEGA BUSTOS,PR,0.0,False
218979,CAMARONES,CODPA,LICEO  VALLE DE CODPA,5M-7M,ZU.RADICALES E INDEPENDIENTES,344. HUMBERTO ALEXANDER SANA LAZARO,PR,1.0,False
218980,CAMARONES,CODPA,LICEO  VALLE DE CODPA,5M-7M,ZU.RADICALES E INDEPENDIENTES,345. JORGE FRANCISCO VELIZ BARRAZA,PR,2.0,False
218981,CAMARONES,CODPA,LICEO  VALLE DE CODPA,5M-7M,ZU.RADICALES E INDEPENDIENTES,346. ALFREDO FRANCISCO PACASA ACEVEDO,IND,0.0,False
218982,CAMARONES,CODPA,LICEO  VALLE DE CODPA,5M-7M,CANDIDATURA INDEPENDIENTE,347. JONATHAN ANGELO YANTE CHAMBE,IND,6.0,False
218983,CAMARONES,CODPA,LICEO  VALLE DE CODPA,6M-2V,M.CHILE DIGNO VERDE Y SOBERANO,300. PEDRO MIGUEL RIVERA BUSTOS,PCCH,4.0,False
218984,CAMARONES,CODPA,LICEO  VALLE DE CODPA,6M-2V,XK.CHILE VAMOS RENOVACION NACIONAL - INDEPENDIENTES,301. DANIELA PATRICIA BRAÑEZ LOBOS,RN,0.0,False
218985,CAMARONES,CODPA,LICEO  VALLE DE CODPA,6M-2V,XK.CHILE VAMOS RENOVACION NACIONAL - INDEPENDIENTES,302. GRACIELA IVONNE DIAZ ARAYA,RN,1.0,False
218986,CAMARONES,CODPA,LICEO  VALLE DE CODPA,6M-2V,XK.CHILE VAMOS RENOVACION NACIONAL - INDEPENDIENTES,303. CARLOS JOAQUIN GONZALEZ GODOY,RN,0.0,False
218987,CAMARONES,CODPA,LICEO  VALLE DE CODPA,6M-2V,XK.CHILE VAMOS RENOVACION NACIONAL - INDEPENDIENTES,304. CAMILA TOMASINA ACUÑA CHURA,IND,0.0,False
218988,CAMARONES,CODPA,LICEO  VALLE DE CODPA,6M-2V,XK.CHILE VAMOS RENOVACION NACIONAL - INDEPENDIENTES,305. DELIA BRUNA VALDEZ GODOY,IND,23.0,False
218989,CAMARONES,CODPA,LICEO  VALLE DE CODPA,6M-2V,XS.FRENTE AMPLIO,306. LIZARDO DEMETRIO ZUBIETA MEDINA,IND,17.0,True
218990,CAMARONES,CODPA,LICEO  VALLE DE CODPA,6M-2V,XS.FRENTE AMPLIO,307. YOVANA INES SOTO CALLE,IND,9.0,True
218991,CAMARONES,CODPA,LICEO  VALLE DE CODPA,6M-2V,XS.FRENTE AMPLIO,308. MANUEL EDUARDO ALVARADO ARAVENA,IND,2.0,False
218992,CAMARONES,CODPA,LICEO  VALLE DE CODPA,6M-2V,XS.FRENTE AMPLIO,309. JORGE PATRICIO ALEXANDER MAMANI CONDORI,IND,2.0,False
218993,CAMARONES,CODPA,LICEO  VALLE DE CODPA,6M-2V,XS.FRENTE AMPLIO,310. VILMA DEL CARMEN GODOY CONDORI,IND,2.0,False
218994,CAMARONES,CODPA,LICEO  VALLE DE CODPA,6M-2V,XU.UNIDOS POR LA DIGNIDAD,311. SERGIO HUGO PALOMINO ROMERO,PDC,4.0,False
218995,CAMARONES,CODPA,LICEO  VALLE DE CODPA,6M-2V,XU.UNIDOS POR LA DIGNIDAD,312. ANGELO GINO RODRIGUEZ RODRIGUEZ,IND,5.0,False
218996,CAMARONES,CODPA,LICEO  VALLE DE CODPA,6M-2V,XU.UNIDOS POR LA DIGNIDAD,313. CARLA DANIELA ALBORNOZ SALGADO,IND,3.0,False
218997,CAMARONES,CODPA,LICEO  VALLE DE CODPA,6M-2V,XU.UNIDOS POR LA DIGNIDAD,314. EUSEBIO SEGUNDO MAMANI CHOQUE,IND,13.0,True
218998,CAMARONES,CODPA,LICEO  VALLE DE CODPA,6M-2V,XU.UNIDOS POR LA DIGNIDAD,315. CLAUDIA ANDREA CANDIA BARRIENTOS,IND,0.0,False
218999,CAMARONES,CODPA,LICEO  VALLE DE CODPA,6M-2V,XY.DIGNIDAD AHORA,316. AMADIEL DEL ROSARIO CODOCEO CASTRO,IND,1.0,False
219000,CAMARONES,CODPA,LICEO  VALLE DE CODPA,6M-2V,XY.DIGNIDAD AHORA,317. LISSETTE ANDREA RUIZ ZUBIETA,IND,9.0,False
219001,CAMARONES,CODPA,LICEO  VALLE DE CODPA,6M-2V,XY.DIGNIDAD AHORA,318. PABLO ANDRES DINAMARCA CAUCOTT,IND,0.0,False
219002,CAMARONES,CODPA,LICEO  VALLE DE CODPA,6M-2V,XY.DIGNIDAD AHORA,319. CRISTIAN FERNANDO CHOQUE BISSA,IND,5.0,False
219003,CAMARONES,CODPA,LICEO  VALLE DE CODPA,6M-2V,YM.CHILE VAMOS - PRI E INDEPENDIENTES,320. SANDRA PAOLA MONTOYA FUENTES,PRI,5.0,False
219004,CAMARONES,CODPA,LICEO  VALLE DE CODPA,6M-2V,YM.CHILE VAMOS - PRI E INDEPENDIENTES,321. RODRIGO JAVIER OPAZO HUCK,PRI,0.0,False
219005,CAMARONES,CODPA,LICEO  VALLE DE CODPA,6M-2V,YM.CHILE VAMOS - PRI E INDEPENDIENTES,322. GISELA JUANA MANZANARES CALLE,IND,0.0,False
219006,CAMARONES,CODPA,LICEO  VALLE DE CODPA,6M-2V,YM.CHILE VAMOS - PRI E INDEPENDIENTES,323. MARLENE IRIS MONTECINOS MADUEÑO,IND,3.0,False
219007,CAMARONES,CODPA,LICEO  VALLE DE CODPA,6M-2V,YM.CHILE VAMOS - PRI E INDEPENDIENTES,324. SERGIO ALFONSO VIZA HUAYTA,IND,0.0,False
219008,CAMARONES,CODPA,LICEO  VALLE DE CODPA,6M-2V,YW.UNIDAD POR EL APRUEBO PS PPD E INDEPENDIENTES,325. ESTHEPANIE SILVA SEPULVEDA,IND,4.0,False
219009,CAMARONES,CODPA,LICEO  VALLE DE CODPA,6M-2V,YW.UNIDAD POR EL APRUEBO PS PPD E INDEPENDIENTES,326. FREDDY FLORES CONDORI,IND,4.0,False
219010,CAMARONES,CODPA,LICEO  VALLE DE CODPA,6M-2V,YW.UNIDAD POR EL APRUEBO PS PPD E INDEPENDIENTES,327. RAUL EUGENIO IBARRA MONTECINOS,PPD,8.0,True
219011,CAMARONES,CODPA,LICEO  VALLE DE CODPA,6M-2V,YW.UNIDAD POR EL APRUEBO PS PPD E INDEPENDIENTES,328. MONICA ALEJANDRA MUÑOZ SARMIENTO,PPD,0.0,False
219012,CAMARONES,CODPA,LICEO  VALLE DE CODPA,6M-2V,YW.UNIDAD POR EL APRUEBO PS PPD E INDEPENDIENTES,329. MAURICIO SALVADOR JELDES ÑAVE,PPD,4.0,False
219013,CAMARONES,CODPA,LICEO  VALLE DE CODPA,6M-2V,ZG.CHILE VAMOS EVOPOLI - INDEPENDIENTES,330. PRISCILA MICHEL TORO AZOCAR,EVOPOLI,0.0,False
219014,CAMARONES,CODPA,LICEO  VALLE DE CODPA,6M-2V,ZG.CHILE VAMOS EVOPOLI - INDEPENDIENTES,331. YANERI ALEXANDRA VARGAS VILCHES,IND,0.0,False
219015,CAMARONES,CODPA,LICEO  VALLE DE CODPA,6M-2V,ZG.CHILE VAMOS EVOPOLI - INDEPENDIENTES,332. WILFREDO ALEX ALVARADO ZAVALA,IND,0.0,False
219016,CAMARONES,CODPA,LICEO  VALLE DE CODPA,6M-2V,ZG.CHILE VAMOS EVOPOLI - INDEPENDIENTES,333. DANIEL ARNOLDO JOFRE RAMIREZ,IND,0.0,False
219017,CAMARONES,CODPA,LICEO  VALLE DE CODPA,6M-2V,ZG.CHILE VAMOS EVOPOLI - INDEPENDIENTES,334. SANDRA MARIA MONTEVILLA MAMANI,IND,1.0,False
219018,CAMARONES,CODPA,LICEO  VALLE DE CODPA,6M-2V,ZJ.CHILE VAMOS UDI - INDEPENDIENTES,335. AMERICA YOLANDA CALLE CALLE,UDI,10.0,False
219019,CAMARONES,CODPA,LICEO  VALLE DE CODPA,6M-2V,ZJ.CHILE VAMOS UDI - INDEPENDIENTES,336. JESSICA DEL CARMEN VALDEZ ARANIBAR,IND,2.0,False
219020,CAMARONES,CODPA,LICEO  VALLE DE CODPA,6M-2V,ZJ.CHILE VAMOS UDI - INDEPENDIENTES,337. JEANETTE PATRICIA SAAVEDRA MAMANI,IND,5.0,False
219021,CAMARONES,CODPA,LICEO  VALLE DE CODPA,6M-2V,ZJ.CHILE VAMOS UDI - INDEPENDIENTES,338. IVONNE  LUQUE MAMANI,IND,4.0,True
219022,CAMARONES,CODPA,LICEO  VALLE DE CODPA,6M-2V,ZJ.CHILE VAMOS UDI - INDEPENDIENTES,339. ANA CAROLINA GONZALEZ ROJAS,IND,1.0,False
219023,CAMARONES,CODPA,LICEO  VALLE DE CODPA,6M-2V,ZJ.CHILE VAMOS UDI - INDEPENDIENTES,340. JULIA ANDREA GONZALEZ FUENTES,IND,2.0,False
219024,CAMARONES,CODPA,LICEO  VALLE DE CODPA,6M-2V,ZU.RADICALES E INDEPENDIENTES,341. AMERICA YARELA AJATA CHOQUE,PR,8.0,False
219025,CAMARONES,CODPA,LICEO  VALLE DE CODPA,6M-2V,ZU.RADICALES E INDEPENDIENTES,342. RENE ARNALDO VIZA QUENAYA,PR,5.0,True
219026,CAMARONES,CODPA,LICEO  VALLE DE CODPA,6M-2V,ZU.RADICALES E INDEPENDIENTES,343. CLAUDIA GUACOLDA ORTEGA BUSTOS,PR,0.0,False
219027,CAMARONES,CODPA,LICEO  VALLE DE CODPA,6M-2V,ZU.RADICALES E INDEPENDIENTES,344. HUMBERTO ALEXANDER SANA LAZARO,PR,3.0,False
219028,CAMARONES,CODPA,LICEO  VALLE DE CODPA,6M-2V,ZU.RADICALES E INDEPENDIENTES,345. JORGE FRANCISCO VELIZ BARRAZA,PR,5.0,False
219029,CAMARONES,CODPA,LICEO  VALLE DE CODPA,6M-2V,ZU.RADICALES E INDEPENDIENTES,346. ALFREDO FRANCISCO PACASA ACEVEDO,IND,0.0,False
219030,CAMARONES,CODPA,LICEO  VALLE DE CODPA,6M-2V,CANDIDATURA INDEPENDIENTE,347. JONATHAN ANGELO YANTE CHAMBE,IND,3.0,False
219031,CAMARONES,CODPA,LICEO  VALLE DE CODPA,8M-3V,M.CHILE DIGNO VERDE Y SOBERANO,300. PEDRO MIGUEL RIVERA BUSTOS,PCCH,4.0,False
219032,CAMARONES,CODPA,LICEO  VALLE DE CODPA,8M-3V,XK.CHILE VAMOS RENOVACION NACIONAL - INDEPENDIENTES,301. DANIELA PATRICIA BRAÑEZ LOBOS,RN,0.0,False
219033,CAMARONES,CODPA,LICEO  VALLE DE CODPA,8M-3V,XK.CHILE VAMOS RENOVACION NACIONAL - INDEPENDIENTES,302. GRACIELA IVONNE DIAZ ARAYA,RN,0.0,False
219034,CAMARONES,CODPA,LICEO  VALLE DE CODPA,8M-3V,XK.CHILE VAMOS RENOVACION NACIONAL - INDEPENDIENTES,303. CARLOS JOAQUIN GONZALEZ GODOY,RN,0.0,False
219035,CAMARONES,CODPA,LICEO  VALLE DE CODPA,8M-3V,XK.CHILE VAMOS RENOVACION NACIONAL - INDEPENDIENTES,304. CAMILA TOMASINA ACUÑA CHURA,IND,0.0,False
219036,CAMARONES,CODPA,LICEO  VALLE DE CODPA,8M-3V,XK.CHILE VAMOS RENOVACION NACIONAL - INDEPENDIENTES,305. DELIA BRUNA VALDEZ GODOY,IND,10.0,False
219037,CAMARONES,CODPA,LICEO  VALLE DE CODPA,8M-3V,XS.FRENTE AMPLIO,306. LIZARDO DEMETRIO ZUBIETA MEDINA,IND,18.0,True
219038,CAMARONES,CODPA,LICEO  VALLE DE CODPA,8M-3V,XS.FRENTE AMPLIO,307. YOVANA INES SOTO CALLE,IND,14.0,True
219039,CAMARONES,CODPA,LICEO  VALLE DE CODPA,8M-3V,XS.FRENTE AMPLIO,308. MANUEL EDUARDO ALVARADO ARAVENA,IND,2.0,False
219040,CAMARONES,CODPA,LICEO  VALLE DE CODPA,8M-3V,XS.FRENTE AMPLIO,309. JORGE PATRICIO ALEXANDER MAMANI CONDORI,IND,4.0,False
219041,CAMARONES,CODPA,LICEO  VALLE DE CODPA,8M-3V,XS.FRENTE AMPLIO,310. VILMA DEL CARMEN GODOY CONDORI,IND,1.0,False
219042,CAMARONES,CODPA,LICEO  VALLE DE CODPA,8M-3V,XU.UNIDOS POR LA DIGNIDAD,311. SERGIO HUGO PALOMINO ROMERO,PDC,4.0,False
219043,CAMARONES,CODPA,LICEO  VALLE DE CODPA,8M-3V,XU.UNIDOS POR LA DIGNIDAD,312. ANGELO GINO RODRIGUEZ RODRIGUEZ,IND,2.0,False
219044,CAMARONES,CODPA,LICEO  VALLE DE CODPA,8M-3V,XU.UNIDOS POR LA DIGNIDAD,313. CARLA DANIELA ALBORNOZ SALGADO,IND,5.0,False
219045,CAMARONES,CODPA,LICEO  VALLE DE CODPA,8M-3V,XU.UNIDOS POR LA DIGNIDAD,314. EUSEBIO SEGUNDO MAMANI CHOQUE,IND,8.0,True
219046,CAMARONES,CODPA,LICEO  VALLE DE CODPA,8M-3V,XU.UNIDOS POR LA DIGNIDAD,315. CLAUDIA ANDREA CANDIA BARRIENTOS,IND,0.0,False
219047,CAMARONES,CODPA,LICEO  VALLE DE CODPA,8M-3V,XY.DIGNIDAD AHORA,316. AMADIEL DEL ROSARIO CODOCEO CASTRO,IND,1.0,False
219048,CAMARONES,CODPA,LICEO  VALLE DE CODPA,8M-3V,XY.DIGNIDAD AHORA,317. LISSETTE ANDREA RUIZ ZUBIETA,IND,9.0,False
219049,CAMARONES,CODPA,LICEO  VALLE DE CODPA,8M-3V,XY.DIGNIDAD AHORA,318. PABLO ANDRES DINAMARCA CAUCOTT,IND,3.0,False
219050,CAMARONES,CODPA,LICEO  VALLE DE CODPA,8M-3V,XY.DIGNIDAD AHORA,319. CRISTIAN FERNANDO CHOQUE BISSA,IND,6.0,False
219051,CAMARONES,CODPA,LICEO  VALLE DE CODPA,8M-3V,YM.CHILE VAMOS - PRI E INDEPENDIENTES,320. SANDRA PAOLA MONTOYA FUENTES,PRI,1.0,False
219052,CAMARONES,CODPA,LICEO  VALLE DE CODPA,8M-3V,YM.CHILE VAMOS - PRI E INDEPENDIENTES,321. RODRIGO JAVIER OPAZO HUCK,PRI,0.0,False
219053,CAMARONES,CODPA,LICEO  VALLE DE CODPA,8M-3V,YM.CHILE VAMOS - PRI E INDEPENDIENTES,322. GISELA JUANA MANZANARES CALLE,IND,1.0,False
219054,CAMARONES,CODPA,LICEO  VALLE DE CODPA,8M-3V,YM.CHILE VAMOS - PRI E INDEPENDIENTES,323. MARLENE IRIS MONTECINOS MADUEÑO,IND,1.0,False
219055,CAMARONES,CODPA,LICEO  VALLE DE CODPA,8M-3V,YM.CHILE VAMOS - PRI E INDEPENDIENTES,324. SERGIO ALFONSO VIZA HUAYTA,IND,0.0,False
219056,CAMARONES,CODPA,LICEO  VALLE DE CODPA,8M-3V,YW.UNIDAD POR EL APRUEBO PS PPD E INDEPENDIENTES,325. ESTHEPANIE SILVA SEPULVEDA,IND,4.0,False
219057,CAMARONES,CODPA,LICEO  VALLE DE CODPA,8M-3V,YW.UNIDAD POR EL APRUEBO PS PPD E INDEPENDIENTES,326. FREDDY FLORES CONDORI,IND,8.0,False
219058,CAMARONES,CODPA,LICEO  VALLE DE CODPA,8M-3V,YW.UNIDAD POR EL APRUEBO PS PPD E INDEPENDIENTES,327. RAUL EUGENIO IBARRA MONTECINOS,PPD,13.0,True
219059,CAMARONES,CODPA,LICEO  VALLE DE CODPA,8M-3V,YW.UNIDAD POR EL APRUEBO PS PPD E INDEPENDIENTES,328. MONICA ALEJANDRA MUÑOZ SARMIENTO,PPD,1.0,False
219060,CAMARONES,CODPA,LICEO  VALLE DE CODPA,8M-3V,YW.UNIDAD POR EL APRUEBO PS PPD E INDEPENDIENTES,329. MAURICIO SALVADOR JELDES ÑAVE,PPD,6.0,False
219061,CAMARONES,CODPA,LICEO  VALLE DE CODPA,8M-3V,ZG.CHILE VAMOS EVOPOLI - INDEPENDIENTES,330. PRISCILA MICHEL TORO AZOCAR,EVOPOLI,1.0,False
219062,CAMARONES,CODPA,LICEO  VALLE DE CODPA,8M-3V,ZG.CHILE VAMOS EVOPOLI - INDEPENDIENTES,331. YANERI ALEXANDRA VARGAS VILCHES,IND,0.0,False
219063,CAMARONES,CODPA,LICEO  VALLE DE CODPA,8M-3V,ZG.CHILE VAMOS EVOPOLI - INDEPENDIENTES,332. WILFREDO ALEX ALVARADO ZAVALA,IND,0.0,False
219064,CAMARONES,CODPA,LICEO  VALLE DE CODPA,8M-3V,ZG.CHILE VAMOS EVOPOLI - INDEPENDIENTES,333. DANIEL ARNOLDO JOFRE RAMIREZ,IND,0.0,False
219065,CAMARONES,CODPA,LICEO  VALLE DE CODPA,8M-3V,ZG.CHILE VAMOS EVOPOLI - INDEPENDIENTES,334. SANDRA MARIA MONTEVILLA MAMANI,IND,1.0,False
219066,CAMARONES,CODPA,LICEO  VALLE DE CODPA,8M-3V,ZJ.CHILE VAMOS UDI - INDEPENDIENTES,335. AMERICA YOLANDA CALLE CALLE,UDI,2.0,False
219067,CAMARONES,CODPA,LICEO  VALLE DE CODPA,8M-3V,ZJ.CHILE VAMOS UDI - INDEPENDIENTES,336. JESSICA DEL CARMEN VALDEZ ARANIBAR,IND,4.0,False
219068,CAMARONES,CODPA,LICEO  VALLE DE CODPA,8M-3V,ZJ.CHILE VAMOS UDI - INDEPENDIENTES,337. JEANETTE PATRICIA SAAVEDRA MAMANI,IND,9.0,False
219069,CAMARONES,CODPA,LICEO  VALLE DE CODPA,8M-3V,ZJ.CHILE VAMOS UDI - INDEPENDIENTES,338. IVONNE  LUQUE MAMANI,IND,2.0,True
219070,CAMARONES,CODPA,LICEO  VALLE DE CODPA,8M-3V,ZJ.CHILE VAMOS UDI - INDEPENDIENTES,339. ANA CAROLINA GONZALEZ ROJAS,IND,1.0,False
219071,CAMARONES,CODPA,LICEO  VALLE DE CODPA,8M-3V,ZJ.CHILE VAMOS UDI - INDEPENDIENTES,340. JULIA ANDREA GONZALEZ FUENTES,IND,4.0,False
219072,CAMARONES,CODPA,LICEO  VALLE DE CODPA,8M-3V,ZU.RADICALES E INDEPENDIENTES,341. AMERICA YARELA AJATA CHOQUE,PR,7.0,False
219073,CAMARONES,CODPA,LICEO  VALLE DE CODPA,8M-3V,ZU.RADICALES E INDEPENDIENTES,342. RENE ARNALDO VIZA QUENAYA,PR,3.0,True
219074,CAMARONES,CODPA,LICEO  VALLE DE CODPA,8M-3V,ZU.RADICALES E INDEPENDIENTES,343. CLAUDIA GUACOLDA ORTEGA BUSTOS,PR,1.0,False
219075,CAMARONES,CODPA,LICEO  VALLE DE CODPA,8M-3V,ZU.RADICALES E INDEPENDIENTES,344. HUMBERTO ALEXANDER SANA LAZARO,PR,0.0,False
219076,CAMARONES,CODPA,LICEO  VALLE DE CODPA,8M-3V,ZU.RADICALES E INDEPENDIENTES,345. JORGE FRANCISCO VELIZ BARRAZA,PR,6.0,False
219077,CAMARONES,CODPA,LICEO  VALLE DE CODPA,8M-3V,ZU.RADICALES E INDEPENDIENTES,346. ALFREDO FRANCISCO PACASA ACEVEDO,IND,0.0,False
219078,CAMARONES,CODPA,LICEO  VALLE DE CODPA,8M-3V,CANDIDATURA INDEPENDIENTE,347. JONATHAN ANGELO YANTE CHAMBE,IND,8.0,False
219079,CAMARONES,CODPA,LICEO  VALLE DE CODPA,1V-4V,M.CHILE DIGNO VERDE Y SOBERANO,300. PEDRO MIGUEL RIVERA BUSTOS,PCCH,5.0,False
219080,CAMARONES,CODPA,LICEO  VALLE DE CODPA,1V-4V,XK.CHILE VAMOS RENOVACION NACIONAL - INDEPENDIENTES,301. DANIELA PATRICIA BRAÑEZ LOBOS,RN,0.0,False
219081,CAMARONES,CODPA,LICEO  VALLE DE CODPA,1V-4V,XK.CHILE VAMOS RENOVACION NACIONAL - INDEPENDIENTES,302. GRACIELA IVONNE DIAZ ARAYA,RN,1.0,False
219082,CAMARONES,CODPA,LICEO  VALLE DE CODPA,1V-4V,XK.CHILE VAMOS RENOVACION NACIONAL - INDEPENDIENTES,303. CARLOS JOAQUIN GONZALEZ GODOY,RN,0.0,False
219083,CAMARONES,CODPA,LICEO  VALLE DE CODPA,1V-4V,XK.CHILE VAMOS RENOVACION NACIONAL - INDEPENDIENTES,304. CAMILA TOMASINA ACUÑA CHURA,IND,0.0,False
219084,CAMARONES,CODPA,LICEO  VALLE DE CODPA,1V-4V,XK.CHILE VAMOS RENOVACION NACIONAL - INDEPENDIENTES,305. DELIA BRUNA VALDEZ GODOY,IND,19.0,False
219085,CAMARONES,CODPA,LICEO  VALLE DE CODPA,1V-4V,XS.FRENTE AMPLIO,306. LIZARDO DEMETRIO ZUBIETA MEDINA,IND,12.0,True
219086,CAMARONES,CODPA,LICEO  VALLE DE CODPA,1V-4V,XS.FRENTE AMPLIO,307. YOVANA INES SOTO CALLE,IND,11.0,True
219087,CAMARONES,CODPA,LICEO  VALLE DE CODPA,1V-4V,XS.FRENTE AMPLIO,308. MANUEL EDUARDO ALVARADO ARAVENA,IND,3.0,False
219088,CAMARONES,CODPA,LICEO  VALLE DE CODPA,1V-4V,XS.FRENTE AMPLIO,309. JORGE PATRICIO ALEXANDER MAMANI CONDORI,IND,4.0,False
219089,CAMARONES,CODPA,LICEO  VALLE DE CODPA,1V-4V,XS.FRENTE AMPLIO,310. VILMA DEL CARMEN GODOY CONDORI,IND,1.0,False
219090,CAMARONES,CODPA,LICEO  VALLE DE CODPA,1V-4V,XU.UNIDOS POR LA DIGNIDAD,311. SERGIO HUGO PALOMINO ROMERO,PDC,2.0,False
219091,CAMARONES,CODPA,LICEO  VALLE DE CODPA,1V-4V,XU.UNIDOS POR LA DIGNIDAD,312. ANGELO GINO RODRIGUEZ RODRIGUEZ,IND,4.0,False
219092,CAMARONES,CODPA,LICEO  VALLE DE CODPA,1V-4V,XU.UNIDOS POR LA DIGNIDAD,313. CARLA DANIELA ALBORNOZ SALGADO,IND,1.0,False
219093,CAMARONES,CODPA,LICEO  VALLE DE CODPA,1V-4V,XU.UNIDOS POR LA DIGNIDAD,314. EUSEBIO SEGUNDO MAMANI CHOQUE,IND,9.0,True
219094,CAMARONES,CODPA,LICEO  VALLE DE CODPA,1V-4V,XU.UNIDOS POR LA DIGNIDAD,315. CLAUDIA ANDREA CANDIA BARRIENTOS,IND,1.0,False
219095,CAMARONES,CODPA,LICEO  VALLE DE CODPA,1V-4V,XY.DIGNIDAD AHORA,316. AMADIEL DEL ROSARIO CODOCEO CASTRO,IND,0.0,False
219096,CAMARONES,CODPA,LICEO  VALLE DE CODPA,1V-4V,XY.DIGNIDAD AHORA,317. LISSETTE ANDREA RUIZ ZUBIETA,IND,5.0,False
219097,CAMARONES,CODPA,LICEO  VALLE DE CODPA,1V-4V,XY.DIGNIDAD AHORA,318. PABLO ANDRES DINAMARCA CAUCOTT,IND,7.0,False
219098,CAMARONES,CODPA,LICEO  VALLE DE CODPA,1V-4V,XY.DIGNIDAD AHORA,319. CRISTIAN FERNANDO CHOQUE BISSA,IND,4.0,False
219099,CAMARONES,CODPA,LICEO  VALLE DE CODPA,1V-4V,YM.CHILE VAMOS - PRI E INDEPENDIENTES,320. SANDRA PAOLA MONTOYA FUENTES,PRI,4.0,False
219100,CAMARONES,CODPA,LICEO  VALLE DE CODPA,1V-4V,YM.CHILE VAMOS - PRI E INDEPENDIENTES,321. RODRIGO JAVIER OPAZO HUCK,PRI,0.0,False
219101,CAMARONES,CODPA,LICEO  VALLE DE CODPA,1V-4V,YM.CHILE VAMOS - PRI E INDEPENDIENTES,322. GISELA JUANA MANZANARES CALLE,IND,0.0,False
219102,CAMARONES,CODPA,LICEO  VALLE DE CODPA,1V-4V,YM.CHILE VAMOS - PRI E INDEPENDIENTES,323. MARLENE IRIS MONTECINOS MADUEÑO,IND,6.0,False
219103,CAMARONES,CODPA,LICEO  VALLE DE CODPA,1V-4V,YM.CHILE VAMOS - PRI E INDEPENDIENTES,324. SERGIO ALFONSO VIZA HUAYTA,IND,0.0,False
219104,CAMARONES,CODPA,LICEO  VALLE DE CODPA,1V-4V,YW.UNIDAD POR EL APRUEBO PS PPD E INDEPENDIENTES,325. ESTHEPANIE SILVA SEPULVEDA,IND,2.0,False
219105,CAMARONES,CODPA,LICEO  VALLE DE CODPA,1V-4V,YW.UNIDAD POR EL APRUEBO PS PPD E INDEPENDIENTES,326. FREDDY FLORES CONDORI,IND,4.0,False
219106,CAMARONES,CODPA,LICEO  VALLE DE CODPA,1V-4V,YW.UNIDAD POR EL APRUEBO PS PPD E INDEPENDIENTES,327. RAUL EUGENIO IBARRA MONTECINOS,PPD,10.0,True
219107,CAMARONES,CODPA,LICEO  VALLE DE CODPA,1V-4V,YW.UNIDAD POR EL APRUEBO PS PPD E INDEPENDIENTES,328. MONICA ALEJANDRA MUÑOZ SARMIENTO,PPD,1.0,False
219108,CAMARONES,CODPA,LICEO  VALLE DE CODPA,1V-4V,YW.UNIDAD POR EL APRUEBO PS PPD E INDEPENDIENTES,329. MAURICIO SALVADOR JELDES ÑAVE,PPD,4.0,False
219109,CAMARONES,CODPA,LICEO  VALLE DE CODPA,1V-4V,ZG.CHILE VAMOS EVOPOLI - INDEPENDIENTES,330. PRISCILA MICHEL TORO AZOCAR,EVOPOLI,1.0,False
219110,CAMARONES,CODPA,LICEO  VALLE DE CODPA,1V-4V,ZG.CHILE VAMOS EVOPOLI - INDEPENDIENTES,331. YANERI ALEXANDRA VARGAS VILCHES,IND,0.0,False
219111,CAMARONES,CODPA,LICEO  VALLE DE CODPA,1V-4V,ZG.CHILE VAMOS EVOPOLI - INDEPENDIENTES,332. WILFREDO ALEX ALVARADO ZAVALA,IND,0.0,False
219112,CAMARONES,CODPA,LICEO  VALLE DE CODPA,1V-4V,ZG.CHILE VAMOS EVOPOLI - INDEPENDIENTES,333. DANIEL ARNOLDO JOFRE RAMIREZ,IND,1.0,False
219113,CAMARONES,CODPA,LICEO  VALLE DE CODPA,1V-4V,ZG.CHILE VAMOS EVOPOLI - INDEPENDIENTES,334. SANDRA MARIA MONTEVILLA MAMANI,IND,0.0,False
219114,CAMARONES,CODPA,LICEO  VALLE DE CODPA,1V-4V,ZJ.CHILE VAMOS UDI - INDEPENDIENTES,335. AMERICA YOLANDA CALLE CALLE,UDI,1.0,False
219115,CAMARONES,CODPA,LICEO  VALLE DE CODPA,1V-4V,ZJ.CHILE VAMOS UDI - INDEPENDIENTES,336. JESSICA DEL CARMEN VALDEZ ARANIBAR,IND,4.0,False
219116,CAMARONES,CODPA,LICEO  VALLE DE CODPA,1V-4V,ZJ.CHILE VAMOS UDI - INDEPENDIENTES,337. JEANETTE PATRICIA SAAVEDRA MAMANI,IND,2.0,False
219117,CAMARONES,CODPA,LICEO  VALLE DE CODPA,1V-4V,ZJ.CHILE VAMOS UDI - INDEPENDIENTES,338. IVONNE  LUQUE MAMANI,IND,5.0,True
219118,CAMARONES,CODPA,LICEO  VALLE DE CODPA,1V-4V,ZJ.CHILE VAMOS UDI - INDEPENDIENTES,339. ANA CAROLINA GONZALEZ ROJAS,IND,0.0,False
219119,CAMARONES,CODPA,LICEO  VALLE DE CODPA,1V-4V,ZJ.CHILE VAMOS UDI - INDEPENDIENTES,340. JULIA ANDREA GONZALEZ FUENTES,IND,2.0,False
219120,CAMARONES,CODPA,LICEO  VALLE DE CODPA,1V-4V,ZU.RADICALES E INDEPENDIENTES,341. AMERICA YARELA AJATA CHOQUE,PR,10.0,False
219121,CAMARONES,CODPA,LICEO  VALLE DE CODPA,1V-4V,ZU.RADICALES E INDEPENDIENTES,342. RENE ARNALDO VIZA QUENAYA,PR,6.0,True
219122,CAMARONES,CODPA,LICEO  VALLE DE CODPA,1V-4V,ZU.RADICALES E INDEPENDIENTES,343. CLAUDIA GUACOLDA ORTEGA BUSTOS,PR,1.0,False
219123,CAMARONES,CODPA,LICEO  VALLE DE CODPA,1V-4V,ZU.RADICALES E INDEPENDIENTES,344. HUMBERTO ALEXANDER SANA LAZARO,PR,3.0,False
219124,CAMARONES,CODPA,LICEO  VALLE DE CODPA,1V-4V,ZU.RADICALES E INDEPENDIENTES,345. JORGE FRANCISCO VELIZ BARRAZA,PR,3.0,False
219125,CAMARONES,CODPA,LICEO  VALLE DE CODPA,1V-4V,ZU.RADICALES E INDEPENDIENTES,346. ALFREDO FRANCISCO PACASA ACEVEDO,IND,0.0,False
219126,CAMARONES,CODPA,LICEO  VALLE DE CODPA,1V-4V,CANDIDATURA INDEPENDIENTE,347. JONATHAN ANGELO YANTE CHAMBE,IND,4.0,False
219127,CAMARONES,CODPA,LICEO  VALLE DE CODPA,5V-6V,M.CHILE DIGNO VERDE Y SOBERANO,300. PEDRO MIGUEL RIVERA BUSTOS,PCCH,1.0,False
219128,CAMARONES,CODPA,LICEO  VALLE DE CODPA,5V-6V,XK.CHILE VAMOS RENOVACION NACIONAL - INDEPENDIENTES,301. DANIELA PATRICIA BRAÑEZ LOBOS,RN,1.0,False
219129,CAMARONES,CODPA,LICEO  VALLE DE CODPA,5V-6V,XK.CHILE VAMOS RENOVACION NACIONAL - INDEPENDIENTES,302. GRACIELA IVONNE DIAZ ARAYA,RN,2.0,False
219130,CAMARONES,CODPA,LICEO  VALLE DE CODPA,5V-6V,XK.CHILE VAMOS RENOVACION NACIONAL - INDEPENDIENTES,303. CARLOS JOAQUIN GONZALEZ GODOY,RN,,False
219131,CAMARONES,CODPA,LICEO  VALLE DE CODPA,5V-6V,XK.CHILE VAMOS RENOVACION NACIONAL - INDEPENDIENTES,304. CAMILA TOMASINA ACUÑA CHURA,IND,,False
219132,CAMARONES,CODPA,LICEO  VALLE DE CODPA,5V-6V,XK.CHILE VAMOS RENOVACION NACIONAL - INDEPENDIENTES,305. DELIA BRUNA VALDEZ GODOY,IND,11.0,False
219133,CAMARONES,CODPA,LICEO  VALLE DE CODPA,5V-6V,XS.FRENTE AMPLIO,306. LIZARDO DEMETRIO ZUBIETA MEDINA,IND,12.0,True
219134,CAMARONES,CODPA,LICEO  VALLE DE CODPA,5V-6V,XS.FRENTE AMPLIO,307. YOVANA INES SOTO CALLE,IND,12.0,True
219135,CAMARONES,CODPA,LICEO  VALLE DE CODPA,5V-6V,XS.FRENTE AMPLIO,308. MANUEL EDUARDO ALVARADO ARAVENA,IND,2.0,False
219136,CAMARONES,CODPA,LICEO  VALLE DE CODPA,5V-6V,XS.FRENTE AMPLIO,309. JORGE PATRICIO ALEXANDER MAMANI CONDORI,IND,3.0,False
219137,CAMARONES,CODPA,LICEO  VALLE DE CODPA,5V-6V,XS.FRENTE AMPLIO,310. VILMA DEL CARMEN GODOY CONDORI,IND,1.0,False
219138,CAMARONES,CODPA,LICEO  VALLE DE CODPA,5V-6V,XU.UNIDOS POR LA DIGNIDAD,311. SERGIO HUGO PALOMINO ROMERO,PDC,,False
219139,CAMARONES,CODPA,LICEO  VALLE DE CODPA,5V-6V,XU.UNIDOS POR LA DIGNIDAD,312. ANGELO GINO RODRIGUEZ RODRIGUEZ,IND,4.0,False
219140,CAMARONES,CODPA,LICEO  VALLE DE CODPA,5V-6V,XU.UNIDOS POR LA DIGNIDAD,313. CARLA DANIELA ALBORNOZ SALGADO,IND,1.0,False
219141,CAMARONES,CODPA,LICEO  VALLE DE CODPA,5V-6V,XU.UNIDOS POR LA DIGNIDAD,314. EUSEBIO SEGUNDO MAMANI CHOQUE,IND,7.0,True
219142,CAMARONES,CODPA,LICEO  VALLE DE CODPA,5V-6V,XU.UNIDOS POR LA DIGNIDAD,315. CLAUDIA ANDREA CANDIA BARRIENTOS,IND,,False
219143,CAMARONES,CODPA,LICEO  VALLE DE CODPA,5V-6V,XY.DIGNIDAD AHORA,316. AMADIEL DEL ROSARIO CODOCEO CASTRO,IND,1.0,False
219144,CAMARONES,CODPA,LICEO  VALLE DE CODPA,5V-6V,XY.DIGNIDAD AHORA,317. LISSETTE ANDREA RUIZ ZUBIETA,IND,8.0,False
219145,CAMARONES,CODPA,LICEO  VALLE DE CODPA,5V-6V,XY.DIGNIDAD AHORA,318. PABLO ANDRES DINAMARCA CAUCOTT,IND,1.0,False
219146,CAMARONES,CODPA,LICEO  VALLE DE CODPA,5V-6V,XY.DIGNIDAD AHORA,319. CRISTIAN FERNANDO CHOQUE BISSA,IND,6.0,False
219147,CAMARONES,CODPA,LICEO  VALLE DE CODPA,5V-6V,YM.CHILE VAMOS - PRI E INDEPENDIENTES,320. SANDRA PAOLA MONTOYA FUENTES,PRI,3.0,False
219148,CAMARONES,CODPA,LICEO  VALLE DE CODPA,5V-6V,YM.CHILE VAMOS - PRI E INDEPENDIENTES,321. RODRIGO JAVIER OPAZO HUCK,PRI,2.0,False
219149,CAMARONES,CODPA,LICEO  VALLE DE CODPA,5V-6V,YM.CHILE VAMOS - PRI E INDEPENDIENTES,322. GISELA JUANA MANZANARES CALLE,IND,,False
219150,CAMARONES,CODPA,LICEO  VALLE DE CODPA,5V-6V,YM.CHILE VAMOS - PRI E INDEPENDIENTES,323. MARLENE IRIS MONTECINOS MADUEÑO,IND,4.0,False
219151,CAMARONES,CODPA,LICEO  VALLE DE CODPA,5V-6V,YM.CHILE VAMOS - PRI E INDEPENDIENTES,324. SERGIO ALFONSO VIZA HUAYTA,IND,,False
219152,CAMARONES,CODPA,LICEO  VALLE DE CODPA,5V-6V,YW.UNIDAD POR EL APRUEBO PS PPD E INDEPENDIENTES,325. ESTHEPANIE SILVA SEPULVEDA,IND,1.0,False
219153,CAMARONES,CODPA,LICEO  VALLE DE CODPA,5V-6V,YW.UNIDAD POR EL APRUEBO PS PPD E INDEPENDIENTES,326. FREDDY FLORES CONDORI,IND,7.0,False
219154,CAMARONES,CODPA,LICEO  VALLE DE CODPA,5V-6V,YW.UNIDAD POR EL APRUEBO PS PPD E INDEPENDIENTES,327. RAUL EUGENIO IBARRA MONTECINOS,PPD,14.0,True
219155,CAMARONES,CODPA,LICEO  VALLE DE CODPA,5V-6V,YW.UNIDAD POR EL APRUEBO PS PPD E INDEPENDIENTES,328. MONICA ALEJANDRA MUÑOZ SARMIENTO,PPD,,False
219156,CAMARONES,CODPA,LICEO  VALLE DE CODPA,5V-6V,YW.UNIDAD POR EL APRUEBO PS PPD E INDEPENDIENTES,329. MAURICIO SALVADOR JELDES ÑAVE,PPD,2.0,False
219157,CAMARONES,CODPA,LICEO  VALLE DE CODPA,5V-6V,ZG.CHILE VAMOS EVOPOLI - INDEPENDIENTES,330. PRISCILA MICHEL TORO AZOCAR,EVOPOLI,,False
219158,CAMARONES,CODPA,LICEO  VALLE DE CODPA,5V-6V,ZG.CHILE VAMOS EVOPOLI - INDEPENDIENTES,331. YANERI ALEXANDRA VARGAS VILCHES,IND,,False
219159,CAMARONES,CODPA,LICEO  VALLE DE CODPA,5V-6V,ZG.CHILE VAMOS EVOPOLI - INDEPENDIENTES,332. WILFREDO ALEX ALVARADO ZAVALA,IND,,False
219160,CAMARONES,CODPA,LICEO  VALLE DE CODPA,5V-6V,ZG.CHILE VAMOS EVOPOLI - INDEPENDIENTES,333. DANIEL ARNOLDO JOFRE RAMIREZ,IND,,False
219161,CAMARONES,CODPA,LICEO  VALLE DE CODPA,5V-6V,ZG.CHILE VAMOS EVOPOLI - INDEPENDIENTES,334. SANDRA MARIA MONTEVILLA MAMANI,IND,2.0,False
219162,CAMARONES,CODPA,LICEO  VALLE DE CODPA,5V-6V,ZJ.CHILE VAMOS UDI - INDEPENDIENTES,335. AMERICA YOLANDA CALLE CALLE,UDI,6.0,False
219163,CAMARONES,CODPA,LICEO  VALLE DE CODPA,5V-6V,ZJ.CHILE VAMOS UDI - INDEPENDIENTES,336. JESSICA DEL CARMEN VALDEZ ARANIBAR,IND,2.0,False
219164,CAMARONES,CODPA,LICEO  VALLE DE CODPA,5V-6V,ZJ.CHILE VAMOS UDI - INDEPENDIENTES,337. JEANETTE PATRICIA SAAVEDRA MAMANI,IND,5.0,False
219165,CAMARONES,CODPA,LICEO  VALLE DE CODPA,5V-6V,ZJ.CHILE VAMOS UDI - INDEPENDIENTES,338. IVONNE  LUQUE MAMANI,IND,2.0,True
219166,CAMARONES,CODPA,LICEO  VALLE DE CODPA,5V-6V,ZJ.CHILE VAMOS UDI - INDEPENDIENTES,339. ANA CAROLINA GONZALEZ ROJAS,IND,,False
219167,CAMARONES,CODPA,LICEO  VALLE DE CODPA,5V-6V,ZJ.CHILE VAMOS UDI - INDEPENDIENTES,340. JULIA ANDREA GONZALEZ FUENTES,IND,6.0,False
219168,CAMARONES,CODPA,LICEO  VALLE DE CODPA,5V-6V,ZU.RADICALES E INDEPENDIENTES,341. AMERICA YARELA AJATA CHOQUE,PR,5.0,False
219169,CAMARONES,CODPA,LICEO  VALLE DE CODPA,5V-6V,ZU.RADICALES E INDEPENDIENTES,342. RENE ARNALDO VIZA QUENAYA,PR,4.0,True
219170,CAMARONES,CODPA,LICEO  VALLE DE CODPA,5V-6V,ZU.RADICALES E INDEPENDIENTES,343. CLAUDIA GUACOLDA ORTEGA BUSTOS,PR,,False
219171,CAMARONES,CODPA,LICEO  VALLE DE CODPA,5V-6V,ZU.RADICALES E INDEPENDIENTES,344. HUMBERTO ALEXANDER SANA LAZARO,PR,2.0,False
219172,CAMARONES,CODPA,LICEO  VALLE DE CODPA,5V-6V,ZU.RADICALES E INDEPENDIENTES,345. JORGE FRANCISCO VELIZ BARRAZA,PR,2.0,False
219173,CAMARONES,CODPA,LICEO  VALLE DE CODPA,5V-6V,ZU.RADICALES E INDEPENDIENTES,346. ALFREDO FRANCISCO PACASA ACEVEDO,IND,,False
219174,CAMARONES,CODPA,LICEO  VALLE DE CODPA,5V-6V,CANDIDATURA INDEPENDIENTE,347. JONATHAN ANGELO YANTE CHAMBE,IND,3.0,False
219175,CAMARONES,CODPA,LICEO  VALLE DE CODPA,7V,M.CHILE DIGNO VERDE Y SOBERANO,300. PEDRO MIGUEL RIVERA BUSTOS,PCCH,1.0,False
219176,CAMARONES,CODPA,LICEO  VALLE DE CODPA,7V,XK.CHILE VAMOS RENOVACION NACIONAL - INDEPENDIENTES,301. DANIELA PATRICIA BRAÑEZ LOBOS,RN,0.0,False
219177,CAMARONES,CODPA,LICEO  VALLE DE CODPA,7V,XK.CHILE VAMOS RENOVACION NACIONAL - INDEPENDIENTES,302. GRACIELA IVONNE DIAZ ARAYA,RN,1.0,False
219178,CAMARONES,CODPA,LICEO  VALLE DE CODPA,7V,XK.CHILE VAMOS RENOVACION NACIONAL - INDEPENDIENTES,303. CARLOS JOAQUIN GONZALEZ GODOY,RN,0.0,False
219179,CAMARONES,CODPA,LICEO  VALLE DE CODPA,7V,XK.CHILE VAMOS RENOVACION NACIONAL - INDEPENDIENTES,304. CAMILA TOMASINA ACUÑA CHURA,IND,0.0,False
219180,CAMARONES,CODPA,LICEO  VALLE DE CODPA,7V,XK.CHILE VAMOS RENOVACION NACIONAL - INDEPENDIENTES,305. DELIA BRUNA VALDEZ GODOY,IND,4.0,False
219181,CAMARONES,CODPA,LICEO  VALLE DE CODPA,7V,XS.FRENTE AMPLIO,306. LIZARDO DEMETRIO ZUBIETA MEDINA,IND,9.0,True
219182,CAMARONES,CODPA,LICEO  VALLE DE CODPA,7V,XS.FRENTE AMPLIO,307. YOVANA INES SOTO CALLE,IND,3.0,True
219183,CAMARONES,CODPA,LICEO  VALLE DE CODPA,7V,XS.FRENTE AMPLIO,308. MANUEL EDUARDO ALVARADO ARAVENA,IND,0.0,False
219184,CAMARONES,CODPA,LICEO  VALLE DE CODPA,7V,XS.FRENTE AMPLIO,309. JORGE PATRICIO ALEXANDER MAMANI CONDORI,IND,0.0,False
219185,CAMARONES,CODPA,LICEO  VALLE DE CODPA,7V,XS.FRENTE AMPLIO,310. VILMA DEL CARMEN GODOY CONDORI,IND,0.0,False
219186,CAMARONES,CODPA,LICEO  VALLE DE CODPA,7V,XU.UNIDOS POR LA DIGNIDAD,311. SERGIO HUGO PALOMINO ROMERO,PDC,1.0,False
219187,CAMARONES,CODPA,LICEO  VALLE DE CODPA,7V,XU.UNIDOS POR LA DIGNIDAD,312. ANGELO GINO RODRIGUEZ RODRIGUEZ,IND,2.0,False
219188,CAMARONES,CODPA,LICEO  VALLE DE CODPA,7V,XU.UNIDOS POR LA DIGNIDAD,313. CARLA DANIELA ALBORNOZ SALGADO,IND,0.0,False
219189,CAMARONES,CODPA,LICEO  VALLE DE CODPA,7V,XU.UNIDOS POR LA DIGNIDAD,314. EUSEBIO SEGUNDO MAMANI CHOQUE,IND,7.0,True
219190,CAMARONES,CODPA,LICEO  VALLE DE CODPA,7V,XU.UNIDOS POR LA DIGNIDAD,315. CLAUDIA ANDREA CANDIA BARRIENTOS,IND,0.0,False
219191,CAMARONES,CODPA,LICEO  VALLE DE CODPA,7V,XY.DIGNIDAD AHORA,316. AMADIEL DEL ROSARIO CODOCEO CASTRO,IND,0.0,False
219192,CAMARONES,CODPA,LICEO  VALLE DE CODPA,7V,XY.DIGNIDAD AHORA,317. LISSETTE ANDREA RUIZ ZUBIETA,IND,2.0,False
219193,CAMARONES,CODPA,LICEO  VALLE DE CODPA,7V,XY.DIGNIDAD AHORA,318. PABLO ANDRES DINAMARCA CAUCOTT,IND,0.0,False
219194,CAMARONES,CODPA,LICEO  VALLE DE CODPA,7V,XY.DIGNIDAD AHORA,319. CRISTIAN FERNANDO CHOQUE BISSA,IND,2.0,False
219195,CAMARONES,CODPA,LICEO  VALLE DE CODPA,7V,YM.CHILE VAMOS - PRI E INDEPENDIENTES,320. SANDRA PAOLA MONTOYA FUENTES,PRI,2.0,False
219196,CAMARONES,CODPA,LICEO  VALLE DE CODPA,7V,YM.CHILE VAMOS - PRI E INDEPENDIENTES,321. RODRIGO JAVIER OPAZO HUCK,PRI,0.0,False
219197,CAMARONES,CODPA,LICEO  VALLE DE CODPA,7V,YM.CHILE VAMOS - PRI E INDEPENDIENTES,322. GISELA JUANA MANZANARES CALLE,IND,0.0,False
219198,CAMARONES,CODPA,LICEO  VALLE DE CODPA,7V,YM.CHILE VAMOS - PRI E INDEPENDIENTES,323. MARLENE IRIS MONTECINOS MADUEÑO,IND,2.0,False
219199,CAMARONES,CODPA,LICEO  VALLE DE CODPA,7V,YM.CHILE VAMOS - PRI E INDEPENDIENTES,324. SERGIO ALFONSO VIZA HUAYTA,IND,0.0,False
219200,CAMARONES,CODPA,LICEO  VALLE DE CODPA,7V,YW.UNIDAD POR EL APRUEBO PS PPD E INDEPENDIENTES,325. ESTHEPANIE SILVA SEPULVEDA,IND,2.0,False
219201,CAMARONES,CODPA,LICEO  VALLE DE CODPA,7V,YW.UNIDAD POR EL APRUEBO PS PPD E INDEPENDIENTES,326. FREDDY FLORES CONDORI,IND,3.0,False
219202,CAMARONES,CODPA,LICEO  VALLE DE CODPA,7V,YW.UNIDAD POR EL APRUEBO PS PPD E INDEPENDIENTES,327. RAUL EUGENIO IBARRA MONTECINOS,PPD,4.0,True
219203,CAMARONES,CODPA,LICEO  VALLE DE CODPA,7V,YW.UNIDAD POR EL APRUEBO PS PPD E INDEPENDIENTES,328. MONICA ALEJANDRA MUÑOZ SARMIENTO,PPD,0.0,False
219204,CAMARONES,CODPA,LICEO  VALLE DE CODPA,7V,YW.UNIDAD POR EL APRUEBO PS PPD E INDEPENDIENTES,329. MAURICIO SALVADOR JELDES ÑAVE,PPD,3.0,False
219205,CAMARONES,CODPA,LICEO  VALLE DE CODPA,7V,ZG.CHILE VAMOS EVOPOLI - INDEPENDIENTES,330. PRISCILA MICHEL TORO AZOCAR,EVOPOLI,0.0,False
219206,CAMARONES,CODPA,LICEO  VALLE DE CODPA,7V,ZG.CHILE VAMOS EVOPOLI - INDEPENDIENTES,331. YANERI ALEXANDRA VARGAS VILCHES,IND,0.0,False
219207,CAMARONES,CODPA,LICEO  VALLE DE CODPA,7V,ZG.CHILE VAMOS EVOPOLI - INDEPENDIENTES,332. WILFREDO ALEX ALVARADO ZAVALA,IND,1.0,False
219208,CAMARONES,CODPA,LICEO  VALLE DE CODPA,7V,ZG.CHILE VAMOS EVOPOLI - INDEPENDIENTES,333. DANIEL ARNOLDO JOFRE RAMIREZ,IND,0.0,False
219209,CAMARONES,CODPA,LICEO  VALLE DE CODPA,7V,ZG.CHILE VAMOS EVOPOLI - INDEPENDIENTES,334. SANDRA MARIA MONTEVILLA MAMANI,IND,0.0,False
219210,CAMARONES,CODPA,LICEO  VALLE DE CODPA,7V,ZJ.CHILE VAMOS UDI - INDEPENDIENTES,335. AMERICA YOLANDA CALLE CALLE,UDI,1.0,False
219211,CAMARONES,CODPA,LICEO  VALLE DE CODPA,7V,ZJ.CHILE VAMOS UDI - INDEPENDIENTES,336. JESSICA DEL CARMEN VALDEZ ARANIBAR,IND,1.0,False
219212,CAMARONES,CODPA,LICEO  VALLE DE CODPA,7V,ZJ.CHILE VAMOS UDI - INDEPENDIENTES,337. JEANETTE PATRICIA SAAVEDRA MAMANI,IND,3.0,False
219213,CAMARONES,CODPA,LICEO  VALLE DE CODPA,7V,ZJ.CHILE VAMOS UDI - INDEPENDIENTES,338. IVONNE  LUQUE MAMANI,IND,4.0,True
219214,CAMARONES,CODPA,LICEO  VALLE DE CODPA,7V,ZJ.CHILE VAMOS UDI - INDEPENDIENTES,339. ANA CAROLINA GONZALEZ ROJAS,IND,0.0,False
219215,CAMARONES,CODPA,LICEO  VALLE DE CODPA,7V,ZJ.CHILE VAMOS UDI - INDEPENDIENTES,340. JULIA ANDREA GONZALEZ FUENTES,IND,2.0,False
219216,CAMARONES,CODPA,LICEO  VALLE DE CODPA,7V,ZU.RADICALES E INDEPENDIENTES,341. AMERICA YARELA AJATA CHOQUE,PR,4.0,False
219217,CAMARONES,CODPA,LICEO  VALLE DE CODPA,7V,ZU.RADICALES E INDEPENDIENTES,342. RENE ARNALDO VIZA QUENAYA,PR,2.0,True
219218,CAMARONES,CODPA,LICEO  VALLE DE CODPA,7V,ZU.RADICALES E INDEPENDIENTES,343. CLAUDIA GUACOLDA ORTEGA BUSTOS,PR,1.0,False
219219,CAMARONES,CODPA,LICEO  VALLE DE CODPA,7V,ZU.RADICALES E INDEPENDIENTES,344. HUMBERTO ALEXANDER SANA LAZARO,PR,2.0,False
219220,CAMARONES,CODPA,LICEO  VALLE DE CODPA,7V,ZU.RADICALES E INDEPENDIENTES,345. JORGE FRANCISCO VELIZ BARRAZA,PR,1.0,False
219221,CAMARONES,CODPA,LICEO  VALLE DE CODPA,7V,ZU.RADICALES E INDEPENDIENTES,346. ALFREDO FRANCISCO PACASA ACEVEDO,IND,0.0,False
219222,CAMARONES,CODPA,LICEO  VALLE DE CODPA,7V,CANDIDATURA INDEPENDIENTE,347. JONATHAN ANGELO YANTE CHAMBE,IND,1.0,False
