,COMUNA,CIRC_ELEC,LOCAL,MESA,LISTA,CANDIDATX,PARTIDO,VOTOS,ELECTX
289370,CHILE CHICO,CHILE CHICO,ESCUELA BASICA DE CHILE CHICO,1M,XK.CHILE VAMOS RENOVACION NACIONAL - INDEPENDIENTES,300. VELIDES BAUDET URRUTIA CATALAN,RN,6.0,False
289371,CHILE CHICO,CHILE CHICO,ESCUELA BASICA DE CHILE CHICO,1M,XK.CHILE VAMOS RENOVACION NACIONAL - INDEPENDIENTES,301. ELIANA DEL CARMEN CANDIA ÑANCUL,RN,1.0,False
289372,CHILE CHICO,CHILE CHICO,ESCUELA BASICA DE CHILE CHICO,1M,XK.CHILE VAMOS RENOVACION NACIONAL - INDEPENDIENTES,302. LIDIA ELENA SOTO BEROIZA,RN,3.0,True
289373,CHILE CHICO,CHILE CHICO,ESCUELA BASICA DE CHILE CHICO,1M,XK.CHILE VAMOS RENOVACION NACIONAL - INDEPENDIENTES,303. OSCAR PATRICIO VERDUGO SERON,IND,2.0,False
289374,CHILE CHICO,CHILE CHICO,ESCUELA BASICA DE CHILE CHICO,1M,XU.UNIDOS POR LA DIGNIDAD,304. ARIEL  KEIM HERMOSILLA,PDC,13.0,True
289375,CHILE CHICO,CHILE CHICO,ESCUELA BASICA DE CHILE CHICO,1M,XU.UNIDOS POR LA DIGNIDAD,305. MARIO  FIGUEROA MAYORGA,PDC,5.0,True
289376,CHILE CHICO,CHILE CHICO,ESCUELA BASICA DE CHILE CHICO,1M,XU.UNIDOS POR LA DIGNIDAD,306. ARNALDO SIFREDO CRUZ PEÑALOZA,IND,13.0,True
289377,CHILE CHICO,CHILE CHICO,ESCUELA BASICA DE CHILE CHICO,1M,XU.UNIDOS POR LA DIGNIDAD,307. PATRICIA ORLANDA GALLARDO SANCHEZ,IND,3.0,False
289378,CHILE CHICO,CHILE CHICO,ESCUELA BASICA DE CHILE CHICO,1M,XU.UNIDOS POR LA DIGNIDAD,308. JUAN JOSE HENRIQUEZ LEAL,IND,2.0,False
289379,CHILE CHICO,CHILE CHICO,ESCUELA BASICA DE CHILE CHICO,1M,XU.UNIDOS POR LA DIGNIDAD,309. GUSTAVO ALEJANDRO VEROIZA INALLADO,IND,1.0,False
289380,CHILE CHICO,CHILE CHICO,ESCUELA BASICA DE CHILE CHICO,1M,YM.CHILE VAMOS - PRI E INDEPENDIENTES,310. JORGE LUIS ROSALES VIVANCO,IND,0.0,False
289381,CHILE CHICO,CHILE CHICO,ESCUELA BASICA DE CHILE CHICO,1M,YW.UNIDAD POR EL APRUEBO PS PPD E INDEPENDIENTES,311. TERESA AGUILAR AGUILAR,PS,7.0,False
289382,CHILE CHICO,CHILE CHICO,ESCUELA BASICA DE CHILE CHICO,1M,ZG.CHILE VAMOS EVOPOLI - INDEPENDIENTES,312. LUIS ALBERTO OVANDO CARO,EVOPOLI,3.0,False
289383,CHILE CHICO,CHILE CHICO,ESCUELA BASICA DE CHILE CHICO,1M,ZG.CHILE VAMOS EVOPOLI - INDEPENDIENTES,313. GLADYS VIRGINIA PEREZ SEBIK,IND,0.0,False
289384,CHILE CHICO,CHILE CHICO,ESCUELA BASICA DE CHILE CHICO,1M,ZG.CHILE VAMOS EVOPOLI - INDEPENDIENTES,314. PATRICIO MAXIMILIANO DIAZ GUAJARDO,IND,1.0,False
289385,CHILE CHICO,CHILE CHICO,ESCUELA BASICA DE CHILE CHICO,1M,ZJ.CHILE VAMOS UDI - INDEPENDIENTES,315. CECILIA DEL CARMEN ORDOÑEZ LEMUS,UDI,6.0,False
289386,CHILE CHICO,CHILE CHICO,ESCUELA BASICA DE CHILE CHICO,1M,ZJ.CHILE VAMOS UDI - INDEPENDIENTES,316. ANGELA GENOVEVA VALDEBENITO RIVADENEIRA,UDI,9.0,True
289387,CHILE CHICO,CHILE CHICO,ESCUELA BASICA DE CHILE CHICO,1M,ZJ.CHILE VAMOS UDI - INDEPENDIENTES,317. ROBERT ALEJANDRO CONSTANZO BUSTOS,UDI,0.0,False
289388,CHILE CHICO,CHILE CHICO,ESCUELA BASICA DE CHILE CHICO,1M,ZJ.CHILE VAMOS UDI - INDEPENDIENTES,318. DAVID BALDEMAR HERNANDEZ COYOPAE,UDI,4.0,False
289389,CHILE CHICO,CHILE CHICO,ESCUELA BASICA DE CHILE CHICO,1M,ZU.RADICALES E INDEPENDIENTES,319. MARIANA DANIELA JARA AVILEZ,IND,4.0,False
289390,CHILE CHICO,CHILE CHICO,ESCUELA BASICA DE CHILE CHICO,1M,ZU.RADICALES E INDEPENDIENTES,320. IVAN ANDRES HENRIQUEZ HENRIQUEZ,IND,1.0,False
289391,CHILE CHICO,CHILE CHICO,ESCUELA BASICA DE CHILE CHICO,1M,ZU.RADICALES E INDEPENDIENTES,321. JUAN PINTO DURAN,IND,12.0,True
289392,CHILE CHICO,CHILE CHICO,ESCUELA BASICA DE CHILE CHICO,1M,CANDIDATURA INDEPENDIENTE,322. RAUL ALBERTO AUDE SEPULVEDA,IND,13.0,False
289393,CHILE CHICO,CHILE CHICO,ESCUELA BASICA DE CHILE CHICO,2M,XK.CHILE VAMOS RENOVACION NACIONAL - INDEPENDIENTES,300. VELIDES BAUDET URRUTIA CATALAN,RN,2.0,False
289394,CHILE CHICO,CHILE CHICO,ESCUELA BASICA DE CHILE CHICO,2M,XK.CHILE VAMOS RENOVACION NACIONAL - INDEPENDIENTES,301. ELIANA DEL CARMEN CANDIA ÑANCUL,RN,1.0,False
289395,CHILE CHICO,CHILE CHICO,ESCUELA BASICA DE CHILE CHICO,2M,XK.CHILE VAMOS RENOVACION NACIONAL - INDEPENDIENTES,302. LIDIA ELENA SOTO BEROIZA,RN,3.0,True
289396,CHILE CHICO,CHILE CHICO,ESCUELA BASICA DE CHILE CHICO,2M,XK.CHILE VAMOS RENOVACION NACIONAL - INDEPENDIENTES,303. OSCAR PATRICIO VERDUGO SERON,IND,1.0,False
289397,CHILE CHICO,CHILE CHICO,ESCUELA BASICA DE CHILE CHICO,2M,XU.UNIDOS POR LA DIGNIDAD,304. ARIEL  KEIM HERMOSILLA,PDC,18.0,True
289398,CHILE CHICO,CHILE CHICO,ESCUELA BASICA DE CHILE CHICO,2M,XU.UNIDOS POR LA DIGNIDAD,305. MARIO  FIGUEROA MAYORGA,PDC,6.0,True
289399,CHILE CHICO,CHILE CHICO,ESCUELA BASICA DE CHILE CHICO,2M,XU.UNIDOS POR LA DIGNIDAD,306. ARNALDO SIFREDO CRUZ PEÑALOZA,IND,6.0,True
289400,CHILE CHICO,CHILE CHICO,ESCUELA BASICA DE CHILE CHICO,2M,XU.UNIDOS POR LA DIGNIDAD,307. PATRICIA ORLANDA GALLARDO SANCHEZ,IND,5.0,False
289401,CHILE CHICO,CHILE CHICO,ESCUELA BASICA DE CHILE CHICO,2M,XU.UNIDOS POR LA DIGNIDAD,308. JUAN JOSE HENRIQUEZ LEAL,IND,2.0,False
289402,CHILE CHICO,CHILE CHICO,ESCUELA BASICA DE CHILE CHICO,2M,XU.UNIDOS POR LA DIGNIDAD,309. GUSTAVO ALEJANDRO VEROIZA INALLADO,IND,4.0,False
289403,CHILE CHICO,CHILE CHICO,ESCUELA BASICA DE CHILE CHICO,2M,YM.CHILE VAMOS - PRI E INDEPENDIENTES,310. JORGE LUIS ROSALES VIVANCO,IND,0.0,False
289404,CHILE CHICO,CHILE CHICO,ESCUELA BASICA DE CHILE CHICO,2M,YW.UNIDAD POR EL APRUEBO PS PPD E INDEPENDIENTES,311. TERESA AGUILAR AGUILAR,PS,11.0,False
289405,CHILE CHICO,CHILE CHICO,ESCUELA BASICA DE CHILE CHICO,2M,ZG.CHILE VAMOS EVOPOLI - INDEPENDIENTES,312. LUIS ALBERTO OVANDO CARO,EVOPOLI,1.0,False
289406,CHILE CHICO,CHILE CHICO,ESCUELA BASICA DE CHILE CHICO,2M,ZG.CHILE VAMOS EVOPOLI - INDEPENDIENTES,313. GLADYS VIRGINIA PEREZ SEBIK,IND,0.0,False
289407,CHILE CHICO,CHILE CHICO,ESCUELA BASICA DE CHILE CHICO,2M,ZG.CHILE VAMOS EVOPOLI - INDEPENDIENTES,314. PATRICIO MAXIMILIANO DIAZ GUAJARDO,IND,0.0,False
289408,CHILE CHICO,CHILE CHICO,ESCUELA BASICA DE CHILE CHICO,2M,ZJ.CHILE VAMOS UDI - INDEPENDIENTES,315. CECILIA DEL CARMEN ORDOÑEZ LEMUS,UDI,4.0,False
289409,CHILE CHICO,CHILE CHICO,ESCUELA BASICA DE CHILE CHICO,2M,ZJ.CHILE VAMOS UDI - INDEPENDIENTES,316. ANGELA GENOVEVA VALDEBENITO RIVADENEIRA,UDI,5.0,True
289410,CHILE CHICO,CHILE CHICO,ESCUELA BASICA DE CHILE CHICO,2M,ZJ.CHILE VAMOS UDI - INDEPENDIENTES,317. ROBERT ALEJANDRO CONSTANZO BUSTOS,UDI,0.0,False
289411,CHILE CHICO,CHILE CHICO,ESCUELA BASICA DE CHILE CHICO,2M,ZJ.CHILE VAMOS UDI - INDEPENDIENTES,318. DAVID BALDEMAR HERNANDEZ COYOPAE,UDI,2.0,False
289412,CHILE CHICO,CHILE CHICO,ESCUELA BASICA DE CHILE CHICO,2M,ZU.RADICALES E INDEPENDIENTES,319. MARIANA DANIELA JARA AVILEZ,IND,3.0,False
289413,CHILE CHICO,CHILE CHICO,ESCUELA BASICA DE CHILE CHICO,2M,ZU.RADICALES E INDEPENDIENTES,320. IVAN ANDRES HENRIQUEZ HENRIQUEZ,IND,2.0,False
289414,CHILE CHICO,CHILE CHICO,ESCUELA BASICA DE CHILE CHICO,2M,ZU.RADICALES E INDEPENDIENTES,321. JUAN PINTO DURAN,IND,13.0,True
289415,CHILE CHICO,CHILE CHICO,ESCUELA BASICA DE CHILE CHICO,2M,CANDIDATURA INDEPENDIENTE,322. RAUL ALBERTO AUDE SEPULVEDA,IND,10.0,False
289416,CHILE CHICO,CHILE CHICO,ESCUELA BASICA DE CHILE CHICO,3M,XK.CHILE VAMOS RENOVACION NACIONAL - INDEPENDIENTES,300. VELIDES BAUDET URRUTIA CATALAN,RN,7.0,False
289417,CHILE CHICO,CHILE CHICO,ESCUELA BASICA DE CHILE CHICO,3M,XK.CHILE VAMOS RENOVACION NACIONAL - INDEPENDIENTES,301. ELIANA DEL CARMEN CANDIA ÑANCUL,RN,2.0,False
289418,CHILE CHICO,CHILE CHICO,ESCUELA BASICA DE CHILE CHICO,3M,XK.CHILE VAMOS RENOVACION NACIONAL - INDEPENDIENTES,302. LIDIA ELENA SOTO BEROIZA,RN,4.0,True
289419,CHILE CHICO,CHILE CHICO,ESCUELA BASICA DE CHILE CHICO,3M,XK.CHILE VAMOS RENOVACION NACIONAL - INDEPENDIENTES,303. OSCAR PATRICIO VERDUGO SERON,IND,1.0,False
289420,CHILE CHICO,CHILE CHICO,ESCUELA BASICA DE CHILE CHICO,3M,XU.UNIDOS POR LA DIGNIDAD,304. ARIEL  KEIM HERMOSILLA,PDC,19.0,True
289421,CHILE CHICO,CHILE CHICO,ESCUELA BASICA DE CHILE CHICO,3M,XU.UNIDOS POR LA DIGNIDAD,305. MARIO  FIGUEROA MAYORGA,PDC,8.0,True
289422,CHILE CHICO,CHILE CHICO,ESCUELA BASICA DE CHILE CHICO,3M,XU.UNIDOS POR LA DIGNIDAD,306. ARNALDO SIFREDO CRUZ PEÑALOZA,IND,4.0,True
289423,CHILE CHICO,CHILE CHICO,ESCUELA BASICA DE CHILE CHICO,3M,XU.UNIDOS POR LA DIGNIDAD,307. PATRICIA ORLANDA GALLARDO SANCHEZ,IND,2.0,False
289424,CHILE CHICO,CHILE CHICO,ESCUELA BASICA DE CHILE CHICO,3M,XU.UNIDOS POR LA DIGNIDAD,308. JUAN JOSE HENRIQUEZ LEAL,IND,1.0,False
289425,CHILE CHICO,CHILE CHICO,ESCUELA BASICA DE CHILE CHICO,3M,XU.UNIDOS POR LA DIGNIDAD,309. GUSTAVO ALEJANDRO VEROIZA INALLADO,IND,7.0,False
289426,CHILE CHICO,CHILE CHICO,ESCUELA BASICA DE CHILE CHICO,3M,YM.CHILE VAMOS - PRI E INDEPENDIENTES,310. JORGE LUIS ROSALES VIVANCO,IND,1.0,False
289427,CHILE CHICO,CHILE CHICO,ESCUELA BASICA DE CHILE CHICO,3M,YW.UNIDAD POR EL APRUEBO PS PPD E INDEPENDIENTES,311. TERESA AGUILAR AGUILAR,PS,11.0,False
289428,CHILE CHICO,CHILE CHICO,ESCUELA BASICA DE CHILE CHICO,3M,ZG.CHILE VAMOS EVOPOLI - INDEPENDIENTES,312. LUIS ALBERTO OVANDO CARO,EVOPOLI,1.0,False
289429,CHILE CHICO,CHILE CHICO,ESCUELA BASICA DE CHILE CHICO,3M,ZG.CHILE VAMOS EVOPOLI - INDEPENDIENTES,313. GLADYS VIRGINIA PEREZ SEBIK,IND,0.0,False
289430,CHILE CHICO,CHILE CHICO,ESCUELA BASICA DE CHILE CHICO,3M,ZG.CHILE VAMOS EVOPOLI - INDEPENDIENTES,314. PATRICIO MAXIMILIANO DIAZ GUAJARDO,IND,0.0,False
289431,CHILE CHICO,CHILE CHICO,ESCUELA BASICA DE CHILE CHICO,3M,ZJ.CHILE VAMOS UDI - INDEPENDIENTES,315. CECILIA DEL CARMEN ORDOÑEZ LEMUS,UDI,1.0,False
289432,CHILE CHICO,CHILE CHICO,ESCUELA BASICA DE CHILE CHICO,3M,ZJ.CHILE VAMOS UDI - INDEPENDIENTES,316. ANGELA GENOVEVA VALDEBENITO RIVADENEIRA,UDI,3.0,True
289433,CHILE CHICO,CHILE CHICO,ESCUELA BASICA DE CHILE CHICO,3M,ZJ.CHILE VAMOS UDI - INDEPENDIENTES,317. ROBERT ALEJANDRO CONSTANZO BUSTOS,UDI,1.0,False
289434,CHILE CHICO,CHILE CHICO,ESCUELA BASICA DE CHILE CHICO,3M,ZJ.CHILE VAMOS UDI - INDEPENDIENTES,318. DAVID BALDEMAR HERNANDEZ COYOPAE,UDI,2.0,False
289435,CHILE CHICO,CHILE CHICO,ESCUELA BASICA DE CHILE CHICO,3M,ZU.RADICALES E INDEPENDIENTES,319. MARIANA DANIELA JARA AVILEZ,IND,5.0,False
289436,CHILE CHICO,CHILE CHICO,ESCUELA BASICA DE CHILE CHICO,3M,ZU.RADICALES E INDEPENDIENTES,320. IVAN ANDRES HENRIQUEZ HENRIQUEZ,IND,2.0,False
289437,CHILE CHICO,CHILE CHICO,ESCUELA BASICA DE CHILE CHICO,3M,ZU.RADICALES E INDEPENDIENTES,321. JUAN PINTO DURAN,IND,15.0,True
289438,CHILE CHICO,CHILE CHICO,ESCUELA BASICA DE CHILE CHICO,3M,CANDIDATURA INDEPENDIENTE,322. RAUL ALBERTO AUDE SEPULVEDA,IND,8.0,False
289439,CHILE CHICO,CHILE CHICO,ESCUELA BASICA DE CHILE CHICO,4M,XK.CHILE VAMOS RENOVACION NACIONAL - INDEPENDIENTES,300. VELIDES BAUDET URRUTIA CATALAN,RN,2.0,False
289440,CHILE CHICO,CHILE CHICO,ESCUELA BASICA DE CHILE CHICO,4M,XK.CHILE VAMOS RENOVACION NACIONAL - INDEPENDIENTES,301. ELIANA DEL CARMEN CANDIA ÑANCUL,RN,2.0,False
289441,CHILE CHICO,CHILE CHICO,ESCUELA BASICA DE CHILE CHICO,4M,XK.CHILE VAMOS RENOVACION NACIONAL - INDEPENDIENTES,302. LIDIA ELENA SOTO BEROIZA,RN,1.0,True
289442,CHILE CHICO,CHILE CHICO,ESCUELA BASICA DE CHILE CHICO,4M,XK.CHILE VAMOS RENOVACION NACIONAL - INDEPENDIENTES,303. OSCAR PATRICIO VERDUGO SERON,IND,2.0,False
289443,CHILE CHICO,CHILE CHICO,ESCUELA BASICA DE CHILE CHICO,4M,XU.UNIDOS POR LA DIGNIDAD,304. ARIEL  KEIM HERMOSILLA,PDC,30.0,True
289444,CHILE CHICO,CHILE CHICO,ESCUELA BASICA DE CHILE CHICO,4M,XU.UNIDOS POR LA DIGNIDAD,305. MARIO  FIGUEROA MAYORGA,PDC,3.0,True
289445,CHILE CHICO,CHILE CHICO,ESCUELA BASICA DE CHILE CHICO,4M,XU.UNIDOS POR LA DIGNIDAD,306. ARNALDO SIFREDO CRUZ PEÑALOZA,IND,6.0,True
289446,CHILE CHICO,CHILE CHICO,ESCUELA BASICA DE CHILE CHICO,4M,XU.UNIDOS POR LA DIGNIDAD,307. PATRICIA ORLANDA GALLARDO SANCHEZ,IND,1.0,False
289447,CHILE CHICO,CHILE CHICO,ESCUELA BASICA DE CHILE CHICO,4M,XU.UNIDOS POR LA DIGNIDAD,308. JUAN JOSE HENRIQUEZ LEAL,IND,2.0,False
289448,CHILE CHICO,CHILE CHICO,ESCUELA BASICA DE CHILE CHICO,4M,XU.UNIDOS POR LA DIGNIDAD,309. GUSTAVO ALEJANDRO VEROIZA INALLADO,IND,6.0,False
289449,CHILE CHICO,CHILE CHICO,ESCUELA BASICA DE CHILE CHICO,4M,YM.CHILE VAMOS - PRI E INDEPENDIENTES,310. JORGE LUIS ROSALES VIVANCO,IND,0.0,False
289450,CHILE CHICO,CHILE CHICO,ESCUELA BASICA DE CHILE CHICO,4M,YW.UNIDAD POR EL APRUEBO PS PPD E INDEPENDIENTES,311. TERESA AGUILAR AGUILAR,PS,9.0,False
289451,CHILE CHICO,CHILE CHICO,ESCUELA BASICA DE CHILE CHICO,4M,ZG.CHILE VAMOS EVOPOLI - INDEPENDIENTES,312. LUIS ALBERTO OVANDO CARO,EVOPOLI,3.0,False
289452,CHILE CHICO,CHILE CHICO,ESCUELA BASICA DE CHILE CHICO,4M,ZG.CHILE VAMOS EVOPOLI - INDEPENDIENTES,313. GLADYS VIRGINIA PEREZ SEBIK,IND,1.0,False
289453,CHILE CHICO,CHILE CHICO,ESCUELA BASICA DE CHILE CHICO,4M,ZG.CHILE VAMOS EVOPOLI - INDEPENDIENTES,314. PATRICIO MAXIMILIANO DIAZ GUAJARDO,IND,1.0,False
289454,CHILE CHICO,CHILE CHICO,ESCUELA BASICA DE CHILE CHICO,4M,ZJ.CHILE VAMOS UDI - INDEPENDIENTES,315. CECILIA DEL CARMEN ORDOÑEZ LEMUS,UDI,8.0,False
289455,CHILE CHICO,CHILE CHICO,ESCUELA BASICA DE CHILE CHICO,4M,ZJ.CHILE VAMOS UDI - INDEPENDIENTES,316. ANGELA GENOVEVA VALDEBENITO RIVADENEIRA,UDI,12.0,True
289456,CHILE CHICO,CHILE CHICO,ESCUELA BASICA DE CHILE CHICO,4M,ZJ.CHILE VAMOS UDI - INDEPENDIENTES,317. ROBERT ALEJANDRO CONSTANZO BUSTOS,UDI,1.0,False
289457,CHILE CHICO,CHILE CHICO,ESCUELA BASICA DE CHILE CHICO,4M,ZJ.CHILE VAMOS UDI - INDEPENDIENTES,318. DAVID BALDEMAR HERNANDEZ COYOPAE,UDI,10.0,False
289458,CHILE CHICO,CHILE CHICO,ESCUELA BASICA DE CHILE CHICO,4M,ZU.RADICALES E INDEPENDIENTES,319. MARIANA DANIELA JARA AVILEZ,IND,5.0,False
289459,CHILE CHICO,CHILE CHICO,ESCUELA BASICA DE CHILE CHICO,4M,ZU.RADICALES E INDEPENDIENTES,320. IVAN ANDRES HENRIQUEZ HENRIQUEZ,IND,5.0,False
289460,CHILE CHICO,CHILE CHICO,ESCUELA BASICA DE CHILE CHICO,4M,ZU.RADICALES E INDEPENDIENTES,321. JUAN PINTO DURAN,IND,17.0,True
289461,CHILE CHICO,CHILE CHICO,ESCUELA BASICA DE CHILE CHICO,4M,CANDIDATURA INDEPENDIENTE,322. RAUL ALBERTO AUDE SEPULVEDA,IND,17.0,False
289462,CHILE CHICO,CHILE CHICO,ESCUELA BASICA DE CHILE CHICO,5M,XK.CHILE VAMOS RENOVACION NACIONAL - INDEPENDIENTES,300. VELIDES BAUDET URRUTIA CATALAN,RN,6.0,False
289463,CHILE CHICO,CHILE CHICO,ESCUELA BASICA DE CHILE CHICO,5M,XK.CHILE VAMOS RENOVACION NACIONAL - INDEPENDIENTES,301. ELIANA DEL CARMEN CANDIA ÑANCUL,RN,2.0,False
289464,CHILE CHICO,CHILE CHICO,ESCUELA BASICA DE CHILE CHICO,5M,XK.CHILE VAMOS RENOVACION NACIONAL - INDEPENDIENTES,302. LIDIA ELENA SOTO BEROIZA,RN,6.0,True
289465,CHILE CHICO,CHILE CHICO,ESCUELA BASICA DE CHILE CHICO,5M,XK.CHILE VAMOS RENOVACION NACIONAL - INDEPENDIENTES,303. OSCAR PATRICIO VERDUGO SERON,IND,0.0,False
289466,CHILE CHICO,CHILE CHICO,ESCUELA BASICA DE CHILE CHICO,5M,XU.UNIDOS POR LA DIGNIDAD,304. ARIEL  KEIM HERMOSILLA,PDC,29.0,True
289467,CHILE CHICO,CHILE CHICO,ESCUELA BASICA DE CHILE CHICO,5M,XU.UNIDOS POR LA DIGNIDAD,305. MARIO  FIGUEROA MAYORGA,PDC,6.0,True
289468,CHILE CHICO,CHILE CHICO,ESCUELA BASICA DE CHILE CHICO,5M,XU.UNIDOS POR LA DIGNIDAD,306. ARNALDO SIFREDO CRUZ PEÑALOZA,IND,5.0,True
289469,CHILE CHICO,CHILE CHICO,ESCUELA BASICA DE CHILE CHICO,5M,XU.UNIDOS POR LA DIGNIDAD,307. PATRICIA ORLANDA GALLARDO SANCHEZ,IND,10.0,False
289470,CHILE CHICO,CHILE CHICO,ESCUELA BASICA DE CHILE CHICO,5M,XU.UNIDOS POR LA DIGNIDAD,308. JUAN JOSE HENRIQUEZ LEAL,IND,2.0,False
289471,CHILE CHICO,CHILE CHICO,ESCUELA BASICA DE CHILE CHICO,5M,XU.UNIDOS POR LA DIGNIDAD,309. GUSTAVO ALEJANDRO VEROIZA INALLADO,IND,3.0,False
289472,CHILE CHICO,CHILE CHICO,ESCUELA BASICA DE CHILE CHICO,5M,YM.CHILE VAMOS - PRI E INDEPENDIENTES,310. JORGE LUIS ROSALES VIVANCO,IND,0.0,False
289473,CHILE CHICO,CHILE CHICO,ESCUELA BASICA DE CHILE CHICO,5M,YW.UNIDAD POR EL APRUEBO PS PPD E INDEPENDIENTES,311. TERESA AGUILAR AGUILAR,PS,10.0,False
289474,CHILE CHICO,CHILE CHICO,ESCUELA BASICA DE CHILE CHICO,5M,ZG.CHILE VAMOS EVOPOLI - INDEPENDIENTES,312. LUIS ALBERTO OVANDO CARO,EVOPOLI,4.0,False
289475,CHILE CHICO,CHILE CHICO,ESCUELA BASICA DE CHILE CHICO,5M,ZG.CHILE VAMOS EVOPOLI - INDEPENDIENTES,313. GLADYS VIRGINIA PEREZ SEBIK,IND,0.0,False
289476,CHILE CHICO,CHILE CHICO,ESCUELA BASICA DE CHILE CHICO,5M,ZG.CHILE VAMOS EVOPOLI - INDEPENDIENTES,314. PATRICIO MAXIMILIANO DIAZ GUAJARDO,IND,0.0,False
289477,CHILE CHICO,CHILE CHICO,ESCUELA BASICA DE CHILE CHICO,5M,ZJ.CHILE VAMOS UDI - INDEPENDIENTES,315. CECILIA DEL CARMEN ORDOÑEZ LEMUS,UDI,3.0,False
289478,CHILE CHICO,CHILE CHICO,ESCUELA BASICA DE CHILE CHICO,5M,ZJ.CHILE VAMOS UDI - INDEPENDIENTES,316. ANGELA GENOVEVA VALDEBENITO RIVADENEIRA,UDI,5.0,True
289479,CHILE CHICO,CHILE CHICO,ESCUELA BASICA DE CHILE CHICO,5M,ZJ.CHILE VAMOS UDI - INDEPENDIENTES,317. ROBERT ALEJANDRO CONSTANZO BUSTOS,UDI,4.0,False
289480,CHILE CHICO,CHILE CHICO,ESCUELA BASICA DE CHILE CHICO,5M,ZJ.CHILE VAMOS UDI - INDEPENDIENTES,318. DAVID BALDEMAR HERNANDEZ COYOPAE,UDI,4.0,False
289481,CHILE CHICO,CHILE CHICO,ESCUELA BASICA DE CHILE CHICO,5M,ZU.RADICALES E INDEPENDIENTES,319. MARIANA DANIELA JARA AVILEZ,IND,1.0,False
289482,CHILE CHICO,CHILE CHICO,ESCUELA BASICA DE CHILE CHICO,5M,ZU.RADICALES E INDEPENDIENTES,320. IVAN ANDRES HENRIQUEZ HENRIQUEZ,IND,1.0,False
289483,CHILE CHICO,CHILE CHICO,ESCUELA BASICA DE CHILE CHICO,5M,ZU.RADICALES E INDEPENDIENTES,321. JUAN PINTO DURAN,IND,18.0,True
289484,CHILE CHICO,CHILE CHICO,ESCUELA BASICA DE CHILE CHICO,5M,CANDIDATURA INDEPENDIENTE,322. RAUL ALBERTO AUDE SEPULVEDA,IND,14.0,False
289485,CHILE CHICO,CHILE CHICO,ESCUELA BASICA DE CHILE CHICO,6M,XK.CHILE VAMOS RENOVACION NACIONAL - INDEPENDIENTES,300. VELIDES BAUDET URRUTIA CATALAN,RN,4.0,False
289486,CHILE CHICO,CHILE CHICO,ESCUELA BASICA DE CHILE CHICO,6M,XK.CHILE VAMOS RENOVACION NACIONAL - INDEPENDIENTES,301. ELIANA DEL CARMEN CANDIA ÑANCUL,RN,2.0,False
289487,CHILE CHICO,CHILE CHICO,ESCUELA BASICA DE CHILE CHICO,6M,XK.CHILE VAMOS RENOVACION NACIONAL - INDEPENDIENTES,302. LIDIA ELENA SOTO BEROIZA,RN,7.0,True
289488,CHILE CHICO,CHILE CHICO,ESCUELA BASICA DE CHILE CHICO,6M,XK.CHILE VAMOS RENOVACION NACIONAL - INDEPENDIENTES,303. OSCAR PATRICIO VERDUGO SERON,IND,1.0,False
289489,CHILE CHICO,CHILE CHICO,ESCUELA BASICA DE CHILE CHICO,6M,XU.UNIDOS POR LA DIGNIDAD,304. ARIEL  KEIM HERMOSILLA,PDC,29.0,True
289490,CHILE CHICO,CHILE CHICO,ESCUELA BASICA DE CHILE CHICO,6M,XU.UNIDOS POR LA DIGNIDAD,305. MARIO  FIGUEROA MAYORGA,PDC,8.0,True
289491,CHILE CHICO,CHILE CHICO,ESCUELA BASICA DE CHILE CHICO,6M,XU.UNIDOS POR LA DIGNIDAD,306. ARNALDO SIFREDO CRUZ PEÑALOZA,IND,15.0,True
289492,CHILE CHICO,CHILE CHICO,ESCUELA BASICA DE CHILE CHICO,6M,XU.UNIDOS POR LA DIGNIDAD,307. PATRICIA ORLANDA GALLARDO SANCHEZ,IND,9.0,False
289493,CHILE CHICO,CHILE CHICO,ESCUELA BASICA DE CHILE CHICO,6M,XU.UNIDOS POR LA DIGNIDAD,308. JUAN JOSE HENRIQUEZ LEAL,IND,2.0,False
289494,CHILE CHICO,CHILE CHICO,ESCUELA BASICA DE CHILE CHICO,6M,XU.UNIDOS POR LA DIGNIDAD,309. GUSTAVO ALEJANDRO VEROIZA INALLADO,IND,7.0,False
289495,CHILE CHICO,CHILE CHICO,ESCUELA BASICA DE CHILE CHICO,6M,YM.CHILE VAMOS - PRI E INDEPENDIENTES,310. JORGE LUIS ROSALES VIVANCO,IND,1.0,False
289496,CHILE CHICO,CHILE CHICO,ESCUELA BASICA DE CHILE CHICO,6M,YW.UNIDAD POR EL APRUEBO PS PPD E INDEPENDIENTES,311. TERESA AGUILAR AGUILAR,PS,8.0,False
289497,CHILE CHICO,CHILE CHICO,ESCUELA BASICA DE CHILE CHICO,6M,ZG.CHILE VAMOS EVOPOLI - INDEPENDIENTES,312. LUIS ALBERTO OVANDO CARO,EVOPOLI,2.0,False
289498,CHILE CHICO,CHILE CHICO,ESCUELA BASICA DE CHILE CHICO,6M,ZG.CHILE VAMOS EVOPOLI - INDEPENDIENTES,313. GLADYS VIRGINIA PEREZ SEBIK,IND,0.0,False
289499,CHILE CHICO,CHILE CHICO,ESCUELA BASICA DE CHILE CHICO,6M,ZG.CHILE VAMOS EVOPOLI - INDEPENDIENTES,314. PATRICIO MAXIMILIANO DIAZ GUAJARDO,IND,1.0,False
289500,CHILE CHICO,CHILE CHICO,ESCUELA BASICA DE CHILE CHICO,6M,ZJ.CHILE VAMOS UDI - INDEPENDIENTES,315. CECILIA DEL CARMEN ORDOÑEZ LEMUS,UDI,4.0,False
289501,CHILE CHICO,CHILE CHICO,ESCUELA BASICA DE CHILE CHICO,6M,ZJ.CHILE VAMOS UDI - INDEPENDIENTES,316. ANGELA GENOVEVA VALDEBENITO RIVADENEIRA,UDI,3.0,True
289502,CHILE CHICO,CHILE CHICO,ESCUELA BASICA DE CHILE CHICO,6M,ZJ.CHILE VAMOS UDI - INDEPENDIENTES,317. ROBERT ALEJANDRO CONSTANZO BUSTOS,UDI,2.0,False
289503,CHILE CHICO,CHILE CHICO,ESCUELA BASICA DE CHILE CHICO,6M,ZJ.CHILE VAMOS UDI - INDEPENDIENTES,318. DAVID BALDEMAR HERNANDEZ COYOPAE,UDI,2.0,False
289504,CHILE CHICO,CHILE CHICO,ESCUELA BASICA DE CHILE CHICO,6M,ZU.RADICALES E INDEPENDIENTES,319. MARIANA DANIELA JARA AVILEZ,IND,6.0,False
289505,CHILE CHICO,CHILE CHICO,ESCUELA BASICA DE CHILE CHICO,6M,ZU.RADICALES E INDEPENDIENTES,320. IVAN ANDRES HENRIQUEZ HENRIQUEZ,IND,1.0,False
289506,CHILE CHICO,CHILE CHICO,ESCUELA BASICA DE CHILE CHICO,6M,ZU.RADICALES E INDEPENDIENTES,321. JUAN PINTO DURAN,IND,8.0,True
289507,CHILE CHICO,CHILE CHICO,ESCUELA BASICA DE CHILE CHICO,6M,CANDIDATURA INDEPENDIENTE,322. RAUL ALBERTO AUDE SEPULVEDA,IND,21.0,False
289508,CHILE CHICO,CHILE CHICO,ESCUELA BASICA DE CHILE CHICO,7M,XK.CHILE VAMOS RENOVACION NACIONAL - INDEPENDIENTES,300. VELIDES BAUDET URRUTIA CATALAN,RN,4.0,False
289509,CHILE CHICO,CHILE CHICO,ESCUELA BASICA DE CHILE CHICO,7M,XK.CHILE VAMOS RENOVACION NACIONAL - INDEPENDIENTES,301. ELIANA DEL CARMEN CANDIA ÑANCUL,RN,2.0,False
289510,CHILE CHICO,CHILE CHICO,ESCUELA BASICA DE CHILE CHICO,7M,XK.CHILE VAMOS RENOVACION NACIONAL - INDEPENDIENTES,302. LIDIA ELENA SOTO BEROIZA,RN,6.0,True
289511,CHILE CHICO,CHILE CHICO,ESCUELA BASICA DE CHILE CHICO,7M,XK.CHILE VAMOS RENOVACION NACIONAL - INDEPENDIENTES,303. OSCAR PATRICIO VERDUGO SERON,IND,1.0,False
289512,CHILE CHICO,CHILE CHICO,ESCUELA BASICA DE CHILE CHICO,7M,XU.UNIDOS POR LA DIGNIDAD,304. ARIEL  KEIM HERMOSILLA,PDC,34.0,True
289513,CHILE CHICO,CHILE CHICO,ESCUELA BASICA DE CHILE CHICO,7M,XU.UNIDOS POR LA DIGNIDAD,305. MARIO  FIGUEROA MAYORGA,PDC,6.0,True
289514,CHILE CHICO,CHILE CHICO,ESCUELA BASICA DE CHILE CHICO,7M,XU.UNIDOS POR LA DIGNIDAD,306. ARNALDO SIFREDO CRUZ PEÑALOZA,IND,10.0,True
289515,CHILE CHICO,CHILE CHICO,ESCUELA BASICA DE CHILE CHICO,7M,XU.UNIDOS POR LA DIGNIDAD,307. PATRICIA ORLANDA GALLARDO SANCHEZ,IND,9.0,False
289516,CHILE CHICO,CHILE CHICO,ESCUELA BASICA DE CHILE CHICO,7M,XU.UNIDOS POR LA DIGNIDAD,308. JUAN JOSE HENRIQUEZ LEAL,IND,0.0,False
289517,CHILE CHICO,CHILE CHICO,ESCUELA BASICA DE CHILE CHICO,7M,XU.UNIDOS POR LA DIGNIDAD,309. GUSTAVO ALEJANDRO VEROIZA INALLADO,IND,7.0,False
289518,CHILE CHICO,CHILE CHICO,ESCUELA BASICA DE CHILE CHICO,7M,YM.CHILE VAMOS - PRI E INDEPENDIENTES,310. JORGE LUIS ROSALES VIVANCO,IND,1.0,False
289519,CHILE CHICO,CHILE CHICO,ESCUELA BASICA DE CHILE CHICO,7M,YW.UNIDAD POR EL APRUEBO PS PPD E INDEPENDIENTES,311. TERESA AGUILAR AGUILAR,PS,10.0,False
289520,CHILE CHICO,CHILE CHICO,ESCUELA BASICA DE CHILE CHICO,7M,ZG.CHILE VAMOS EVOPOLI - INDEPENDIENTES,312. LUIS ALBERTO OVANDO CARO,EVOPOLI,5.0,False
289521,CHILE CHICO,CHILE CHICO,ESCUELA BASICA DE CHILE CHICO,7M,ZG.CHILE VAMOS EVOPOLI - INDEPENDIENTES,313. GLADYS VIRGINIA PEREZ SEBIK,IND,0.0,False
289522,CHILE CHICO,CHILE CHICO,ESCUELA BASICA DE CHILE CHICO,7M,ZG.CHILE VAMOS EVOPOLI - INDEPENDIENTES,314. PATRICIO MAXIMILIANO DIAZ GUAJARDO,IND,1.0,False
289523,CHILE CHICO,CHILE CHICO,ESCUELA BASICA DE CHILE CHICO,7M,ZJ.CHILE VAMOS UDI - INDEPENDIENTES,315. CECILIA DEL CARMEN ORDOÑEZ LEMUS,UDI,3.0,False
289524,CHILE CHICO,CHILE CHICO,ESCUELA BASICA DE CHILE CHICO,7M,ZJ.CHILE VAMOS UDI - INDEPENDIENTES,316. ANGELA GENOVEVA VALDEBENITO RIVADENEIRA,UDI,11.0,True
289525,CHILE CHICO,CHILE CHICO,ESCUELA BASICA DE CHILE CHICO,7M,ZJ.CHILE VAMOS UDI - INDEPENDIENTES,317. ROBERT ALEJANDRO CONSTANZO BUSTOS,UDI,1.0,False
289526,CHILE CHICO,CHILE CHICO,ESCUELA BASICA DE CHILE CHICO,7M,ZJ.CHILE VAMOS UDI - INDEPENDIENTES,318. DAVID BALDEMAR HERNANDEZ COYOPAE,UDI,5.0,False
289527,CHILE CHICO,CHILE CHICO,ESCUELA BASICA DE CHILE CHICO,7M,ZU.RADICALES E INDEPENDIENTES,319. MARIANA DANIELA JARA AVILEZ,IND,4.0,False
289528,CHILE CHICO,CHILE CHICO,ESCUELA BASICA DE CHILE CHICO,7M,ZU.RADICALES E INDEPENDIENTES,320. IVAN ANDRES HENRIQUEZ HENRIQUEZ,IND,0.0,False
289529,CHILE CHICO,CHILE CHICO,ESCUELA BASICA DE CHILE CHICO,7M,ZU.RADICALES E INDEPENDIENTES,321. JUAN PINTO DURAN,IND,15.0,True
289530,CHILE CHICO,CHILE CHICO,ESCUELA BASICA DE CHILE CHICO,7M,CANDIDATURA INDEPENDIENTE,322. RAUL ALBERTO AUDE SEPULVEDA,IND,18.0,False
289531,CHILE CHICO,CHILE CHICO,ESCUELA BASICA DE CHILE CHICO,1V,XK.CHILE VAMOS RENOVACION NACIONAL - INDEPENDIENTES,300. VELIDES BAUDET URRUTIA CATALAN,RN,8.0,False
289532,CHILE CHICO,CHILE CHICO,ESCUELA BASICA DE CHILE CHICO,1V,XK.CHILE VAMOS RENOVACION NACIONAL - INDEPENDIENTES,301. ELIANA DEL CARMEN CANDIA ÑANCUL,RN,1.0,False
289533,CHILE CHICO,CHILE CHICO,ESCUELA BASICA DE CHILE CHICO,1V,XK.CHILE VAMOS RENOVACION NACIONAL - INDEPENDIENTES,302. LIDIA ELENA SOTO BEROIZA,RN,3.0,True
289534,CHILE CHICO,CHILE CHICO,ESCUELA BASICA DE CHILE CHICO,1V,XK.CHILE VAMOS RENOVACION NACIONAL - INDEPENDIENTES,303. OSCAR PATRICIO VERDUGO SERON,IND,1.0,False
289535,CHILE CHICO,CHILE CHICO,ESCUELA BASICA DE CHILE CHICO,1V,XU.UNIDOS POR LA DIGNIDAD,304. ARIEL  KEIM HERMOSILLA,PDC,11.0,True
289536,CHILE CHICO,CHILE CHICO,ESCUELA BASICA DE CHILE CHICO,1V,XU.UNIDOS POR LA DIGNIDAD,305. MARIO  FIGUEROA MAYORGA,PDC,5.0,True
289537,CHILE CHICO,CHILE CHICO,ESCUELA BASICA DE CHILE CHICO,1V,XU.UNIDOS POR LA DIGNIDAD,306. ARNALDO SIFREDO CRUZ PEÑALOZA,IND,3.0,True
289538,CHILE CHICO,CHILE CHICO,ESCUELA BASICA DE CHILE CHICO,1V,XU.UNIDOS POR LA DIGNIDAD,307. PATRICIA ORLANDA GALLARDO SANCHEZ,IND,1.0,False
289539,CHILE CHICO,CHILE CHICO,ESCUELA BASICA DE CHILE CHICO,1V,XU.UNIDOS POR LA DIGNIDAD,308. JUAN JOSE HENRIQUEZ LEAL,IND,1.0,False
289540,CHILE CHICO,CHILE CHICO,ESCUELA BASICA DE CHILE CHICO,1V,XU.UNIDOS POR LA DIGNIDAD,309. GUSTAVO ALEJANDRO VEROIZA INALLADO,IND,2.0,False
289541,CHILE CHICO,CHILE CHICO,ESCUELA BASICA DE CHILE CHICO,1V,YM.CHILE VAMOS - PRI E INDEPENDIENTES,310. JORGE LUIS ROSALES VIVANCO,IND,0.0,False
289542,CHILE CHICO,CHILE CHICO,ESCUELA BASICA DE CHILE CHICO,1V,YW.UNIDAD POR EL APRUEBO PS PPD E INDEPENDIENTES,311. TERESA AGUILAR AGUILAR,PS,5.0,False
289543,CHILE CHICO,CHILE CHICO,ESCUELA BASICA DE CHILE CHICO,1V,ZG.CHILE VAMOS EVOPOLI - INDEPENDIENTES,312. LUIS ALBERTO OVANDO CARO,EVOPOLI,1.0,False
289544,CHILE CHICO,CHILE CHICO,ESCUELA BASICA DE CHILE CHICO,1V,ZG.CHILE VAMOS EVOPOLI - INDEPENDIENTES,313. GLADYS VIRGINIA PEREZ SEBIK,IND,1.0,False
289545,CHILE CHICO,CHILE CHICO,ESCUELA BASICA DE CHILE CHICO,1V,ZG.CHILE VAMOS EVOPOLI - INDEPENDIENTES,314. PATRICIO MAXIMILIANO DIAZ GUAJARDO,IND,0.0,False
289546,CHILE CHICO,CHILE CHICO,ESCUELA BASICA DE CHILE CHICO,1V,ZJ.CHILE VAMOS UDI - INDEPENDIENTES,315. CECILIA DEL CARMEN ORDOÑEZ LEMUS,UDI,0.0,False
289547,CHILE CHICO,CHILE CHICO,ESCUELA BASICA DE CHILE CHICO,1V,ZJ.CHILE VAMOS UDI - INDEPENDIENTES,316. ANGELA GENOVEVA VALDEBENITO RIVADENEIRA,UDI,3.0,True
289548,CHILE CHICO,CHILE CHICO,ESCUELA BASICA DE CHILE CHICO,1V,ZJ.CHILE VAMOS UDI - INDEPENDIENTES,317. ROBERT ALEJANDRO CONSTANZO BUSTOS,UDI,1.0,False
289549,CHILE CHICO,CHILE CHICO,ESCUELA BASICA DE CHILE CHICO,1V,ZJ.CHILE VAMOS UDI - INDEPENDIENTES,318. DAVID BALDEMAR HERNANDEZ COYOPAE,UDI,1.0,False
289550,CHILE CHICO,CHILE CHICO,ESCUELA BASICA DE CHILE CHICO,1V,ZU.RADICALES E INDEPENDIENTES,319. MARIANA DANIELA JARA AVILEZ,IND,4.0,False
289551,CHILE CHICO,CHILE CHICO,ESCUELA BASICA DE CHILE CHICO,1V,ZU.RADICALES E INDEPENDIENTES,320. IVAN ANDRES HENRIQUEZ HENRIQUEZ,IND,1.0,False
289552,CHILE CHICO,CHILE CHICO,ESCUELA BASICA DE CHILE CHICO,1V,ZU.RADICALES E INDEPENDIENTES,321. JUAN PINTO DURAN,IND,10.0,True
289553,CHILE CHICO,CHILE CHICO,ESCUELA BASICA DE CHILE CHICO,1V,CANDIDATURA INDEPENDIENTE,322. RAUL ALBERTO AUDE SEPULVEDA,IND,13.0,False
289554,CHILE CHICO,CHILE CHICO,ESCUELA BASICA DE CHILE CHICO,2V,XK.CHILE VAMOS RENOVACION NACIONAL - INDEPENDIENTES,300. VELIDES BAUDET URRUTIA CATALAN,RN,4.0,False
289555,CHILE CHICO,CHILE CHICO,ESCUELA BASICA DE CHILE CHICO,2V,XK.CHILE VAMOS RENOVACION NACIONAL - INDEPENDIENTES,301. ELIANA DEL CARMEN CANDIA ÑANCUL,RN,0.0,False
289556,CHILE CHICO,CHILE CHICO,ESCUELA BASICA DE CHILE CHICO,2V,XK.CHILE VAMOS RENOVACION NACIONAL - INDEPENDIENTES,302. LIDIA ELENA SOTO BEROIZA,RN,2.0,True
289557,CHILE CHICO,CHILE CHICO,ESCUELA BASICA DE CHILE CHICO,2V,XK.CHILE VAMOS RENOVACION NACIONAL - INDEPENDIENTES,303. OSCAR PATRICIO VERDUGO SERON,IND,1.0,False
289558,CHILE CHICO,CHILE CHICO,ESCUELA BASICA DE CHILE CHICO,2V,XU.UNIDOS POR LA DIGNIDAD,304. ARIEL  KEIM HERMOSILLA,PDC,5.0,True
289559,CHILE CHICO,CHILE CHICO,ESCUELA BASICA DE CHILE CHICO,2V,XU.UNIDOS POR LA DIGNIDAD,305. MARIO  FIGUEROA MAYORGA,PDC,5.0,True
289560,CHILE CHICO,CHILE CHICO,ESCUELA BASICA DE CHILE CHICO,2V,XU.UNIDOS POR LA DIGNIDAD,306. ARNALDO SIFREDO CRUZ PEÑALOZA,IND,7.0,True
289561,CHILE CHICO,CHILE CHICO,ESCUELA BASICA DE CHILE CHICO,2V,XU.UNIDOS POR LA DIGNIDAD,307. PATRICIA ORLANDA GALLARDO SANCHEZ,IND,7.0,False
289562,CHILE CHICO,CHILE CHICO,ESCUELA BASICA DE CHILE CHICO,2V,XU.UNIDOS POR LA DIGNIDAD,308. JUAN JOSE HENRIQUEZ LEAL,IND,0.0,False
289563,CHILE CHICO,CHILE CHICO,ESCUELA BASICA DE CHILE CHICO,2V,XU.UNIDOS POR LA DIGNIDAD,309. GUSTAVO ALEJANDRO VEROIZA INALLADO,IND,3.0,False
289564,CHILE CHICO,CHILE CHICO,ESCUELA BASICA DE CHILE CHICO,2V,YM.CHILE VAMOS - PRI E INDEPENDIENTES,310. JORGE LUIS ROSALES VIVANCO,IND,1.0,False
289565,CHILE CHICO,CHILE CHICO,ESCUELA BASICA DE CHILE CHICO,2V,YW.UNIDAD POR EL APRUEBO PS PPD E INDEPENDIENTES,311. TERESA AGUILAR AGUILAR,PS,13.0,False
289566,CHILE CHICO,CHILE CHICO,ESCUELA BASICA DE CHILE CHICO,2V,ZG.CHILE VAMOS EVOPOLI - INDEPENDIENTES,312. LUIS ALBERTO OVANDO CARO,EVOPOLI,2.0,False
289567,CHILE CHICO,CHILE CHICO,ESCUELA BASICA DE CHILE CHICO,2V,ZG.CHILE VAMOS EVOPOLI - INDEPENDIENTES,313. GLADYS VIRGINIA PEREZ SEBIK,IND,0.0,False
289568,CHILE CHICO,CHILE CHICO,ESCUELA BASICA DE CHILE CHICO,2V,ZG.CHILE VAMOS EVOPOLI - INDEPENDIENTES,314. PATRICIO MAXIMILIANO DIAZ GUAJARDO,IND,0.0,False
289569,CHILE CHICO,CHILE CHICO,ESCUELA BASICA DE CHILE CHICO,2V,ZJ.CHILE VAMOS UDI - INDEPENDIENTES,315. CECILIA DEL CARMEN ORDOÑEZ LEMUS,UDI,2.0,False
289570,CHILE CHICO,CHILE CHICO,ESCUELA BASICA DE CHILE CHICO,2V,ZJ.CHILE VAMOS UDI - INDEPENDIENTES,316. ANGELA GENOVEVA VALDEBENITO RIVADENEIRA,UDI,3.0,True
289571,CHILE CHICO,CHILE CHICO,ESCUELA BASICA DE CHILE CHICO,2V,ZJ.CHILE VAMOS UDI - INDEPENDIENTES,317. ROBERT ALEJANDRO CONSTANZO BUSTOS,UDI,2.0,False
289572,CHILE CHICO,CHILE CHICO,ESCUELA BASICA DE CHILE CHICO,2V,ZJ.CHILE VAMOS UDI - INDEPENDIENTES,318. DAVID BALDEMAR HERNANDEZ COYOPAE,UDI,1.0,False
289573,CHILE CHICO,CHILE CHICO,ESCUELA BASICA DE CHILE CHICO,2V,ZU.RADICALES E INDEPENDIENTES,319. MARIANA DANIELA JARA AVILEZ,IND,4.0,False
289574,CHILE CHICO,CHILE CHICO,ESCUELA BASICA DE CHILE CHICO,2V,ZU.RADICALES E INDEPENDIENTES,320. IVAN ANDRES HENRIQUEZ HENRIQUEZ,IND,4.0,False
289575,CHILE CHICO,CHILE CHICO,ESCUELA BASICA DE CHILE CHICO,2V,ZU.RADICALES E INDEPENDIENTES,321. JUAN PINTO DURAN,IND,7.0,True
289576,CHILE CHICO,CHILE CHICO,ESCUELA BASICA DE CHILE CHICO,2V,CANDIDATURA INDEPENDIENTE,322. RAUL ALBERTO AUDE SEPULVEDA,IND,10.0,False
289577,CHILE CHICO,CHILE CHICO,ESCUELA BASICA DE CHILE CHICO,3V,XK.CHILE VAMOS RENOVACION NACIONAL - INDEPENDIENTES,300. VELIDES BAUDET URRUTIA CATALAN,RN,2.0,False
289578,CHILE CHICO,CHILE CHICO,ESCUELA BASICA DE CHILE CHICO,3V,XK.CHILE VAMOS RENOVACION NACIONAL - INDEPENDIENTES,301. ELIANA DEL CARMEN CANDIA ÑANCUL,RN,2.0,False
289579,CHILE CHICO,CHILE CHICO,ESCUELA BASICA DE CHILE CHICO,3V,XK.CHILE VAMOS RENOVACION NACIONAL - INDEPENDIENTES,302. LIDIA ELENA SOTO BEROIZA,RN,2.0,True
289580,CHILE CHICO,CHILE CHICO,ESCUELA BASICA DE CHILE CHICO,3V,XK.CHILE VAMOS RENOVACION NACIONAL - INDEPENDIENTES,303. OSCAR PATRICIO VERDUGO SERON,IND,1.0,False
289581,CHILE CHICO,CHILE CHICO,ESCUELA BASICA DE CHILE CHICO,3V,XU.UNIDOS POR LA DIGNIDAD,304. ARIEL  KEIM HERMOSILLA,PDC,11.0,True
289582,CHILE CHICO,CHILE CHICO,ESCUELA BASICA DE CHILE CHICO,3V,XU.UNIDOS POR LA DIGNIDAD,305. MARIO  FIGUEROA MAYORGA,PDC,3.0,True
289583,CHILE CHICO,CHILE CHICO,ESCUELA BASICA DE CHILE CHICO,3V,XU.UNIDOS POR LA DIGNIDAD,306. ARNALDO SIFREDO CRUZ PEÑALOZA,IND,7.0,True
289584,CHILE CHICO,CHILE CHICO,ESCUELA BASICA DE CHILE CHICO,3V,XU.UNIDOS POR LA DIGNIDAD,307. PATRICIA ORLANDA GALLARDO SANCHEZ,IND,6.0,False
289585,CHILE CHICO,CHILE CHICO,ESCUELA BASICA DE CHILE CHICO,3V,XU.UNIDOS POR LA DIGNIDAD,308. JUAN JOSE HENRIQUEZ LEAL,IND,1.0,False
289586,CHILE CHICO,CHILE CHICO,ESCUELA BASICA DE CHILE CHICO,3V,XU.UNIDOS POR LA DIGNIDAD,309. GUSTAVO ALEJANDRO VEROIZA INALLADO,IND,4.0,False
289587,CHILE CHICO,CHILE CHICO,ESCUELA BASICA DE CHILE CHICO,3V,YM.CHILE VAMOS - PRI E INDEPENDIENTES,310. JORGE LUIS ROSALES VIVANCO,IND,0.0,False
289588,CHILE CHICO,CHILE CHICO,ESCUELA BASICA DE CHILE CHICO,3V,YW.UNIDAD POR EL APRUEBO PS PPD E INDEPENDIENTES,311. TERESA AGUILAR AGUILAR,PS,10.0,False
289589,CHILE CHICO,CHILE CHICO,ESCUELA BASICA DE CHILE CHICO,3V,ZG.CHILE VAMOS EVOPOLI - INDEPENDIENTES,312. LUIS ALBERTO OVANDO CARO,EVOPOLI,1.0,False
289590,CHILE CHICO,CHILE CHICO,ESCUELA BASICA DE CHILE CHICO,3V,ZG.CHILE VAMOS EVOPOLI - INDEPENDIENTES,313. GLADYS VIRGINIA PEREZ SEBIK,IND,0.0,False
289591,CHILE CHICO,CHILE CHICO,ESCUELA BASICA DE CHILE CHICO,3V,ZG.CHILE VAMOS EVOPOLI - INDEPENDIENTES,314. PATRICIO MAXIMILIANO DIAZ GUAJARDO,IND,0.0,False
289592,CHILE CHICO,CHILE CHICO,ESCUELA BASICA DE CHILE CHICO,3V,ZJ.CHILE VAMOS UDI - INDEPENDIENTES,315. CECILIA DEL CARMEN ORDOÑEZ LEMUS,UDI,1.0,False
289593,CHILE CHICO,CHILE CHICO,ESCUELA BASICA DE CHILE CHICO,3V,ZJ.CHILE VAMOS UDI - INDEPENDIENTES,316. ANGELA GENOVEVA VALDEBENITO RIVADENEIRA,UDI,4.0,True
289594,CHILE CHICO,CHILE CHICO,ESCUELA BASICA DE CHILE CHICO,3V,ZJ.CHILE VAMOS UDI - INDEPENDIENTES,317. ROBERT ALEJANDRO CONSTANZO BUSTOS,UDI,0.0,False
289595,CHILE CHICO,CHILE CHICO,ESCUELA BASICA DE CHILE CHICO,3V,ZJ.CHILE VAMOS UDI - INDEPENDIENTES,318. DAVID BALDEMAR HERNANDEZ COYOPAE,UDI,2.0,False
289596,CHILE CHICO,CHILE CHICO,ESCUELA BASICA DE CHILE CHICO,3V,ZU.RADICALES E INDEPENDIENTES,319. MARIANA DANIELA JARA AVILEZ,IND,5.0,False
289597,CHILE CHICO,CHILE CHICO,ESCUELA BASICA DE CHILE CHICO,3V,ZU.RADICALES E INDEPENDIENTES,320. IVAN ANDRES HENRIQUEZ HENRIQUEZ,IND,0.0,False
289598,CHILE CHICO,CHILE CHICO,ESCUELA BASICA DE CHILE CHICO,3V,ZU.RADICALES E INDEPENDIENTES,321. JUAN PINTO DURAN,IND,17.0,True
289599,CHILE CHICO,CHILE CHICO,ESCUELA BASICA DE CHILE CHICO,3V,CANDIDATURA INDEPENDIENTE,322. RAUL ALBERTO AUDE SEPULVEDA,IND,7.0,False
289600,CHILE CHICO,CHILE CHICO,ESCUELA BASICA DE CHILE CHICO,4V,XK.CHILE VAMOS RENOVACION NACIONAL - INDEPENDIENTES,300. VELIDES BAUDET URRUTIA CATALAN,RN,1.0,False
289601,CHILE CHICO,CHILE CHICO,ESCUELA BASICA DE CHILE CHICO,4V,XK.CHILE VAMOS RENOVACION NACIONAL - INDEPENDIENTES,301. ELIANA DEL CARMEN CANDIA ÑANCUL,RN,0.0,False
289602,CHILE CHICO,CHILE CHICO,ESCUELA BASICA DE CHILE CHICO,4V,XK.CHILE VAMOS RENOVACION NACIONAL - INDEPENDIENTES,302. LIDIA ELENA SOTO BEROIZA,RN,3.0,True
289603,CHILE CHICO,CHILE CHICO,ESCUELA BASICA DE CHILE CHICO,4V,XK.CHILE VAMOS RENOVACION NACIONAL - INDEPENDIENTES,303. OSCAR PATRICIO VERDUGO SERON,IND,4.0,False
289604,CHILE CHICO,CHILE CHICO,ESCUELA BASICA DE CHILE CHICO,4V,XU.UNIDOS POR LA DIGNIDAD,304. ARIEL  KEIM HERMOSILLA,PDC,17.0,True
289605,CHILE CHICO,CHILE CHICO,ESCUELA BASICA DE CHILE CHICO,4V,XU.UNIDOS POR LA DIGNIDAD,305. MARIO  FIGUEROA MAYORGA,PDC,6.0,True
289606,CHILE CHICO,CHILE CHICO,ESCUELA BASICA DE CHILE CHICO,4V,XU.UNIDOS POR LA DIGNIDAD,306. ARNALDO SIFREDO CRUZ PEÑALOZA,IND,9.0,True
289607,CHILE CHICO,CHILE CHICO,ESCUELA BASICA DE CHILE CHICO,4V,XU.UNIDOS POR LA DIGNIDAD,307. PATRICIA ORLANDA GALLARDO SANCHEZ,IND,3.0,False
289608,CHILE CHICO,CHILE CHICO,ESCUELA BASICA DE CHILE CHICO,4V,XU.UNIDOS POR LA DIGNIDAD,308. JUAN JOSE HENRIQUEZ LEAL,IND,1.0,False
289609,CHILE CHICO,CHILE CHICO,ESCUELA BASICA DE CHILE CHICO,4V,XU.UNIDOS POR LA DIGNIDAD,309. GUSTAVO ALEJANDRO VEROIZA INALLADO,IND,7.0,False
289610,CHILE CHICO,CHILE CHICO,ESCUELA BASICA DE CHILE CHICO,4V,YM.CHILE VAMOS - PRI E INDEPENDIENTES,310. JORGE LUIS ROSALES VIVANCO,IND,0.0,False
289611,CHILE CHICO,CHILE CHICO,ESCUELA BASICA DE CHILE CHICO,4V,YW.UNIDAD POR EL APRUEBO PS PPD E INDEPENDIENTES,311. TERESA AGUILAR AGUILAR,PS,13.0,False
289612,CHILE CHICO,CHILE CHICO,ESCUELA BASICA DE CHILE CHICO,4V,ZG.CHILE VAMOS EVOPOLI - INDEPENDIENTES,312. LUIS ALBERTO OVANDO CARO,EVOPOLI,3.0,False
289613,CHILE CHICO,CHILE CHICO,ESCUELA BASICA DE CHILE CHICO,4V,ZG.CHILE VAMOS EVOPOLI - INDEPENDIENTES,313. GLADYS VIRGINIA PEREZ SEBIK,IND,0.0,False
289614,CHILE CHICO,CHILE CHICO,ESCUELA BASICA DE CHILE CHICO,4V,ZG.CHILE VAMOS EVOPOLI - INDEPENDIENTES,314. PATRICIO MAXIMILIANO DIAZ GUAJARDO,IND,0.0,False
289615,CHILE CHICO,CHILE CHICO,ESCUELA BASICA DE CHILE CHICO,4V,ZJ.CHILE VAMOS UDI - INDEPENDIENTES,315. CECILIA DEL CARMEN ORDOÑEZ LEMUS,UDI,1.0,False
289616,CHILE CHICO,CHILE CHICO,ESCUELA BASICA DE CHILE CHICO,4V,ZJ.CHILE VAMOS UDI - INDEPENDIENTES,316. ANGELA GENOVEVA VALDEBENITO RIVADENEIRA,UDI,8.0,True
289617,CHILE CHICO,CHILE CHICO,ESCUELA BASICA DE CHILE CHICO,4V,ZJ.CHILE VAMOS UDI - INDEPENDIENTES,317. ROBERT ALEJANDRO CONSTANZO BUSTOS,UDI,1.0,False
289618,CHILE CHICO,CHILE CHICO,ESCUELA BASICA DE CHILE CHICO,4V,ZJ.CHILE VAMOS UDI - INDEPENDIENTES,318. DAVID BALDEMAR HERNANDEZ COYOPAE,UDI,2.0,False
289619,CHILE CHICO,CHILE CHICO,ESCUELA BASICA DE CHILE CHICO,4V,ZU.RADICALES E INDEPENDIENTES,319. MARIANA DANIELA JARA AVILEZ,IND,3.0,False
289620,CHILE CHICO,CHILE CHICO,ESCUELA BASICA DE CHILE CHICO,4V,ZU.RADICALES E INDEPENDIENTES,320. IVAN ANDRES HENRIQUEZ HENRIQUEZ,IND,0.0,False
289621,CHILE CHICO,CHILE CHICO,ESCUELA BASICA DE CHILE CHICO,4V,ZU.RADICALES E INDEPENDIENTES,321. JUAN PINTO DURAN,IND,17.0,True
289622,CHILE CHICO,CHILE CHICO,ESCUELA BASICA DE CHILE CHICO,4V,CANDIDATURA INDEPENDIENTE,322. RAUL ALBERTO AUDE SEPULVEDA,IND,13.0,False
289623,CHILE CHICO,CHILE CHICO,ESCUELA BASICA DE CHILE CHICO,5V,XK.CHILE VAMOS RENOVACION NACIONAL - INDEPENDIENTES,300. VELIDES BAUDET URRUTIA CATALAN,RN,3.0,False
289624,CHILE CHICO,CHILE CHICO,ESCUELA BASICA DE CHILE CHICO,5V,XK.CHILE VAMOS RENOVACION NACIONAL - INDEPENDIENTES,301. ELIANA DEL CARMEN CANDIA ÑANCUL,RN,1.0,False
289625,CHILE CHICO,CHILE CHICO,ESCUELA BASICA DE CHILE CHICO,5V,XK.CHILE VAMOS RENOVACION NACIONAL - INDEPENDIENTES,302. LIDIA ELENA SOTO BEROIZA,RN,3.0,True
289626,CHILE CHICO,CHILE CHICO,ESCUELA BASICA DE CHILE CHICO,5V,XK.CHILE VAMOS RENOVACION NACIONAL - INDEPENDIENTES,303. OSCAR PATRICIO VERDUGO SERON,IND,0.0,False
289627,CHILE CHICO,CHILE CHICO,ESCUELA BASICA DE CHILE CHICO,5V,XU.UNIDOS POR LA DIGNIDAD,304. ARIEL  KEIM HERMOSILLA,PDC,28.0,True
289628,CHILE CHICO,CHILE CHICO,ESCUELA BASICA DE CHILE CHICO,5V,XU.UNIDOS POR LA DIGNIDAD,305. MARIO  FIGUEROA MAYORGA,PDC,11.0,True
289629,CHILE CHICO,CHILE CHICO,ESCUELA BASICA DE CHILE CHICO,5V,XU.UNIDOS POR LA DIGNIDAD,306. ARNALDO SIFREDO CRUZ PEÑALOZA,IND,11.0,True
289630,CHILE CHICO,CHILE CHICO,ESCUELA BASICA DE CHILE CHICO,5V,XU.UNIDOS POR LA DIGNIDAD,307. PATRICIA ORLANDA GALLARDO SANCHEZ,IND,8.0,False
289631,CHILE CHICO,CHILE CHICO,ESCUELA BASICA DE CHILE CHICO,5V,XU.UNIDOS POR LA DIGNIDAD,308. JUAN JOSE HENRIQUEZ LEAL,IND,1.0,False
289632,CHILE CHICO,CHILE CHICO,ESCUELA BASICA DE CHILE CHICO,5V,XU.UNIDOS POR LA DIGNIDAD,309. GUSTAVO ALEJANDRO VEROIZA INALLADO,IND,6.0,False
289633,CHILE CHICO,CHILE CHICO,ESCUELA BASICA DE CHILE CHICO,5V,YM.CHILE VAMOS - PRI E INDEPENDIENTES,310. JORGE LUIS ROSALES VIVANCO,IND,0.0,False
289634,CHILE CHICO,CHILE CHICO,ESCUELA BASICA DE CHILE CHICO,5V,YW.UNIDAD POR EL APRUEBO PS PPD E INDEPENDIENTES,311. TERESA AGUILAR AGUILAR,PS,22.0,False
289635,CHILE CHICO,CHILE CHICO,ESCUELA BASICA DE CHILE CHICO,5V,ZG.CHILE VAMOS EVOPOLI - INDEPENDIENTES,312. LUIS ALBERTO OVANDO CARO,EVOPOLI,5.0,False
289636,CHILE CHICO,CHILE CHICO,ESCUELA BASICA DE CHILE CHICO,5V,ZG.CHILE VAMOS EVOPOLI - INDEPENDIENTES,313. GLADYS VIRGINIA PEREZ SEBIK,IND,0.0,False
289637,CHILE CHICO,CHILE CHICO,ESCUELA BASICA DE CHILE CHICO,5V,ZG.CHILE VAMOS EVOPOLI - INDEPENDIENTES,314. PATRICIO MAXIMILIANO DIAZ GUAJARDO,IND,0.0,False
289638,CHILE CHICO,CHILE CHICO,ESCUELA BASICA DE CHILE CHICO,5V,ZJ.CHILE VAMOS UDI - INDEPENDIENTES,315. CECILIA DEL CARMEN ORDOÑEZ LEMUS,UDI,2.0,False
289639,CHILE CHICO,CHILE CHICO,ESCUELA BASICA DE CHILE CHICO,5V,ZJ.CHILE VAMOS UDI - INDEPENDIENTES,316. ANGELA GENOVEVA VALDEBENITO RIVADENEIRA,UDI,10.0,True
289640,CHILE CHICO,CHILE CHICO,ESCUELA BASICA DE CHILE CHICO,5V,ZJ.CHILE VAMOS UDI - INDEPENDIENTES,317. ROBERT ALEJANDRO CONSTANZO BUSTOS,UDI,0.0,False
289641,CHILE CHICO,CHILE CHICO,ESCUELA BASICA DE CHILE CHICO,5V,ZJ.CHILE VAMOS UDI - INDEPENDIENTES,318. DAVID BALDEMAR HERNANDEZ COYOPAE,UDI,3.0,False
289642,CHILE CHICO,CHILE CHICO,ESCUELA BASICA DE CHILE CHICO,5V,ZU.RADICALES E INDEPENDIENTES,319. MARIANA DANIELA JARA AVILEZ,IND,7.0,False
289643,CHILE CHICO,CHILE CHICO,ESCUELA BASICA DE CHILE CHICO,5V,ZU.RADICALES E INDEPENDIENTES,320. IVAN ANDRES HENRIQUEZ HENRIQUEZ,IND,2.0,False
289644,CHILE CHICO,CHILE CHICO,ESCUELA BASICA DE CHILE CHICO,5V,ZU.RADICALES E INDEPENDIENTES,321. JUAN PINTO DURAN,IND,19.0,True
289645,CHILE CHICO,CHILE CHICO,ESCUELA BASICA DE CHILE CHICO,5V,CANDIDATURA INDEPENDIENTE,322. RAUL ALBERTO AUDE SEPULVEDA,IND,16.0,False
289646,CHILE CHICO,CHILE CHICO,ESCUELA BASICA DE CHILE CHICO,6V,XK.CHILE VAMOS RENOVACION NACIONAL - INDEPENDIENTES,300. VELIDES BAUDET URRUTIA CATALAN,RN,2.0,False
289647,CHILE CHICO,CHILE CHICO,ESCUELA BASICA DE CHILE CHICO,6V,XK.CHILE VAMOS RENOVACION NACIONAL - INDEPENDIENTES,301. ELIANA DEL CARMEN CANDIA ÑANCUL,RN,3.0,False
289648,CHILE CHICO,CHILE CHICO,ESCUELA BASICA DE CHILE CHICO,6V,XK.CHILE VAMOS RENOVACION NACIONAL - INDEPENDIENTES,302. LIDIA ELENA SOTO BEROIZA,RN,5.0,True
289649,CHILE CHICO,CHILE CHICO,ESCUELA BASICA DE CHILE CHICO,6V,XK.CHILE VAMOS RENOVACION NACIONAL - INDEPENDIENTES,303. OSCAR PATRICIO VERDUGO SERON,IND,2.0,False
289650,CHILE CHICO,CHILE CHICO,ESCUELA BASICA DE CHILE CHICO,6V,XU.UNIDOS POR LA DIGNIDAD,304. ARIEL  KEIM HERMOSILLA,PDC,29.0,True
289651,CHILE CHICO,CHILE CHICO,ESCUELA BASICA DE CHILE CHICO,6V,XU.UNIDOS POR LA DIGNIDAD,305. MARIO  FIGUEROA MAYORGA,PDC,8.0,True
289652,CHILE CHICO,CHILE CHICO,ESCUELA BASICA DE CHILE CHICO,6V,XU.UNIDOS POR LA DIGNIDAD,306. ARNALDO SIFREDO CRUZ PEÑALOZA,IND,4.0,True
289653,CHILE CHICO,CHILE CHICO,ESCUELA BASICA DE CHILE CHICO,6V,XU.UNIDOS POR LA DIGNIDAD,307. PATRICIA ORLANDA GALLARDO SANCHEZ,IND,11.0,False
289654,CHILE CHICO,CHILE CHICO,ESCUELA BASICA DE CHILE CHICO,6V,XU.UNIDOS POR LA DIGNIDAD,308. JUAN JOSE HENRIQUEZ LEAL,IND,3.0,False
289655,CHILE CHICO,CHILE CHICO,ESCUELA BASICA DE CHILE CHICO,6V,XU.UNIDOS POR LA DIGNIDAD,309. GUSTAVO ALEJANDRO VEROIZA INALLADO,IND,4.0,False
289656,CHILE CHICO,CHILE CHICO,ESCUELA BASICA DE CHILE CHICO,6V,YM.CHILE VAMOS - PRI E INDEPENDIENTES,310. JORGE LUIS ROSALES VIVANCO,IND,0.0,False
289657,CHILE CHICO,CHILE CHICO,ESCUELA BASICA DE CHILE CHICO,6V,YW.UNIDAD POR EL APRUEBO PS PPD E INDEPENDIENTES,311. TERESA AGUILAR AGUILAR,PS,12.0,False
289658,CHILE CHICO,CHILE CHICO,ESCUELA BASICA DE CHILE CHICO,6V,ZG.CHILE VAMOS EVOPOLI - INDEPENDIENTES,312. LUIS ALBERTO OVANDO CARO,EVOPOLI,4.0,False
289659,CHILE CHICO,CHILE CHICO,ESCUELA BASICA DE CHILE CHICO,6V,ZG.CHILE VAMOS EVOPOLI - INDEPENDIENTES,313. GLADYS VIRGINIA PEREZ SEBIK,IND,0.0,False
289660,CHILE CHICO,CHILE CHICO,ESCUELA BASICA DE CHILE CHICO,6V,ZG.CHILE VAMOS EVOPOLI - INDEPENDIENTES,314. PATRICIO MAXIMILIANO DIAZ GUAJARDO,IND,3.0,False
289661,CHILE CHICO,CHILE CHICO,ESCUELA BASICA DE CHILE CHICO,6V,ZJ.CHILE VAMOS UDI - INDEPENDIENTES,315. CECILIA DEL CARMEN ORDOÑEZ LEMUS,UDI,5.0,False
289662,CHILE CHICO,CHILE CHICO,ESCUELA BASICA DE CHILE CHICO,6V,ZJ.CHILE VAMOS UDI - INDEPENDIENTES,316. ANGELA GENOVEVA VALDEBENITO RIVADENEIRA,UDI,6.0,True
289663,CHILE CHICO,CHILE CHICO,ESCUELA BASICA DE CHILE CHICO,6V,ZJ.CHILE VAMOS UDI - INDEPENDIENTES,317. ROBERT ALEJANDRO CONSTANZO BUSTOS,UDI,3.0,False
289664,CHILE CHICO,CHILE CHICO,ESCUELA BASICA DE CHILE CHICO,6V,ZJ.CHILE VAMOS UDI - INDEPENDIENTES,318. DAVID BALDEMAR HERNANDEZ COYOPAE,UDI,5.0,False
289665,CHILE CHICO,CHILE CHICO,ESCUELA BASICA DE CHILE CHICO,6V,ZU.RADICALES E INDEPENDIENTES,319. MARIANA DANIELA JARA AVILEZ,IND,2.0,False
289666,CHILE CHICO,CHILE CHICO,ESCUELA BASICA DE CHILE CHICO,6V,ZU.RADICALES E INDEPENDIENTES,320. IVAN ANDRES HENRIQUEZ HENRIQUEZ,IND,1.0,False
289667,CHILE CHICO,CHILE CHICO,ESCUELA BASICA DE CHILE CHICO,6V,ZU.RADICALES E INDEPENDIENTES,321. JUAN PINTO DURAN,IND,24.0,True
289668,CHILE CHICO,CHILE CHICO,ESCUELA BASICA DE CHILE CHICO,6V,CANDIDATURA INDEPENDIENTE,322. RAUL ALBERTO AUDE SEPULVEDA,IND,24.0,False
289669,CHILE CHICO,CHILE CHICO,ESCUELA BASICA DE CHILE CHICO,7V,XK.CHILE VAMOS RENOVACION NACIONAL - INDEPENDIENTES,300. VELIDES BAUDET URRUTIA CATALAN,RN,3.0,False
289670,CHILE CHICO,CHILE CHICO,ESCUELA BASICA DE CHILE CHICO,7V,XK.CHILE VAMOS RENOVACION NACIONAL - INDEPENDIENTES,301. ELIANA DEL CARMEN CANDIA ÑANCUL,RN,0.0,False
289671,CHILE CHICO,CHILE CHICO,ESCUELA BASICA DE CHILE CHICO,7V,XK.CHILE VAMOS RENOVACION NACIONAL - INDEPENDIENTES,302. LIDIA ELENA SOTO BEROIZA,RN,8.0,True
289672,CHILE CHICO,CHILE CHICO,ESCUELA BASICA DE CHILE CHICO,7V,XK.CHILE VAMOS RENOVACION NACIONAL - INDEPENDIENTES,303. OSCAR PATRICIO VERDUGO SERON,IND,2.0,False
289673,CHILE CHICO,CHILE CHICO,ESCUELA BASICA DE CHILE CHICO,7V,XU.UNIDOS POR LA DIGNIDAD,304. ARIEL  KEIM HERMOSILLA,PDC,27.0,True
289674,CHILE CHICO,CHILE CHICO,ESCUELA BASICA DE CHILE CHICO,7V,XU.UNIDOS POR LA DIGNIDAD,305. MARIO  FIGUEROA MAYORGA,PDC,7.0,True
289675,CHILE CHICO,CHILE CHICO,ESCUELA BASICA DE CHILE CHICO,7V,XU.UNIDOS POR LA DIGNIDAD,306. ARNALDO SIFREDO CRUZ PEÑALOZA,IND,5.0,True
289676,CHILE CHICO,CHILE CHICO,ESCUELA BASICA DE CHILE CHICO,7V,XU.UNIDOS POR LA DIGNIDAD,307. PATRICIA ORLANDA GALLARDO SANCHEZ,IND,7.0,False
289677,CHILE CHICO,CHILE CHICO,ESCUELA BASICA DE CHILE CHICO,7V,XU.UNIDOS POR LA DIGNIDAD,308. JUAN JOSE HENRIQUEZ LEAL,IND,2.0,False
289678,CHILE CHICO,CHILE CHICO,ESCUELA BASICA DE CHILE CHICO,7V,XU.UNIDOS POR LA DIGNIDAD,309. GUSTAVO ALEJANDRO VEROIZA INALLADO,IND,12.0,False
289679,CHILE CHICO,CHILE CHICO,ESCUELA BASICA DE CHILE CHICO,7V,YM.CHILE VAMOS - PRI E INDEPENDIENTES,310. JORGE LUIS ROSALES VIVANCO,IND,0.0,False
289680,CHILE CHICO,CHILE CHICO,ESCUELA BASICA DE CHILE CHICO,7V,YW.UNIDAD POR EL APRUEBO PS PPD E INDEPENDIENTES,311. TERESA AGUILAR AGUILAR,PS,9.0,False
289681,CHILE CHICO,CHILE CHICO,ESCUELA BASICA DE CHILE CHICO,7V,ZG.CHILE VAMOS EVOPOLI - INDEPENDIENTES,312. LUIS ALBERTO OVANDO CARO,EVOPOLI,2.0,False
289682,CHILE CHICO,CHILE CHICO,ESCUELA BASICA DE CHILE CHICO,7V,ZG.CHILE VAMOS EVOPOLI - INDEPENDIENTES,313. GLADYS VIRGINIA PEREZ SEBIK,IND,0.0,False
289683,CHILE CHICO,CHILE CHICO,ESCUELA BASICA DE CHILE CHICO,7V,ZG.CHILE VAMOS EVOPOLI - INDEPENDIENTES,314. PATRICIO MAXIMILIANO DIAZ GUAJARDO,IND,,False
289684,CHILE CHICO,CHILE CHICO,ESCUELA BASICA DE CHILE CHICO,7V,ZJ.CHILE VAMOS UDI - INDEPENDIENTES,315. CECILIA DEL CARMEN ORDOÑEZ LEMUS,UDI,7.0,False
289685,CHILE CHICO,CHILE CHICO,ESCUELA BASICA DE CHILE CHICO,7V,ZJ.CHILE VAMOS UDI - INDEPENDIENTES,316. ANGELA GENOVEVA VALDEBENITO RIVADENEIRA,UDI,5.0,True
289686,CHILE CHICO,CHILE CHICO,ESCUELA BASICA DE CHILE CHICO,7V,ZJ.CHILE VAMOS UDI - INDEPENDIENTES,317. ROBERT ALEJANDRO CONSTANZO BUSTOS,UDI,1.0,False
289687,CHILE CHICO,CHILE CHICO,ESCUELA BASICA DE CHILE CHICO,7V,ZJ.CHILE VAMOS UDI - INDEPENDIENTES,318. DAVID BALDEMAR HERNANDEZ COYOPAE,UDI,5.0,False
289688,CHILE CHICO,CHILE CHICO,ESCUELA BASICA DE CHILE CHICO,7V,ZU.RADICALES E INDEPENDIENTES,319. MARIANA DANIELA JARA AVILEZ,IND,5.0,False
289689,CHILE CHICO,CHILE CHICO,ESCUELA BASICA DE CHILE CHICO,7V,ZU.RADICALES E INDEPENDIENTES,320. IVAN ANDRES HENRIQUEZ HENRIQUEZ,IND,5.0,False
289690,CHILE CHICO,CHILE CHICO,ESCUELA BASICA DE CHILE CHICO,7V,ZU.RADICALES E INDEPENDIENTES,321. JUAN PINTO DURAN,IND,10.0,True
289691,CHILE CHICO,CHILE CHICO,ESCUELA BASICA DE CHILE CHICO,7V,CANDIDATURA INDEPENDIENTE,322. RAUL ALBERTO AUDE SEPULVEDA,IND,18.0,False
289692,CHILE CHICO,CHILE CHICO,ESCUELA BASICA DE CHILE CHICO,8V,XK.CHILE VAMOS RENOVACION NACIONAL - INDEPENDIENTES,300. VELIDES BAUDET URRUTIA CATALAN,RN,4.0,False
289693,CHILE CHICO,CHILE CHICO,ESCUELA BASICA DE CHILE CHICO,8V,XK.CHILE VAMOS RENOVACION NACIONAL - INDEPENDIENTES,301. ELIANA DEL CARMEN CANDIA ÑANCUL,RN,4.0,False
289694,CHILE CHICO,CHILE CHICO,ESCUELA BASICA DE CHILE CHICO,8V,XK.CHILE VAMOS RENOVACION NACIONAL - INDEPENDIENTES,302. LIDIA ELENA SOTO BEROIZA,RN,6.0,True
289695,CHILE CHICO,CHILE CHICO,ESCUELA BASICA DE CHILE CHICO,8V,XK.CHILE VAMOS RENOVACION NACIONAL - INDEPENDIENTES,303. OSCAR PATRICIO VERDUGO SERON,IND,4.0,False
289696,CHILE CHICO,CHILE CHICO,ESCUELA BASICA DE CHILE CHICO,8V,XU.UNIDOS POR LA DIGNIDAD,304. ARIEL  KEIM HERMOSILLA,PDC,33.0,True
289697,CHILE CHICO,CHILE CHICO,ESCUELA BASICA DE CHILE CHICO,8V,XU.UNIDOS POR LA DIGNIDAD,305. MARIO  FIGUEROA MAYORGA,PDC,4.0,True
289698,CHILE CHICO,CHILE CHICO,ESCUELA BASICA DE CHILE CHICO,8V,XU.UNIDOS POR LA DIGNIDAD,306. ARNALDO SIFREDO CRUZ PEÑALOZA,IND,8.0,True
289699,CHILE CHICO,CHILE CHICO,ESCUELA BASICA DE CHILE CHICO,8V,XU.UNIDOS POR LA DIGNIDAD,307. PATRICIA ORLANDA GALLARDO SANCHEZ,IND,11.0,False
289700,CHILE CHICO,CHILE CHICO,ESCUELA BASICA DE CHILE CHICO,8V,XU.UNIDOS POR LA DIGNIDAD,308. JUAN JOSE HENRIQUEZ LEAL,IND,1.0,False
289701,CHILE CHICO,CHILE CHICO,ESCUELA BASICA DE CHILE CHICO,8V,XU.UNIDOS POR LA DIGNIDAD,309. GUSTAVO ALEJANDRO VEROIZA INALLADO,IND,10.0,False
289702,CHILE CHICO,CHILE CHICO,ESCUELA BASICA DE CHILE CHICO,8V,YM.CHILE VAMOS - PRI E INDEPENDIENTES,310. JORGE LUIS ROSALES VIVANCO,IND,1.0,False
289703,CHILE CHICO,CHILE CHICO,ESCUELA BASICA DE CHILE CHICO,8V,YW.UNIDAD POR EL APRUEBO PS PPD E INDEPENDIENTES,311. TERESA AGUILAR AGUILAR,PS,10.0,False
289704,CHILE CHICO,CHILE CHICO,ESCUELA BASICA DE CHILE CHICO,8V,ZG.CHILE VAMOS EVOPOLI - INDEPENDIENTES,312. LUIS ALBERTO OVANDO CARO,EVOPOLI,3.0,False
289705,CHILE CHICO,CHILE CHICO,ESCUELA BASICA DE CHILE CHICO,8V,ZG.CHILE VAMOS EVOPOLI - INDEPENDIENTES,313. GLADYS VIRGINIA PEREZ SEBIK,IND,0.0,False
289706,CHILE CHICO,CHILE CHICO,ESCUELA BASICA DE CHILE CHICO,8V,ZG.CHILE VAMOS EVOPOLI - INDEPENDIENTES,314. PATRICIO MAXIMILIANO DIAZ GUAJARDO,IND,1.0,False
289707,CHILE CHICO,CHILE CHICO,ESCUELA BASICA DE CHILE CHICO,8V,ZJ.CHILE VAMOS UDI - INDEPENDIENTES,315. CECILIA DEL CARMEN ORDOÑEZ LEMUS,UDI,1.0,False
289708,CHILE CHICO,CHILE CHICO,ESCUELA BASICA DE CHILE CHICO,8V,ZJ.CHILE VAMOS UDI - INDEPENDIENTES,316. ANGELA GENOVEVA VALDEBENITO RIVADENEIRA,UDI,7.0,True
289709,CHILE CHICO,CHILE CHICO,ESCUELA BASICA DE CHILE CHICO,8V,ZJ.CHILE VAMOS UDI - INDEPENDIENTES,317. ROBERT ALEJANDRO CONSTANZO BUSTOS,UDI,4.0,False
289710,CHILE CHICO,CHILE CHICO,ESCUELA BASICA DE CHILE CHICO,8V,ZJ.CHILE VAMOS UDI - INDEPENDIENTES,318. DAVID BALDEMAR HERNANDEZ COYOPAE,UDI,8.0,False
289711,CHILE CHICO,CHILE CHICO,ESCUELA BASICA DE CHILE CHICO,8V,ZU.RADICALES E INDEPENDIENTES,319. MARIANA DANIELA JARA AVILEZ,IND,7.0,False
289712,CHILE CHICO,CHILE CHICO,ESCUELA BASICA DE CHILE CHICO,8V,ZU.RADICALES E INDEPENDIENTES,320. IVAN ANDRES HENRIQUEZ HENRIQUEZ,IND,1.0,False
289713,CHILE CHICO,CHILE CHICO,ESCUELA BASICA DE CHILE CHICO,8V,ZU.RADICALES E INDEPENDIENTES,321. JUAN PINTO DURAN,IND,11.0,True
289714,CHILE CHICO,CHILE CHICO,ESCUELA BASICA DE CHILE CHICO,8V,CANDIDATURA INDEPENDIENTE,322. RAUL ALBERTO AUDE SEPULVEDA,IND,12.0,False
289715,CHILE CHICO,CHILE CHICO,ESCUELA BASICA DE CHILE CHICO,9V,XK.CHILE VAMOS RENOVACION NACIONAL - INDEPENDIENTES,300. VELIDES BAUDET URRUTIA CATALAN,RN,4.0,False
289716,CHILE CHICO,CHILE CHICO,ESCUELA BASICA DE CHILE CHICO,9V,XK.CHILE VAMOS RENOVACION NACIONAL - INDEPENDIENTES,301. ELIANA DEL CARMEN CANDIA ÑANCUL,RN,1.0,False
289717,CHILE CHICO,CHILE CHICO,ESCUELA BASICA DE CHILE CHICO,9V,XK.CHILE VAMOS RENOVACION NACIONAL - INDEPENDIENTES,302. LIDIA ELENA SOTO BEROIZA,RN,6.0,True
289718,CHILE CHICO,CHILE CHICO,ESCUELA BASICA DE CHILE CHICO,9V,XK.CHILE VAMOS RENOVACION NACIONAL - INDEPENDIENTES,303. OSCAR PATRICIO VERDUGO SERON,IND,,False
289719,CHILE CHICO,CHILE CHICO,ESCUELA BASICA DE CHILE CHICO,9V,XU.UNIDOS POR LA DIGNIDAD,304. ARIEL  KEIM HERMOSILLA,PDC,23.0,True
289720,CHILE CHICO,CHILE CHICO,ESCUELA BASICA DE CHILE CHICO,9V,XU.UNIDOS POR LA DIGNIDAD,305. MARIO  FIGUEROA MAYORGA,PDC,8.0,True
289721,CHILE CHICO,CHILE CHICO,ESCUELA BASICA DE CHILE CHICO,9V,XU.UNIDOS POR LA DIGNIDAD,306. ARNALDO SIFREDO CRUZ PEÑALOZA,IND,5.0,True
289722,CHILE CHICO,CHILE CHICO,ESCUELA BASICA DE CHILE CHICO,9V,XU.UNIDOS POR LA DIGNIDAD,307. PATRICIA ORLANDA GALLARDO SANCHEZ,IND,3.0,False
289723,CHILE CHICO,CHILE CHICO,ESCUELA BASICA DE CHILE CHICO,9V,XU.UNIDOS POR LA DIGNIDAD,308. JUAN JOSE HENRIQUEZ LEAL,IND,,False
289724,CHILE CHICO,CHILE CHICO,ESCUELA BASICA DE CHILE CHICO,9V,XU.UNIDOS POR LA DIGNIDAD,309. GUSTAVO ALEJANDRO VEROIZA INALLADO,IND,7.0,False
289725,CHILE CHICO,CHILE CHICO,ESCUELA BASICA DE CHILE CHICO,9V,YM.CHILE VAMOS - PRI E INDEPENDIENTES,310. JORGE LUIS ROSALES VIVANCO,IND,,False
289726,CHILE CHICO,CHILE CHICO,ESCUELA BASICA DE CHILE CHICO,9V,YW.UNIDAD POR EL APRUEBO PS PPD E INDEPENDIENTES,311. TERESA AGUILAR AGUILAR,PS,12.0,False
289727,CHILE CHICO,CHILE CHICO,ESCUELA BASICA DE CHILE CHICO,9V,ZG.CHILE VAMOS EVOPOLI - INDEPENDIENTES,312. LUIS ALBERTO OVANDO CARO,EVOPOLI,4.0,False
289728,CHILE CHICO,CHILE CHICO,ESCUELA BASICA DE CHILE CHICO,9V,ZG.CHILE VAMOS EVOPOLI - INDEPENDIENTES,313. GLADYS VIRGINIA PEREZ SEBIK,IND,,False
289729,CHILE CHICO,CHILE CHICO,ESCUELA BASICA DE CHILE CHICO,9V,ZG.CHILE VAMOS EVOPOLI - INDEPENDIENTES,314. PATRICIO MAXIMILIANO DIAZ GUAJARDO,IND,,False
289730,CHILE CHICO,CHILE CHICO,ESCUELA BASICA DE CHILE CHICO,9V,ZJ.CHILE VAMOS UDI - INDEPENDIENTES,315. CECILIA DEL CARMEN ORDOÑEZ LEMUS,UDI,6.0,False
289731,CHILE CHICO,CHILE CHICO,ESCUELA BASICA DE CHILE CHICO,9V,ZJ.CHILE VAMOS UDI - INDEPENDIENTES,316. ANGELA GENOVEVA VALDEBENITO RIVADENEIRA,UDI,7.0,True
289732,CHILE CHICO,CHILE CHICO,ESCUELA BASICA DE CHILE CHICO,9V,ZJ.CHILE VAMOS UDI - INDEPENDIENTES,317. ROBERT ALEJANDRO CONSTANZO BUSTOS,UDI,4.0,False
289733,CHILE CHICO,CHILE CHICO,ESCUELA BASICA DE CHILE CHICO,9V,ZJ.CHILE VAMOS UDI - INDEPENDIENTES,318. DAVID BALDEMAR HERNANDEZ COYOPAE,UDI,6.0,False
289734,CHILE CHICO,CHILE CHICO,ESCUELA BASICA DE CHILE CHICO,9V,ZU.RADICALES E INDEPENDIENTES,319. MARIANA DANIELA JARA AVILEZ,IND,14.0,False
289735,CHILE CHICO,CHILE CHICO,ESCUELA BASICA DE CHILE CHICO,9V,ZU.RADICALES E INDEPENDIENTES,320. IVAN ANDRES HENRIQUEZ HENRIQUEZ,IND,5.0,False
289736,CHILE CHICO,CHILE CHICO,ESCUELA BASICA DE CHILE CHICO,9V,ZU.RADICALES E INDEPENDIENTES,321. JUAN PINTO DURAN,IND,7.0,True
289737,CHILE CHICO,CHILE CHICO,ESCUELA BASICA DE CHILE CHICO,9V,CANDIDATURA INDEPENDIENTE,322. RAUL ALBERTO AUDE SEPULVEDA,IND,17.0,False
289738,CHILE CHICO,CHILE CHICO,ESCUELA BASICA DE CHILE CHICO,10,XK.CHILE VAMOS RENOVACION NACIONAL - INDEPENDIENTES,300. VELIDES BAUDET URRUTIA CATALAN,RN,3.0,False
289739,CHILE CHICO,CHILE CHICO,ESCUELA BASICA DE CHILE CHICO,10,XK.CHILE VAMOS RENOVACION NACIONAL - INDEPENDIENTES,301. ELIANA DEL CARMEN CANDIA ÑANCUL,RN,1.0,False
289740,CHILE CHICO,CHILE CHICO,ESCUELA BASICA DE CHILE CHICO,10,XK.CHILE VAMOS RENOVACION NACIONAL - INDEPENDIENTES,302. LIDIA ELENA SOTO BEROIZA,RN,5.0,True
289741,CHILE CHICO,CHILE CHICO,ESCUELA BASICA DE CHILE CHICO,10,XK.CHILE VAMOS RENOVACION NACIONAL - INDEPENDIENTES,303. OSCAR PATRICIO VERDUGO SERON,IND,1.0,False
289742,CHILE CHICO,CHILE CHICO,ESCUELA BASICA DE CHILE CHICO,10,XU.UNIDOS POR LA DIGNIDAD,304. ARIEL  KEIM HERMOSILLA,PDC,17.0,True
289743,CHILE CHICO,CHILE CHICO,ESCUELA BASICA DE CHILE CHICO,10,XU.UNIDOS POR LA DIGNIDAD,305. MARIO  FIGUEROA MAYORGA,PDC,2.0,True
289744,CHILE CHICO,CHILE CHICO,ESCUELA BASICA DE CHILE CHICO,10,XU.UNIDOS POR LA DIGNIDAD,306. ARNALDO SIFREDO CRUZ PEÑALOZA,IND,6.0,True
289745,CHILE CHICO,CHILE CHICO,ESCUELA BASICA DE CHILE CHICO,10,XU.UNIDOS POR LA DIGNIDAD,307. PATRICIA ORLANDA GALLARDO SANCHEZ,IND,2.0,False
289746,CHILE CHICO,CHILE CHICO,ESCUELA BASICA DE CHILE CHICO,10,XU.UNIDOS POR LA DIGNIDAD,308. JUAN JOSE HENRIQUEZ LEAL,IND,3.0,False
289747,CHILE CHICO,CHILE CHICO,ESCUELA BASICA DE CHILE CHICO,10,XU.UNIDOS POR LA DIGNIDAD,309. GUSTAVO ALEJANDRO VEROIZA INALLADO,IND,11.0,False
289748,CHILE CHICO,CHILE CHICO,ESCUELA BASICA DE CHILE CHICO,10,YM.CHILE VAMOS - PRI E INDEPENDIENTES,310. JORGE LUIS ROSALES VIVANCO,IND,1.0,False
289749,CHILE CHICO,CHILE CHICO,ESCUELA BASICA DE CHILE CHICO,10,YW.UNIDAD POR EL APRUEBO PS PPD E INDEPENDIENTES,311. TERESA AGUILAR AGUILAR,PS,7.0,False
289750,CHILE CHICO,CHILE CHICO,ESCUELA BASICA DE CHILE CHICO,10,ZG.CHILE VAMOS EVOPOLI - INDEPENDIENTES,312. LUIS ALBERTO OVANDO CARO,EVOPOLI,1.0,False
289751,CHILE CHICO,CHILE CHICO,ESCUELA BASICA DE CHILE CHICO,10,ZG.CHILE VAMOS EVOPOLI - INDEPENDIENTES,313. GLADYS VIRGINIA PEREZ SEBIK,IND,0.0,False
289752,CHILE CHICO,CHILE CHICO,ESCUELA BASICA DE CHILE CHICO,10,ZG.CHILE VAMOS EVOPOLI - INDEPENDIENTES,314. PATRICIO MAXIMILIANO DIAZ GUAJARDO,IND,0.0,False
289753,CHILE CHICO,CHILE CHICO,ESCUELA BASICA DE CHILE CHICO,10,ZJ.CHILE VAMOS UDI - INDEPENDIENTES,315. CECILIA DEL CARMEN ORDOÑEZ LEMUS,UDI,1.0,False
289754,CHILE CHICO,CHILE CHICO,ESCUELA BASICA DE CHILE CHICO,10,ZJ.CHILE VAMOS UDI - INDEPENDIENTES,316. ANGELA GENOVEVA VALDEBENITO RIVADENEIRA,UDI,4.0,True
289755,CHILE CHICO,CHILE CHICO,ESCUELA BASICA DE CHILE CHICO,10,ZJ.CHILE VAMOS UDI - INDEPENDIENTES,317. ROBERT ALEJANDRO CONSTANZO BUSTOS,UDI,1.0,False
289756,CHILE CHICO,CHILE CHICO,ESCUELA BASICA DE CHILE CHICO,10,ZJ.CHILE VAMOS UDI - INDEPENDIENTES,318. DAVID BALDEMAR HERNANDEZ COYOPAE,UDI,8.0,False
289757,CHILE CHICO,CHILE CHICO,ESCUELA BASICA DE CHILE CHICO,10,ZU.RADICALES E INDEPENDIENTES,319. MARIANA DANIELA JARA AVILEZ,IND,2.0,False
289758,CHILE CHICO,CHILE CHICO,ESCUELA BASICA DE CHILE CHICO,10,ZU.RADICALES E INDEPENDIENTES,320. IVAN ANDRES HENRIQUEZ HENRIQUEZ,IND,2.0,False
289759,CHILE CHICO,CHILE CHICO,ESCUELA BASICA DE CHILE CHICO,10,ZU.RADICALES E INDEPENDIENTES,321. JUAN PINTO DURAN,IND,7.0,True
289760,CHILE CHICO,CHILE CHICO,ESCUELA BASICA DE CHILE CHICO,10,CANDIDATURA INDEPENDIENTE,322. RAUL ALBERTO AUDE SEPULVEDA,IND,11.0,False
289761,CHILE CHICO,PUERTO GUADAL,ESCUELA LIBERTADOR BERNARDO O´HIGGINS RIQUELME,1M-2M,XK.CHILE VAMOS RENOVACION NACIONAL - INDEPENDIENTES,300. VELIDES BAUDET URRUTIA CATALAN,RN,7.0,False
289762,CHILE CHICO,PUERTO GUADAL,ESCUELA LIBERTADOR BERNARDO O´HIGGINS RIQUELME,1M-2M,XK.CHILE VAMOS RENOVACION NACIONAL - INDEPENDIENTES,301. ELIANA DEL CARMEN CANDIA ÑANCUL,RN,5.0,False
289763,CHILE CHICO,PUERTO GUADAL,ESCUELA LIBERTADOR BERNARDO O´HIGGINS RIQUELME,1M-2M,XK.CHILE VAMOS RENOVACION NACIONAL - INDEPENDIENTES,302. LIDIA ELENA SOTO BEROIZA,RN,27.0,True
289764,CHILE CHICO,PUERTO GUADAL,ESCUELA LIBERTADOR BERNARDO O´HIGGINS RIQUELME,1M-2M,XK.CHILE VAMOS RENOVACION NACIONAL - INDEPENDIENTES,303. OSCAR PATRICIO VERDUGO SERON,IND,37.0,False
289765,CHILE CHICO,PUERTO GUADAL,ESCUELA LIBERTADOR BERNARDO O´HIGGINS RIQUELME,1M-2M,XU.UNIDOS POR LA DIGNIDAD,304. ARIEL  KEIM HERMOSILLA,PDC,46.0,True
289766,CHILE CHICO,PUERTO GUADAL,ESCUELA LIBERTADOR BERNARDO O´HIGGINS RIQUELME,1M-2M,XU.UNIDOS POR LA DIGNIDAD,305. MARIO  FIGUEROA MAYORGA,PDC,9.0,True
289767,CHILE CHICO,PUERTO GUADAL,ESCUELA LIBERTADOR BERNARDO O´HIGGINS RIQUELME,1M-2M,XU.UNIDOS POR LA DIGNIDAD,306. ARNALDO SIFREDO CRUZ PEÑALOZA,IND,4.0,True
289768,CHILE CHICO,PUERTO GUADAL,ESCUELA LIBERTADOR BERNARDO O´HIGGINS RIQUELME,1M-2M,XU.UNIDOS POR LA DIGNIDAD,307. PATRICIA ORLANDA GALLARDO SANCHEZ,IND,1.0,False
289769,CHILE CHICO,PUERTO GUADAL,ESCUELA LIBERTADOR BERNARDO O´HIGGINS RIQUELME,1M-2M,XU.UNIDOS POR LA DIGNIDAD,308. JUAN JOSE HENRIQUEZ LEAL,IND,2.0,False
289770,CHILE CHICO,PUERTO GUADAL,ESCUELA LIBERTADOR BERNARDO O´HIGGINS RIQUELME,1M-2M,XU.UNIDOS POR LA DIGNIDAD,309. GUSTAVO ALEJANDRO VEROIZA INALLADO,IND,3.0,False
289771,CHILE CHICO,PUERTO GUADAL,ESCUELA LIBERTADOR BERNARDO O´HIGGINS RIQUELME,1M-2M,YM.CHILE VAMOS - PRI E INDEPENDIENTES,310. JORGE LUIS ROSALES VIVANCO,IND,0.0,False
289772,CHILE CHICO,PUERTO GUADAL,ESCUELA LIBERTADOR BERNARDO O´HIGGINS RIQUELME,1M-2M,YW.UNIDAD POR EL APRUEBO PS PPD E INDEPENDIENTES,311. TERESA AGUILAR AGUILAR,PS,6.0,False
289773,CHILE CHICO,PUERTO GUADAL,ESCUELA LIBERTADOR BERNARDO O´HIGGINS RIQUELME,1M-2M,ZG.CHILE VAMOS EVOPOLI - INDEPENDIENTES,312. LUIS ALBERTO OVANDO CARO,EVOPOLI,2.0,False
289774,CHILE CHICO,PUERTO GUADAL,ESCUELA LIBERTADOR BERNARDO O´HIGGINS RIQUELME,1M-2M,ZG.CHILE VAMOS EVOPOLI - INDEPENDIENTES,313. GLADYS VIRGINIA PEREZ SEBIK,IND,2.0,False
289775,CHILE CHICO,PUERTO GUADAL,ESCUELA LIBERTADOR BERNARDO O´HIGGINS RIQUELME,1M-2M,ZG.CHILE VAMOS EVOPOLI - INDEPENDIENTES,314. PATRICIO MAXIMILIANO DIAZ GUAJARDO,IND,0.0,False
289776,CHILE CHICO,PUERTO GUADAL,ESCUELA LIBERTADOR BERNARDO O´HIGGINS RIQUELME,1M-2M,ZJ.CHILE VAMOS UDI - INDEPENDIENTES,315. CECILIA DEL CARMEN ORDOÑEZ LEMUS,UDI,6.0,False
289777,CHILE CHICO,PUERTO GUADAL,ESCUELA LIBERTADOR BERNARDO O´HIGGINS RIQUELME,1M-2M,ZJ.CHILE VAMOS UDI - INDEPENDIENTES,316. ANGELA GENOVEVA VALDEBENITO RIVADENEIRA,UDI,5.0,True
289778,CHILE CHICO,PUERTO GUADAL,ESCUELA LIBERTADOR BERNARDO O´HIGGINS RIQUELME,1M-2M,ZJ.CHILE VAMOS UDI - INDEPENDIENTES,317. ROBERT ALEJANDRO CONSTANZO BUSTOS,UDI,0.0,False
289779,CHILE CHICO,PUERTO GUADAL,ESCUELA LIBERTADOR BERNARDO O´HIGGINS RIQUELME,1M-2M,ZJ.CHILE VAMOS UDI - INDEPENDIENTES,318. DAVID BALDEMAR HERNANDEZ COYOPAE,UDI,0.0,False
289780,CHILE CHICO,PUERTO GUADAL,ESCUELA LIBERTADOR BERNARDO O´HIGGINS RIQUELME,1M-2M,ZU.RADICALES E INDEPENDIENTES,319. MARIANA DANIELA JARA AVILEZ,IND,2.0,False
289781,CHILE CHICO,PUERTO GUADAL,ESCUELA LIBERTADOR BERNARDO O´HIGGINS RIQUELME,1M-2M,ZU.RADICALES E INDEPENDIENTES,320. IVAN ANDRES HENRIQUEZ HENRIQUEZ,IND,12.0,False
289782,CHILE CHICO,PUERTO GUADAL,ESCUELA LIBERTADOR BERNARDO O´HIGGINS RIQUELME,1M-2M,ZU.RADICALES E INDEPENDIENTES,321. JUAN PINTO DURAN,IND,3.0,True
289783,CHILE CHICO,PUERTO GUADAL,ESCUELA LIBERTADOR BERNARDO O´HIGGINS RIQUELME,1M-2M,CANDIDATURA INDEPENDIENTE,322. RAUL ALBERTO AUDE SEPULVEDA,IND,10.0,False
289784,CHILE CHICO,PUERTO GUADAL,ESCUELA LIBERTADOR BERNARDO O´HIGGINS RIQUELME,1V-3V,XK.CHILE VAMOS RENOVACION NACIONAL - INDEPENDIENTES,300. VELIDES BAUDET URRUTIA CATALAN,RN,8.0,False
289785,CHILE CHICO,PUERTO GUADAL,ESCUELA LIBERTADOR BERNARDO O´HIGGINS RIQUELME,1V-3V,XK.CHILE VAMOS RENOVACION NACIONAL - INDEPENDIENTES,301. ELIANA DEL CARMEN CANDIA ÑANCUL,RN,2.0,False
289786,CHILE CHICO,PUERTO GUADAL,ESCUELA LIBERTADOR BERNARDO O´HIGGINS RIQUELME,1V-3V,XK.CHILE VAMOS RENOVACION NACIONAL - INDEPENDIENTES,302. LIDIA ELENA SOTO BEROIZA,RN,14.0,True
289787,CHILE CHICO,PUERTO GUADAL,ESCUELA LIBERTADOR BERNARDO O´HIGGINS RIQUELME,1V-3V,XK.CHILE VAMOS RENOVACION NACIONAL - INDEPENDIENTES,303. OSCAR PATRICIO VERDUGO SERON,IND,25.0,False
289788,CHILE CHICO,PUERTO GUADAL,ESCUELA LIBERTADOR BERNARDO O´HIGGINS RIQUELME,1V-3V,XU.UNIDOS POR LA DIGNIDAD,304. ARIEL  KEIM HERMOSILLA,PDC,21.0,True
289789,CHILE CHICO,PUERTO GUADAL,ESCUELA LIBERTADOR BERNARDO O´HIGGINS RIQUELME,1V-3V,XU.UNIDOS POR LA DIGNIDAD,305. MARIO  FIGUEROA MAYORGA,PDC,6.0,True
289790,CHILE CHICO,PUERTO GUADAL,ESCUELA LIBERTADOR BERNARDO O´HIGGINS RIQUELME,1V-3V,XU.UNIDOS POR LA DIGNIDAD,306. ARNALDO SIFREDO CRUZ PEÑALOZA,IND,2.0,True
289791,CHILE CHICO,PUERTO GUADAL,ESCUELA LIBERTADOR BERNARDO O´HIGGINS RIQUELME,1V-3V,XU.UNIDOS POR LA DIGNIDAD,307. PATRICIA ORLANDA GALLARDO SANCHEZ,IND,0.0,False
289792,CHILE CHICO,PUERTO GUADAL,ESCUELA LIBERTADOR BERNARDO O´HIGGINS RIQUELME,1V-3V,XU.UNIDOS POR LA DIGNIDAD,308. JUAN JOSE HENRIQUEZ LEAL,IND,3.0,False
289793,CHILE CHICO,PUERTO GUADAL,ESCUELA LIBERTADOR BERNARDO O´HIGGINS RIQUELME,1V-3V,XU.UNIDOS POR LA DIGNIDAD,309. GUSTAVO ALEJANDRO VEROIZA INALLADO,IND,3.0,False
289794,CHILE CHICO,PUERTO GUADAL,ESCUELA LIBERTADOR BERNARDO O´HIGGINS RIQUELME,1V-3V,YM.CHILE VAMOS - PRI E INDEPENDIENTES,310. JORGE LUIS ROSALES VIVANCO,IND,0.0,False
289795,CHILE CHICO,PUERTO GUADAL,ESCUELA LIBERTADOR BERNARDO O´HIGGINS RIQUELME,1V-3V,YW.UNIDAD POR EL APRUEBO PS PPD E INDEPENDIENTES,311. TERESA AGUILAR AGUILAR,PS,9.0,False
289796,CHILE CHICO,PUERTO GUADAL,ESCUELA LIBERTADOR BERNARDO O´HIGGINS RIQUELME,1V-3V,ZG.CHILE VAMOS EVOPOLI - INDEPENDIENTES,312. LUIS ALBERTO OVANDO CARO,EVOPOLI,1.0,False
289797,CHILE CHICO,PUERTO GUADAL,ESCUELA LIBERTADOR BERNARDO O´HIGGINS RIQUELME,1V-3V,ZG.CHILE VAMOS EVOPOLI - INDEPENDIENTES,313. GLADYS VIRGINIA PEREZ SEBIK,IND,1.0,False
289798,CHILE CHICO,PUERTO GUADAL,ESCUELA LIBERTADOR BERNARDO O´HIGGINS RIQUELME,1V-3V,ZG.CHILE VAMOS EVOPOLI - INDEPENDIENTES,314. PATRICIO MAXIMILIANO DIAZ GUAJARDO,IND,0.0,False
289799,CHILE CHICO,PUERTO GUADAL,ESCUELA LIBERTADOR BERNARDO O´HIGGINS RIQUELME,1V-3V,ZJ.CHILE VAMOS UDI - INDEPENDIENTES,315. CECILIA DEL CARMEN ORDOÑEZ LEMUS,UDI,2.0,False
289800,CHILE CHICO,PUERTO GUADAL,ESCUELA LIBERTADOR BERNARDO O´HIGGINS RIQUELME,1V-3V,ZJ.CHILE VAMOS UDI - INDEPENDIENTES,316. ANGELA GENOVEVA VALDEBENITO RIVADENEIRA,UDI,2.0,True
289801,CHILE CHICO,PUERTO GUADAL,ESCUELA LIBERTADOR BERNARDO O´HIGGINS RIQUELME,1V-3V,ZJ.CHILE VAMOS UDI - INDEPENDIENTES,317. ROBERT ALEJANDRO CONSTANZO BUSTOS,UDI,0.0,False
289802,CHILE CHICO,PUERTO GUADAL,ESCUELA LIBERTADOR BERNARDO O´HIGGINS RIQUELME,1V-3V,ZJ.CHILE VAMOS UDI - INDEPENDIENTES,318. DAVID BALDEMAR HERNANDEZ COYOPAE,UDI,0.0,False
289803,CHILE CHICO,PUERTO GUADAL,ESCUELA LIBERTADOR BERNARDO O´HIGGINS RIQUELME,1V-3V,ZU.RADICALES E INDEPENDIENTES,319. MARIANA DANIELA JARA AVILEZ,IND,0.0,False
289804,CHILE CHICO,PUERTO GUADAL,ESCUELA LIBERTADOR BERNARDO O´HIGGINS RIQUELME,1V-3V,ZU.RADICALES E INDEPENDIENTES,320. IVAN ANDRES HENRIQUEZ HENRIQUEZ,IND,13.0,False
289805,CHILE CHICO,PUERTO GUADAL,ESCUELA LIBERTADOR BERNARDO O´HIGGINS RIQUELME,1V-3V,ZU.RADICALES E INDEPENDIENTES,321. JUAN PINTO DURAN,IND,0.0,True
289806,CHILE CHICO,PUERTO GUADAL,ESCUELA LIBERTADOR BERNARDO O´HIGGINS RIQUELME,1V-3V,CANDIDATURA INDEPENDIENTE,322. RAUL ALBERTO AUDE SEPULVEDA,IND,7.0,False
289807,CHILE CHICO,PUERTO GUADAL,ESCUELA LIBERTADOR BERNARDO O´HIGGINS RIQUELME,2V,XK.CHILE VAMOS RENOVACION NACIONAL - INDEPENDIENTES,300. VELIDES BAUDET URRUTIA CATALAN,RN,1.0,False
289808,CHILE CHICO,PUERTO GUADAL,ESCUELA LIBERTADOR BERNARDO O´HIGGINS RIQUELME,2V,XK.CHILE VAMOS RENOVACION NACIONAL - INDEPENDIENTES,301. ELIANA DEL CARMEN CANDIA ÑANCUL,RN,5.0,False
289809,CHILE CHICO,PUERTO GUADAL,ESCUELA LIBERTADOR BERNARDO O´HIGGINS RIQUELME,2V,XK.CHILE VAMOS RENOVACION NACIONAL - INDEPENDIENTES,302. LIDIA ELENA SOTO BEROIZA,RN,14.0,True
289810,CHILE CHICO,PUERTO GUADAL,ESCUELA LIBERTADOR BERNARDO O´HIGGINS RIQUELME,2V,XK.CHILE VAMOS RENOVACION NACIONAL - INDEPENDIENTES,303. OSCAR PATRICIO VERDUGO SERON,IND,19.0,False
289811,CHILE CHICO,PUERTO GUADAL,ESCUELA LIBERTADOR BERNARDO O´HIGGINS RIQUELME,2V,XU.UNIDOS POR LA DIGNIDAD,304. ARIEL  KEIM HERMOSILLA,PDC,28.0,True
289812,CHILE CHICO,PUERTO GUADAL,ESCUELA LIBERTADOR BERNARDO O´HIGGINS RIQUELME,2V,XU.UNIDOS POR LA DIGNIDAD,305. MARIO  FIGUEROA MAYORGA,PDC,5.0,True
289813,CHILE CHICO,PUERTO GUADAL,ESCUELA LIBERTADOR BERNARDO O´HIGGINS RIQUELME,2V,XU.UNIDOS POR LA DIGNIDAD,306. ARNALDO SIFREDO CRUZ PEÑALOZA,IND,1.0,True
289814,CHILE CHICO,PUERTO GUADAL,ESCUELA LIBERTADOR BERNARDO O´HIGGINS RIQUELME,2V,XU.UNIDOS POR LA DIGNIDAD,307. PATRICIA ORLANDA GALLARDO SANCHEZ,IND,0.0,False
289815,CHILE CHICO,PUERTO GUADAL,ESCUELA LIBERTADOR BERNARDO O´HIGGINS RIQUELME,2V,XU.UNIDOS POR LA DIGNIDAD,308. JUAN JOSE HENRIQUEZ LEAL,IND,2.0,False
289816,CHILE CHICO,PUERTO GUADAL,ESCUELA LIBERTADOR BERNARDO O´HIGGINS RIQUELME,2V,XU.UNIDOS POR LA DIGNIDAD,309. GUSTAVO ALEJANDRO VEROIZA INALLADO,IND,2.0,False
289817,CHILE CHICO,PUERTO GUADAL,ESCUELA LIBERTADOR BERNARDO O´HIGGINS RIQUELME,2V,YM.CHILE VAMOS - PRI E INDEPENDIENTES,310. JORGE LUIS ROSALES VIVANCO,IND,0.0,False
289818,CHILE CHICO,PUERTO GUADAL,ESCUELA LIBERTADOR BERNARDO O´HIGGINS RIQUELME,2V,YW.UNIDAD POR EL APRUEBO PS PPD E INDEPENDIENTES,311. TERESA AGUILAR AGUILAR,PS,11.0,False
289819,CHILE CHICO,PUERTO GUADAL,ESCUELA LIBERTADOR BERNARDO O´HIGGINS RIQUELME,2V,ZG.CHILE VAMOS EVOPOLI - INDEPENDIENTES,312. LUIS ALBERTO OVANDO CARO,EVOPOLI,1.0,False
289820,CHILE CHICO,PUERTO GUADAL,ESCUELA LIBERTADOR BERNARDO O´HIGGINS RIQUELME,2V,ZG.CHILE VAMOS EVOPOLI - INDEPENDIENTES,313. GLADYS VIRGINIA PEREZ SEBIK,IND,0.0,False
289821,CHILE CHICO,PUERTO GUADAL,ESCUELA LIBERTADOR BERNARDO O´HIGGINS RIQUELME,2V,ZG.CHILE VAMOS EVOPOLI - INDEPENDIENTES,314. PATRICIO MAXIMILIANO DIAZ GUAJARDO,IND,1.0,False
289822,CHILE CHICO,PUERTO GUADAL,ESCUELA LIBERTADOR BERNARDO O´HIGGINS RIQUELME,2V,ZJ.CHILE VAMOS UDI - INDEPENDIENTES,315. CECILIA DEL CARMEN ORDOÑEZ LEMUS,UDI,3.0,False
289823,CHILE CHICO,PUERTO GUADAL,ESCUELA LIBERTADOR BERNARDO O´HIGGINS RIQUELME,2V,ZJ.CHILE VAMOS UDI - INDEPENDIENTES,316. ANGELA GENOVEVA VALDEBENITO RIVADENEIRA,UDI,0.0,True
289824,CHILE CHICO,PUERTO GUADAL,ESCUELA LIBERTADOR BERNARDO O´HIGGINS RIQUELME,2V,ZJ.CHILE VAMOS UDI - INDEPENDIENTES,317. ROBERT ALEJANDRO CONSTANZO BUSTOS,UDI,0.0,False
289825,CHILE CHICO,PUERTO GUADAL,ESCUELA LIBERTADOR BERNARDO O´HIGGINS RIQUELME,2V,ZJ.CHILE VAMOS UDI - INDEPENDIENTES,318. DAVID BALDEMAR HERNANDEZ COYOPAE,UDI,0.0,False
289826,CHILE CHICO,PUERTO GUADAL,ESCUELA LIBERTADOR BERNARDO O´HIGGINS RIQUELME,2V,ZU.RADICALES E INDEPENDIENTES,319. MARIANA DANIELA JARA AVILEZ,IND,5.0,False
289827,CHILE CHICO,PUERTO GUADAL,ESCUELA LIBERTADOR BERNARDO O´HIGGINS RIQUELME,2V,ZU.RADICALES E INDEPENDIENTES,320. IVAN ANDRES HENRIQUEZ HENRIQUEZ,IND,9.0,False
289828,CHILE CHICO,PUERTO GUADAL,ESCUELA LIBERTADOR BERNARDO O´HIGGINS RIQUELME,2V,ZU.RADICALES E INDEPENDIENTES,321. JUAN PINTO DURAN,IND,3.0,True
289829,CHILE CHICO,PUERTO GUADAL,ESCUELA LIBERTADOR BERNARDO O´HIGGINS RIQUELME,2V,CANDIDATURA INDEPENDIENTE,322. RAUL ALBERTO AUDE SEPULVEDA,IND,4.0,False
