,COMUNA,CIRC_ELEC,LOCAL,MESA,LISTA,CANDIDATX,PARTIDO,VOTOS,ELECTX
329587,COBQUECURA,BUCHUPUREO,ESCUELA BÁSICA BUCHUPUREO,1,M.CHILE DIGNO VERDE Y SOBERANO,300. EVA DEL ROSARIO FERRADA ARANEDA,PCCH,3.0,False
329588,COBQUECURA,BUCHUPUREO,ESCUELA BÁSICA BUCHUPUREO,1,XK.CHILE VAMOS RENOVACION NACIONAL - INDEPENDIENTES,301. CLAUDIO JOSE VARGAS SANDOVAL,RN,4.0,True
329589,COBQUECURA,BUCHUPUREO,ESCUELA BÁSICA BUCHUPUREO,1,XK.CHILE VAMOS RENOVACION NACIONAL - INDEPENDIENTES,302. CRISTOBAL ALEJANDRO BUSTOS TORRES,IND,10.0,False
329590,COBQUECURA,BUCHUPUREO,ESCUELA BÁSICA BUCHUPUREO,1,XK.CHILE VAMOS RENOVACION NACIONAL - INDEPENDIENTES,303. GLORIA XIMENA MUÑOZ CADIZ,IND,7.0,False
329591,COBQUECURA,BUCHUPUREO,ESCUELA BÁSICA BUCHUPUREO,1,XU.UNIDOS POR LA DIGNIDAD,304. RODRIGO ALFONSO TORO VALENZUELA,PDC,8.0,False
329592,COBQUECURA,BUCHUPUREO,ESCUELA BÁSICA BUCHUPUREO,1,XU.UNIDOS POR LA DIGNIDAD,305. LUIS EDUARDO MOYA ALARCON,IND,17.0,False
329593,COBQUECURA,BUCHUPUREO,ESCUELA BÁSICA BUCHUPUREO,1,XU.UNIDOS POR LA DIGNIDAD,306. SERGIO ANTONIO BUSTOS VERA,IND,2.0,True
329594,COBQUECURA,BUCHUPUREO,ESCUELA BÁSICA BUCHUPUREO,1,XU.UNIDOS POR LA DIGNIDAD,307. ALEXIS JACOBO VILLARROEL SEPULVEDA,IND,0.0,False
329595,COBQUECURA,BUCHUPUREO,ESCUELA BÁSICA BUCHUPUREO,1,YM.CHILE VAMOS - PRI E INDEPENDIENTES,308. ELBA ROSARIO HERRERA BEROIZA,PRI,2.0,False
329596,COBQUECURA,BUCHUPUREO,ESCUELA BÁSICA BUCHUPUREO,1,YM.CHILE VAMOS - PRI E INDEPENDIENTES,309. SERGIO ISAIAS SANGUINETTI PAVEZ,PRI,0.0,False
329597,COBQUECURA,BUCHUPUREO,ESCUELA BÁSICA BUCHUPUREO,1,YW.UNIDAD POR EL APRUEBO PS PPD E INDEPENDIENTES,310. RAMON ASTOLFO VENEGAS NEIRA,PS,28.0,True
329598,COBQUECURA,BUCHUPUREO,ESCUELA BÁSICA BUCHUPUREO,1,YW.UNIDAD POR EL APRUEBO PS PPD E INDEPENDIENTES,311. MIRIAM ISABEL FLORES VERA,PS,1.0,False
329599,COBQUECURA,BUCHUPUREO,ESCUELA BÁSICA BUCHUPUREO,1,YW.UNIDAD POR EL APRUEBO PS PPD E INDEPENDIENTES,312. JORGE ONOFRE RODRIGUEZ CANCINO,PS,4.0,False
329600,COBQUECURA,BUCHUPUREO,ESCUELA BÁSICA BUCHUPUREO,1,YW.UNIDAD POR EL APRUEBO PS PPD E INDEPENDIENTES,313. MIGUEL ANGEL LAGOS BETANCOURT,PPD,0.0,False
329601,COBQUECURA,BUCHUPUREO,ESCUELA BÁSICA BUCHUPUREO,1,YW.UNIDAD POR EL APRUEBO PS PPD E INDEPENDIENTES,314. BERNARDO FUENTES FUENTES,IND,1.0,False
329602,COBQUECURA,BUCHUPUREO,ESCUELA BÁSICA BUCHUPUREO,1,ZJ.CHILE VAMOS UDI - INDEPENDIENTES,315. HENRY ARIEL SEGURA ARIAS,UDI,2.0,True
329603,COBQUECURA,BUCHUPUREO,ESCUELA BÁSICA BUCHUPUREO,1,ZJ.CHILE VAMOS UDI - INDEPENDIENTES,316. JACQUELINE ELIZABETH PACHECO ALARCON,UDI,36.0,False
329604,COBQUECURA,BUCHUPUREO,ESCUELA BÁSICA BUCHUPUREO,1,ZJ.CHILE VAMOS UDI - INDEPENDIENTES,317. MARITZA ELENA ALARCON VERA,UDI,10.0,True
329605,COBQUECURA,BUCHUPUREO,ESCUELA BÁSICA BUCHUPUREO,1,ZJ.CHILE VAMOS UDI - INDEPENDIENTES,318. MIGUEL ARMANDO PACHECO ALARCON,UDI,59.0,True
329606,COBQUECURA,BUCHUPUREO,ESCUELA BÁSICA BUCHUPUREO,1,ZJ.CHILE VAMOS UDI - INDEPENDIENTES,319. MARIELA DEL CARMEN JAQUE BLU,UDI,0.0,False
329607,COBQUECURA,BUCHUPUREO,ESCUELA BÁSICA BUCHUPUREO,1,ZJ.CHILE VAMOS UDI - INDEPENDIENTES,320. PLACIDO RENE GOMEZ VELASQUEZ,IND,3.0,False
329608,COBQUECURA,BUCHUPUREO,ESCUELA BÁSICA BUCHUPUREO,1,ZU.RADICALES E INDEPENDIENTES,321. HANS FRIZ ROZAS,IND,22.0,False
329609,COBQUECURA,BUCHUPUREO,ESCUELA BÁSICA BUCHUPUREO,2,M.CHILE DIGNO VERDE Y SOBERANO,300. EVA DEL ROSARIO FERRADA ARANEDA,PCCH,0.0,False
329610,COBQUECURA,BUCHUPUREO,ESCUELA BÁSICA BUCHUPUREO,2,XK.CHILE VAMOS RENOVACION NACIONAL - INDEPENDIENTES,301. CLAUDIO JOSE VARGAS SANDOVAL,RN,3.0,True
329611,COBQUECURA,BUCHUPUREO,ESCUELA BÁSICA BUCHUPUREO,2,XK.CHILE VAMOS RENOVACION NACIONAL - INDEPENDIENTES,302. CRISTOBAL ALEJANDRO BUSTOS TORRES,IND,9.0,False
329612,COBQUECURA,BUCHUPUREO,ESCUELA BÁSICA BUCHUPUREO,2,XK.CHILE VAMOS RENOVACION NACIONAL - INDEPENDIENTES,303. GLORIA XIMENA MUÑOZ CADIZ,IND,8.0,False
329613,COBQUECURA,BUCHUPUREO,ESCUELA BÁSICA BUCHUPUREO,2,XU.UNIDOS POR LA DIGNIDAD,304. RODRIGO ALFONSO TORO VALENZUELA,PDC,4.0,False
329614,COBQUECURA,BUCHUPUREO,ESCUELA BÁSICA BUCHUPUREO,2,XU.UNIDOS POR LA DIGNIDAD,305. LUIS EDUARDO MOYA ALARCON,IND,17.0,False
329615,COBQUECURA,BUCHUPUREO,ESCUELA BÁSICA BUCHUPUREO,2,XU.UNIDOS POR LA DIGNIDAD,306. SERGIO ANTONIO BUSTOS VERA,IND,2.0,True
329616,COBQUECURA,BUCHUPUREO,ESCUELA BÁSICA BUCHUPUREO,2,XU.UNIDOS POR LA DIGNIDAD,307. ALEXIS JACOBO VILLARROEL SEPULVEDA,IND,0.0,False
329617,COBQUECURA,BUCHUPUREO,ESCUELA BÁSICA BUCHUPUREO,2,YM.CHILE VAMOS - PRI E INDEPENDIENTES,308. ELBA ROSARIO HERRERA BEROIZA,PRI,7.0,False
329618,COBQUECURA,BUCHUPUREO,ESCUELA BÁSICA BUCHUPUREO,2,YM.CHILE VAMOS - PRI E INDEPENDIENTES,309. SERGIO ISAIAS SANGUINETTI PAVEZ,PRI,3.0,False
329619,COBQUECURA,BUCHUPUREO,ESCUELA BÁSICA BUCHUPUREO,2,YW.UNIDAD POR EL APRUEBO PS PPD E INDEPENDIENTES,310. RAMON ASTOLFO VENEGAS NEIRA,PS,13.0,True
329620,COBQUECURA,BUCHUPUREO,ESCUELA BÁSICA BUCHUPUREO,2,YW.UNIDAD POR EL APRUEBO PS PPD E INDEPENDIENTES,311. MIRIAM ISABEL FLORES VERA,PS,3.0,False
329621,COBQUECURA,BUCHUPUREO,ESCUELA BÁSICA BUCHUPUREO,2,YW.UNIDAD POR EL APRUEBO PS PPD E INDEPENDIENTES,312. JORGE ONOFRE RODRIGUEZ CANCINO,PS,8.0,False
329622,COBQUECURA,BUCHUPUREO,ESCUELA BÁSICA BUCHUPUREO,2,YW.UNIDAD POR EL APRUEBO PS PPD E INDEPENDIENTES,313. MIGUEL ANGEL LAGOS BETANCOURT,PPD,2.0,False
329623,COBQUECURA,BUCHUPUREO,ESCUELA BÁSICA BUCHUPUREO,2,YW.UNIDAD POR EL APRUEBO PS PPD E INDEPENDIENTES,314. BERNARDO FUENTES FUENTES,IND,0.0,False
329624,COBQUECURA,BUCHUPUREO,ESCUELA BÁSICA BUCHUPUREO,2,ZJ.CHILE VAMOS UDI - INDEPENDIENTES,315. HENRY ARIEL SEGURA ARIAS,UDI,12.0,True
329625,COBQUECURA,BUCHUPUREO,ESCUELA BÁSICA BUCHUPUREO,2,ZJ.CHILE VAMOS UDI - INDEPENDIENTES,316. JACQUELINE ELIZABETH PACHECO ALARCON,UDI,29.0,False
329626,COBQUECURA,BUCHUPUREO,ESCUELA BÁSICA BUCHUPUREO,2,ZJ.CHILE VAMOS UDI - INDEPENDIENTES,317. MARITZA ELENA ALARCON VERA,UDI,10.0,True
329627,COBQUECURA,BUCHUPUREO,ESCUELA BÁSICA BUCHUPUREO,2,ZJ.CHILE VAMOS UDI - INDEPENDIENTES,318. MIGUEL ARMANDO PACHECO ALARCON,UDI,69.0,True
329628,COBQUECURA,BUCHUPUREO,ESCUELA BÁSICA BUCHUPUREO,2,ZJ.CHILE VAMOS UDI - INDEPENDIENTES,319. MARIELA DEL CARMEN JAQUE BLU,UDI,3.0,False
329629,COBQUECURA,BUCHUPUREO,ESCUELA BÁSICA BUCHUPUREO,2,ZJ.CHILE VAMOS UDI - INDEPENDIENTES,320. PLACIDO RENE GOMEZ VELASQUEZ,IND,0.0,False
329630,COBQUECURA,BUCHUPUREO,ESCUELA BÁSICA BUCHUPUREO,2,ZU.RADICALES E INDEPENDIENTES,321. HANS FRIZ ROZAS,IND,21.0,False
329631,COBQUECURA,BUCHUPUREO,ESCUELA BÁSICA BUCHUPUREO,3,M.CHILE DIGNO VERDE Y SOBERANO,300. EVA DEL ROSARIO FERRADA ARANEDA,PCCH,2.0,False
329632,COBQUECURA,BUCHUPUREO,ESCUELA BÁSICA BUCHUPUREO,3,XK.CHILE VAMOS RENOVACION NACIONAL - INDEPENDIENTES,301. CLAUDIO JOSE VARGAS SANDOVAL,RN,11.0,True
329633,COBQUECURA,BUCHUPUREO,ESCUELA BÁSICA BUCHUPUREO,3,XK.CHILE VAMOS RENOVACION NACIONAL - INDEPENDIENTES,302. CRISTOBAL ALEJANDRO BUSTOS TORRES,IND,9.0,False
329634,COBQUECURA,BUCHUPUREO,ESCUELA BÁSICA BUCHUPUREO,3,XK.CHILE VAMOS RENOVACION NACIONAL - INDEPENDIENTES,303. GLORIA XIMENA MUÑOZ CADIZ,IND,0.0,False
329635,COBQUECURA,BUCHUPUREO,ESCUELA BÁSICA BUCHUPUREO,3,XU.UNIDOS POR LA DIGNIDAD,304. RODRIGO ALFONSO TORO VALENZUELA,PDC,11.0,False
329636,COBQUECURA,BUCHUPUREO,ESCUELA BÁSICA BUCHUPUREO,3,XU.UNIDOS POR LA DIGNIDAD,305. LUIS EDUARDO MOYA ALARCON,IND,12.0,False
329637,COBQUECURA,BUCHUPUREO,ESCUELA BÁSICA BUCHUPUREO,3,XU.UNIDOS POR LA DIGNIDAD,306. SERGIO ANTONIO BUSTOS VERA,IND,6.0,True
329638,COBQUECURA,BUCHUPUREO,ESCUELA BÁSICA BUCHUPUREO,3,XU.UNIDOS POR LA DIGNIDAD,307. ALEXIS JACOBO VILLARROEL SEPULVEDA,IND,0.0,False
329639,COBQUECURA,BUCHUPUREO,ESCUELA BÁSICA BUCHUPUREO,3,YM.CHILE VAMOS - PRI E INDEPENDIENTES,308. ELBA ROSARIO HERRERA BEROIZA,PRI,5.0,False
329640,COBQUECURA,BUCHUPUREO,ESCUELA BÁSICA BUCHUPUREO,3,YM.CHILE VAMOS - PRI E INDEPENDIENTES,309. SERGIO ISAIAS SANGUINETTI PAVEZ,PRI,1.0,False
329641,COBQUECURA,BUCHUPUREO,ESCUELA BÁSICA BUCHUPUREO,3,YW.UNIDAD POR EL APRUEBO PS PPD E INDEPENDIENTES,310. RAMON ASTOLFO VENEGAS NEIRA,PS,17.0,True
329642,COBQUECURA,BUCHUPUREO,ESCUELA BÁSICA BUCHUPUREO,3,YW.UNIDAD POR EL APRUEBO PS PPD E INDEPENDIENTES,311. MIRIAM ISABEL FLORES VERA,PS,2.0,False
329643,COBQUECURA,BUCHUPUREO,ESCUELA BÁSICA BUCHUPUREO,3,YW.UNIDAD POR EL APRUEBO PS PPD E INDEPENDIENTES,312. JORGE ONOFRE RODRIGUEZ CANCINO,PS,3.0,False
329644,COBQUECURA,BUCHUPUREO,ESCUELA BÁSICA BUCHUPUREO,3,YW.UNIDAD POR EL APRUEBO PS PPD E INDEPENDIENTES,313. MIGUEL ANGEL LAGOS BETANCOURT,PPD,0.0,False
329645,COBQUECURA,BUCHUPUREO,ESCUELA BÁSICA BUCHUPUREO,3,YW.UNIDAD POR EL APRUEBO PS PPD E INDEPENDIENTES,314. BERNARDO FUENTES FUENTES,IND,0.0,False
329646,COBQUECURA,BUCHUPUREO,ESCUELA BÁSICA BUCHUPUREO,3,ZJ.CHILE VAMOS UDI - INDEPENDIENTES,315. HENRY ARIEL SEGURA ARIAS,UDI,11.0,True
329647,COBQUECURA,BUCHUPUREO,ESCUELA BÁSICA BUCHUPUREO,3,ZJ.CHILE VAMOS UDI - INDEPENDIENTES,316. JACQUELINE ELIZABETH PACHECO ALARCON,UDI,33.0,False
329648,COBQUECURA,BUCHUPUREO,ESCUELA BÁSICA BUCHUPUREO,3,ZJ.CHILE VAMOS UDI - INDEPENDIENTES,317. MARITZA ELENA ALARCON VERA,UDI,6.0,True
329649,COBQUECURA,BUCHUPUREO,ESCUELA BÁSICA BUCHUPUREO,3,ZJ.CHILE VAMOS UDI - INDEPENDIENTES,318. MIGUEL ARMANDO PACHECO ALARCON,UDI,54.0,True
329650,COBQUECURA,BUCHUPUREO,ESCUELA BÁSICA BUCHUPUREO,3,ZJ.CHILE VAMOS UDI - INDEPENDIENTES,319. MARIELA DEL CARMEN JAQUE BLU,UDI,0.0,False
329651,COBQUECURA,BUCHUPUREO,ESCUELA BÁSICA BUCHUPUREO,3,ZJ.CHILE VAMOS UDI - INDEPENDIENTES,320. PLACIDO RENE GOMEZ VELASQUEZ,IND,0.0,False
329652,COBQUECURA,BUCHUPUREO,ESCUELA BÁSICA BUCHUPUREO,3,ZU.RADICALES E INDEPENDIENTES,321. HANS FRIZ ROZAS,IND,22.0,False
329653,COBQUECURA,BUCHUPUREO,ESCUELA BÁSICA BUCHUPUREO,4,M.CHILE DIGNO VERDE Y SOBERANO,300. EVA DEL ROSARIO FERRADA ARANEDA,PCCH,4.0,False
329654,COBQUECURA,BUCHUPUREO,ESCUELA BÁSICA BUCHUPUREO,4,XK.CHILE VAMOS RENOVACION NACIONAL - INDEPENDIENTES,301. CLAUDIO JOSE VARGAS SANDOVAL,RN,5.0,True
329655,COBQUECURA,BUCHUPUREO,ESCUELA BÁSICA BUCHUPUREO,4,XK.CHILE VAMOS RENOVACION NACIONAL - INDEPENDIENTES,302. CRISTOBAL ALEJANDRO BUSTOS TORRES,IND,9.0,False
329656,COBQUECURA,BUCHUPUREO,ESCUELA BÁSICA BUCHUPUREO,4,XK.CHILE VAMOS RENOVACION NACIONAL - INDEPENDIENTES,303. GLORIA XIMENA MUÑOZ CADIZ,IND,9.0,False
329657,COBQUECURA,BUCHUPUREO,ESCUELA BÁSICA BUCHUPUREO,4,XU.UNIDOS POR LA DIGNIDAD,304. RODRIGO ALFONSO TORO VALENZUELA,PDC,8.0,False
329658,COBQUECURA,BUCHUPUREO,ESCUELA BÁSICA BUCHUPUREO,4,XU.UNIDOS POR LA DIGNIDAD,305. LUIS EDUARDO MOYA ALARCON,IND,14.0,False
329659,COBQUECURA,BUCHUPUREO,ESCUELA BÁSICA BUCHUPUREO,4,XU.UNIDOS POR LA DIGNIDAD,306. SERGIO ANTONIO BUSTOS VERA,IND,1.0,True
329660,COBQUECURA,BUCHUPUREO,ESCUELA BÁSICA BUCHUPUREO,4,XU.UNIDOS POR LA DIGNIDAD,307. ALEXIS JACOBO VILLARROEL SEPULVEDA,IND,0.0,False
329661,COBQUECURA,BUCHUPUREO,ESCUELA BÁSICA BUCHUPUREO,4,YM.CHILE VAMOS - PRI E INDEPENDIENTES,308. ELBA ROSARIO HERRERA BEROIZA,PRI,4.0,False
329662,COBQUECURA,BUCHUPUREO,ESCUELA BÁSICA BUCHUPUREO,4,YM.CHILE VAMOS - PRI E INDEPENDIENTES,309. SERGIO ISAIAS SANGUINETTI PAVEZ,PRI,3.0,False
329663,COBQUECURA,BUCHUPUREO,ESCUELA BÁSICA BUCHUPUREO,4,YW.UNIDAD POR EL APRUEBO PS PPD E INDEPENDIENTES,310. RAMON ASTOLFO VENEGAS NEIRA,PS,23.0,True
329664,COBQUECURA,BUCHUPUREO,ESCUELA BÁSICA BUCHUPUREO,4,YW.UNIDAD POR EL APRUEBO PS PPD E INDEPENDIENTES,311. MIRIAM ISABEL FLORES VERA,PS,1.0,False
329665,COBQUECURA,BUCHUPUREO,ESCUELA BÁSICA BUCHUPUREO,4,YW.UNIDAD POR EL APRUEBO PS PPD E INDEPENDIENTES,312. JORGE ONOFRE RODRIGUEZ CANCINO,PS,2.0,False
329666,COBQUECURA,BUCHUPUREO,ESCUELA BÁSICA BUCHUPUREO,4,YW.UNIDAD POR EL APRUEBO PS PPD E INDEPENDIENTES,313. MIGUEL ANGEL LAGOS BETANCOURT,PPD,1.0,False
329667,COBQUECURA,BUCHUPUREO,ESCUELA BÁSICA BUCHUPUREO,4,YW.UNIDAD POR EL APRUEBO PS PPD E INDEPENDIENTES,314. BERNARDO FUENTES FUENTES,IND,0.0,False
329668,COBQUECURA,BUCHUPUREO,ESCUELA BÁSICA BUCHUPUREO,4,ZJ.CHILE VAMOS UDI - INDEPENDIENTES,315. HENRY ARIEL SEGURA ARIAS,UDI,4.0,True
329669,COBQUECURA,BUCHUPUREO,ESCUELA BÁSICA BUCHUPUREO,4,ZJ.CHILE VAMOS UDI - INDEPENDIENTES,316. JACQUELINE ELIZABETH PACHECO ALARCON,UDI,37.0,False
329670,COBQUECURA,BUCHUPUREO,ESCUELA BÁSICA BUCHUPUREO,4,ZJ.CHILE VAMOS UDI - INDEPENDIENTES,317. MARITZA ELENA ALARCON VERA,UDI,10.0,True
329671,COBQUECURA,BUCHUPUREO,ESCUELA BÁSICA BUCHUPUREO,4,ZJ.CHILE VAMOS UDI - INDEPENDIENTES,318. MIGUEL ARMANDO PACHECO ALARCON,UDI,55.0,True
329672,COBQUECURA,BUCHUPUREO,ESCUELA BÁSICA BUCHUPUREO,4,ZJ.CHILE VAMOS UDI - INDEPENDIENTES,319. MARIELA DEL CARMEN JAQUE BLU,UDI,2.0,False
329673,COBQUECURA,BUCHUPUREO,ESCUELA BÁSICA BUCHUPUREO,4,ZJ.CHILE VAMOS UDI - INDEPENDIENTES,320. PLACIDO RENE GOMEZ VELASQUEZ,IND,0.0,False
329674,COBQUECURA,BUCHUPUREO,ESCUELA BÁSICA BUCHUPUREO,4,ZU.RADICALES E INDEPENDIENTES,321. HANS FRIZ ROZAS,IND,14.0,False
329675,COBQUECURA,COBQUECURA,LICEO POLIVALENTE DIEGO MISSENE BURGOS,1M,M.CHILE DIGNO VERDE Y SOBERANO,300. EVA DEL ROSARIO FERRADA ARANEDA,PCCH,3.0,False
329676,COBQUECURA,COBQUECURA,LICEO POLIVALENTE DIEGO MISSENE BURGOS,1M,XK.CHILE VAMOS RENOVACION NACIONAL - INDEPENDIENTES,301. CLAUDIO JOSE VARGAS SANDOVAL,RN,24.0,True
329677,COBQUECURA,COBQUECURA,LICEO POLIVALENTE DIEGO MISSENE BURGOS,1M,XK.CHILE VAMOS RENOVACION NACIONAL - INDEPENDIENTES,302. CRISTOBAL ALEJANDRO BUSTOS TORRES,IND,2.0,False
329678,COBQUECURA,COBQUECURA,LICEO POLIVALENTE DIEGO MISSENE BURGOS,1M,XK.CHILE VAMOS RENOVACION NACIONAL - INDEPENDIENTES,303. GLORIA XIMENA MUÑOZ CADIZ,IND,0.0,False
329679,COBQUECURA,COBQUECURA,LICEO POLIVALENTE DIEGO MISSENE BURGOS,1M,XU.UNIDOS POR LA DIGNIDAD,304. RODRIGO ALFONSO TORO VALENZUELA,PDC,15.0,False
329680,COBQUECURA,COBQUECURA,LICEO POLIVALENTE DIEGO MISSENE BURGOS,1M,XU.UNIDOS POR LA DIGNIDAD,305. LUIS EDUARDO MOYA ALARCON,IND,2.0,False
329681,COBQUECURA,COBQUECURA,LICEO POLIVALENTE DIEGO MISSENE BURGOS,1M,XU.UNIDOS POR LA DIGNIDAD,306. SERGIO ANTONIO BUSTOS VERA,IND,15.0,True
329682,COBQUECURA,COBQUECURA,LICEO POLIVALENTE DIEGO MISSENE BURGOS,1M,XU.UNIDOS POR LA DIGNIDAD,307. ALEXIS JACOBO VILLARROEL SEPULVEDA,IND,2.0,False
329683,COBQUECURA,COBQUECURA,LICEO POLIVALENTE DIEGO MISSENE BURGOS,1M,YM.CHILE VAMOS - PRI E INDEPENDIENTES,308. ELBA ROSARIO HERRERA BEROIZA,PRI,0.0,False
329684,COBQUECURA,COBQUECURA,LICEO POLIVALENTE DIEGO MISSENE BURGOS,1M,YM.CHILE VAMOS - PRI E INDEPENDIENTES,309. SERGIO ISAIAS SANGUINETTI PAVEZ,PRI,3.0,False
329685,COBQUECURA,COBQUECURA,LICEO POLIVALENTE DIEGO MISSENE BURGOS,1M,YW.UNIDAD POR EL APRUEBO PS PPD E INDEPENDIENTES,310. RAMON ASTOLFO VENEGAS NEIRA,PS,12.0,True
329686,COBQUECURA,COBQUECURA,LICEO POLIVALENTE DIEGO MISSENE BURGOS,1M,YW.UNIDAD POR EL APRUEBO PS PPD E INDEPENDIENTES,311. MIRIAM ISABEL FLORES VERA,PS,3.0,False
329687,COBQUECURA,COBQUECURA,LICEO POLIVALENTE DIEGO MISSENE BURGOS,1M,YW.UNIDAD POR EL APRUEBO PS PPD E INDEPENDIENTES,312. JORGE ONOFRE RODRIGUEZ CANCINO,PS,2.0,False
329688,COBQUECURA,COBQUECURA,LICEO POLIVALENTE DIEGO MISSENE BURGOS,1M,YW.UNIDAD POR EL APRUEBO PS PPD E INDEPENDIENTES,313. MIGUEL ANGEL LAGOS BETANCOURT,PPD,2.0,False
329689,COBQUECURA,COBQUECURA,LICEO POLIVALENTE DIEGO MISSENE BURGOS,1M,YW.UNIDAD POR EL APRUEBO PS PPD E INDEPENDIENTES,314. BERNARDO FUENTES FUENTES,IND,1.0,False
329690,COBQUECURA,COBQUECURA,LICEO POLIVALENTE DIEGO MISSENE BURGOS,1M,ZJ.CHILE VAMOS UDI - INDEPENDIENTES,315. HENRY ARIEL SEGURA ARIAS,UDI,25.0,True
329691,COBQUECURA,COBQUECURA,LICEO POLIVALENTE DIEGO MISSENE BURGOS,1M,ZJ.CHILE VAMOS UDI - INDEPENDIENTES,316. JACQUELINE ELIZABETH PACHECO ALARCON,UDI,0.0,False
329692,COBQUECURA,COBQUECURA,LICEO POLIVALENTE DIEGO MISSENE BURGOS,1M,ZJ.CHILE VAMOS UDI - INDEPENDIENTES,317. MARITZA ELENA ALARCON VERA,UDI,7.0,True
329693,COBQUECURA,COBQUECURA,LICEO POLIVALENTE DIEGO MISSENE BURGOS,1M,ZJ.CHILE VAMOS UDI - INDEPENDIENTES,318. MIGUEL ARMANDO PACHECO ALARCON,UDI,2.0,True
329694,COBQUECURA,COBQUECURA,LICEO POLIVALENTE DIEGO MISSENE BURGOS,1M,ZJ.CHILE VAMOS UDI - INDEPENDIENTES,319. MARIELA DEL CARMEN JAQUE BLU,UDI,6.0,False
329695,COBQUECURA,COBQUECURA,LICEO POLIVALENTE DIEGO MISSENE BURGOS,1M,ZJ.CHILE VAMOS UDI - INDEPENDIENTES,320. PLACIDO RENE GOMEZ VELASQUEZ,IND,2.0,False
329696,COBQUECURA,COBQUECURA,LICEO POLIVALENTE DIEGO MISSENE BURGOS,1M,ZU.RADICALES E INDEPENDIENTES,321. HANS FRIZ ROZAS,IND,1.0,False
329697,COBQUECURA,COBQUECURA,LICEO POLIVALENTE DIEGO MISSENE BURGOS,2M,M.CHILE DIGNO VERDE Y SOBERANO,300. EVA DEL ROSARIO FERRADA ARANEDA,PCCH,1.0,False
329698,COBQUECURA,COBQUECURA,LICEO POLIVALENTE DIEGO MISSENE BURGOS,2M,XK.CHILE VAMOS RENOVACION NACIONAL - INDEPENDIENTES,301. CLAUDIO JOSE VARGAS SANDOVAL,RN,21.0,True
329699,COBQUECURA,COBQUECURA,LICEO POLIVALENTE DIEGO MISSENE BURGOS,2M,XK.CHILE VAMOS RENOVACION NACIONAL - INDEPENDIENTES,302. CRISTOBAL ALEJANDRO BUSTOS TORRES,IND,5.0,False
329700,COBQUECURA,COBQUECURA,LICEO POLIVALENTE DIEGO MISSENE BURGOS,2M,XK.CHILE VAMOS RENOVACION NACIONAL - INDEPENDIENTES,303. GLORIA XIMENA MUÑOZ CADIZ,IND,0.0,False
329701,COBQUECURA,COBQUECURA,LICEO POLIVALENTE DIEGO MISSENE BURGOS,2M,XU.UNIDOS POR LA DIGNIDAD,304. RODRIGO ALFONSO TORO VALENZUELA,PDC,6.0,False
329702,COBQUECURA,COBQUECURA,LICEO POLIVALENTE DIEGO MISSENE BURGOS,2M,XU.UNIDOS POR LA DIGNIDAD,305. LUIS EDUARDO MOYA ALARCON,IND,7.0,False
329703,COBQUECURA,COBQUECURA,LICEO POLIVALENTE DIEGO MISSENE BURGOS,2M,XU.UNIDOS POR LA DIGNIDAD,306. SERGIO ANTONIO BUSTOS VERA,IND,10.0,True
329704,COBQUECURA,COBQUECURA,LICEO POLIVALENTE DIEGO MISSENE BURGOS,2M,XU.UNIDOS POR LA DIGNIDAD,307. ALEXIS JACOBO VILLARROEL SEPULVEDA,IND,2.0,False
329705,COBQUECURA,COBQUECURA,LICEO POLIVALENTE DIEGO MISSENE BURGOS,2M,YM.CHILE VAMOS - PRI E INDEPENDIENTES,308. ELBA ROSARIO HERRERA BEROIZA,PRI,2.0,False
329706,COBQUECURA,COBQUECURA,LICEO POLIVALENTE DIEGO MISSENE BURGOS,2M,YM.CHILE VAMOS - PRI E INDEPENDIENTES,309. SERGIO ISAIAS SANGUINETTI PAVEZ,PRI,3.0,False
329707,COBQUECURA,COBQUECURA,LICEO POLIVALENTE DIEGO MISSENE BURGOS,2M,YW.UNIDAD POR EL APRUEBO PS PPD E INDEPENDIENTES,310. RAMON ASTOLFO VENEGAS NEIRA,PS,17.0,True
329708,COBQUECURA,COBQUECURA,LICEO POLIVALENTE DIEGO MISSENE BURGOS,2M,YW.UNIDAD POR EL APRUEBO PS PPD E INDEPENDIENTES,311. MIRIAM ISABEL FLORES VERA,PS,6.0,False
329709,COBQUECURA,COBQUECURA,LICEO POLIVALENTE DIEGO MISSENE BURGOS,2M,YW.UNIDAD POR EL APRUEBO PS PPD E INDEPENDIENTES,312. JORGE ONOFRE RODRIGUEZ CANCINO,PS,5.0,False
329710,COBQUECURA,COBQUECURA,LICEO POLIVALENTE DIEGO MISSENE BURGOS,2M,YW.UNIDAD POR EL APRUEBO PS PPD E INDEPENDIENTES,313. MIGUEL ANGEL LAGOS BETANCOURT,PPD,1.0,False
329711,COBQUECURA,COBQUECURA,LICEO POLIVALENTE DIEGO MISSENE BURGOS,2M,YW.UNIDAD POR EL APRUEBO PS PPD E INDEPENDIENTES,314. BERNARDO FUENTES FUENTES,IND,0.0,False
329712,COBQUECURA,COBQUECURA,LICEO POLIVALENTE DIEGO MISSENE BURGOS,2M,ZJ.CHILE VAMOS UDI - INDEPENDIENTES,315. HENRY ARIEL SEGURA ARIAS,UDI,32.0,True
329713,COBQUECURA,COBQUECURA,LICEO POLIVALENTE DIEGO MISSENE BURGOS,2M,ZJ.CHILE VAMOS UDI - INDEPENDIENTES,316. JACQUELINE ELIZABETH PACHECO ALARCON,UDI,1.0,False
329714,COBQUECURA,COBQUECURA,LICEO POLIVALENTE DIEGO MISSENE BURGOS,2M,ZJ.CHILE VAMOS UDI - INDEPENDIENTES,317. MARITZA ELENA ALARCON VERA,UDI,9.0,True
329715,COBQUECURA,COBQUECURA,LICEO POLIVALENTE DIEGO MISSENE BURGOS,2M,ZJ.CHILE VAMOS UDI - INDEPENDIENTES,318. MIGUEL ARMANDO PACHECO ALARCON,UDI,3.0,True
329716,COBQUECURA,COBQUECURA,LICEO POLIVALENTE DIEGO MISSENE BURGOS,2M,ZJ.CHILE VAMOS UDI - INDEPENDIENTES,319. MARIELA DEL CARMEN JAQUE BLU,UDI,2.0,False
329717,COBQUECURA,COBQUECURA,LICEO POLIVALENTE DIEGO MISSENE BURGOS,2M,ZJ.CHILE VAMOS UDI - INDEPENDIENTES,320. PLACIDO RENE GOMEZ VELASQUEZ,IND,2.0,False
329718,COBQUECURA,COBQUECURA,LICEO POLIVALENTE DIEGO MISSENE BURGOS,2M,ZU.RADICALES E INDEPENDIENTES,321. HANS FRIZ ROZAS,IND,1.0,False
329719,COBQUECURA,COBQUECURA,LICEO POLIVALENTE DIEGO MISSENE BURGOS,3M,M.CHILE DIGNO VERDE Y SOBERANO,300. EVA DEL ROSARIO FERRADA ARANEDA,PCCH,1.0,False
329720,COBQUECURA,COBQUECURA,LICEO POLIVALENTE DIEGO MISSENE BURGOS,3M,XK.CHILE VAMOS RENOVACION NACIONAL - INDEPENDIENTES,301. CLAUDIO JOSE VARGAS SANDOVAL,RN,26.0,True
329721,COBQUECURA,COBQUECURA,LICEO POLIVALENTE DIEGO MISSENE BURGOS,3M,XK.CHILE VAMOS RENOVACION NACIONAL - INDEPENDIENTES,302. CRISTOBAL ALEJANDRO BUSTOS TORRES,IND,7.0,False
329722,COBQUECURA,COBQUECURA,LICEO POLIVALENTE DIEGO MISSENE BURGOS,3M,XK.CHILE VAMOS RENOVACION NACIONAL - INDEPENDIENTES,303. GLORIA XIMENA MUÑOZ CADIZ,IND,2.0,False
329723,COBQUECURA,COBQUECURA,LICEO POLIVALENTE DIEGO MISSENE BURGOS,3M,XU.UNIDOS POR LA DIGNIDAD,304. RODRIGO ALFONSO TORO VALENZUELA,PDC,10.0,False
329724,COBQUECURA,COBQUECURA,LICEO POLIVALENTE DIEGO MISSENE BURGOS,3M,XU.UNIDOS POR LA DIGNIDAD,305. LUIS EDUARDO MOYA ALARCON,IND,10.0,False
329725,COBQUECURA,COBQUECURA,LICEO POLIVALENTE DIEGO MISSENE BURGOS,3M,XU.UNIDOS POR LA DIGNIDAD,306. SERGIO ANTONIO BUSTOS VERA,IND,11.0,True
329726,COBQUECURA,COBQUECURA,LICEO POLIVALENTE DIEGO MISSENE BURGOS,3M,XU.UNIDOS POR LA DIGNIDAD,307. ALEXIS JACOBO VILLARROEL SEPULVEDA,IND,1.0,False
329727,COBQUECURA,COBQUECURA,LICEO POLIVALENTE DIEGO MISSENE BURGOS,3M,YM.CHILE VAMOS - PRI E INDEPENDIENTES,308. ELBA ROSARIO HERRERA BEROIZA,PRI,0.0,False
329728,COBQUECURA,COBQUECURA,LICEO POLIVALENTE DIEGO MISSENE BURGOS,3M,YM.CHILE VAMOS - PRI E INDEPENDIENTES,309. SERGIO ISAIAS SANGUINETTI PAVEZ,PRI,2.0,False
329729,COBQUECURA,COBQUECURA,LICEO POLIVALENTE DIEGO MISSENE BURGOS,3M,YW.UNIDAD POR EL APRUEBO PS PPD E INDEPENDIENTES,310. RAMON ASTOLFO VENEGAS NEIRA,PS,14.0,True
329730,COBQUECURA,COBQUECURA,LICEO POLIVALENTE DIEGO MISSENE BURGOS,3M,YW.UNIDAD POR EL APRUEBO PS PPD E INDEPENDIENTES,311. MIRIAM ISABEL FLORES VERA,PS,8.0,False
329731,COBQUECURA,COBQUECURA,LICEO POLIVALENTE DIEGO MISSENE BURGOS,3M,YW.UNIDAD POR EL APRUEBO PS PPD E INDEPENDIENTES,312. JORGE ONOFRE RODRIGUEZ CANCINO,PS,5.0,False
329732,COBQUECURA,COBQUECURA,LICEO POLIVALENTE DIEGO MISSENE BURGOS,3M,YW.UNIDAD POR EL APRUEBO PS PPD E INDEPENDIENTES,313. MIGUEL ANGEL LAGOS BETANCOURT,PPD,1.0,False
329733,COBQUECURA,COBQUECURA,LICEO POLIVALENTE DIEGO MISSENE BURGOS,3M,YW.UNIDAD POR EL APRUEBO PS PPD E INDEPENDIENTES,314. BERNARDO FUENTES FUENTES,IND,0.0,False
329734,COBQUECURA,COBQUECURA,LICEO POLIVALENTE DIEGO MISSENE BURGOS,3M,ZJ.CHILE VAMOS UDI - INDEPENDIENTES,315. HENRY ARIEL SEGURA ARIAS,UDI,21.0,True
329735,COBQUECURA,COBQUECURA,LICEO POLIVALENTE DIEGO MISSENE BURGOS,3M,ZJ.CHILE VAMOS UDI - INDEPENDIENTES,316. JACQUELINE ELIZABETH PACHECO ALARCON,UDI,4.0,False
329736,COBQUECURA,COBQUECURA,LICEO POLIVALENTE DIEGO MISSENE BURGOS,3M,ZJ.CHILE VAMOS UDI - INDEPENDIENTES,317. MARITZA ELENA ALARCON VERA,UDI,10.0,True
329737,COBQUECURA,COBQUECURA,LICEO POLIVALENTE DIEGO MISSENE BURGOS,3M,ZJ.CHILE VAMOS UDI - INDEPENDIENTES,318. MIGUEL ARMANDO PACHECO ALARCON,UDI,5.0,True
329738,COBQUECURA,COBQUECURA,LICEO POLIVALENTE DIEGO MISSENE BURGOS,3M,ZJ.CHILE VAMOS UDI - INDEPENDIENTES,319. MARIELA DEL CARMEN JAQUE BLU,UDI,3.0,False
329739,COBQUECURA,COBQUECURA,LICEO POLIVALENTE DIEGO MISSENE BURGOS,3M,ZJ.CHILE VAMOS UDI - INDEPENDIENTES,320. PLACIDO RENE GOMEZ VELASQUEZ,IND,2.0,False
329740,COBQUECURA,COBQUECURA,LICEO POLIVALENTE DIEGO MISSENE BURGOS,3M,ZU.RADICALES E INDEPENDIENTES,321. HANS FRIZ ROZAS,IND,1.0,False
329741,COBQUECURA,COBQUECURA,LICEO POLIVALENTE DIEGO MISSENE BURGOS,4M,M.CHILE DIGNO VERDE Y SOBERANO,300. EVA DEL ROSARIO FERRADA ARANEDA,PCCH,1.0,False
329742,COBQUECURA,COBQUECURA,LICEO POLIVALENTE DIEGO MISSENE BURGOS,4M,XK.CHILE VAMOS RENOVACION NACIONAL - INDEPENDIENTES,301. CLAUDIO JOSE VARGAS SANDOVAL,RN,35.0,True
329743,COBQUECURA,COBQUECURA,LICEO POLIVALENTE DIEGO MISSENE BURGOS,4M,XK.CHILE VAMOS RENOVACION NACIONAL - INDEPENDIENTES,302. CRISTOBAL ALEJANDRO BUSTOS TORRES,IND,10.0,False
329744,COBQUECURA,COBQUECURA,LICEO POLIVALENTE DIEGO MISSENE BURGOS,4M,XK.CHILE VAMOS RENOVACION NACIONAL - INDEPENDIENTES,303. GLORIA XIMENA MUÑOZ CADIZ,IND,0.0,False
329745,COBQUECURA,COBQUECURA,LICEO POLIVALENTE DIEGO MISSENE BURGOS,4M,XU.UNIDOS POR LA DIGNIDAD,304. RODRIGO ALFONSO TORO VALENZUELA,PDC,18.0,False
329746,COBQUECURA,COBQUECURA,LICEO POLIVALENTE DIEGO MISSENE BURGOS,4M,XU.UNIDOS POR LA DIGNIDAD,305. LUIS EDUARDO MOYA ALARCON,IND,9.0,False
329747,COBQUECURA,COBQUECURA,LICEO POLIVALENTE DIEGO MISSENE BURGOS,4M,XU.UNIDOS POR LA DIGNIDAD,306. SERGIO ANTONIO BUSTOS VERA,IND,18.0,True
329748,COBQUECURA,COBQUECURA,LICEO POLIVALENTE DIEGO MISSENE BURGOS,4M,XU.UNIDOS POR LA DIGNIDAD,307. ALEXIS JACOBO VILLARROEL SEPULVEDA,IND,2.0,False
329749,COBQUECURA,COBQUECURA,LICEO POLIVALENTE DIEGO MISSENE BURGOS,4M,YM.CHILE VAMOS - PRI E INDEPENDIENTES,308. ELBA ROSARIO HERRERA BEROIZA,PRI,2.0,False
329750,COBQUECURA,COBQUECURA,LICEO POLIVALENTE DIEGO MISSENE BURGOS,4M,YM.CHILE VAMOS - PRI E INDEPENDIENTES,309. SERGIO ISAIAS SANGUINETTI PAVEZ,PRI,2.0,False
329751,COBQUECURA,COBQUECURA,LICEO POLIVALENTE DIEGO MISSENE BURGOS,4M,YW.UNIDAD POR EL APRUEBO PS PPD E INDEPENDIENTES,310. RAMON ASTOLFO VENEGAS NEIRA,PS,17.0,True
329752,COBQUECURA,COBQUECURA,LICEO POLIVALENTE DIEGO MISSENE BURGOS,4M,YW.UNIDAD POR EL APRUEBO PS PPD E INDEPENDIENTES,311. MIRIAM ISABEL FLORES VERA,PS,9.0,False
329753,COBQUECURA,COBQUECURA,LICEO POLIVALENTE DIEGO MISSENE BURGOS,4M,YW.UNIDAD POR EL APRUEBO PS PPD E INDEPENDIENTES,312. JORGE ONOFRE RODRIGUEZ CANCINO,PS,6.0,False
329754,COBQUECURA,COBQUECURA,LICEO POLIVALENTE DIEGO MISSENE BURGOS,4M,YW.UNIDAD POR EL APRUEBO PS PPD E INDEPENDIENTES,313. MIGUEL ANGEL LAGOS BETANCOURT,PPD,6.0,False
329755,COBQUECURA,COBQUECURA,LICEO POLIVALENTE DIEGO MISSENE BURGOS,4M,YW.UNIDAD POR EL APRUEBO PS PPD E INDEPENDIENTES,314. BERNARDO FUENTES FUENTES,IND,0.0,False
329756,COBQUECURA,COBQUECURA,LICEO POLIVALENTE DIEGO MISSENE BURGOS,4M,ZJ.CHILE VAMOS UDI - INDEPENDIENTES,315. HENRY ARIEL SEGURA ARIAS,UDI,31.0,True
329757,COBQUECURA,COBQUECURA,LICEO POLIVALENTE DIEGO MISSENE BURGOS,4M,ZJ.CHILE VAMOS UDI - INDEPENDIENTES,316. JACQUELINE ELIZABETH PACHECO ALARCON,UDI,6.0,False
329758,COBQUECURA,COBQUECURA,LICEO POLIVALENTE DIEGO MISSENE BURGOS,4M,ZJ.CHILE VAMOS UDI - INDEPENDIENTES,317. MARITZA ELENA ALARCON VERA,UDI,13.0,True
329759,COBQUECURA,COBQUECURA,LICEO POLIVALENTE DIEGO MISSENE BURGOS,4M,ZJ.CHILE VAMOS UDI - INDEPENDIENTES,318. MIGUEL ARMANDO PACHECO ALARCON,UDI,9.0,True
329760,COBQUECURA,COBQUECURA,LICEO POLIVALENTE DIEGO MISSENE BURGOS,4M,ZJ.CHILE VAMOS UDI - INDEPENDIENTES,319. MARIELA DEL CARMEN JAQUE BLU,UDI,3.0,False
329761,COBQUECURA,COBQUECURA,LICEO POLIVALENTE DIEGO MISSENE BURGOS,4M,ZJ.CHILE VAMOS UDI - INDEPENDIENTES,320. PLACIDO RENE GOMEZ VELASQUEZ,IND,4.0,False
329762,COBQUECURA,COBQUECURA,LICEO POLIVALENTE DIEGO MISSENE BURGOS,4M,ZU.RADICALES E INDEPENDIENTES,321. HANS FRIZ ROZAS,IND,4.0,False
329763,COBQUECURA,COBQUECURA,LICEO POLIVALENTE DIEGO MISSENE BURGOS,5M,M.CHILE DIGNO VERDE Y SOBERANO,300. EVA DEL ROSARIO FERRADA ARANEDA,PCCH,3.0,False
329764,COBQUECURA,COBQUECURA,LICEO POLIVALENTE DIEGO MISSENE BURGOS,5M,XK.CHILE VAMOS RENOVACION NACIONAL - INDEPENDIENTES,301. CLAUDIO JOSE VARGAS SANDOVAL,RN,23.0,True
329765,COBQUECURA,COBQUECURA,LICEO POLIVALENTE DIEGO MISSENE BURGOS,5M,XK.CHILE VAMOS RENOVACION NACIONAL - INDEPENDIENTES,302. CRISTOBAL ALEJANDRO BUSTOS TORRES,IND,6.0,False
329766,COBQUECURA,COBQUECURA,LICEO POLIVALENTE DIEGO MISSENE BURGOS,5M,XK.CHILE VAMOS RENOVACION NACIONAL - INDEPENDIENTES,303. GLORIA XIMENA MUÑOZ CADIZ,IND,1.0,False
329767,COBQUECURA,COBQUECURA,LICEO POLIVALENTE DIEGO MISSENE BURGOS,5M,XU.UNIDOS POR LA DIGNIDAD,304. RODRIGO ALFONSO TORO VALENZUELA,PDC,14.0,False
329768,COBQUECURA,COBQUECURA,LICEO POLIVALENTE DIEGO MISSENE BURGOS,5M,XU.UNIDOS POR LA DIGNIDAD,305. LUIS EDUARDO MOYA ALARCON,IND,7.0,False
329769,COBQUECURA,COBQUECURA,LICEO POLIVALENTE DIEGO MISSENE BURGOS,5M,XU.UNIDOS POR LA DIGNIDAD,306. SERGIO ANTONIO BUSTOS VERA,IND,17.0,True
329770,COBQUECURA,COBQUECURA,LICEO POLIVALENTE DIEGO MISSENE BURGOS,5M,XU.UNIDOS POR LA DIGNIDAD,307. ALEXIS JACOBO VILLARROEL SEPULVEDA,IND,0.0,False
329771,COBQUECURA,COBQUECURA,LICEO POLIVALENTE DIEGO MISSENE BURGOS,5M,YM.CHILE VAMOS - PRI E INDEPENDIENTES,308. ELBA ROSARIO HERRERA BEROIZA,PRI,2.0,False
329772,COBQUECURA,COBQUECURA,LICEO POLIVALENTE DIEGO MISSENE BURGOS,5M,YM.CHILE VAMOS - PRI E INDEPENDIENTES,309. SERGIO ISAIAS SANGUINETTI PAVEZ,PRI,2.0,False
329773,COBQUECURA,COBQUECURA,LICEO POLIVALENTE DIEGO MISSENE BURGOS,5M,YW.UNIDAD POR EL APRUEBO PS PPD E INDEPENDIENTES,310. RAMON ASTOLFO VENEGAS NEIRA,PS,21.0,True
329774,COBQUECURA,COBQUECURA,LICEO POLIVALENTE DIEGO MISSENE BURGOS,5M,YW.UNIDAD POR EL APRUEBO PS PPD E INDEPENDIENTES,311. MIRIAM ISABEL FLORES VERA,PS,9.0,False
329775,COBQUECURA,COBQUECURA,LICEO POLIVALENTE DIEGO MISSENE BURGOS,5M,YW.UNIDAD POR EL APRUEBO PS PPD E INDEPENDIENTES,312. JORGE ONOFRE RODRIGUEZ CANCINO,PS,5.0,False
329776,COBQUECURA,COBQUECURA,LICEO POLIVALENTE DIEGO MISSENE BURGOS,5M,YW.UNIDAD POR EL APRUEBO PS PPD E INDEPENDIENTES,313. MIGUEL ANGEL LAGOS BETANCOURT,PPD,0.0,False
329777,COBQUECURA,COBQUECURA,LICEO POLIVALENTE DIEGO MISSENE BURGOS,5M,YW.UNIDAD POR EL APRUEBO PS PPD E INDEPENDIENTES,314. BERNARDO FUENTES FUENTES,IND,1.0,False
329778,COBQUECURA,COBQUECURA,LICEO POLIVALENTE DIEGO MISSENE BURGOS,5M,ZJ.CHILE VAMOS UDI - INDEPENDIENTES,315. HENRY ARIEL SEGURA ARIAS,UDI,31.0,True
329779,COBQUECURA,COBQUECURA,LICEO POLIVALENTE DIEGO MISSENE BURGOS,5M,ZJ.CHILE VAMOS UDI - INDEPENDIENTES,316. JACQUELINE ELIZABETH PACHECO ALARCON,UDI,4.0,False
329780,COBQUECURA,COBQUECURA,LICEO POLIVALENTE DIEGO MISSENE BURGOS,5M,ZJ.CHILE VAMOS UDI - INDEPENDIENTES,317. MARITZA ELENA ALARCON VERA,UDI,10.0,True
329781,COBQUECURA,COBQUECURA,LICEO POLIVALENTE DIEGO MISSENE BURGOS,5M,ZJ.CHILE VAMOS UDI - INDEPENDIENTES,318. MIGUEL ARMANDO PACHECO ALARCON,UDI,10.0,True
329782,COBQUECURA,COBQUECURA,LICEO POLIVALENTE DIEGO MISSENE BURGOS,5M,ZJ.CHILE VAMOS UDI - INDEPENDIENTES,319. MARIELA DEL CARMEN JAQUE BLU,UDI,3.0,False
329783,COBQUECURA,COBQUECURA,LICEO POLIVALENTE DIEGO MISSENE BURGOS,5M,ZJ.CHILE VAMOS UDI - INDEPENDIENTES,320. PLACIDO RENE GOMEZ VELASQUEZ,IND,5.0,False
329784,COBQUECURA,COBQUECURA,LICEO POLIVALENTE DIEGO MISSENE BURGOS,5M,ZU.RADICALES E INDEPENDIENTES,321. HANS FRIZ ROZAS,IND,0.0,False
329785,COBQUECURA,COBQUECURA,LICEO POLIVALENTE DIEGO MISSENE BURGOS,6M,M.CHILE DIGNO VERDE Y SOBERANO,300. EVA DEL ROSARIO FERRADA ARANEDA,PCCH,1.0,False
329786,COBQUECURA,COBQUECURA,LICEO POLIVALENTE DIEGO MISSENE BURGOS,6M,XK.CHILE VAMOS RENOVACION NACIONAL - INDEPENDIENTES,301. CLAUDIO JOSE VARGAS SANDOVAL,RN,35.0,True
329787,COBQUECURA,COBQUECURA,LICEO POLIVALENTE DIEGO MISSENE BURGOS,6M,XK.CHILE VAMOS RENOVACION NACIONAL - INDEPENDIENTES,302. CRISTOBAL ALEJANDRO BUSTOS TORRES,IND,4.0,False
329788,COBQUECURA,COBQUECURA,LICEO POLIVALENTE DIEGO MISSENE BURGOS,6M,XK.CHILE VAMOS RENOVACION NACIONAL - INDEPENDIENTES,303. GLORIA XIMENA MUÑOZ CADIZ,IND,0.0,False
329789,COBQUECURA,COBQUECURA,LICEO POLIVALENTE DIEGO MISSENE BURGOS,6M,XU.UNIDOS POR LA DIGNIDAD,304. RODRIGO ALFONSO TORO VALENZUELA,PDC,10.0,False
329790,COBQUECURA,COBQUECURA,LICEO POLIVALENTE DIEGO MISSENE BURGOS,6M,XU.UNIDOS POR LA DIGNIDAD,305. LUIS EDUARDO MOYA ALARCON,IND,9.0,False
329791,COBQUECURA,COBQUECURA,LICEO POLIVALENTE DIEGO MISSENE BURGOS,6M,XU.UNIDOS POR LA DIGNIDAD,306. SERGIO ANTONIO BUSTOS VERA,IND,20.0,True
329792,COBQUECURA,COBQUECURA,LICEO POLIVALENTE DIEGO MISSENE BURGOS,6M,XU.UNIDOS POR LA DIGNIDAD,307. ALEXIS JACOBO VILLARROEL SEPULVEDA,IND,3.0,False
329793,COBQUECURA,COBQUECURA,LICEO POLIVALENTE DIEGO MISSENE BURGOS,6M,YM.CHILE VAMOS - PRI E INDEPENDIENTES,308. ELBA ROSARIO HERRERA BEROIZA,PRI,4.0,False
329794,COBQUECURA,COBQUECURA,LICEO POLIVALENTE DIEGO MISSENE BURGOS,6M,YM.CHILE VAMOS - PRI E INDEPENDIENTES,309. SERGIO ISAIAS SANGUINETTI PAVEZ,PRI,3.0,False
329795,COBQUECURA,COBQUECURA,LICEO POLIVALENTE DIEGO MISSENE BURGOS,6M,YW.UNIDAD POR EL APRUEBO PS PPD E INDEPENDIENTES,310. RAMON ASTOLFO VENEGAS NEIRA,PS,21.0,True
329796,COBQUECURA,COBQUECURA,LICEO POLIVALENTE DIEGO MISSENE BURGOS,6M,YW.UNIDAD POR EL APRUEBO PS PPD E INDEPENDIENTES,311. MIRIAM ISABEL FLORES VERA,PS,12.0,False
329797,COBQUECURA,COBQUECURA,LICEO POLIVALENTE DIEGO MISSENE BURGOS,6M,YW.UNIDAD POR EL APRUEBO PS PPD E INDEPENDIENTES,312. JORGE ONOFRE RODRIGUEZ CANCINO,PS,6.0,False
329798,COBQUECURA,COBQUECURA,LICEO POLIVALENTE DIEGO MISSENE BURGOS,6M,YW.UNIDAD POR EL APRUEBO PS PPD E INDEPENDIENTES,313. MIGUEL ANGEL LAGOS BETANCOURT,PPD,2.0,False
329799,COBQUECURA,COBQUECURA,LICEO POLIVALENTE DIEGO MISSENE BURGOS,6M,YW.UNIDAD POR EL APRUEBO PS PPD E INDEPENDIENTES,314. BERNARDO FUENTES FUENTES,IND,0.0,False
329800,COBQUECURA,COBQUECURA,LICEO POLIVALENTE DIEGO MISSENE BURGOS,6M,ZJ.CHILE VAMOS UDI - INDEPENDIENTES,315. HENRY ARIEL SEGURA ARIAS,UDI,33.0,True
329801,COBQUECURA,COBQUECURA,LICEO POLIVALENTE DIEGO MISSENE BURGOS,6M,ZJ.CHILE VAMOS UDI - INDEPENDIENTES,316. JACQUELINE ELIZABETH PACHECO ALARCON,UDI,3.0,False
329802,COBQUECURA,COBQUECURA,LICEO POLIVALENTE DIEGO MISSENE BURGOS,6M,ZJ.CHILE VAMOS UDI - INDEPENDIENTES,317. MARITZA ELENA ALARCON VERA,UDI,4.0,True
329803,COBQUECURA,COBQUECURA,LICEO POLIVALENTE DIEGO MISSENE BURGOS,6M,ZJ.CHILE VAMOS UDI - INDEPENDIENTES,318. MIGUEL ARMANDO PACHECO ALARCON,UDI,6.0,True
329804,COBQUECURA,COBQUECURA,LICEO POLIVALENTE DIEGO MISSENE BURGOS,6M,ZJ.CHILE VAMOS UDI - INDEPENDIENTES,319. MARIELA DEL CARMEN JAQUE BLU,UDI,2.0,False
329805,COBQUECURA,COBQUECURA,LICEO POLIVALENTE DIEGO MISSENE BURGOS,6M,ZJ.CHILE VAMOS UDI - INDEPENDIENTES,320. PLACIDO RENE GOMEZ VELASQUEZ,IND,0.0,False
329806,COBQUECURA,COBQUECURA,LICEO POLIVALENTE DIEGO MISSENE BURGOS,6M,ZU.RADICALES E INDEPENDIENTES,321. HANS FRIZ ROZAS,IND,1.0,False
329807,COBQUECURA,COBQUECURA,LICEO POLIVALENTE DIEGO MISSENE BURGOS,7M-11V,M.CHILE DIGNO VERDE Y SOBERANO,300. EVA DEL ROSARIO FERRADA ARANEDA,PCCH,3.0,False
329808,COBQUECURA,COBQUECURA,LICEO POLIVALENTE DIEGO MISSENE BURGOS,7M-11V,XK.CHILE VAMOS RENOVACION NACIONAL - INDEPENDIENTES,301. CLAUDIO JOSE VARGAS SANDOVAL,RN,34.0,True
329809,COBQUECURA,COBQUECURA,LICEO POLIVALENTE DIEGO MISSENE BURGOS,7M-11V,XK.CHILE VAMOS RENOVACION NACIONAL - INDEPENDIENTES,302. CRISTOBAL ALEJANDRO BUSTOS TORRES,IND,10.0,False
329810,COBQUECURA,COBQUECURA,LICEO POLIVALENTE DIEGO MISSENE BURGOS,7M-11V,XK.CHILE VAMOS RENOVACION NACIONAL - INDEPENDIENTES,303. GLORIA XIMENA MUÑOZ CADIZ,IND,2.0,False
329811,COBQUECURA,COBQUECURA,LICEO POLIVALENTE DIEGO MISSENE BURGOS,7M-11V,XU.UNIDOS POR LA DIGNIDAD,304. RODRIGO ALFONSO TORO VALENZUELA,PDC,21.0,False
329812,COBQUECURA,COBQUECURA,LICEO POLIVALENTE DIEGO MISSENE BURGOS,7M-11V,XU.UNIDOS POR LA DIGNIDAD,305. LUIS EDUARDO MOYA ALARCON,IND,7.0,False
329813,COBQUECURA,COBQUECURA,LICEO POLIVALENTE DIEGO MISSENE BURGOS,7M-11V,XU.UNIDOS POR LA DIGNIDAD,306. SERGIO ANTONIO BUSTOS VERA,IND,14.0,True
329814,COBQUECURA,COBQUECURA,LICEO POLIVALENTE DIEGO MISSENE BURGOS,7M-11V,XU.UNIDOS POR LA DIGNIDAD,307. ALEXIS JACOBO VILLARROEL SEPULVEDA,IND,5.0,False
329815,COBQUECURA,COBQUECURA,LICEO POLIVALENTE DIEGO MISSENE BURGOS,7M-11V,YM.CHILE VAMOS - PRI E INDEPENDIENTES,308. ELBA ROSARIO HERRERA BEROIZA,PRI,2.0,False
329816,COBQUECURA,COBQUECURA,LICEO POLIVALENTE DIEGO MISSENE BURGOS,7M-11V,YM.CHILE VAMOS - PRI E INDEPENDIENTES,309. SERGIO ISAIAS SANGUINETTI PAVEZ,PRI,2.0,False
329817,COBQUECURA,COBQUECURA,LICEO POLIVALENTE DIEGO MISSENE BURGOS,7M-11V,YW.UNIDAD POR EL APRUEBO PS PPD E INDEPENDIENTES,310. RAMON ASTOLFO VENEGAS NEIRA,PS,27.0,True
329818,COBQUECURA,COBQUECURA,LICEO POLIVALENTE DIEGO MISSENE BURGOS,7M-11V,YW.UNIDAD POR EL APRUEBO PS PPD E INDEPENDIENTES,311. MIRIAM ISABEL FLORES VERA,PS,13.0,False
329819,COBQUECURA,COBQUECURA,LICEO POLIVALENTE DIEGO MISSENE BURGOS,7M-11V,YW.UNIDAD POR EL APRUEBO PS PPD E INDEPENDIENTES,312. JORGE ONOFRE RODRIGUEZ CANCINO,PS,10.0,False
329820,COBQUECURA,COBQUECURA,LICEO POLIVALENTE DIEGO MISSENE BURGOS,7M-11V,YW.UNIDAD POR EL APRUEBO PS PPD E INDEPENDIENTES,313. MIGUEL ANGEL LAGOS BETANCOURT,PPD,3.0,False
329821,COBQUECURA,COBQUECURA,LICEO POLIVALENTE DIEGO MISSENE BURGOS,7M-11V,YW.UNIDAD POR EL APRUEBO PS PPD E INDEPENDIENTES,314. BERNARDO FUENTES FUENTES,IND,2.0,False
329822,COBQUECURA,COBQUECURA,LICEO POLIVALENTE DIEGO MISSENE BURGOS,7M-11V,ZJ.CHILE VAMOS UDI - INDEPENDIENTES,315. HENRY ARIEL SEGURA ARIAS,UDI,31.0,True
329823,COBQUECURA,COBQUECURA,LICEO POLIVALENTE DIEGO MISSENE BURGOS,7M-11V,ZJ.CHILE VAMOS UDI - INDEPENDIENTES,316. JACQUELINE ELIZABETH PACHECO ALARCON,UDI,2.0,False
329824,COBQUECURA,COBQUECURA,LICEO POLIVALENTE DIEGO MISSENE BURGOS,7M-11V,ZJ.CHILE VAMOS UDI - INDEPENDIENTES,317. MARITZA ELENA ALARCON VERA,UDI,6.0,True
329825,COBQUECURA,COBQUECURA,LICEO POLIVALENTE DIEGO MISSENE BURGOS,7M-11V,ZJ.CHILE VAMOS UDI - INDEPENDIENTES,318. MIGUEL ARMANDO PACHECO ALARCON,UDI,5.0,True
329826,COBQUECURA,COBQUECURA,LICEO POLIVALENTE DIEGO MISSENE BURGOS,7M-11V,ZJ.CHILE VAMOS UDI - INDEPENDIENTES,319. MARIELA DEL CARMEN JAQUE BLU,UDI,8.0,False
329827,COBQUECURA,COBQUECURA,LICEO POLIVALENTE DIEGO MISSENE BURGOS,7M-11V,ZJ.CHILE VAMOS UDI - INDEPENDIENTES,320. PLACIDO RENE GOMEZ VELASQUEZ,IND,2.0,False
329828,COBQUECURA,COBQUECURA,LICEO POLIVALENTE DIEGO MISSENE BURGOS,7M-11V,ZU.RADICALES E INDEPENDIENTES,321. HANS FRIZ ROZAS,IND,5.0,False
329829,COBQUECURA,COBQUECURA,LICEO POLIVALENTE DIEGO MISSENE BURGOS,8M,M.CHILE DIGNO VERDE Y SOBERANO,300. EVA DEL ROSARIO FERRADA ARANEDA,PCCH,2.0,False
329830,COBQUECURA,COBQUECURA,LICEO POLIVALENTE DIEGO MISSENE BURGOS,8M,XK.CHILE VAMOS RENOVACION NACIONAL - INDEPENDIENTES,301. CLAUDIO JOSE VARGAS SANDOVAL,RN,33.0,True
329831,COBQUECURA,COBQUECURA,LICEO POLIVALENTE DIEGO MISSENE BURGOS,8M,XK.CHILE VAMOS RENOVACION NACIONAL - INDEPENDIENTES,302. CRISTOBAL ALEJANDRO BUSTOS TORRES,IND,5.0,False
329832,COBQUECURA,COBQUECURA,LICEO POLIVALENTE DIEGO MISSENE BURGOS,8M,XK.CHILE VAMOS RENOVACION NACIONAL - INDEPENDIENTES,303. GLORIA XIMENA MUÑOZ CADIZ,IND,0.0,False
329833,COBQUECURA,COBQUECURA,LICEO POLIVALENTE DIEGO MISSENE BURGOS,8M,XU.UNIDOS POR LA DIGNIDAD,304. RODRIGO ALFONSO TORO VALENZUELA,PDC,8.0,False
329834,COBQUECURA,COBQUECURA,LICEO POLIVALENTE DIEGO MISSENE BURGOS,8M,XU.UNIDOS POR LA DIGNIDAD,305. LUIS EDUARDO MOYA ALARCON,IND,6.0,False
329835,COBQUECURA,COBQUECURA,LICEO POLIVALENTE DIEGO MISSENE BURGOS,8M,XU.UNIDOS POR LA DIGNIDAD,306. SERGIO ANTONIO BUSTOS VERA,IND,13.0,True
329836,COBQUECURA,COBQUECURA,LICEO POLIVALENTE DIEGO MISSENE BURGOS,8M,XU.UNIDOS POR LA DIGNIDAD,307. ALEXIS JACOBO VILLARROEL SEPULVEDA,IND,0.0,False
329837,COBQUECURA,COBQUECURA,LICEO POLIVALENTE DIEGO MISSENE BURGOS,8M,YM.CHILE VAMOS - PRI E INDEPENDIENTES,308. ELBA ROSARIO HERRERA BEROIZA,PRI,2.0,False
329838,COBQUECURA,COBQUECURA,LICEO POLIVALENTE DIEGO MISSENE BURGOS,8M,YM.CHILE VAMOS - PRI E INDEPENDIENTES,309. SERGIO ISAIAS SANGUINETTI PAVEZ,PRI,1.0,False
329839,COBQUECURA,COBQUECURA,LICEO POLIVALENTE DIEGO MISSENE BURGOS,8M,YW.UNIDAD POR EL APRUEBO PS PPD E INDEPENDIENTES,310. RAMON ASTOLFO VENEGAS NEIRA,PS,22.0,True
329840,COBQUECURA,COBQUECURA,LICEO POLIVALENTE DIEGO MISSENE BURGOS,8M,YW.UNIDAD POR EL APRUEBO PS PPD E INDEPENDIENTES,311. MIRIAM ISABEL FLORES VERA,PS,7.0,False
329841,COBQUECURA,COBQUECURA,LICEO POLIVALENTE DIEGO MISSENE BURGOS,8M,YW.UNIDAD POR EL APRUEBO PS PPD E INDEPENDIENTES,312. JORGE ONOFRE RODRIGUEZ CANCINO,PS,5.0,False
329842,COBQUECURA,COBQUECURA,LICEO POLIVALENTE DIEGO MISSENE BURGOS,8M,YW.UNIDAD POR EL APRUEBO PS PPD E INDEPENDIENTES,313. MIGUEL ANGEL LAGOS BETANCOURT,PPD,0.0,False
329843,COBQUECURA,COBQUECURA,LICEO POLIVALENTE DIEGO MISSENE BURGOS,8M,YW.UNIDAD POR EL APRUEBO PS PPD E INDEPENDIENTES,314. BERNARDO FUENTES FUENTES,IND,1.0,False
329844,COBQUECURA,COBQUECURA,LICEO POLIVALENTE DIEGO MISSENE BURGOS,8M,ZJ.CHILE VAMOS UDI - INDEPENDIENTES,315. HENRY ARIEL SEGURA ARIAS,UDI,24.0,True
329845,COBQUECURA,COBQUECURA,LICEO POLIVALENTE DIEGO MISSENE BURGOS,8M,ZJ.CHILE VAMOS UDI - INDEPENDIENTES,316. JACQUELINE ELIZABETH PACHECO ALARCON,UDI,1.0,False
329846,COBQUECURA,COBQUECURA,LICEO POLIVALENTE DIEGO MISSENE BURGOS,8M,ZJ.CHILE VAMOS UDI - INDEPENDIENTES,317. MARITZA ELENA ALARCON VERA,UDI,9.0,True
329847,COBQUECURA,COBQUECURA,LICEO POLIVALENTE DIEGO MISSENE BURGOS,8M,ZJ.CHILE VAMOS UDI - INDEPENDIENTES,318. MIGUEL ARMANDO PACHECO ALARCON,UDI,3.0,True
329848,COBQUECURA,COBQUECURA,LICEO POLIVALENTE DIEGO MISSENE BURGOS,8M,ZJ.CHILE VAMOS UDI - INDEPENDIENTES,319. MARIELA DEL CARMEN JAQUE BLU,UDI,1.0,False
329849,COBQUECURA,COBQUECURA,LICEO POLIVALENTE DIEGO MISSENE BURGOS,8M,ZJ.CHILE VAMOS UDI - INDEPENDIENTES,320. PLACIDO RENE GOMEZ VELASQUEZ,IND,2.0,False
329850,COBQUECURA,COBQUECURA,LICEO POLIVALENTE DIEGO MISSENE BURGOS,8M,ZU.RADICALES E INDEPENDIENTES,321. HANS FRIZ ROZAS,IND,2.0,False
329851,COBQUECURA,COBQUECURA,LICEO POLIVALENTE DIEGO MISSENE BURGOS,9M,M.CHILE DIGNO VERDE Y SOBERANO,300. EVA DEL ROSARIO FERRADA ARANEDA,PCCH,2.0,False
329852,COBQUECURA,COBQUECURA,LICEO POLIVALENTE DIEGO MISSENE BURGOS,9M,XK.CHILE VAMOS RENOVACION NACIONAL - INDEPENDIENTES,301. CLAUDIO JOSE VARGAS SANDOVAL,RN,22.0,True
329853,COBQUECURA,COBQUECURA,LICEO POLIVALENTE DIEGO MISSENE BURGOS,9M,XK.CHILE VAMOS RENOVACION NACIONAL - INDEPENDIENTES,302. CRISTOBAL ALEJANDRO BUSTOS TORRES,IND,4.0,False
329854,COBQUECURA,COBQUECURA,LICEO POLIVALENTE DIEGO MISSENE BURGOS,9M,XK.CHILE VAMOS RENOVACION NACIONAL - INDEPENDIENTES,303. GLORIA XIMENA MUÑOZ CADIZ,IND,2.0,False
329855,COBQUECURA,COBQUECURA,LICEO POLIVALENTE DIEGO MISSENE BURGOS,9M,XU.UNIDOS POR LA DIGNIDAD,304. RODRIGO ALFONSO TORO VALENZUELA,PDC,14.0,False
329856,COBQUECURA,COBQUECURA,LICEO POLIVALENTE DIEGO MISSENE BURGOS,9M,XU.UNIDOS POR LA DIGNIDAD,305. LUIS EDUARDO MOYA ALARCON,IND,6.0,False
329857,COBQUECURA,COBQUECURA,LICEO POLIVALENTE DIEGO MISSENE BURGOS,9M,XU.UNIDOS POR LA DIGNIDAD,306. SERGIO ANTONIO BUSTOS VERA,IND,15.0,True
329858,COBQUECURA,COBQUECURA,LICEO POLIVALENTE DIEGO MISSENE BURGOS,9M,XU.UNIDOS POR LA DIGNIDAD,307. ALEXIS JACOBO VILLARROEL SEPULVEDA,IND,1.0,False
329859,COBQUECURA,COBQUECURA,LICEO POLIVALENTE DIEGO MISSENE BURGOS,9M,YM.CHILE VAMOS - PRI E INDEPENDIENTES,308. ELBA ROSARIO HERRERA BEROIZA,PRI,2.0,False
329860,COBQUECURA,COBQUECURA,LICEO POLIVALENTE DIEGO MISSENE BURGOS,9M,YM.CHILE VAMOS - PRI E INDEPENDIENTES,309. SERGIO ISAIAS SANGUINETTI PAVEZ,PRI,1.0,False
329861,COBQUECURA,COBQUECURA,LICEO POLIVALENTE DIEGO MISSENE BURGOS,9M,YW.UNIDAD POR EL APRUEBO PS PPD E INDEPENDIENTES,310. RAMON ASTOLFO VENEGAS NEIRA,PS,23.0,True
329862,COBQUECURA,COBQUECURA,LICEO POLIVALENTE DIEGO MISSENE BURGOS,9M,YW.UNIDAD POR EL APRUEBO PS PPD E INDEPENDIENTES,311. MIRIAM ISABEL FLORES VERA,PS,16.0,False
329863,COBQUECURA,COBQUECURA,LICEO POLIVALENTE DIEGO MISSENE BURGOS,9M,YW.UNIDAD POR EL APRUEBO PS PPD E INDEPENDIENTES,312. JORGE ONOFRE RODRIGUEZ CANCINO,PS,5.0,False
329864,COBQUECURA,COBQUECURA,LICEO POLIVALENTE DIEGO MISSENE BURGOS,9M,YW.UNIDAD POR EL APRUEBO PS PPD E INDEPENDIENTES,313. MIGUEL ANGEL LAGOS BETANCOURT,PPD,1.0,False
329865,COBQUECURA,COBQUECURA,LICEO POLIVALENTE DIEGO MISSENE BURGOS,9M,YW.UNIDAD POR EL APRUEBO PS PPD E INDEPENDIENTES,314. BERNARDO FUENTES FUENTES,IND,20.0,False
329866,COBQUECURA,COBQUECURA,LICEO POLIVALENTE DIEGO MISSENE BURGOS,9M,ZJ.CHILE VAMOS UDI - INDEPENDIENTES,315. HENRY ARIEL SEGURA ARIAS,UDI,1.0,True
329867,COBQUECURA,COBQUECURA,LICEO POLIVALENTE DIEGO MISSENE BURGOS,9M,ZJ.CHILE VAMOS UDI - INDEPENDIENTES,316. JACQUELINE ELIZABETH PACHECO ALARCON,UDI,7.0,False
329868,COBQUECURA,COBQUECURA,LICEO POLIVALENTE DIEGO MISSENE BURGOS,9M,ZJ.CHILE VAMOS UDI - INDEPENDIENTES,317. MARITZA ELENA ALARCON VERA,UDI,7.0,True
329869,COBQUECURA,COBQUECURA,LICEO POLIVALENTE DIEGO MISSENE BURGOS,9M,ZJ.CHILE VAMOS UDI - INDEPENDIENTES,318. MIGUEL ARMANDO PACHECO ALARCON,UDI,2.0,True
329870,COBQUECURA,COBQUECURA,LICEO POLIVALENTE DIEGO MISSENE BURGOS,9M,ZJ.CHILE VAMOS UDI - INDEPENDIENTES,319. MARIELA DEL CARMEN JAQUE BLU,UDI,2.0,False
329871,COBQUECURA,COBQUECURA,LICEO POLIVALENTE DIEGO MISSENE BURGOS,9M,ZJ.CHILE VAMOS UDI - INDEPENDIENTES,320. PLACIDO RENE GOMEZ VELASQUEZ,IND,0.0,False
329872,COBQUECURA,COBQUECURA,LICEO POLIVALENTE DIEGO MISSENE BURGOS,9M,ZU.RADICALES E INDEPENDIENTES,321. HANS FRIZ ROZAS,IND,0.0,False
329873,COBQUECURA,COBQUECURA,LICEO POLIVALENTE DIEGO MISSENE BURGOS,1V,M.CHILE DIGNO VERDE Y SOBERANO,300. EVA DEL ROSARIO FERRADA ARANEDA,PCCH,3.0,False
329874,COBQUECURA,COBQUECURA,LICEO POLIVALENTE DIEGO MISSENE BURGOS,1V,XK.CHILE VAMOS RENOVACION NACIONAL - INDEPENDIENTES,301. CLAUDIO JOSE VARGAS SANDOVAL,RN,22.0,True
329875,COBQUECURA,COBQUECURA,LICEO POLIVALENTE DIEGO MISSENE BURGOS,1V,XK.CHILE VAMOS RENOVACION NACIONAL - INDEPENDIENTES,302. CRISTOBAL ALEJANDRO BUSTOS TORRES,IND,11.0,False
329876,COBQUECURA,COBQUECURA,LICEO POLIVALENTE DIEGO MISSENE BURGOS,1V,XK.CHILE VAMOS RENOVACION NACIONAL - INDEPENDIENTES,303. GLORIA XIMENA MUÑOZ CADIZ,IND,1.0,False
329877,COBQUECURA,COBQUECURA,LICEO POLIVALENTE DIEGO MISSENE BURGOS,1V,XU.UNIDOS POR LA DIGNIDAD,304. RODRIGO ALFONSO TORO VALENZUELA,PDC,9.0,False
329878,COBQUECURA,COBQUECURA,LICEO POLIVALENTE DIEGO MISSENE BURGOS,1V,XU.UNIDOS POR LA DIGNIDAD,305. LUIS EDUARDO MOYA ALARCON,IND,4.0,False
329879,COBQUECURA,COBQUECURA,LICEO POLIVALENTE DIEGO MISSENE BURGOS,1V,XU.UNIDOS POR LA DIGNIDAD,306. SERGIO ANTONIO BUSTOS VERA,IND,19.0,True
329880,COBQUECURA,COBQUECURA,LICEO POLIVALENTE DIEGO MISSENE BURGOS,1V,XU.UNIDOS POR LA DIGNIDAD,307. ALEXIS JACOBO VILLARROEL SEPULVEDA,IND,6.0,False
329881,COBQUECURA,COBQUECURA,LICEO POLIVALENTE DIEGO MISSENE BURGOS,1V,YM.CHILE VAMOS - PRI E INDEPENDIENTES,308. ELBA ROSARIO HERRERA BEROIZA,PRI,11.0,False
329882,COBQUECURA,COBQUECURA,LICEO POLIVALENTE DIEGO MISSENE BURGOS,1V,YM.CHILE VAMOS - PRI E INDEPENDIENTES,309. SERGIO ISAIAS SANGUINETTI PAVEZ,PRI,4.0,False
329883,COBQUECURA,COBQUECURA,LICEO POLIVALENTE DIEGO MISSENE BURGOS,1V,YW.UNIDAD POR EL APRUEBO PS PPD E INDEPENDIENTES,310. RAMON ASTOLFO VENEGAS NEIRA,PS,25.0,True
329884,COBQUECURA,COBQUECURA,LICEO POLIVALENTE DIEGO MISSENE BURGOS,1V,YW.UNIDAD POR EL APRUEBO PS PPD E INDEPENDIENTES,311. MIRIAM ISABEL FLORES VERA,PS,12.0,False
329885,COBQUECURA,COBQUECURA,LICEO POLIVALENTE DIEGO MISSENE BURGOS,1V,YW.UNIDAD POR EL APRUEBO PS PPD E INDEPENDIENTES,312. JORGE ONOFRE RODRIGUEZ CANCINO,PS,7.0,False
329886,COBQUECURA,COBQUECURA,LICEO POLIVALENTE DIEGO MISSENE BURGOS,1V,YW.UNIDAD POR EL APRUEBO PS PPD E INDEPENDIENTES,313. MIGUEL ANGEL LAGOS BETANCOURT,PPD,5.0,False
329887,COBQUECURA,COBQUECURA,LICEO POLIVALENTE DIEGO MISSENE BURGOS,1V,YW.UNIDAD POR EL APRUEBO PS PPD E INDEPENDIENTES,314. BERNARDO FUENTES FUENTES,IND,2.0,False
329888,COBQUECURA,COBQUECURA,LICEO POLIVALENTE DIEGO MISSENE BURGOS,1V,ZJ.CHILE VAMOS UDI - INDEPENDIENTES,315. HENRY ARIEL SEGURA ARIAS,UDI,28.0,True
329889,COBQUECURA,COBQUECURA,LICEO POLIVALENTE DIEGO MISSENE BURGOS,1V,ZJ.CHILE VAMOS UDI - INDEPENDIENTES,316. JACQUELINE ELIZABETH PACHECO ALARCON,UDI,4.0,False
329890,COBQUECURA,COBQUECURA,LICEO POLIVALENTE DIEGO MISSENE BURGOS,1V,ZJ.CHILE VAMOS UDI - INDEPENDIENTES,317. MARITZA ELENA ALARCON VERA,UDI,14.0,True
329891,COBQUECURA,COBQUECURA,LICEO POLIVALENTE DIEGO MISSENE BURGOS,1V,ZJ.CHILE VAMOS UDI - INDEPENDIENTES,318. MIGUEL ARMANDO PACHECO ALARCON,UDI,9.0,True
329892,COBQUECURA,COBQUECURA,LICEO POLIVALENTE DIEGO MISSENE BURGOS,1V,ZJ.CHILE VAMOS UDI - INDEPENDIENTES,319. MARIELA DEL CARMEN JAQUE BLU,UDI,3.0,False
329893,COBQUECURA,COBQUECURA,LICEO POLIVALENTE DIEGO MISSENE BURGOS,1V,ZJ.CHILE VAMOS UDI - INDEPENDIENTES,320. PLACIDO RENE GOMEZ VELASQUEZ,IND,1.0,False
329894,COBQUECURA,COBQUECURA,LICEO POLIVALENTE DIEGO MISSENE BURGOS,1V,ZU.RADICALES E INDEPENDIENTES,321. HANS FRIZ ROZAS,IND,2.0,False
329895,COBQUECURA,COBQUECURA,LICEO POLIVALENTE DIEGO MISSENE BURGOS,2V,M.CHILE DIGNO VERDE Y SOBERANO,300. EVA DEL ROSARIO FERRADA ARANEDA,PCCH,2.0,False
329896,COBQUECURA,COBQUECURA,LICEO POLIVALENTE DIEGO MISSENE BURGOS,2V,XK.CHILE VAMOS RENOVACION NACIONAL - INDEPENDIENTES,301. CLAUDIO JOSE VARGAS SANDOVAL,RN,25.0,True
329897,COBQUECURA,COBQUECURA,LICEO POLIVALENTE DIEGO MISSENE BURGOS,2V,XK.CHILE VAMOS RENOVACION NACIONAL - INDEPENDIENTES,302. CRISTOBAL ALEJANDRO BUSTOS TORRES,IND,5.0,False
329898,COBQUECURA,COBQUECURA,LICEO POLIVALENTE DIEGO MISSENE BURGOS,2V,XK.CHILE VAMOS RENOVACION NACIONAL - INDEPENDIENTES,303. GLORIA XIMENA MUÑOZ CADIZ,IND,0.0,False
329899,COBQUECURA,COBQUECURA,LICEO POLIVALENTE DIEGO MISSENE BURGOS,2V,XU.UNIDOS POR LA DIGNIDAD,304. RODRIGO ALFONSO TORO VALENZUELA,PDC,12.0,False
329900,COBQUECURA,COBQUECURA,LICEO POLIVALENTE DIEGO MISSENE BURGOS,2V,XU.UNIDOS POR LA DIGNIDAD,305. LUIS EDUARDO MOYA ALARCON,IND,15.0,False
329901,COBQUECURA,COBQUECURA,LICEO POLIVALENTE DIEGO MISSENE BURGOS,2V,XU.UNIDOS POR LA DIGNIDAD,306. SERGIO ANTONIO BUSTOS VERA,IND,13.0,True
329902,COBQUECURA,COBQUECURA,LICEO POLIVALENTE DIEGO MISSENE BURGOS,2V,XU.UNIDOS POR LA DIGNIDAD,307. ALEXIS JACOBO VILLARROEL SEPULVEDA,IND,1.0,False
329903,COBQUECURA,COBQUECURA,LICEO POLIVALENTE DIEGO MISSENE BURGOS,2V,YM.CHILE VAMOS - PRI E INDEPENDIENTES,308. ELBA ROSARIO HERRERA BEROIZA,PRI,3.0,False
329904,COBQUECURA,COBQUECURA,LICEO POLIVALENTE DIEGO MISSENE BURGOS,2V,YM.CHILE VAMOS - PRI E INDEPENDIENTES,309. SERGIO ISAIAS SANGUINETTI PAVEZ,PRI,0.0,False
329905,COBQUECURA,COBQUECURA,LICEO POLIVALENTE DIEGO MISSENE BURGOS,2V,YW.UNIDAD POR EL APRUEBO PS PPD E INDEPENDIENTES,310. RAMON ASTOLFO VENEGAS NEIRA,PS,24.0,True
329906,COBQUECURA,COBQUECURA,LICEO POLIVALENTE DIEGO MISSENE BURGOS,2V,YW.UNIDAD POR EL APRUEBO PS PPD E INDEPENDIENTES,311. MIRIAM ISABEL FLORES VERA,PS,6.0,False
329907,COBQUECURA,COBQUECURA,LICEO POLIVALENTE DIEGO MISSENE BURGOS,2V,YW.UNIDAD POR EL APRUEBO PS PPD E INDEPENDIENTES,312. JORGE ONOFRE RODRIGUEZ CANCINO,PS,2.0,False
329908,COBQUECURA,COBQUECURA,LICEO POLIVALENTE DIEGO MISSENE BURGOS,2V,YW.UNIDAD POR EL APRUEBO PS PPD E INDEPENDIENTES,313. MIGUEL ANGEL LAGOS BETANCOURT,PPD,1.0,False
329909,COBQUECURA,COBQUECURA,LICEO POLIVALENTE DIEGO MISSENE BURGOS,2V,YW.UNIDAD POR EL APRUEBO PS PPD E INDEPENDIENTES,314. BERNARDO FUENTES FUENTES,IND,0.0,False
329910,COBQUECURA,COBQUECURA,LICEO POLIVALENTE DIEGO MISSENE BURGOS,2V,ZJ.CHILE VAMOS UDI - INDEPENDIENTES,315. HENRY ARIEL SEGURA ARIAS,UDI,33.0,True
329911,COBQUECURA,COBQUECURA,LICEO POLIVALENTE DIEGO MISSENE BURGOS,2V,ZJ.CHILE VAMOS UDI - INDEPENDIENTES,316. JACQUELINE ELIZABETH PACHECO ALARCON,UDI,4.0,False
329912,COBQUECURA,COBQUECURA,LICEO POLIVALENTE DIEGO MISSENE BURGOS,2V,ZJ.CHILE VAMOS UDI - INDEPENDIENTES,317. MARITZA ELENA ALARCON VERA,UDI,12.0,True
329913,COBQUECURA,COBQUECURA,LICEO POLIVALENTE DIEGO MISSENE BURGOS,2V,ZJ.CHILE VAMOS UDI - INDEPENDIENTES,318. MIGUEL ARMANDO PACHECO ALARCON,UDI,4.0,True
329914,COBQUECURA,COBQUECURA,LICEO POLIVALENTE DIEGO MISSENE BURGOS,2V,ZJ.CHILE VAMOS UDI - INDEPENDIENTES,319. MARIELA DEL CARMEN JAQUE BLU,UDI,2.0,False
329915,COBQUECURA,COBQUECURA,LICEO POLIVALENTE DIEGO MISSENE BURGOS,2V,ZJ.CHILE VAMOS UDI - INDEPENDIENTES,320. PLACIDO RENE GOMEZ VELASQUEZ,IND,0.0,False
329916,COBQUECURA,COBQUECURA,LICEO POLIVALENTE DIEGO MISSENE BURGOS,2V,ZU.RADICALES E INDEPENDIENTES,321. HANS FRIZ ROZAS,IND,1.0,False
329917,COBQUECURA,COBQUECURA,LICEO POLIVALENTE DIEGO MISSENE BURGOS,3V,M.CHILE DIGNO VERDE Y SOBERANO,300. EVA DEL ROSARIO FERRADA ARANEDA,PCCH,0.0,False
329918,COBQUECURA,COBQUECURA,LICEO POLIVALENTE DIEGO MISSENE BURGOS,3V,XK.CHILE VAMOS RENOVACION NACIONAL - INDEPENDIENTES,301. CLAUDIO JOSE VARGAS SANDOVAL,RN,20.0,True
329919,COBQUECURA,COBQUECURA,LICEO POLIVALENTE DIEGO MISSENE BURGOS,3V,XK.CHILE VAMOS RENOVACION NACIONAL - INDEPENDIENTES,302. CRISTOBAL ALEJANDRO BUSTOS TORRES,IND,4.0,False
329920,COBQUECURA,COBQUECURA,LICEO POLIVALENTE DIEGO MISSENE BURGOS,3V,XK.CHILE VAMOS RENOVACION NACIONAL - INDEPENDIENTES,303. GLORIA XIMENA MUÑOZ CADIZ,IND,0.0,False
329921,COBQUECURA,COBQUECURA,LICEO POLIVALENTE DIEGO MISSENE BURGOS,3V,XU.UNIDOS POR LA DIGNIDAD,304. RODRIGO ALFONSO TORO VALENZUELA,PDC,13.0,False
329922,COBQUECURA,COBQUECURA,LICEO POLIVALENTE DIEGO MISSENE BURGOS,3V,XU.UNIDOS POR LA DIGNIDAD,305. LUIS EDUARDO MOYA ALARCON,IND,11.0,False
329923,COBQUECURA,COBQUECURA,LICEO POLIVALENTE DIEGO MISSENE BURGOS,3V,XU.UNIDOS POR LA DIGNIDAD,306. SERGIO ANTONIO BUSTOS VERA,IND,13.0,True
329924,COBQUECURA,COBQUECURA,LICEO POLIVALENTE DIEGO MISSENE BURGOS,3V,XU.UNIDOS POR LA DIGNIDAD,307. ALEXIS JACOBO VILLARROEL SEPULVEDA,IND,2.0,False
329925,COBQUECURA,COBQUECURA,LICEO POLIVALENTE DIEGO MISSENE BURGOS,3V,YM.CHILE VAMOS - PRI E INDEPENDIENTES,308. ELBA ROSARIO HERRERA BEROIZA,PRI,1.0,False
329926,COBQUECURA,COBQUECURA,LICEO POLIVALENTE DIEGO MISSENE BURGOS,3V,YM.CHILE VAMOS - PRI E INDEPENDIENTES,309. SERGIO ISAIAS SANGUINETTI PAVEZ,PRI,1.0,False
329927,COBQUECURA,COBQUECURA,LICEO POLIVALENTE DIEGO MISSENE BURGOS,3V,YW.UNIDAD POR EL APRUEBO PS PPD E INDEPENDIENTES,310. RAMON ASTOLFO VENEGAS NEIRA,PS,22.0,True
329928,COBQUECURA,COBQUECURA,LICEO POLIVALENTE DIEGO MISSENE BURGOS,3V,YW.UNIDAD POR EL APRUEBO PS PPD E INDEPENDIENTES,311. MIRIAM ISABEL FLORES VERA,PS,7.0,False
329929,COBQUECURA,COBQUECURA,LICEO POLIVALENTE DIEGO MISSENE BURGOS,3V,YW.UNIDAD POR EL APRUEBO PS PPD E INDEPENDIENTES,312. JORGE ONOFRE RODRIGUEZ CANCINO,PS,6.0,False
329930,COBQUECURA,COBQUECURA,LICEO POLIVALENTE DIEGO MISSENE BURGOS,3V,YW.UNIDAD POR EL APRUEBO PS PPD E INDEPENDIENTES,313. MIGUEL ANGEL LAGOS BETANCOURT,PPD,1.0,False
329931,COBQUECURA,COBQUECURA,LICEO POLIVALENTE DIEGO MISSENE BURGOS,3V,YW.UNIDAD POR EL APRUEBO PS PPD E INDEPENDIENTES,314. BERNARDO FUENTES FUENTES,IND,0.0,False
329932,COBQUECURA,COBQUECURA,LICEO POLIVALENTE DIEGO MISSENE BURGOS,3V,ZJ.CHILE VAMOS UDI - INDEPENDIENTES,315. HENRY ARIEL SEGURA ARIAS,UDI,38.0,True
329933,COBQUECURA,COBQUECURA,LICEO POLIVALENTE DIEGO MISSENE BURGOS,3V,ZJ.CHILE VAMOS UDI - INDEPENDIENTES,316. JACQUELINE ELIZABETH PACHECO ALARCON,UDI,3.0,False
329934,COBQUECURA,COBQUECURA,LICEO POLIVALENTE DIEGO MISSENE BURGOS,3V,ZJ.CHILE VAMOS UDI - INDEPENDIENTES,317. MARITZA ELENA ALARCON VERA,UDI,20.0,True
329935,COBQUECURA,COBQUECURA,LICEO POLIVALENTE DIEGO MISSENE BURGOS,3V,ZJ.CHILE VAMOS UDI - INDEPENDIENTES,318. MIGUEL ARMANDO PACHECO ALARCON,UDI,5.0,True
329936,COBQUECURA,COBQUECURA,LICEO POLIVALENTE DIEGO MISSENE BURGOS,3V,ZJ.CHILE VAMOS UDI - INDEPENDIENTES,319. MARIELA DEL CARMEN JAQUE BLU,UDI,1.0,False
329937,COBQUECURA,COBQUECURA,LICEO POLIVALENTE DIEGO MISSENE BURGOS,3V,ZJ.CHILE VAMOS UDI - INDEPENDIENTES,320. PLACIDO RENE GOMEZ VELASQUEZ,IND,1.0,False
329938,COBQUECURA,COBQUECURA,LICEO POLIVALENTE DIEGO MISSENE BURGOS,3V,ZU.RADICALES E INDEPENDIENTES,321. HANS FRIZ ROZAS,IND,1.0,False
329939,COBQUECURA,COBQUECURA,LICEO POLIVALENTE DIEGO MISSENE BURGOS,4V,M.CHILE DIGNO VERDE Y SOBERANO,300. EVA DEL ROSARIO FERRADA ARANEDA,PCCH,1.0,False
329940,COBQUECURA,COBQUECURA,LICEO POLIVALENTE DIEGO MISSENE BURGOS,4V,XK.CHILE VAMOS RENOVACION NACIONAL - INDEPENDIENTES,301. CLAUDIO JOSE VARGAS SANDOVAL,RN,21.0,True
329941,COBQUECURA,COBQUECURA,LICEO POLIVALENTE DIEGO MISSENE BURGOS,4V,XK.CHILE VAMOS RENOVACION NACIONAL - INDEPENDIENTES,302. CRISTOBAL ALEJANDRO BUSTOS TORRES,IND,4.0,False
329942,COBQUECURA,COBQUECURA,LICEO POLIVALENTE DIEGO MISSENE BURGOS,4V,XK.CHILE VAMOS RENOVACION NACIONAL - INDEPENDIENTES,303. GLORIA XIMENA MUÑOZ CADIZ,IND,1.0,False
329943,COBQUECURA,COBQUECURA,LICEO POLIVALENTE DIEGO MISSENE BURGOS,4V,XU.UNIDOS POR LA DIGNIDAD,304. RODRIGO ALFONSO TORO VALENZUELA,PDC,5.0,False
329944,COBQUECURA,COBQUECURA,LICEO POLIVALENTE DIEGO MISSENE BURGOS,4V,XU.UNIDOS POR LA DIGNIDAD,305. LUIS EDUARDO MOYA ALARCON,IND,5.0,False
329945,COBQUECURA,COBQUECURA,LICEO POLIVALENTE DIEGO MISSENE BURGOS,4V,XU.UNIDOS POR LA DIGNIDAD,306. SERGIO ANTONIO BUSTOS VERA,IND,11.0,True
329946,COBQUECURA,COBQUECURA,LICEO POLIVALENTE DIEGO MISSENE BURGOS,4V,XU.UNIDOS POR LA DIGNIDAD,307. ALEXIS JACOBO VILLARROEL SEPULVEDA,IND,3.0,False
329947,COBQUECURA,COBQUECURA,LICEO POLIVALENTE DIEGO MISSENE BURGOS,4V,YM.CHILE VAMOS - PRI E INDEPENDIENTES,308. ELBA ROSARIO HERRERA BEROIZA,PRI,2.0,False
329948,COBQUECURA,COBQUECURA,LICEO POLIVALENTE DIEGO MISSENE BURGOS,4V,YM.CHILE VAMOS - PRI E INDEPENDIENTES,309. SERGIO ISAIAS SANGUINETTI PAVEZ,PRI,1.0,False
329949,COBQUECURA,COBQUECURA,LICEO POLIVALENTE DIEGO MISSENE BURGOS,4V,YW.UNIDAD POR EL APRUEBO PS PPD E INDEPENDIENTES,310. RAMON ASTOLFO VENEGAS NEIRA,PS,10.0,True
329950,COBQUECURA,COBQUECURA,LICEO POLIVALENTE DIEGO MISSENE BURGOS,4V,YW.UNIDAD POR EL APRUEBO PS PPD E INDEPENDIENTES,311. MIRIAM ISABEL FLORES VERA,PS,1.0,False
329951,COBQUECURA,COBQUECURA,LICEO POLIVALENTE DIEGO MISSENE BURGOS,4V,YW.UNIDAD POR EL APRUEBO PS PPD E INDEPENDIENTES,312. JORGE ONOFRE RODRIGUEZ CANCINO,PS,5.0,False
329952,COBQUECURA,COBQUECURA,LICEO POLIVALENTE DIEGO MISSENE BURGOS,4V,YW.UNIDAD POR EL APRUEBO PS PPD E INDEPENDIENTES,313. MIGUEL ANGEL LAGOS BETANCOURT,PPD,0.0,False
329953,COBQUECURA,COBQUECURA,LICEO POLIVALENTE DIEGO MISSENE BURGOS,4V,YW.UNIDAD POR EL APRUEBO PS PPD E INDEPENDIENTES,314. BERNARDO FUENTES FUENTES,IND,1.0,False
329954,COBQUECURA,COBQUECURA,LICEO POLIVALENTE DIEGO MISSENE BURGOS,4V,ZJ.CHILE VAMOS UDI - INDEPENDIENTES,315. HENRY ARIEL SEGURA ARIAS,UDI,22.0,True
329955,COBQUECURA,COBQUECURA,LICEO POLIVALENTE DIEGO MISSENE BURGOS,4V,ZJ.CHILE VAMOS UDI - INDEPENDIENTES,316. JACQUELINE ELIZABETH PACHECO ALARCON,UDI,5.0,False
329956,COBQUECURA,COBQUECURA,LICEO POLIVALENTE DIEGO MISSENE BURGOS,4V,ZJ.CHILE VAMOS UDI - INDEPENDIENTES,317. MARITZA ELENA ALARCON VERA,UDI,7.0,True
329957,COBQUECURA,COBQUECURA,LICEO POLIVALENTE DIEGO MISSENE BURGOS,4V,ZJ.CHILE VAMOS UDI - INDEPENDIENTES,318. MIGUEL ARMANDO PACHECO ALARCON,UDI,11.0,True
329958,COBQUECURA,COBQUECURA,LICEO POLIVALENTE DIEGO MISSENE BURGOS,4V,ZJ.CHILE VAMOS UDI - INDEPENDIENTES,319. MARIELA DEL CARMEN JAQUE BLU,UDI,1.0,False
329959,COBQUECURA,COBQUECURA,LICEO POLIVALENTE DIEGO MISSENE BURGOS,4V,ZJ.CHILE VAMOS UDI - INDEPENDIENTES,320. PLACIDO RENE GOMEZ VELASQUEZ,IND,2.0,False
329960,COBQUECURA,COBQUECURA,LICEO POLIVALENTE DIEGO MISSENE BURGOS,4V,ZU.RADICALES E INDEPENDIENTES,321. HANS FRIZ ROZAS,IND,0.0,False
329961,COBQUECURA,COBQUECURA,LICEO POLIVALENTE DIEGO MISSENE BURGOS,5V,M.CHILE DIGNO VERDE Y SOBERANO,300. EVA DEL ROSARIO FERRADA ARANEDA,PCCH,3.0,False
329962,COBQUECURA,COBQUECURA,LICEO POLIVALENTE DIEGO MISSENE BURGOS,5V,XK.CHILE VAMOS RENOVACION NACIONAL - INDEPENDIENTES,301. CLAUDIO JOSE VARGAS SANDOVAL,RN,28.0,True
329963,COBQUECURA,COBQUECURA,LICEO POLIVALENTE DIEGO MISSENE BURGOS,5V,XK.CHILE VAMOS RENOVACION NACIONAL - INDEPENDIENTES,302. CRISTOBAL ALEJANDRO BUSTOS TORRES,IND,2.0,False
329964,COBQUECURA,COBQUECURA,LICEO POLIVALENTE DIEGO MISSENE BURGOS,5V,XK.CHILE VAMOS RENOVACION NACIONAL - INDEPENDIENTES,303. GLORIA XIMENA MUÑOZ CADIZ,IND,2.0,False
329965,COBQUECURA,COBQUECURA,LICEO POLIVALENTE DIEGO MISSENE BURGOS,5V,XU.UNIDOS POR LA DIGNIDAD,304. RODRIGO ALFONSO TORO VALENZUELA,PDC,9.0,False
329966,COBQUECURA,COBQUECURA,LICEO POLIVALENTE DIEGO MISSENE BURGOS,5V,XU.UNIDOS POR LA DIGNIDAD,305. LUIS EDUARDO MOYA ALARCON,IND,8.0,False
329967,COBQUECURA,COBQUECURA,LICEO POLIVALENTE DIEGO MISSENE BURGOS,5V,XU.UNIDOS POR LA DIGNIDAD,306. SERGIO ANTONIO BUSTOS VERA,IND,15.0,True
329968,COBQUECURA,COBQUECURA,LICEO POLIVALENTE DIEGO MISSENE BURGOS,5V,XU.UNIDOS POR LA DIGNIDAD,307. ALEXIS JACOBO VILLARROEL SEPULVEDA,IND,3.0,False
329969,COBQUECURA,COBQUECURA,LICEO POLIVALENTE DIEGO MISSENE BURGOS,5V,YM.CHILE VAMOS - PRI E INDEPENDIENTES,308. ELBA ROSARIO HERRERA BEROIZA,PRI,1.0,False
329970,COBQUECURA,COBQUECURA,LICEO POLIVALENTE DIEGO MISSENE BURGOS,5V,YM.CHILE VAMOS - PRI E INDEPENDIENTES,309. SERGIO ISAIAS SANGUINETTI PAVEZ,PRI,0.0,False
329971,COBQUECURA,COBQUECURA,LICEO POLIVALENTE DIEGO MISSENE BURGOS,5V,YW.UNIDAD POR EL APRUEBO PS PPD E INDEPENDIENTES,310. RAMON ASTOLFO VENEGAS NEIRA,PS,10.0,True
329972,COBQUECURA,COBQUECURA,LICEO POLIVALENTE DIEGO MISSENE BURGOS,5V,YW.UNIDAD POR EL APRUEBO PS PPD E INDEPENDIENTES,311. MIRIAM ISABEL FLORES VERA,PS,5.0,False
329973,COBQUECURA,COBQUECURA,LICEO POLIVALENTE DIEGO MISSENE BURGOS,5V,YW.UNIDAD POR EL APRUEBO PS PPD E INDEPENDIENTES,312. JORGE ONOFRE RODRIGUEZ CANCINO,PS,3.0,False
329974,COBQUECURA,COBQUECURA,LICEO POLIVALENTE DIEGO MISSENE BURGOS,5V,YW.UNIDAD POR EL APRUEBO PS PPD E INDEPENDIENTES,313. MIGUEL ANGEL LAGOS BETANCOURT,PPD,5.0,False
329975,COBQUECURA,COBQUECURA,LICEO POLIVALENTE DIEGO MISSENE BURGOS,5V,YW.UNIDAD POR EL APRUEBO PS PPD E INDEPENDIENTES,314. BERNARDO FUENTES FUENTES,IND,0.0,False
329976,COBQUECURA,COBQUECURA,LICEO POLIVALENTE DIEGO MISSENE BURGOS,5V,ZJ.CHILE VAMOS UDI - INDEPENDIENTES,315. HENRY ARIEL SEGURA ARIAS,UDI,19.0,True
329977,COBQUECURA,COBQUECURA,LICEO POLIVALENTE DIEGO MISSENE BURGOS,5V,ZJ.CHILE VAMOS UDI - INDEPENDIENTES,316. JACQUELINE ELIZABETH PACHECO ALARCON,UDI,2.0,False
329978,COBQUECURA,COBQUECURA,LICEO POLIVALENTE DIEGO MISSENE BURGOS,5V,ZJ.CHILE VAMOS UDI - INDEPENDIENTES,317. MARITZA ELENA ALARCON VERA,UDI,7.0,True
329979,COBQUECURA,COBQUECURA,LICEO POLIVALENTE DIEGO MISSENE BURGOS,5V,ZJ.CHILE VAMOS UDI - INDEPENDIENTES,318. MIGUEL ARMANDO PACHECO ALARCON,UDI,8.0,True
329980,COBQUECURA,COBQUECURA,LICEO POLIVALENTE DIEGO MISSENE BURGOS,5V,ZJ.CHILE VAMOS UDI - INDEPENDIENTES,319. MARIELA DEL CARMEN JAQUE BLU,UDI,2.0,False
329981,COBQUECURA,COBQUECURA,LICEO POLIVALENTE DIEGO MISSENE BURGOS,5V,ZJ.CHILE VAMOS UDI - INDEPENDIENTES,320. PLACIDO RENE GOMEZ VELASQUEZ,IND,3.0,False
329982,COBQUECURA,COBQUECURA,LICEO POLIVALENTE DIEGO MISSENE BURGOS,5V,ZU.RADICALES E INDEPENDIENTES,321. HANS FRIZ ROZAS,IND,5.0,False
329983,COBQUECURA,COBQUECURA,LICEO POLIVALENTE DIEGO MISSENE BURGOS,6V,M.CHILE DIGNO VERDE Y SOBERANO,300. EVA DEL ROSARIO FERRADA ARANEDA,PCCH,0.0,False
329984,COBQUECURA,COBQUECURA,LICEO POLIVALENTE DIEGO MISSENE BURGOS,6V,XK.CHILE VAMOS RENOVACION NACIONAL - INDEPENDIENTES,301. CLAUDIO JOSE VARGAS SANDOVAL,RN,17.0,True
329985,COBQUECURA,COBQUECURA,LICEO POLIVALENTE DIEGO MISSENE BURGOS,6V,XK.CHILE VAMOS RENOVACION NACIONAL - INDEPENDIENTES,302. CRISTOBAL ALEJANDRO BUSTOS TORRES,IND,5.0,False
329986,COBQUECURA,COBQUECURA,LICEO POLIVALENTE DIEGO MISSENE BURGOS,6V,XK.CHILE VAMOS RENOVACION NACIONAL - INDEPENDIENTES,303. GLORIA XIMENA MUÑOZ CADIZ,IND,2.0,False
329987,COBQUECURA,COBQUECURA,LICEO POLIVALENTE DIEGO MISSENE BURGOS,6V,XU.UNIDOS POR LA DIGNIDAD,304. RODRIGO ALFONSO TORO VALENZUELA,PDC,13.0,False
329988,COBQUECURA,COBQUECURA,LICEO POLIVALENTE DIEGO MISSENE BURGOS,6V,XU.UNIDOS POR LA DIGNIDAD,305. LUIS EDUARDO MOYA ALARCON,IND,7.0,False
329989,COBQUECURA,COBQUECURA,LICEO POLIVALENTE DIEGO MISSENE BURGOS,6V,XU.UNIDOS POR LA DIGNIDAD,306. SERGIO ANTONIO BUSTOS VERA,IND,11.0,True
329990,COBQUECURA,COBQUECURA,LICEO POLIVALENTE DIEGO MISSENE BURGOS,6V,XU.UNIDOS POR LA DIGNIDAD,307. ALEXIS JACOBO VILLARROEL SEPULVEDA,IND,2.0,False
329991,COBQUECURA,COBQUECURA,LICEO POLIVALENTE DIEGO MISSENE BURGOS,6V,YM.CHILE VAMOS - PRI E INDEPENDIENTES,308. ELBA ROSARIO HERRERA BEROIZA,PRI,0.0,False
329992,COBQUECURA,COBQUECURA,LICEO POLIVALENTE DIEGO MISSENE BURGOS,6V,YM.CHILE VAMOS - PRI E INDEPENDIENTES,309. SERGIO ISAIAS SANGUINETTI PAVEZ,PRI,2.0,False
329993,COBQUECURA,COBQUECURA,LICEO POLIVALENTE DIEGO MISSENE BURGOS,6V,YW.UNIDAD POR EL APRUEBO PS PPD E INDEPENDIENTES,310. RAMON ASTOLFO VENEGAS NEIRA,PS,20.0,True
329994,COBQUECURA,COBQUECURA,LICEO POLIVALENTE DIEGO MISSENE BURGOS,6V,YW.UNIDAD POR EL APRUEBO PS PPD E INDEPENDIENTES,311. MIRIAM ISABEL FLORES VERA,PS,7.0,False
329995,COBQUECURA,COBQUECURA,LICEO POLIVALENTE DIEGO MISSENE BURGOS,6V,YW.UNIDAD POR EL APRUEBO PS PPD E INDEPENDIENTES,312. JORGE ONOFRE RODRIGUEZ CANCINO,PS,4.0,False
329996,COBQUECURA,COBQUECURA,LICEO POLIVALENTE DIEGO MISSENE BURGOS,6V,YW.UNIDAD POR EL APRUEBO PS PPD E INDEPENDIENTES,313. MIGUEL ANGEL LAGOS BETANCOURT,PPD,2.0,False
329997,COBQUECURA,COBQUECURA,LICEO POLIVALENTE DIEGO MISSENE BURGOS,6V,YW.UNIDAD POR EL APRUEBO PS PPD E INDEPENDIENTES,314. BERNARDO FUENTES FUENTES,IND,0.0,False
329998,COBQUECURA,COBQUECURA,LICEO POLIVALENTE DIEGO MISSENE BURGOS,6V,ZJ.CHILE VAMOS UDI - INDEPENDIENTES,315. HENRY ARIEL SEGURA ARIAS,UDI,19.0,True
329999,COBQUECURA,COBQUECURA,LICEO POLIVALENTE DIEGO MISSENE BURGOS,6V,ZJ.CHILE VAMOS UDI - INDEPENDIENTES,316. JACQUELINE ELIZABETH PACHECO ALARCON,UDI,4.0,False
330000,COBQUECURA,COBQUECURA,LICEO POLIVALENTE DIEGO MISSENE BURGOS,6V,ZJ.CHILE VAMOS UDI - INDEPENDIENTES,317. MARITZA ELENA ALARCON VERA,UDI,2.0,True
330001,COBQUECURA,COBQUECURA,LICEO POLIVALENTE DIEGO MISSENE BURGOS,6V,ZJ.CHILE VAMOS UDI - INDEPENDIENTES,318. MIGUEL ARMANDO PACHECO ALARCON,UDI,12.0,True
330002,COBQUECURA,COBQUECURA,LICEO POLIVALENTE DIEGO MISSENE BURGOS,6V,ZJ.CHILE VAMOS UDI - INDEPENDIENTES,319. MARIELA DEL CARMEN JAQUE BLU,UDI,0.0,False
330003,COBQUECURA,COBQUECURA,LICEO POLIVALENTE DIEGO MISSENE BURGOS,6V,ZJ.CHILE VAMOS UDI - INDEPENDIENTES,320. PLACIDO RENE GOMEZ VELASQUEZ,IND,3.0,False
330004,COBQUECURA,COBQUECURA,LICEO POLIVALENTE DIEGO MISSENE BURGOS,6V,ZU.RADICALES E INDEPENDIENTES,321. HANS FRIZ ROZAS,IND,2.0,False
330005,COBQUECURA,COBQUECURA,LICEO POLIVALENTE DIEGO MISSENE BURGOS,7V,M.CHILE DIGNO VERDE Y SOBERANO,300. EVA DEL ROSARIO FERRADA ARANEDA,PCCH,4.0,False
330006,COBQUECURA,COBQUECURA,LICEO POLIVALENTE DIEGO MISSENE BURGOS,7V,XK.CHILE VAMOS RENOVACION NACIONAL - INDEPENDIENTES,301. CLAUDIO JOSE VARGAS SANDOVAL,RN,22.0,True
330007,COBQUECURA,COBQUECURA,LICEO POLIVALENTE DIEGO MISSENE BURGOS,7V,XK.CHILE VAMOS RENOVACION NACIONAL - INDEPENDIENTES,302. CRISTOBAL ALEJANDRO BUSTOS TORRES,IND,3.0,False
330008,COBQUECURA,COBQUECURA,LICEO POLIVALENTE DIEGO MISSENE BURGOS,7V,XK.CHILE VAMOS RENOVACION NACIONAL - INDEPENDIENTES,303. GLORIA XIMENA MUÑOZ CADIZ,IND,1.0,False
330009,COBQUECURA,COBQUECURA,LICEO POLIVALENTE DIEGO MISSENE BURGOS,7V,XU.UNIDOS POR LA DIGNIDAD,304. RODRIGO ALFONSO TORO VALENZUELA,PDC,13.0,False
330010,COBQUECURA,COBQUECURA,LICEO POLIVALENTE DIEGO MISSENE BURGOS,7V,XU.UNIDOS POR LA DIGNIDAD,305. LUIS EDUARDO MOYA ALARCON,IND,2.0,False
330011,COBQUECURA,COBQUECURA,LICEO POLIVALENTE DIEGO MISSENE BURGOS,7V,XU.UNIDOS POR LA DIGNIDAD,306. SERGIO ANTONIO BUSTOS VERA,IND,17.0,True
330012,COBQUECURA,COBQUECURA,LICEO POLIVALENTE DIEGO MISSENE BURGOS,7V,XU.UNIDOS POR LA DIGNIDAD,307. ALEXIS JACOBO VILLARROEL SEPULVEDA,IND,2.0,False
330013,COBQUECURA,COBQUECURA,LICEO POLIVALENTE DIEGO MISSENE BURGOS,7V,YM.CHILE VAMOS - PRI E INDEPENDIENTES,308. ELBA ROSARIO HERRERA BEROIZA,PRI,2.0,False
330014,COBQUECURA,COBQUECURA,LICEO POLIVALENTE DIEGO MISSENE BURGOS,7V,YM.CHILE VAMOS - PRI E INDEPENDIENTES,309. SERGIO ISAIAS SANGUINETTI PAVEZ,PRI,1.0,False
330015,COBQUECURA,COBQUECURA,LICEO POLIVALENTE DIEGO MISSENE BURGOS,7V,YW.UNIDAD POR EL APRUEBO PS PPD E INDEPENDIENTES,310. RAMON ASTOLFO VENEGAS NEIRA,PS,16.0,True
330016,COBQUECURA,COBQUECURA,LICEO POLIVALENTE DIEGO MISSENE BURGOS,7V,YW.UNIDAD POR EL APRUEBO PS PPD E INDEPENDIENTES,311. MIRIAM ISABEL FLORES VERA,PS,11.0,False
330017,COBQUECURA,COBQUECURA,LICEO POLIVALENTE DIEGO MISSENE BURGOS,7V,YW.UNIDAD POR EL APRUEBO PS PPD E INDEPENDIENTES,312. JORGE ONOFRE RODRIGUEZ CANCINO,PS,2.0,False
330018,COBQUECURA,COBQUECURA,LICEO POLIVALENTE DIEGO MISSENE BURGOS,7V,YW.UNIDAD POR EL APRUEBO PS PPD E INDEPENDIENTES,313. MIGUEL ANGEL LAGOS BETANCOURT,PPD,4.0,False
330019,COBQUECURA,COBQUECURA,LICEO POLIVALENTE DIEGO MISSENE BURGOS,7V,YW.UNIDAD POR EL APRUEBO PS PPD E INDEPENDIENTES,314. BERNARDO FUENTES FUENTES,IND,0.0,False
330020,COBQUECURA,COBQUECURA,LICEO POLIVALENTE DIEGO MISSENE BURGOS,7V,ZJ.CHILE VAMOS UDI - INDEPENDIENTES,315. HENRY ARIEL SEGURA ARIAS,UDI,24.0,True
330021,COBQUECURA,COBQUECURA,LICEO POLIVALENTE DIEGO MISSENE BURGOS,7V,ZJ.CHILE VAMOS UDI - INDEPENDIENTES,316. JACQUELINE ELIZABETH PACHECO ALARCON,UDI,3.0,False
330022,COBQUECURA,COBQUECURA,LICEO POLIVALENTE DIEGO MISSENE BURGOS,7V,ZJ.CHILE VAMOS UDI - INDEPENDIENTES,317. MARITZA ELENA ALARCON VERA,UDI,5.0,True
330023,COBQUECURA,COBQUECURA,LICEO POLIVALENTE DIEGO MISSENE BURGOS,7V,ZJ.CHILE VAMOS UDI - INDEPENDIENTES,318. MIGUEL ARMANDO PACHECO ALARCON,UDI,7.0,True
330024,COBQUECURA,COBQUECURA,LICEO POLIVALENTE DIEGO MISSENE BURGOS,7V,ZJ.CHILE VAMOS UDI - INDEPENDIENTES,319. MARIELA DEL CARMEN JAQUE BLU,UDI,0.0,False
330025,COBQUECURA,COBQUECURA,LICEO POLIVALENTE DIEGO MISSENE BURGOS,7V,ZJ.CHILE VAMOS UDI - INDEPENDIENTES,320. PLACIDO RENE GOMEZ VELASQUEZ,IND,1.0,False
330026,COBQUECURA,COBQUECURA,LICEO POLIVALENTE DIEGO MISSENE BURGOS,7V,ZU.RADICALES E INDEPENDIENTES,321. HANS FRIZ ROZAS,IND,4.0,False
330027,COBQUECURA,COBQUECURA,LICEO POLIVALENTE DIEGO MISSENE BURGOS,8V,M.CHILE DIGNO VERDE Y SOBERANO,300. EVA DEL ROSARIO FERRADA ARANEDA,PCCH,1.0,False
330028,COBQUECURA,COBQUECURA,LICEO POLIVALENTE DIEGO MISSENE BURGOS,8V,XK.CHILE VAMOS RENOVACION NACIONAL - INDEPENDIENTES,301. CLAUDIO JOSE VARGAS SANDOVAL,RN,18.0,True
330029,COBQUECURA,COBQUECURA,LICEO POLIVALENTE DIEGO MISSENE BURGOS,8V,XK.CHILE VAMOS RENOVACION NACIONAL - INDEPENDIENTES,302. CRISTOBAL ALEJANDRO BUSTOS TORRES,IND,4.0,False
330030,COBQUECURA,COBQUECURA,LICEO POLIVALENTE DIEGO MISSENE BURGOS,8V,XK.CHILE VAMOS RENOVACION NACIONAL - INDEPENDIENTES,303. GLORIA XIMENA MUÑOZ CADIZ,IND,1.0,False
330031,COBQUECURA,COBQUECURA,LICEO POLIVALENTE DIEGO MISSENE BURGOS,8V,XU.UNIDOS POR LA DIGNIDAD,304. RODRIGO ALFONSO TORO VALENZUELA,PDC,15.0,False
330032,COBQUECURA,COBQUECURA,LICEO POLIVALENTE DIEGO MISSENE BURGOS,8V,XU.UNIDOS POR LA DIGNIDAD,305. LUIS EDUARDO MOYA ALARCON,IND,3.0,False
330033,COBQUECURA,COBQUECURA,LICEO POLIVALENTE DIEGO MISSENE BURGOS,8V,XU.UNIDOS POR LA DIGNIDAD,306. SERGIO ANTONIO BUSTOS VERA,IND,8.0,True
330034,COBQUECURA,COBQUECURA,LICEO POLIVALENTE DIEGO MISSENE BURGOS,8V,XU.UNIDOS POR LA DIGNIDAD,307. ALEXIS JACOBO VILLARROEL SEPULVEDA,IND,0.0,False
330035,COBQUECURA,COBQUECURA,LICEO POLIVALENTE DIEGO MISSENE BURGOS,8V,YM.CHILE VAMOS - PRI E INDEPENDIENTES,308. ELBA ROSARIO HERRERA BEROIZA,PRI,1.0,False
330036,COBQUECURA,COBQUECURA,LICEO POLIVALENTE DIEGO MISSENE BURGOS,8V,YM.CHILE VAMOS - PRI E INDEPENDIENTES,309. SERGIO ISAIAS SANGUINETTI PAVEZ,PRI,1.0,False
330037,COBQUECURA,COBQUECURA,LICEO POLIVALENTE DIEGO MISSENE BURGOS,8V,YW.UNIDAD POR EL APRUEBO PS PPD E INDEPENDIENTES,310. RAMON ASTOLFO VENEGAS NEIRA,PS,16.0,True
330038,COBQUECURA,COBQUECURA,LICEO POLIVALENTE DIEGO MISSENE BURGOS,8V,YW.UNIDAD POR EL APRUEBO PS PPD E INDEPENDIENTES,311. MIRIAM ISABEL FLORES VERA,PS,9.0,False
330039,COBQUECURA,COBQUECURA,LICEO POLIVALENTE DIEGO MISSENE BURGOS,8V,YW.UNIDAD POR EL APRUEBO PS PPD E INDEPENDIENTES,312. JORGE ONOFRE RODRIGUEZ CANCINO,PS,2.0,False
330040,COBQUECURA,COBQUECURA,LICEO POLIVALENTE DIEGO MISSENE BURGOS,8V,YW.UNIDAD POR EL APRUEBO PS PPD E INDEPENDIENTES,313. MIGUEL ANGEL LAGOS BETANCOURT,PPD,3.0,False
330041,COBQUECURA,COBQUECURA,LICEO POLIVALENTE DIEGO MISSENE BURGOS,8V,YW.UNIDAD POR EL APRUEBO PS PPD E INDEPENDIENTES,314. BERNARDO FUENTES FUENTES,IND,0.0,False
330042,COBQUECURA,COBQUECURA,LICEO POLIVALENTE DIEGO MISSENE BURGOS,8V,ZJ.CHILE VAMOS UDI - INDEPENDIENTES,315. HENRY ARIEL SEGURA ARIAS,UDI,26.0,True
330043,COBQUECURA,COBQUECURA,LICEO POLIVALENTE DIEGO MISSENE BURGOS,8V,ZJ.CHILE VAMOS UDI - INDEPENDIENTES,316. JACQUELINE ELIZABETH PACHECO ALARCON,UDI,0.0,False
330044,COBQUECURA,COBQUECURA,LICEO POLIVALENTE DIEGO MISSENE BURGOS,8V,ZJ.CHILE VAMOS UDI - INDEPENDIENTES,317. MARITZA ELENA ALARCON VERA,UDI,5.0,True
330045,COBQUECURA,COBQUECURA,LICEO POLIVALENTE DIEGO MISSENE BURGOS,8V,ZJ.CHILE VAMOS UDI - INDEPENDIENTES,318. MIGUEL ARMANDO PACHECO ALARCON,UDI,3.0,True
330046,COBQUECURA,COBQUECURA,LICEO POLIVALENTE DIEGO MISSENE BURGOS,8V,ZJ.CHILE VAMOS UDI - INDEPENDIENTES,319. MARIELA DEL CARMEN JAQUE BLU,UDI,3.0,False
330047,COBQUECURA,COBQUECURA,LICEO POLIVALENTE DIEGO MISSENE BURGOS,8V,ZJ.CHILE VAMOS UDI - INDEPENDIENTES,320. PLACIDO RENE GOMEZ VELASQUEZ,IND,0.0,False
330048,COBQUECURA,COBQUECURA,LICEO POLIVALENTE DIEGO MISSENE BURGOS,8V,ZU.RADICALES E INDEPENDIENTES,321. HANS FRIZ ROZAS,IND,1.0,False
330049,COBQUECURA,COBQUECURA,LICEO POLIVALENTE DIEGO MISSENE BURGOS,9V,M.CHILE DIGNO VERDE Y SOBERANO,300. EVA DEL ROSARIO FERRADA ARANEDA,PCCH,2.0,False
330050,COBQUECURA,COBQUECURA,LICEO POLIVALENTE DIEGO MISSENE BURGOS,9V,XK.CHILE VAMOS RENOVACION NACIONAL - INDEPENDIENTES,301. CLAUDIO JOSE VARGAS SANDOVAL,RN,33.0,True
330051,COBQUECURA,COBQUECURA,LICEO POLIVALENTE DIEGO MISSENE BURGOS,9V,XK.CHILE VAMOS RENOVACION NACIONAL - INDEPENDIENTES,302. CRISTOBAL ALEJANDRO BUSTOS TORRES,IND,2.0,False
330052,COBQUECURA,COBQUECURA,LICEO POLIVALENTE DIEGO MISSENE BURGOS,9V,XK.CHILE VAMOS RENOVACION NACIONAL - INDEPENDIENTES,303. GLORIA XIMENA MUÑOZ CADIZ,IND,1.0,False
330053,COBQUECURA,COBQUECURA,LICEO POLIVALENTE DIEGO MISSENE BURGOS,9V,XU.UNIDOS POR LA DIGNIDAD,304. RODRIGO ALFONSO TORO VALENZUELA,PDC,12.0,False
330054,COBQUECURA,COBQUECURA,LICEO POLIVALENTE DIEGO MISSENE BURGOS,9V,XU.UNIDOS POR LA DIGNIDAD,305. LUIS EDUARDO MOYA ALARCON,IND,6.0,False
330055,COBQUECURA,COBQUECURA,LICEO POLIVALENTE DIEGO MISSENE BURGOS,9V,XU.UNIDOS POR LA DIGNIDAD,306. SERGIO ANTONIO BUSTOS VERA,IND,12.0,True
330056,COBQUECURA,COBQUECURA,LICEO POLIVALENTE DIEGO MISSENE BURGOS,9V,XU.UNIDOS POR LA DIGNIDAD,307. ALEXIS JACOBO VILLARROEL SEPULVEDA,IND,0.0,False
330057,COBQUECURA,COBQUECURA,LICEO POLIVALENTE DIEGO MISSENE BURGOS,9V,YM.CHILE VAMOS - PRI E INDEPENDIENTES,308. ELBA ROSARIO HERRERA BEROIZA,PRI,2.0,False
330058,COBQUECURA,COBQUECURA,LICEO POLIVALENTE DIEGO MISSENE BURGOS,9V,YM.CHILE VAMOS - PRI E INDEPENDIENTES,309. SERGIO ISAIAS SANGUINETTI PAVEZ,PRI,1.0,False
330059,COBQUECURA,COBQUECURA,LICEO POLIVALENTE DIEGO MISSENE BURGOS,9V,YW.UNIDAD POR EL APRUEBO PS PPD E INDEPENDIENTES,310. RAMON ASTOLFO VENEGAS NEIRA,PS,17.0,True
330060,COBQUECURA,COBQUECURA,LICEO POLIVALENTE DIEGO MISSENE BURGOS,9V,YW.UNIDAD POR EL APRUEBO PS PPD E INDEPENDIENTES,311. MIRIAM ISABEL FLORES VERA,PS,3.0,False
330061,COBQUECURA,COBQUECURA,LICEO POLIVALENTE DIEGO MISSENE BURGOS,9V,YW.UNIDAD POR EL APRUEBO PS PPD E INDEPENDIENTES,312. JORGE ONOFRE RODRIGUEZ CANCINO,PS,5.0,False
330062,COBQUECURA,COBQUECURA,LICEO POLIVALENTE DIEGO MISSENE BURGOS,9V,YW.UNIDAD POR EL APRUEBO PS PPD E INDEPENDIENTES,313. MIGUEL ANGEL LAGOS BETANCOURT,PPD,0.0,False
330063,COBQUECURA,COBQUECURA,LICEO POLIVALENTE DIEGO MISSENE BURGOS,9V,YW.UNIDAD POR EL APRUEBO PS PPD E INDEPENDIENTES,314. BERNARDO FUENTES FUENTES,IND,0.0,False
330064,COBQUECURA,COBQUECURA,LICEO POLIVALENTE DIEGO MISSENE BURGOS,9V,ZJ.CHILE VAMOS UDI - INDEPENDIENTES,315. HENRY ARIEL SEGURA ARIAS,UDI,27.0,True
330065,COBQUECURA,COBQUECURA,LICEO POLIVALENTE DIEGO MISSENE BURGOS,9V,ZJ.CHILE VAMOS UDI - INDEPENDIENTES,316. JACQUELINE ELIZABETH PACHECO ALARCON,UDI,1.0,False
330066,COBQUECURA,COBQUECURA,LICEO POLIVALENTE DIEGO MISSENE BURGOS,9V,ZJ.CHILE VAMOS UDI - INDEPENDIENTES,317. MARITZA ELENA ALARCON VERA,UDI,9.0,True
330067,COBQUECURA,COBQUECURA,LICEO POLIVALENTE DIEGO MISSENE BURGOS,9V,ZJ.CHILE VAMOS UDI - INDEPENDIENTES,318. MIGUEL ARMANDO PACHECO ALARCON,UDI,3.0,True
330068,COBQUECURA,COBQUECURA,LICEO POLIVALENTE DIEGO MISSENE BURGOS,9V,ZJ.CHILE VAMOS UDI - INDEPENDIENTES,319. MARIELA DEL CARMEN JAQUE BLU,UDI,2.0,False
330069,COBQUECURA,COBQUECURA,LICEO POLIVALENTE DIEGO MISSENE BURGOS,9V,ZJ.CHILE VAMOS UDI - INDEPENDIENTES,320. PLACIDO RENE GOMEZ VELASQUEZ,IND,1.0,False
330070,COBQUECURA,COBQUECURA,LICEO POLIVALENTE DIEGO MISSENE BURGOS,9V,ZU.RADICALES E INDEPENDIENTES,321. HANS FRIZ ROZAS,IND,2.0,False
330071,COBQUECURA,COBQUECURA,LICEO POLIVALENTE DIEGO MISSENE BURGOS,10V,M.CHILE DIGNO VERDE Y SOBERANO,300. EVA DEL ROSARIO FERRADA ARANEDA,PCCH,2.0,False
330072,COBQUECURA,COBQUECURA,LICEO POLIVALENTE DIEGO MISSENE BURGOS,10V,XK.CHILE VAMOS RENOVACION NACIONAL - INDEPENDIENTES,301. CLAUDIO JOSE VARGAS SANDOVAL,RN,26.0,True
330073,COBQUECURA,COBQUECURA,LICEO POLIVALENTE DIEGO MISSENE BURGOS,10V,XK.CHILE VAMOS RENOVACION NACIONAL - INDEPENDIENTES,302. CRISTOBAL ALEJANDRO BUSTOS TORRES,IND,9.0,False
330074,COBQUECURA,COBQUECURA,LICEO POLIVALENTE DIEGO MISSENE BURGOS,10V,XK.CHILE VAMOS RENOVACION NACIONAL - INDEPENDIENTES,303. GLORIA XIMENA MUÑOZ CADIZ,IND,0.0,False
330075,COBQUECURA,COBQUECURA,LICEO POLIVALENTE DIEGO MISSENE BURGOS,10V,XU.UNIDOS POR LA DIGNIDAD,304. RODRIGO ALFONSO TORO VALENZUELA,PDC,22.0,False
330076,COBQUECURA,COBQUECURA,LICEO POLIVALENTE DIEGO MISSENE BURGOS,10V,XU.UNIDOS POR LA DIGNIDAD,305. LUIS EDUARDO MOYA ALARCON,IND,9.0,False
330077,COBQUECURA,COBQUECURA,LICEO POLIVALENTE DIEGO MISSENE BURGOS,10V,XU.UNIDOS POR LA DIGNIDAD,306. SERGIO ANTONIO BUSTOS VERA,IND,13.0,True
330078,COBQUECURA,COBQUECURA,LICEO POLIVALENTE DIEGO MISSENE BURGOS,10V,XU.UNIDOS POR LA DIGNIDAD,307. ALEXIS JACOBO VILLARROEL SEPULVEDA,IND,2.0,False
330079,COBQUECURA,COBQUECURA,LICEO POLIVALENTE DIEGO MISSENE BURGOS,10V,YM.CHILE VAMOS - PRI E INDEPENDIENTES,308. ELBA ROSARIO HERRERA BEROIZA,PRI,4.0,False
330080,COBQUECURA,COBQUECURA,LICEO POLIVALENTE DIEGO MISSENE BURGOS,10V,YM.CHILE VAMOS - PRI E INDEPENDIENTES,309. SERGIO ISAIAS SANGUINETTI PAVEZ,PRI,1.0,False
330081,COBQUECURA,COBQUECURA,LICEO POLIVALENTE DIEGO MISSENE BURGOS,10V,YW.UNIDAD POR EL APRUEBO PS PPD E INDEPENDIENTES,310. RAMON ASTOLFO VENEGAS NEIRA,PS,26.0,True
330082,COBQUECURA,COBQUECURA,LICEO POLIVALENTE DIEGO MISSENE BURGOS,10V,YW.UNIDAD POR EL APRUEBO PS PPD E INDEPENDIENTES,311. MIRIAM ISABEL FLORES VERA,PS,6.0,False
330083,COBQUECURA,COBQUECURA,LICEO POLIVALENTE DIEGO MISSENE BURGOS,10V,YW.UNIDAD POR EL APRUEBO PS PPD E INDEPENDIENTES,312. JORGE ONOFRE RODRIGUEZ CANCINO,PS,7.0,False
330084,COBQUECURA,COBQUECURA,LICEO POLIVALENTE DIEGO MISSENE BURGOS,10V,YW.UNIDAD POR EL APRUEBO PS PPD E INDEPENDIENTES,313. MIGUEL ANGEL LAGOS BETANCOURT,PPD,1.0,False
330085,COBQUECURA,COBQUECURA,LICEO POLIVALENTE DIEGO MISSENE BURGOS,10V,YW.UNIDAD POR EL APRUEBO PS PPD E INDEPENDIENTES,314. BERNARDO FUENTES FUENTES,IND,0.0,False
330086,COBQUECURA,COBQUECURA,LICEO POLIVALENTE DIEGO MISSENE BURGOS,10V,ZJ.CHILE VAMOS UDI - INDEPENDIENTES,315. HENRY ARIEL SEGURA ARIAS,UDI,26.0,True
330087,COBQUECURA,COBQUECURA,LICEO POLIVALENTE DIEGO MISSENE BURGOS,10V,ZJ.CHILE VAMOS UDI - INDEPENDIENTES,316. JACQUELINE ELIZABETH PACHECO ALARCON,UDI,0.0,False
330088,COBQUECURA,COBQUECURA,LICEO POLIVALENTE DIEGO MISSENE BURGOS,10V,ZJ.CHILE VAMOS UDI - INDEPENDIENTES,317. MARITZA ELENA ALARCON VERA,UDI,8.0,True
330089,COBQUECURA,COBQUECURA,LICEO POLIVALENTE DIEGO MISSENE BURGOS,10V,ZJ.CHILE VAMOS UDI - INDEPENDIENTES,318. MIGUEL ARMANDO PACHECO ALARCON,UDI,6.0,True
330090,COBQUECURA,COBQUECURA,LICEO POLIVALENTE DIEGO MISSENE BURGOS,10V,ZJ.CHILE VAMOS UDI - INDEPENDIENTES,319. MARIELA DEL CARMEN JAQUE BLU,UDI,1.0,False
330091,COBQUECURA,COBQUECURA,LICEO POLIVALENTE DIEGO MISSENE BURGOS,10V,ZJ.CHILE VAMOS UDI - INDEPENDIENTES,320. PLACIDO RENE GOMEZ VELASQUEZ,IND,2.0,False
330092,COBQUECURA,COBQUECURA,LICEO POLIVALENTE DIEGO MISSENE BURGOS,10V,ZU.RADICALES E INDEPENDIENTES,321. HANS FRIZ ROZAS,IND,1.0,False
