,COMUNA,CIRC_ELEC,LOCAL,MESA,LISTA,CANDIDATX,PARTIDO,VOTOS,ELECTX
330093,COCHAMO,COCHAMO,ESCUELA BASICA FRONTERIZA JUAN SOLER MANFREDINI,1M,XK.CHILE VAMOS RENOVACION NACIONAL - INDEPENDIENTES,300. CRISTINA VICTORIA SANCHEZ MARIN,RN,1.0,False
330094,COCHAMO,COCHAMO,ESCUELA BASICA FRONTERIZA JUAN SOLER MANFREDINI,1M,XK.CHILE VAMOS RENOVACION NACIONAL - INDEPENDIENTES,301. JOSE DAVID ALMONACID REYES,RN,1.0,False
330095,COCHAMO,COCHAMO,ESCUELA BASICA FRONTERIZA JUAN SOLER MANFREDINI,1M,XK.CHILE VAMOS RENOVACION NACIONAL - INDEPENDIENTES,302. ARTURO JAVIER ESPINDOLA ROJAS,RN,2.0,False
330096,COCHAMO,COCHAMO,ESCUELA BASICA FRONTERIZA JUAN SOLER MANFREDINI,1M,XK.CHILE VAMOS RENOVACION NACIONAL - INDEPENDIENTES,303. PABLO CESAR MARIN TELLEZ,IND,10.0,True
330097,COCHAMO,COCHAMO,ESCUELA BASICA FRONTERIZA JUAN SOLER MANFREDINI,1M,XK.CHILE VAMOS RENOVACION NACIONAL - INDEPENDIENTES,304. LUIS CRISTIAN VILLARROEL SOTO,IND,12.0,True
330098,COCHAMO,COCHAMO,ESCUELA BASICA FRONTERIZA JUAN SOLER MANFREDINI,1M,XS.FRENTE AMPLIO,305. MARIA GRAFIRA VARGAS VILLARROEL,IND,4.0,False
330099,COCHAMO,COCHAMO,ESCUELA BASICA FRONTERIZA JUAN SOLER MANFREDINI,1M,XS.FRENTE AMPLIO,306. PABLO MATIAS ZUÑIGA TORRES,IND,5.0,False
330100,COCHAMO,COCHAMO,ESCUELA BASICA FRONTERIZA JUAN SOLER MANFREDINI,1M,XU.UNIDOS POR LA DIGNIDAD,307. CARLOS ALBERTO CARDENAS ALMONACID,PDC,2.0,False
330101,COCHAMO,COCHAMO,ESCUELA BASICA FRONTERIZA JUAN SOLER MANFREDINI,1M,XU.UNIDOS POR LA DIGNIDAD,308. PEDRO ENRIQUE RUBIO CHAVARRIA,IND,0.0,False
330102,COCHAMO,COCHAMO,ESCUELA BASICA FRONTERIZA JUAN SOLER MANFREDINI,1M,YM.CHILE VAMOS - PRI E INDEPENDIENTES,309. BRYAN RICARDO MARTINEZ TOBAR,PRI,5.0,False
330103,COCHAMO,COCHAMO,ESCUELA BASICA FRONTERIZA JUAN SOLER MANFREDINI,1M,YM.CHILE VAMOS - PRI E INDEPENDIENTES,310. JESSICA SOLEDAD OYARZO RIVERA,IND,16.0,True
330104,COCHAMO,COCHAMO,ESCUELA BASICA FRONTERIZA JUAN SOLER MANFREDINI,1M,YM.CHILE VAMOS - PRI E INDEPENDIENTES,311. SEBASTIAN IGNACIO GONZALEZ MALDONADO,IND,0.0,False
330105,COCHAMO,COCHAMO,ESCUELA BASICA FRONTERIZA JUAN SOLER MANFREDINI,1M,YM.CHILE VAMOS - PRI E INDEPENDIENTES,312. VICTOR EDUARDO MENDOZA MUNDACA,IND,1.0,False
330106,COCHAMO,COCHAMO,ESCUELA BASICA FRONTERIZA JUAN SOLER MANFREDINI,1M,YM.CHILE VAMOS - PRI E INDEPENDIENTES,313. SERAFIN EDUARDO CUEVAS ARGEL,IND,3.0,True
330107,COCHAMO,COCHAMO,ESCUELA BASICA FRONTERIZA JUAN SOLER MANFREDINI,1M,YW.UNIDAD POR EL APRUEBO PS PPD E INDEPENDIENTES,314. DAFNE WALESCKA CHAMORRO MALDONADO,IND,2.0,False
330108,COCHAMO,COCHAMO,ESCUELA BASICA FRONTERIZA JUAN SOLER MANFREDINI,1M,YW.UNIDAD POR EL APRUEBO PS PPD E INDEPENDIENTES,315. JOSE LUIS SUAREZ MUÑOZ,IND,3.0,False
330109,COCHAMO,COCHAMO,ESCUELA BASICA FRONTERIZA JUAN SOLER MANFREDINI,1M,YW.UNIDAD POR EL APRUEBO PS PPD E INDEPENDIENTES,316. CARLOS SOTO SOTOMAYOR,PPD,13.0,True
330110,COCHAMO,COCHAMO,ESCUELA BASICA FRONTERIZA JUAN SOLER MANFREDINI,1M,YW.UNIDAD POR EL APRUEBO PS PPD E INDEPENDIENTES,317. MIRTA ALEJANDRA CARCAMO CALDERON,IND,0.0,False
330111,COCHAMO,COCHAMO,ESCUELA BASICA FRONTERIZA JUAN SOLER MANFREDINI,1M,YW.UNIDAD POR EL APRUEBO PS PPD E INDEPENDIENTES,318. MARCELA ALMONACID ALMONACID,IND,2.0,False
330112,COCHAMO,COCHAMO,ESCUELA BASICA FRONTERIZA JUAN SOLER MANFREDINI,1M,ZJ.CHILE VAMOS UDI - INDEPENDIENTES,319. SEBASTIAN ALEJANDRO GUERRERO CASAS,UDI,8.0,True
330113,COCHAMO,COCHAMO,ESCUELA BASICA FRONTERIZA JUAN SOLER MANFREDINI,1M,ZJ.CHILE VAMOS UDI - INDEPENDIENTES,320. VIOLETA DEL CARMEN PAREDES VERA,UDI,6.0,False
330114,COCHAMO,COCHAMO,ESCUELA BASICA FRONTERIZA JUAN SOLER MANFREDINI,1M,ZJ.CHILE VAMOS UDI - INDEPENDIENTES,321. YOSELIN CAROLINA DELGADO MULLER,IND,0.0,False
330115,COCHAMO,COCHAMO,ESCUELA BASICA FRONTERIZA JUAN SOLER MANFREDINI,1M,ZU.RADICALES E INDEPENDIENTES,322. TERESA ELIZABETH VIDAL BUSTAMANTE,IND,2.0,False
330116,COCHAMO,COCHAMO,ESCUELA BASICA FRONTERIZA JUAN SOLER MANFREDINI,2M,XK.CHILE VAMOS RENOVACION NACIONAL - INDEPENDIENTES,300. CRISTINA VICTORIA SANCHEZ MARIN,RN,2.0,False
330117,COCHAMO,COCHAMO,ESCUELA BASICA FRONTERIZA JUAN SOLER MANFREDINI,2M,XK.CHILE VAMOS RENOVACION NACIONAL - INDEPENDIENTES,301. JOSE DAVID ALMONACID REYES,RN,1.0,False
330118,COCHAMO,COCHAMO,ESCUELA BASICA FRONTERIZA JUAN SOLER MANFREDINI,2M,XK.CHILE VAMOS RENOVACION NACIONAL - INDEPENDIENTES,302. ARTURO JAVIER ESPINDOLA ROJAS,RN,1.0,False
330119,COCHAMO,COCHAMO,ESCUELA BASICA FRONTERIZA JUAN SOLER MANFREDINI,2M,XK.CHILE VAMOS RENOVACION NACIONAL - INDEPENDIENTES,303. PABLO CESAR MARIN TELLEZ,IND,4.0,True
330120,COCHAMO,COCHAMO,ESCUELA BASICA FRONTERIZA JUAN SOLER MANFREDINI,2M,XK.CHILE VAMOS RENOVACION NACIONAL - INDEPENDIENTES,304. LUIS CRISTIAN VILLARROEL SOTO,IND,8.0,True
330121,COCHAMO,COCHAMO,ESCUELA BASICA FRONTERIZA JUAN SOLER MANFREDINI,2M,XS.FRENTE AMPLIO,305. MARIA GRAFIRA VARGAS VILLARROEL,IND,3.0,False
330122,COCHAMO,COCHAMO,ESCUELA BASICA FRONTERIZA JUAN SOLER MANFREDINI,2M,XS.FRENTE AMPLIO,306. PABLO MATIAS ZUÑIGA TORRES,IND,5.0,False
330123,COCHAMO,COCHAMO,ESCUELA BASICA FRONTERIZA JUAN SOLER MANFREDINI,2M,XU.UNIDOS POR LA DIGNIDAD,307. CARLOS ALBERTO CARDENAS ALMONACID,PDC,0.0,False
330124,COCHAMO,COCHAMO,ESCUELA BASICA FRONTERIZA JUAN SOLER MANFREDINI,2M,XU.UNIDOS POR LA DIGNIDAD,308. PEDRO ENRIQUE RUBIO CHAVARRIA,IND,0.0,False
330125,COCHAMO,COCHAMO,ESCUELA BASICA FRONTERIZA JUAN SOLER MANFREDINI,2M,YM.CHILE VAMOS - PRI E INDEPENDIENTES,309. BRYAN RICARDO MARTINEZ TOBAR,PRI,3.0,False
330126,COCHAMO,COCHAMO,ESCUELA BASICA FRONTERIZA JUAN SOLER MANFREDINI,2M,YM.CHILE VAMOS - PRI E INDEPENDIENTES,310. JESSICA SOLEDAD OYARZO RIVERA,IND,23.0,True
330127,COCHAMO,COCHAMO,ESCUELA BASICA FRONTERIZA JUAN SOLER MANFREDINI,2M,YM.CHILE VAMOS - PRI E INDEPENDIENTES,311. SEBASTIAN IGNACIO GONZALEZ MALDONADO,IND,0.0,False
330128,COCHAMO,COCHAMO,ESCUELA BASICA FRONTERIZA JUAN SOLER MANFREDINI,2M,YM.CHILE VAMOS - PRI E INDEPENDIENTES,312. VICTOR EDUARDO MENDOZA MUNDACA,IND,1.0,False
330129,COCHAMO,COCHAMO,ESCUELA BASICA FRONTERIZA JUAN SOLER MANFREDINI,2M,YM.CHILE VAMOS - PRI E INDEPENDIENTES,313. SERAFIN EDUARDO CUEVAS ARGEL,IND,7.0,True
330130,COCHAMO,COCHAMO,ESCUELA BASICA FRONTERIZA JUAN SOLER MANFREDINI,2M,YW.UNIDAD POR EL APRUEBO PS PPD E INDEPENDIENTES,314. DAFNE WALESCKA CHAMORRO MALDONADO,IND,6.0,False
330131,COCHAMO,COCHAMO,ESCUELA BASICA FRONTERIZA JUAN SOLER MANFREDINI,2M,YW.UNIDAD POR EL APRUEBO PS PPD E INDEPENDIENTES,315. JOSE LUIS SUAREZ MUÑOZ,IND,3.0,False
330132,COCHAMO,COCHAMO,ESCUELA BASICA FRONTERIZA JUAN SOLER MANFREDINI,2M,YW.UNIDAD POR EL APRUEBO PS PPD E INDEPENDIENTES,316. CARLOS SOTO SOTOMAYOR,PPD,23.0,True
330133,COCHAMO,COCHAMO,ESCUELA BASICA FRONTERIZA JUAN SOLER MANFREDINI,2M,YW.UNIDAD POR EL APRUEBO PS PPD E INDEPENDIENTES,317. MIRTA ALEJANDRA CARCAMO CALDERON,IND,1.0,False
330134,COCHAMO,COCHAMO,ESCUELA BASICA FRONTERIZA JUAN SOLER MANFREDINI,2M,YW.UNIDAD POR EL APRUEBO PS PPD E INDEPENDIENTES,318. MARCELA ALMONACID ALMONACID,IND,9.0,False
330135,COCHAMO,COCHAMO,ESCUELA BASICA FRONTERIZA JUAN SOLER MANFREDINI,2M,ZJ.CHILE VAMOS UDI - INDEPENDIENTES,319. SEBASTIAN ALEJANDRO GUERRERO CASAS,UDI,9.0,True
330136,COCHAMO,COCHAMO,ESCUELA BASICA FRONTERIZA JUAN SOLER MANFREDINI,2M,ZJ.CHILE VAMOS UDI - INDEPENDIENTES,320. VIOLETA DEL CARMEN PAREDES VERA,UDI,8.0,False
330137,COCHAMO,COCHAMO,ESCUELA BASICA FRONTERIZA JUAN SOLER MANFREDINI,2M,ZJ.CHILE VAMOS UDI - INDEPENDIENTES,321. YOSELIN CAROLINA DELGADO MULLER,IND,1.0,False
330138,COCHAMO,COCHAMO,ESCUELA BASICA FRONTERIZA JUAN SOLER MANFREDINI,2M,ZU.RADICALES E INDEPENDIENTES,322. TERESA ELIZABETH VIDAL BUSTAMANTE,IND,0.0,False
330139,COCHAMO,COCHAMO,ESCUELA BASICA FRONTERIZA JUAN SOLER MANFREDINI,3M,XK.CHILE VAMOS RENOVACION NACIONAL - INDEPENDIENTES,300. CRISTINA VICTORIA SANCHEZ MARIN,RN,1.0,False
330140,COCHAMO,COCHAMO,ESCUELA BASICA FRONTERIZA JUAN SOLER MANFREDINI,3M,XK.CHILE VAMOS RENOVACION NACIONAL - INDEPENDIENTES,301. JOSE DAVID ALMONACID REYES,RN,0.0,False
330141,COCHAMO,COCHAMO,ESCUELA BASICA FRONTERIZA JUAN SOLER MANFREDINI,3M,XK.CHILE VAMOS RENOVACION NACIONAL - INDEPENDIENTES,302. ARTURO JAVIER ESPINDOLA ROJAS,RN,1.0,False
330142,COCHAMO,COCHAMO,ESCUELA BASICA FRONTERIZA JUAN SOLER MANFREDINI,3M,XK.CHILE VAMOS RENOVACION NACIONAL - INDEPENDIENTES,303. PABLO CESAR MARIN TELLEZ,IND,9.0,True
330143,COCHAMO,COCHAMO,ESCUELA BASICA FRONTERIZA JUAN SOLER MANFREDINI,3M,XK.CHILE VAMOS RENOVACION NACIONAL - INDEPENDIENTES,304. LUIS CRISTIAN VILLARROEL SOTO,IND,9.0,True
330144,COCHAMO,COCHAMO,ESCUELA BASICA FRONTERIZA JUAN SOLER MANFREDINI,3M,XS.FRENTE AMPLIO,305. MARIA GRAFIRA VARGAS VILLARROEL,IND,1.0,False
330145,COCHAMO,COCHAMO,ESCUELA BASICA FRONTERIZA JUAN SOLER MANFREDINI,3M,XS.FRENTE AMPLIO,306. PABLO MATIAS ZUÑIGA TORRES,IND,6.0,False
330146,COCHAMO,COCHAMO,ESCUELA BASICA FRONTERIZA JUAN SOLER MANFREDINI,3M,XU.UNIDOS POR LA DIGNIDAD,307. CARLOS ALBERTO CARDENAS ALMONACID,PDC,2.0,False
330147,COCHAMO,COCHAMO,ESCUELA BASICA FRONTERIZA JUAN SOLER MANFREDINI,3M,XU.UNIDOS POR LA DIGNIDAD,308. PEDRO ENRIQUE RUBIO CHAVARRIA,IND,1.0,False
330148,COCHAMO,COCHAMO,ESCUELA BASICA FRONTERIZA JUAN SOLER MANFREDINI,3M,YM.CHILE VAMOS - PRI E INDEPENDIENTES,309. BRYAN RICARDO MARTINEZ TOBAR,PRI,9.0,False
330149,COCHAMO,COCHAMO,ESCUELA BASICA FRONTERIZA JUAN SOLER MANFREDINI,3M,YM.CHILE VAMOS - PRI E INDEPENDIENTES,310. JESSICA SOLEDAD OYARZO RIVERA,IND,16.0,True
330150,COCHAMO,COCHAMO,ESCUELA BASICA FRONTERIZA JUAN SOLER MANFREDINI,3M,YM.CHILE VAMOS - PRI E INDEPENDIENTES,311. SEBASTIAN IGNACIO GONZALEZ MALDONADO,IND,1.0,False
330151,COCHAMO,COCHAMO,ESCUELA BASICA FRONTERIZA JUAN SOLER MANFREDINI,3M,YM.CHILE VAMOS - PRI E INDEPENDIENTES,312. VICTOR EDUARDO MENDOZA MUNDACA,IND,0.0,False
330152,COCHAMO,COCHAMO,ESCUELA BASICA FRONTERIZA JUAN SOLER MANFREDINI,3M,YM.CHILE VAMOS - PRI E INDEPENDIENTES,313. SERAFIN EDUARDO CUEVAS ARGEL,IND,3.0,True
330153,COCHAMO,COCHAMO,ESCUELA BASICA FRONTERIZA JUAN SOLER MANFREDINI,3M,YW.UNIDAD POR EL APRUEBO PS PPD E INDEPENDIENTES,314. DAFNE WALESCKA CHAMORRO MALDONADO,IND,4.0,False
330154,COCHAMO,COCHAMO,ESCUELA BASICA FRONTERIZA JUAN SOLER MANFREDINI,3M,YW.UNIDAD POR EL APRUEBO PS PPD E INDEPENDIENTES,315. JOSE LUIS SUAREZ MUÑOZ,IND,3.0,False
330155,COCHAMO,COCHAMO,ESCUELA BASICA FRONTERIZA JUAN SOLER MANFREDINI,3M,YW.UNIDAD POR EL APRUEBO PS PPD E INDEPENDIENTES,316. CARLOS SOTO SOTOMAYOR,PPD,11.0,True
330156,COCHAMO,COCHAMO,ESCUELA BASICA FRONTERIZA JUAN SOLER MANFREDINI,3M,YW.UNIDAD POR EL APRUEBO PS PPD E INDEPENDIENTES,317. MIRTA ALEJANDRA CARCAMO CALDERON,IND,0.0,False
330157,COCHAMO,COCHAMO,ESCUELA BASICA FRONTERIZA JUAN SOLER MANFREDINI,3M,YW.UNIDAD POR EL APRUEBO PS PPD E INDEPENDIENTES,318. MARCELA ALMONACID ALMONACID,IND,7.0,False
330158,COCHAMO,COCHAMO,ESCUELA BASICA FRONTERIZA JUAN SOLER MANFREDINI,3M,ZJ.CHILE VAMOS UDI - INDEPENDIENTES,319. SEBASTIAN ALEJANDRO GUERRERO CASAS,UDI,9.0,True
330159,COCHAMO,COCHAMO,ESCUELA BASICA FRONTERIZA JUAN SOLER MANFREDINI,3M,ZJ.CHILE VAMOS UDI - INDEPENDIENTES,320. VIOLETA DEL CARMEN PAREDES VERA,UDI,3.0,False
330160,COCHAMO,COCHAMO,ESCUELA BASICA FRONTERIZA JUAN SOLER MANFREDINI,3M,ZJ.CHILE VAMOS UDI - INDEPENDIENTES,321. YOSELIN CAROLINA DELGADO MULLER,IND,0.0,False
330161,COCHAMO,COCHAMO,ESCUELA BASICA FRONTERIZA JUAN SOLER MANFREDINI,3M,ZU.RADICALES E INDEPENDIENTES,322. TERESA ELIZABETH VIDAL BUSTAMANTE,IND,0.0,False
330162,COCHAMO,COCHAMO,ESCUELA BASICA FRONTERIZA JUAN SOLER MANFREDINI,1V,XK.CHILE VAMOS RENOVACION NACIONAL - INDEPENDIENTES,300. CRISTINA VICTORIA SANCHEZ MARIN,RN,2.0,False
330163,COCHAMO,COCHAMO,ESCUELA BASICA FRONTERIZA JUAN SOLER MANFREDINI,1V,XK.CHILE VAMOS RENOVACION NACIONAL - INDEPENDIENTES,301. JOSE DAVID ALMONACID REYES,RN,3.0,False
330164,COCHAMO,COCHAMO,ESCUELA BASICA FRONTERIZA JUAN SOLER MANFREDINI,1V,XK.CHILE VAMOS RENOVACION NACIONAL - INDEPENDIENTES,302. ARTURO JAVIER ESPINDOLA ROJAS,RN,1.0,False
330165,COCHAMO,COCHAMO,ESCUELA BASICA FRONTERIZA JUAN SOLER MANFREDINI,1V,XK.CHILE VAMOS RENOVACION NACIONAL - INDEPENDIENTES,303. PABLO CESAR MARIN TELLEZ,IND,7.0,True
330166,COCHAMO,COCHAMO,ESCUELA BASICA FRONTERIZA JUAN SOLER MANFREDINI,1V,XK.CHILE VAMOS RENOVACION NACIONAL - INDEPENDIENTES,304. LUIS CRISTIAN VILLARROEL SOTO,IND,8.0,True
330167,COCHAMO,COCHAMO,ESCUELA BASICA FRONTERIZA JUAN SOLER MANFREDINI,1V,XS.FRENTE AMPLIO,305. MARIA GRAFIRA VARGAS VILLARROEL,IND,1.0,False
330168,COCHAMO,COCHAMO,ESCUELA BASICA FRONTERIZA JUAN SOLER MANFREDINI,1V,XS.FRENTE AMPLIO,306. PABLO MATIAS ZUÑIGA TORRES,IND,3.0,False
330169,COCHAMO,COCHAMO,ESCUELA BASICA FRONTERIZA JUAN SOLER MANFREDINI,1V,XU.UNIDOS POR LA DIGNIDAD,307. CARLOS ALBERTO CARDENAS ALMONACID,PDC,2.0,False
330170,COCHAMO,COCHAMO,ESCUELA BASICA FRONTERIZA JUAN SOLER MANFREDINI,1V,XU.UNIDOS POR LA DIGNIDAD,308. PEDRO ENRIQUE RUBIO CHAVARRIA,IND,1.0,False
330171,COCHAMO,COCHAMO,ESCUELA BASICA FRONTERIZA JUAN SOLER MANFREDINI,1V,YM.CHILE VAMOS - PRI E INDEPENDIENTES,309. BRYAN RICARDO MARTINEZ TOBAR,PRI,1.0,False
330172,COCHAMO,COCHAMO,ESCUELA BASICA FRONTERIZA JUAN SOLER MANFREDINI,1V,YM.CHILE VAMOS - PRI E INDEPENDIENTES,310. JESSICA SOLEDAD OYARZO RIVERA,IND,16.0,True
330173,COCHAMO,COCHAMO,ESCUELA BASICA FRONTERIZA JUAN SOLER MANFREDINI,1V,YM.CHILE VAMOS - PRI E INDEPENDIENTES,311. SEBASTIAN IGNACIO GONZALEZ MALDONADO,IND,0.0,False
330174,COCHAMO,COCHAMO,ESCUELA BASICA FRONTERIZA JUAN SOLER MANFREDINI,1V,YM.CHILE VAMOS - PRI E INDEPENDIENTES,312. VICTOR EDUARDO MENDOZA MUNDACA,IND,1.0,False
330175,COCHAMO,COCHAMO,ESCUELA BASICA FRONTERIZA JUAN SOLER MANFREDINI,1V,YM.CHILE VAMOS - PRI E INDEPENDIENTES,313. SERAFIN EDUARDO CUEVAS ARGEL,IND,0.0,True
330176,COCHAMO,COCHAMO,ESCUELA BASICA FRONTERIZA JUAN SOLER MANFREDINI,1V,YW.UNIDAD POR EL APRUEBO PS PPD E INDEPENDIENTES,314. DAFNE WALESCKA CHAMORRO MALDONADO,IND,5.0,False
330177,COCHAMO,COCHAMO,ESCUELA BASICA FRONTERIZA JUAN SOLER MANFREDINI,1V,YW.UNIDAD POR EL APRUEBO PS PPD E INDEPENDIENTES,315. JOSE LUIS SUAREZ MUÑOZ,IND,0.0,False
330178,COCHAMO,COCHAMO,ESCUELA BASICA FRONTERIZA JUAN SOLER MANFREDINI,1V,YW.UNIDAD POR EL APRUEBO PS PPD E INDEPENDIENTES,316. CARLOS SOTO SOTOMAYOR,PPD,16.0,True
330179,COCHAMO,COCHAMO,ESCUELA BASICA FRONTERIZA JUAN SOLER MANFREDINI,1V,YW.UNIDAD POR EL APRUEBO PS PPD E INDEPENDIENTES,317. MIRTA ALEJANDRA CARCAMO CALDERON,IND,0.0,False
330180,COCHAMO,COCHAMO,ESCUELA BASICA FRONTERIZA JUAN SOLER MANFREDINI,1V,YW.UNIDAD POR EL APRUEBO PS PPD E INDEPENDIENTES,318. MARCELA ALMONACID ALMONACID,IND,4.0,False
330181,COCHAMO,COCHAMO,ESCUELA BASICA FRONTERIZA JUAN SOLER MANFREDINI,1V,ZJ.CHILE VAMOS UDI - INDEPENDIENTES,319. SEBASTIAN ALEJANDRO GUERRERO CASAS,UDI,4.0,True
330182,COCHAMO,COCHAMO,ESCUELA BASICA FRONTERIZA JUAN SOLER MANFREDINI,1V,ZJ.CHILE VAMOS UDI - INDEPENDIENTES,320. VIOLETA DEL CARMEN PAREDES VERA,UDI,7.0,False
330183,COCHAMO,COCHAMO,ESCUELA BASICA FRONTERIZA JUAN SOLER MANFREDINI,1V,ZJ.CHILE VAMOS UDI - INDEPENDIENTES,321. YOSELIN CAROLINA DELGADO MULLER,IND,0.0,False
330184,COCHAMO,COCHAMO,ESCUELA BASICA FRONTERIZA JUAN SOLER MANFREDINI,1V,ZU.RADICALES E INDEPENDIENTES,322. TERESA ELIZABETH VIDAL BUSTAMANTE,IND,5.0,False
330185,COCHAMO,COCHAMO,ESCUELA BASICA FRONTERIZA JUAN SOLER MANFREDINI,2V,XK.CHILE VAMOS RENOVACION NACIONAL - INDEPENDIENTES,300. CRISTINA VICTORIA SANCHEZ MARIN,RN,0.0,False
330186,COCHAMO,COCHAMO,ESCUELA BASICA FRONTERIZA JUAN SOLER MANFREDINI,2V,XK.CHILE VAMOS RENOVACION NACIONAL - INDEPENDIENTES,301. JOSE DAVID ALMONACID REYES,RN,2.0,False
330187,COCHAMO,COCHAMO,ESCUELA BASICA FRONTERIZA JUAN SOLER MANFREDINI,2V,XK.CHILE VAMOS RENOVACION NACIONAL - INDEPENDIENTES,302. ARTURO JAVIER ESPINDOLA ROJAS,RN,0.0,False
330188,COCHAMO,COCHAMO,ESCUELA BASICA FRONTERIZA JUAN SOLER MANFREDINI,2V,XK.CHILE VAMOS RENOVACION NACIONAL - INDEPENDIENTES,303. PABLO CESAR MARIN TELLEZ,IND,4.0,True
330189,COCHAMO,COCHAMO,ESCUELA BASICA FRONTERIZA JUAN SOLER MANFREDINI,2V,XK.CHILE VAMOS RENOVACION NACIONAL - INDEPENDIENTES,304. LUIS CRISTIAN VILLARROEL SOTO,IND,13.0,True
330190,COCHAMO,COCHAMO,ESCUELA BASICA FRONTERIZA JUAN SOLER MANFREDINI,2V,XS.FRENTE AMPLIO,305. MARIA GRAFIRA VARGAS VILLARROEL,IND,1.0,False
330191,COCHAMO,COCHAMO,ESCUELA BASICA FRONTERIZA JUAN SOLER MANFREDINI,2V,XS.FRENTE AMPLIO,306. PABLO MATIAS ZUÑIGA TORRES,IND,4.0,False
330192,COCHAMO,COCHAMO,ESCUELA BASICA FRONTERIZA JUAN SOLER MANFREDINI,2V,XU.UNIDOS POR LA DIGNIDAD,307. CARLOS ALBERTO CARDENAS ALMONACID,PDC,2.0,False
330193,COCHAMO,COCHAMO,ESCUELA BASICA FRONTERIZA JUAN SOLER MANFREDINI,2V,XU.UNIDOS POR LA DIGNIDAD,308. PEDRO ENRIQUE RUBIO CHAVARRIA,IND,1.0,False
330194,COCHAMO,COCHAMO,ESCUELA BASICA FRONTERIZA JUAN SOLER MANFREDINI,2V,YM.CHILE VAMOS - PRI E INDEPENDIENTES,309. BRYAN RICARDO MARTINEZ TOBAR,PRI,5.0,False
330195,COCHAMO,COCHAMO,ESCUELA BASICA FRONTERIZA JUAN SOLER MANFREDINI,2V,YM.CHILE VAMOS - PRI E INDEPENDIENTES,310. JESSICA SOLEDAD OYARZO RIVERA,IND,14.0,True
330196,COCHAMO,COCHAMO,ESCUELA BASICA FRONTERIZA JUAN SOLER MANFREDINI,2V,YM.CHILE VAMOS - PRI E INDEPENDIENTES,311. SEBASTIAN IGNACIO GONZALEZ MALDONADO,IND,0.0,False
330197,COCHAMO,COCHAMO,ESCUELA BASICA FRONTERIZA JUAN SOLER MANFREDINI,2V,YM.CHILE VAMOS - PRI E INDEPENDIENTES,312. VICTOR EDUARDO MENDOZA MUNDACA,IND,0.0,False
330198,COCHAMO,COCHAMO,ESCUELA BASICA FRONTERIZA JUAN SOLER MANFREDINI,2V,YM.CHILE VAMOS - PRI E INDEPENDIENTES,313. SERAFIN EDUARDO CUEVAS ARGEL,IND,2.0,True
330199,COCHAMO,COCHAMO,ESCUELA BASICA FRONTERIZA JUAN SOLER MANFREDINI,2V,YW.UNIDAD POR EL APRUEBO PS PPD E INDEPENDIENTES,314. DAFNE WALESCKA CHAMORRO MALDONADO,IND,1.0,False
330200,COCHAMO,COCHAMO,ESCUELA BASICA FRONTERIZA JUAN SOLER MANFREDINI,2V,YW.UNIDAD POR EL APRUEBO PS PPD E INDEPENDIENTES,315. JOSE LUIS SUAREZ MUÑOZ,IND,0.0,False
330201,COCHAMO,COCHAMO,ESCUELA BASICA FRONTERIZA JUAN SOLER MANFREDINI,2V,YW.UNIDAD POR EL APRUEBO PS PPD E INDEPENDIENTES,316. CARLOS SOTO SOTOMAYOR,PPD,17.0,True
330202,COCHAMO,COCHAMO,ESCUELA BASICA FRONTERIZA JUAN SOLER MANFREDINI,2V,YW.UNIDAD POR EL APRUEBO PS PPD E INDEPENDIENTES,317. MIRTA ALEJANDRA CARCAMO CALDERON,IND,0.0,False
330203,COCHAMO,COCHAMO,ESCUELA BASICA FRONTERIZA JUAN SOLER MANFREDINI,2V,YW.UNIDAD POR EL APRUEBO PS PPD E INDEPENDIENTES,318. MARCELA ALMONACID ALMONACID,IND,3.0,False
330204,COCHAMO,COCHAMO,ESCUELA BASICA FRONTERIZA JUAN SOLER MANFREDINI,2V,ZJ.CHILE VAMOS UDI - INDEPENDIENTES,319. SEBASTIAN ALEJANDRO GUERRERO CASAS,UDI,13.0,True
330205,COCHAMO,COCHAMO,ESCUELA BASICA FRONTERIZA JUAN SOLER MANFREDINI,2V,ZJ.CHILE VAMOS UDI - INDEPENDIENTES,320. VIOLETA DEL CARMEN PAREDES VERA,UDI,5.0,False
330206,COCHAMO,COCHAMO,ESCUELA BASICA FRONTERIZA JUAN SOLER MANFREDINI,2V,ZJ.CHILE VAMOS UDI - INDEPENDIENTES,321. YOSELIN CAROLINA DELGADO MULLER,IND,2.0,False
330207,COCHAMO,COCHAMO,ESCUELA BASICA FRONTERIZA JUAN SOLER MANFREDINI,2V,ZU.RADICALES E INDEPENDIENTES,322. TERESA ELIZABETH VIDAL BUSTAMANTE,IND,2.0,False
330208,COCHAMO,COCHAMO,ESCUELA BASICA FRONTERIZA JUAN SOLER MANFREDINI,3V,XK.CHILE VAMOS RENOVACION NACIONAL - INDEPENDIENTES,300. CRISTINA VICTORIA SANCHEZ MARIN,RN,4.0,False
330209,COCHAMO,COCHAMO,ESCUELA BASICA FRONTERIZA JUAN SOLER MANFREDINI,3V,XK.CHILE VAMOS RENOVACION NACIONAL - INDEPENDIENTES,301. JOSE DAVID ALMONACID REYES,RN,2.0,False
330210,COCHAMO,COCHAMO,ESCUELA BASICA FRONTERIZA JUAN SOLER MANFREDINI,3V,XK.CHILE VAMOS RENOVACION NACIONAL - INDEPENDIENTES,302. ARTURO JAVIER ESPINDOLA ROJAS,RN,2.0,False
330211,COCHAMO,COCHAMO,ESCUELA BASICA FRONTERIZA JUAN SOLER MANFREDINI,3V,XK.CHILE VAMOS RENOVACION NACIONAL - INDEPENDIENTES,303. PABLO CESAR MARIN TELLEZ,IND,11.0,True
330212,COCHAMO,COCHAMO,ESCUELA BASICA FRONTERIZA JUAN SOLER MANFREDINI,3V,XK.CHILE VAMOS RENOVACION NACIONAL - INDEPENDIENTES,304. LUIS CRISTIAN VILLARROEL SOTO,IND,11.0,True
330213,COCHAMO,COCHAMO,ESCUELA BASICA FRONTERIZA JUAN SOLER MANFREDINI,3V,XS.FRENTE AMPLIO,305. MARIA GRAFIRA VARGAS VILLARROEL,IND,9.0,False
330214,COCHAMO,COCHAMO,ESCUELA BASICA FRONTERIZA JUAN SOLER MANFREDINI,3V,XS.FRENTE AMPLIO,306. PABLO MATIAS ZUÑIGA TORRES,IND,2.0,False
330215,COCHAMO,COCHAMO,ESCUELA BASICA FRONTERIZA JUAN SOLER MANFREDINI,3V,XU.UNIDOS POR LA DIGNIDAD,307. CARLOS ALBERTO CARDENAS ALMONACID,PDC,0.0,False
330216,COCHAMO,COCHAMO,ESCUELA BASICA FRONTERIZA JUAN SOLER MANFREDINI,3V,XU.UNIDOS POR LA DIGNIDAD,308. PEDRO ENRIQUE RUBIO CHAVARRIA,IND,1.0,False
330217,COCHAMO,COCHAMO,ESCUELA BASICA FRONTERIZA JUAN SOLER MANFREDINI,3V,YM.CHILE VAMOS - PRI E INDEPENDIENTES,309. BRYAN RICARDO MARTINEZ TOBAR,PRI,7.0,False
330218,COCHAMO,COCHAMO,ESCUELA BASICA FRONTERIZA JUAN SOLER MANFREDINI,3V,YM.CHILE VAMOS - PRI E INDEPENDIENTES,310. JESSICA SOLEDAD OYARZO RIVERA,IND,24.0,True
330219,COCHAMO,COCHAMO,ESCUELA BASICA FRONTERIZA JUAN SOLER MANFREDINI,3V,YM.CHILE VAMOS - PRI E INDEPENDIENTES,311. SEBASTIAN IGNACIO GONZALEZ MALDONADO,IND,1.0,False
330220,COCHAMO,COCHAMO,ESCUELA BASICA FRONTERIZA JUAN SOLER MANFREDINI,3V,YM.CHILE VAMOS - PRI E INDEPENDIENTES,312. VICTOR EDUARDO MENDOZA MUNDACA,IND,2.0,False
330221,COCHAMO,COCHAMO,ESCUELA BASICA FRONTERIZA JUAN SOLER MANFREDINI,3V,YM.CHILE VAMOS - PRI E INDEPENDIENTES,313. SERAFIN EDUARDO CUEVAS ARGEL,IND,4.0,True
330222,COCHAMO,COCHAMO,ESCUELA BASICA FRONTERIZA JUAN SOLER MANFREDINI,3V,YW.UNIDAD POR EL APRUEBO PS PPD E INDEPENDIENTES,314. DAFNE WALESCKA CHAMORRO MALDONADO,IND,8.0,False
330223,COCHAMO,COCHAMO,ESCUELA BASICA FRONTERIZA JUAN SOLER MANFREDINI,3V,YW.UNIDAD POR EL APRUEBO PS PPD E INDEPENDIENTES,315. JOSE LUIS SUAREZ MUÑOZ,IND,1.0,False
330224,COCHAMO,COCHAMO,ESCUELA BASICA FRONTERIZA JUAN SOLER MANFREDINI,3V,YW.UNIDAD POR EL APRUEBO PS PPD E INDEPENDIENTES,316. CARLOS SOTO SOTOMAYOR,PPD,19.0,True
330225,COCHAMO,COCHAMO,ESCUELA BASICA FRONTERIZA JUAN SOLER MANFREDINI,3V,YW.UNIDAD POR EL APRUEBO PS PPD E INDEPENDIENTES,317. MIRTA ALEJANDRA CARCAMO CALDERON,IND,1.0,False
330226,COCHAMO,COCHAMO,ESCUELA BASICA FRONTERIZA JUAN SOLER MANFREDINI,3V,YW.UNIDAD POR EL APRUEBO PS PPD E INDEPENDIENTES,318. MARCELA ALMONACID ALMONACID,IND,0.0,False
330227,COCHAMO,COCHAMO,ESCUELA BASICA FRONTERIZA JUAN SOLER MANFREDINI,3V,ZJ.CHILE VAMOS UDI - INDEPENDIENTES,319. SEBASTIAN ALEJANDRO GUERRERO CASAS,UDI,9.0,True
330228,COCHAMO,COCHAMO,ESCUELA BASICA FRONTERIZA JUAN SOLER MANFREDINI,3V,ZJ.CHILE VAMOS UDI - INDEPENDIENTES,320. VIOLETA DEL CARMEN PAREDES VERA,UDI,7.0,False
330229,COCHAMO,COCHAMO,ESCUELA BASICA FRONTERIZA JUAN SOLER MANFREDINI,3V,ZJ.CHILE VAMOS UDI - INDEPENDIENTES,321. YOSELIN CAROLINA DELGADO MULLER,IND,0.0,False
330230,COCHAMO,COCHAMO,ESCUELA BASICA FRONTERIZA JUAN SOLER MANFREDINI,3V,ZU.RADICALES E INDEPENDIENTES,322. TERESA ELIZABETH VIDAL BUSTAMANTE,IND,5.0,False
330231,COCHAMO,COCHAMO,ESCUELA BASICA FRONTERIZA JUAN SOLER MANFREDINI,4V,XK.CHILE VAMOS RENOVACION NACIONAL - INDEPENDIENTES,300. CRISTINA VICTORIA SANCHEZ MARIN,RN,1.0,False
330232,COCHAMO,COCHAMO,ESCUELA BASICA FRONTERIZA JUAN SOLER MANFREDINI,4V,XK.CHILE VAMOS RENOVACION NACIONAL - INDEPENDIENTES,301. JOSE DAVID ALMONACID REYES,RN,2.0,False
330233,COCHAMO,COCHAMO,ESCUELA BASICA FRONTERIZA JUAN SOLER MANFREDINI,4V,XK.CHILE VAMOS RENOVACION NACIONAL - INDEPENDIENTES,302. ARTURO JAVIER ESPINDOLA ROJAS,RN,5.0,False
330234,COCHAMO,COCHAMO,ESCUELA BASICA FRONTERIZA JUAN SOLER MANFREDINI,4V,XK.CHILE VAMOS RENOVACION NACIONAL - INDEPENDIENTES,303. PABLO CESAR MARIN TELLEZ,IND,13.0,True
330235,COCHAMO,COCHAMO,ESCUELA BASICA FRONTERIZA JUAN SOLER MANFREDINI,4V,XK.CHILE VAMOS RENOVACION NACIONAL - INDEPENDIENTES,304. LUIS CRISTIAN VILLARROEL SOTO,IND,8.0,True
330236,COCHAMO,COCHAMO,ESCUELA BASICA FRONTERIZA JUAN SOLER MANFREDINI,4V,XS.FRENTE AMPLIO,305. MARIA GRAFIRA VARGAS VILLARROEL,IND,5.0,False
330237,COCHAMO,COCHAMO,ESCUELA BASICA FRONTERIZA JUAN SOLER MANFREDINI,4V,XS.FRENTE AMPLIO,306. PABLO MATIAS ZUÑIGA TORRES,IND,2.0,False
330238,COCHAMO,COCHAMO,ESCUELA BASICA FRONTERIZA JUAN SOLER MANFREDINI,4V,XU.UNIDOS POR LA DIGNIDAD,307. CARLOS ALBERTO CARDENAS ALMONACID,PDC,0.0,False
330239,COCHAMO,COCHAMO,ESCUELA BASICA FRONTERIZA JUAN SOLER MANFREDINI,4V,XU.UNIDOS POR LA DIGNIDAD,308. PEDRO ENRIQUE RUBIO CHAVARRIA,IND,2.0,False
330240,COCHAMO,COCHAMO,ESCUELA BASICA FRONTERIZA JUAN SOLER MANFREDINI,4V,YM.CHILE VAMOS - PRI E INDEPENDIENTES,309. BRYAN RICARDO MARTINEZ TOBAR,PRI,6.0,False
330241,COCHAMO,COCHAMO,ESCUELA BASICA FRONTERIZA JUAN SOLER MANFREDINI,4V,YM.CHILE VAMOS - PRI E INDEPENDIENTES,310. JESSICA SOLEDAD OYARZO RIVERA,IND,14.0,True
330242,COCHAMO,COCHAMO,ESCUELA BASICA FRONTERIZA JUAN SOLER MANFREDINI,4V,YM.CHILE VAMOS - PRI E INDEPENDIENTES,311. SEBASTIAN IGNACIO GONZALEZ MALDONADO,IND,1.0,False
330243,COCHAMO,COCHAMO,ESCUELA BASICA FRONTERIZA JUAN SOLER MANFREDINI,4V,YM.CHILE VAMOS - PRI E INDEPENDIENTES,312. VICTOR EDUARDO MENDOZA MUNDACA,IND,0.0,False
330244,COCHAMO,COCHAMO,ESCUELA BASICA FRONTERIZA JUAN SOLER MANFREDINI,4V,YM.CHILE VAMOS - PRI E INDEPENDIENTES,313. SERAFIN EDUARDO CUEVAS ARGEL,IND,1.0,True
330245,COCHAMO,COCHAMO,ESCUELA BASICA FRONTERIZA JUAN SOLER MANFREDINI,4V,YW.UNIDAD POR EL APRUEBO PS PPD E INDEPENDIENTES,314. DAFNE WALESCKA CHAMORRO MALDONADO,IND,1.0,False
330246,COCHAMO,COCHAMO,ESCUELA BASICA FRONTERIZA JUAN SOLER MANFREDINI,4V,YW.UNIDAD POR EL APRUEBO PS PPD E INDEPENDIENTES,315. JOSE LUIS SUAREZ MUÑOZ,IND,0.0,False
330247,COCHAMO,COCHAMO,ESCUELA BASICA FRONTERIZA JUAN SOLER MANFREDINI,4V,YW.UNIDAD POR EL APRUEBO PS PPD E INDEPENDIENTES,316. CARLOS SOTO SOTOMAYOR,PPD,16.0,True
330248,COCHAMO,COCHAMO,ESCUELA BASICA FRONTERIZA JUAN SOLER MANFREDINI,4V,YW.UNIDAD POR EL APRUEBO PS PPD E INDEPENDIENTES,317. MIRTA ALEJANDRA CARCAMO CALDERON,IND,0.0,False
330249,COCHAMO,COCHAMO,ESCUELA BASICA FRONTERIZA JUAN SOLER MANFREDINI,4V,YW.UNIDAD POR EL APRUEBO PS PPD E INDEPENDIENTES,318. MARCELA ALMONACID ALMONACID,IND,6.0,False
330250,COCHAMO,COCHAMO,ESCUELA BASICA FRONTERIZA JUAN SOLER MANFREDINI,4V,ZJ.CHILE VAMOS UDI - INDEPENDIENTES,319. SEBASTIAN ALEJANDRO GUERRERO CASAS,UDI,15.0,True
330251,COCHAMO,COCHAMO,ESCUELA BASICA FRONTERIZA JUAN SOLER MANFREDINI,4V,ZJ.CHILE VAMOS UDI - INDEPENDIENTES,320. VIOLETA DEL CARMEN PAREDES VERA,UDI,5.0,False
330252,COCHAMO,COCHAMO,ESCUELA BASICA FRONTERIZA JUAN SOLER MANFREDINI,4V,ZJ.CHILE VAMOS UDI - INDEPENDIENTES,321. YOSELIN CAROLINA DELGADO MULLER,IND,0.0,False
330253,COCHAMO,COCHAMO,ESCUELA BASICA FRONTERIZA JUAN SOLER MANFREDINI,4V,ZU.RADICALES E INDEPENDIENTES,322. TERESA ELIZABETH VIDAL BUSTAMANTE,IND,1.0,False
330254,COCHAMO,COCHAMO,ESCUELA BASICA FRONTERIZA JUAN SOLER MANFREDINI,5,XK.CHILE VAMOS RENOVACION NACIONAL - INDEPENDIENTES,300. CRISTINA VICTORIA SANCHEZ MARIN,RN,0.0,False
330255,COCHAMO,COCHAMO,ESCUELA BASICA FRONTERIZA JUAN SOLER MANFREDINI,5,XK.CHILE VAMOS RENOVACION NACIONAL - INDEPENDIENTES,301. JOSE DAVID ALMONACID REYES,RN,0.0,False
330256,COCHAMO,COCHAMO,ESCUELA BASICA FRONTERIZA JUAN SOLER MANFREDINI,5,XK.CHILE VAMOS RENOVACION NACIONAL - INDEPENDIENTES,302. ARTURO JAVIER ESPINDOLA ROJAS,RN,1.0,False
330257,COCHAMO,COCHAMO,ESCUELA BASICA FRONTERIZA JUAN SOLER MANFREDINI,5,XK.CHILE VAMOS RENOVACION NACIONAL - INDEPENDIENTES,303. PABLO CESAR MARIN TELLEZ,IND,4.0,True
330258,COCHAMO,COCHAMO,ESCUELA BASICA FRONTERIZA JUAN SOLER MANFREDINI,5,XK.CHILE VAMOS RENOVACION NACIONAL - INDEPENDIENTES,304. LUIS CRISTIAN VILLARROEL SOTO,IND,5.0,True
330259,COCHAMO,COCHAMO,ESCUELA BASICA FRONTERIZA JUAN SOLER MANFREDINI,5,XS.FRENTE AMPLIO,305. MARIA GRAFIRA VARGAS VILLARROEL,IND,6.0,False
330260,COCHAMO,COCHAMO,ESCUELA BASICA FRONTERIZA JUAN SOLER MANFREDINI,5,XS.FRENTE AMPLIO,306. PABLO MATIAS ZUÑIGA TORRES,IND,4.0,False
330261,COCHAMO,COCHAMO,ESCUELA BASICA FRONTERIZA JUAN SOLER MANFREDINI,5,XU.UNIDOS POR LA DIGNIDAD,307. CARLOS ALBERTO CARDENAS ALMONACID,PDC,2.0,False
330262,COCHAMO,COCHAMO,ESCUELA BASICA FRONTERIZA JUAN SOLER MANFREDINI,5,XU.UNIDOS POR LA DIGNIDAD,308. PEDRO ENRIQUE RUBIO CHAVARRIA,IND,2.0,False
330263,COCHAMO,COCHAMO,ESCUELA BASICA FRONTERIZA JUAN SOLER MANFREDINI,5,YM.CHILE VAMOS - PRI E INDEPENDIENTES,309. BRYAN RICARDO MARTINEZ TOBAR,PRI,3.0,False
330264,COCHAMO,COCHAMO,ESCUELA BASICA FRONTERIZA JUAN SOLER MANFREDINI,5,YM.CHILE VAMOS - PRI E INDEPENDIENTES,310. JESSICA SOLEDAD OYARZO RIVERA,IND,4.0,True
330265,COCHAMO,COCHAMO,ESCUELA BASICA FRONTERIZA JUAN SOLER MANFREDINI,5,YM.CHILE VAMOS - PRI E INDEPENDIENTES,311. SEBASTIAN IGNACIO GONZALEZ MALDONADO,IND,0.0,False
330266,COCHAMO,COCHAMO,ESCUELA BASICA FRONTERIZA JUAN SOLER MANFREDINI,5,YM.CHILE VAMOS - PRI E INDEPENDIENTES,312. VICTOR EDUARDO MENDOZA MUNDACA,IND,0.0,False
330267,COCHAMO,COCHAMO,ESCUELA BASICA FRONTERIZA JUAN SOLER MANFREDINI,5,YM.CHILE VAMOS - PRI E INDEPENDIENTES,313. SERAFIN EDUARDO CUEVAS ARGEL,IND,8.0,True
330268,COCHAMO,COCHAMO,ESCUELA BASICA FRONTERIZA JUAN SOLER MANFREDINI,5,YW.UNIDAD POR EL APRUEBO PS PPD E INDEPENDIENTES,314. DAFNE WALESCKA CHAMORRO MALDONADO,IND,3.0,False
330269,COCHAMO,COCHAMO,ESCUELA BASICA FRONTERIZA JUAN SOLER MANFREDINI,5,YW.UNIDAD POR EL APRUEBO PS PPD E INDEPENDIENTES,315. JOSE LUIS SUAREZ MUÑOZ,IND,1.0,False
330270,COCHAMO,COCHAMO,ESCUELA BASICA FRONTERIZA JUAN SOLER MANFREDINI,5,YW.UNIDAD POR EL APRUEBO PS PPD E INDEPENDIENTES,316. CARLOS SOTO SOTOMAYOR,PPD,7.0,True
330271,COCHAMO,COCHAMO,ESCUELA BASICA FRONTERIZA JUAN SOLER MANFREDINI,5,YW.UNIDAD POR EL APRUEBO PS PPD E INDEPENDIENTES,317. MIRTA ALEJANDRA CARCAMO CALDERON,IND,0.0,False
330272,COCHAMO,COCHAMO,ESCUELA BASICA FRONTERIZA JUAN SOLER MANFREDINI,5,YW.UNIDAD POR EL APRUEBO PS PPD E INDEPENDIENTES,318. MARCELA ALMONACID ALMONACID,IND,3.0,False
330273,COCHAMO,COCHAMO,ESCUELA BASICA FRONTERIZA JUAN SOLER MANFREDINI,5,ZJ.CHILE VAMOS UDI - INDEPENDIENTES,319. SEBASTIAN ALEJANDRO GUERRERO CASAS,UDI,3.0,True
330274,COCHAMO,COCHAMO,ESCUELA BASICA FRONTERIZA JUAN SOLER MANFREDINI,5,ZJ.CHILE VAMOS UDI - INDEPENDIENTES,320. VIOLETA DEL CARMEN PAREDES VERA,UDI,3.0,False
330275,COCHAMO,COCHAMO,ESCUELA BASICA FRONTERIZA JUAN SOLER MANFREDINI,5,ZJ.CHILE VAMOS UDI - INDEPENDIENTES,321. YOSELIN CAROLINA DELGADO MULLER,IND,0.0,False
330276,COCHAMO,COCHAMO,ESCUELA BASICA FRONTERIZA JUAN SOLER MANFREDINI,5,ZU.RADICALES E INDEPENDIENTES,322. TERESA ELIZABETH VIDAL BUSTAMANTE,IND,2.0,False
330277,COCHAMO,COCHAMO,ESCUELA BASICA FRONTERIZA JUAN SOLER MANFREDINI,6,XK.CHILE VAMOS RENOVACION NACIONAL - INDEPENDIENTES,300. CRISTINA VICTORIA SANCHEZ MARIN,RN,0.0,False
330278,COCHAMO,COCHAMO,ESCUELA BASICA FRONTERIZA JUAN SOLER MANFREDINI,6,XK.CHILE VAMOS RENOVACION NACIONAL - INDEPENDIENTES,301. JOSE DAVID ALMONACID REYES,RN,1.0,False
330279,COCHAMO,COCHAMO,ESCUELA BASICA FRONTERIZA JUAN SOLER MANFREDINI,6,XK.CHILE VAMOS RENOVACION NACIONAL - INDEPENDIENTES,302. ARTURO JAVIER ESPINDOLA ROJAS,RN,1.0,False
330280,COCHAMO,COCHAMO,ESCUELA BASICA FRONTERIZA JUAN SOLER MANFREDINI,6,XK.CHILE VAMOS RENOVACION NACIONAL - INDEPENDIENTES,303. PABLO CESAR MARIN TELLEZ,IND,6.0,True
330281,COCHAMO,COCHAMO,ESCUELA BASICA FRONTERIZA JUAN SOLER MANFREDINI,6,XK.CHILE VAMOS RENOVACION NACIONAL - INDEPENDIENTES,304. LUIS CRISTIAN VILLARROEL SOTO,IND,9.0,True
330282,COCHAMO,COCHAMO,ESCUELA BASICA FRONTERIZA JUAN SOLER MANFREDINI,6,XS.FRENTE AMPLIO,305. MARIA GRAFIRA VARGAS VILLARROEL,IND,6.0,False
330283,COCHAMO,COCHAMO,ESCUELA BASICA FRONTERIZA JUAN SOLER MANFREDINI,6,XS.FRENTE AMPLIO,306. PABLO MATIAS ZUÑIGA TORRES,IND,4.0,False
330284,COCHAMO,COCHAMO,ESCUELA BASICA FRONTERIZA JUAN SOLER MANFREDINI,6,XU.UNIDOS POR LA DIGNIDAD,307. CARLOS ALBERTO CARDENAS ALMONACID,PDC,0.0,False
330285,COCHAMO,COCHAMO,ESCUELA BASICA FRONTERIZA JUAN SOLER MANFREDINI,6,XU.UNIDOS POR LA DIGNIDAD,308. PEDRO ENRIQUE RUBIO CHAVARRIA,IND,0.0,False
330286,COCHAMO,COCHAMO,ESCUELA BASICA FRONTERIZA JUAN SOLER MANFREDINI,6,YM.CHILE VAMOS - PRI E INDEPENDIENTES,309. BRYAN RICARDO MARTINEZ TOBAR,PRI,7.0,False
330287,COCHAMO,COCHAMO,ESCUELA BASICA FRONTERIZA JUAN SOLER MANFREDINI,6,YM.CHILE VAMOS - PRI E INDEPENDIENTES,310. JESSICA SOLEDAD OYARZO RIVERA,IND,3.0,True
330288,COCHAMO,COCHAMO,ESCUELA BASICA FRONTERIZA JUAN SOLER MANFREDINI,6,YM.CHILE VAMOS - PRI E INDEPENDIENTES,311. SEBASTIAN IGNACIO GONZALEZ MALDONADO,IND,1.0,False
330289,COCHAMO,COCHAMO,ESCUELA BASICA FRONTERIZA JUAN SOLER MANFREDINI,6,YM.CHILE VAMOS - PRI E INDEPENDIENTES,312. VICTOR EDUARDO MENDOZA MUNDACA,IND,0.0,False
330290,COCHAMO,COCHAMO,ESCUELA BASICA FRONTERIZA JUAN SOLER MANFREDINI,6,YM.CHILE VAMOS - PRI E INDEPENDIENTES,313. SERAFIN EDUARDO CUEVAS ARGEL,IND,3.0,True
330291,COCHAMO,COCHAMO,ESCUELA BASICA FRONTERIZA JUAN SOLER MANFREDINI,6,YW.UNIDAD POR EL APRUEBO PS PPD E INDEPENDIENTES,314. DAFNE WALESCKA CHAMORRO MALDONADO,IND,1.0,False
330292,COCHAMO,COCHAMO,ESCUELA BASICA FRONTERIZA JUAN SOLER MANFREDINI,6,YW.UNIDAD POR EL APRUEBO PS PPD E INDEPENDIENTES,315. JOSE LUIS SUAREZ MUÑOZ,IND,3.0,False
330293,COCHAMO,COCHAMO,ESCUELA BASICA FRONTERIZA JUAN SOLER MANFREDINI,6,YW.UNIDAD POR EL APRUEBO PS PPD E INDEPENDIENTES,316. CARLOS SOTO SOTOMAYOR,PPD,10.0,True
330294,COCHAMO,COCHAMO,ESCUELA BASICA FRONTERIZA JUAN SOLER MANFREDINI,6,YW.UNIDAD POR EL APRUEBO PS PPD E INDEPENDIENTES,317. MIRTA ALEJANDRA CARCAMO CALDERON,IND,0.0,False
330295,COCHAMO,COCHAMO,ESCUELA BASICA FRONTERIZA JUAN SOLER MANFREDINI,6,YW.UNIDAD POR EL APRUEBO PS PPD E INDEPENDIENTES,318. MARCELA ALMONACID ALMONACID,IND,2.0,False
330296,COCHAMO,COCHAMO,ESCUELA BASICA FRONTERIZA JUAN SOLER MANFREDINI,6,ZJ.CHILE VAMOS UDI - INDEPENDIENTES,319. SEBASTIAN ALEJANDRO GUERRERO CASAS,UDI,3.0,True
330297,COCHAMO,COCHAMO,ESCUELA BASICA FRONTERIZA JUAN SOLER MANFREDINI,6,ZJ.CHILE VAMOS UDI - INDEPENDIENTES,320. VIOLETA DEL CARMEN PAREDES VERA,UDI,4.0,False
330298,COCHAMO,COCHAMO,ESCUELA BASICA FRONTERIZA JUAN SOLER MANFREDINI,6,ZJ.CHILE VAMOS UDI - INDEPENDIENTES,321. YOSELIN CAROLINA DELGADO MULLER,IND,0.0,False
330299,COCHAMO,COCHAMO,ESCUELA BASICA FRONTERIZA JUAN SOLER MANFREDINI,6,ZU.RADICALES E INDEPENDIENTES,322. TERESA ELIZABETH VIDAL BUSTAMANTE,IND,3.0,False
330300,COCHAMO,LLANADA GRANDE,ESCUELA RURAL CAPITÀN DE BANDADA CARLOS RODRIGUEZ,1M,XK.CHILE VAMOS RENOVACION NACIONAL - INDEPENDIENTES,300. CRISTINA VICTORIA SANCHEZ MARIN,RN,5.0,False
330301,COCHAMO,LLANADA GRANDE,ESCUELA RURAL CAPITÀN DE BANDADA CARLOS RODRIGUEZ,1M,XK.CHILE VAMOS RENOVACION NACIONAL - INDEPENDIENTES,301. JOSE DAVID ALMONACID REYES,RN,,False
330302,COCHAMO,LLANADA GRANDE,ESCUELA RURAL CAPITÀN DE BANDADA CARLOS RODRIGUEZ,1M,XK.CHILE VAMOS RENOVACION NACIONAL - INDEPENDIENTES,302. ARTURO JAVIER ESPINDOLA ROJAS,RN,1.0,False
330303,COCHAMO,LLANADA GRANDE,ESCUELA RURAL CAPITÀN DE BANDADA CARLOS RODRIGUEZ,1M,XK.CHILE VAMOS RENOVACION NACIONAL - INDEPENDIENTES,303. PABLO CESAR MARIN TELLEZ,IND,3.0,True
330304,COCHAMO,LLANADA GRANDE,ESCUELA RURAL CAPITÀN DE BANDADA CARLOS RODRIGUEZ,1M,XK.CHILE VAMOS RENOVACION NACIONAL - INDEPENDIENTES,304. LUIS CRISTIAN VILLARROEL SOTO,IND,3.0,True
330305,COCHAMO,LLANADA GRANDE,ESCUELA RURAL CAPITÀN DE BANDADA CARLOS RODRIGUEZ,1M,XS.FRENTE AMPLIO,305. MARIA GRAFIRA VARGAS VILLARROEL,IND,,False
330306,COCHAMO,LLANADA GRANDE,ESCUELA RURAL CAPITÀN DE BANDADA CARLOS RODRIGUEZ,1M,XS.FRENTE AMPLIO,306. PABLO MATIAS ZUÑIGA TORRES,IND,,False
330307,COCHAMO,LLANADA GRANDE,ESCUELA RURAL CAPITÀN DE BANDADA CARLOS RODRIGUEZ,1M,XU.UNIDOS POR LA DIGNIDAD,307. CARLOS ALBERTO CARDENAS ALMONACID,PDC,,False
330308,COCHAMO,LLANADA GRANDE,ESCUELA RURAL CAPITÀN DE BANDADA CARLOS RODRIGUEZ,1M,XU.UNIDOS POR LA DIGNIDAD,308. PEDRO ENRIQUE RUBIO CHAVARRIA,IND,,False
330309,COCHAMO,LLANADA GRANDE,ESCUELA RURAL CAPITÀN DE BANDADA CARLOS RODRIGUEZ,1M,YM.CHILE VAMOS - PRI E INDEPENDIENTES,309. BRYAN RICARDO MARTINEZ TOBAR,PRI,4.0,False
330310,COCHAMO,LLANADA GRANDE,ESCUELA RURAL CAPITÀN DE BANDADA CARLOS RODRIGUEZ,1M,YM.CHILE VAMOS - PRI E INDEPENDIENTES,310. JESSICA SOLEDAD OYARZO RIVERA,IND,,True
330311,COCHAMO,LLANADA GRANDE,ESCUELA RURAL CAPITÀN DE BANDADA CARLOS RODRIGUEZ,1M,YM.CHILE VAMOS - PRI E INDEPENDIENTES,311. SEBASTIAN IGNACIO GONZALEZ MALDONADO,IND,1.0,False
330312,COCHAMO,LLANADA GRANDE,ESCUELA RURAL CAPITÀN DE BANDADA CARLOS RODRIGUEZ,1M,YM.CHILE VAMOS - PRI E INDEPENDIENTES,312. VICTOR EDUARDO MENDOZA MUNDACA,IND,,False
330313,COCHAMO,LLANADA GRANDE,ESCUELA RURAL CAPITÀN DE BANDADA CARLOS RODRIGUEZ,1M,YM.CHILE VAMOS - PRI E INDEPENDIENTES,313. SERAFIN EDUARDO CUEVAS ARGEL,IND,56.0,True
330314,COCHAMO,LLANADA GRANDE,ESCUELA RURAL CAPITÀN DE BANDADA CARLOS RODRIGUEZ,1M,YW.UNIDAD POR EL APRUEBO PS PPD E INDEPENDIENTES,314. DAFNE WALESCKA CHAMORRO MALDONADO,IND,19.0,False
330315,COCHAMO,LLANADA GRANDE,ESCUELA RURAL CAPITÀN DE BANDADA CARLOS RODRIGUEZ,1M,YW.UNIDAD POR EL APRUEBO PS PPD E INDEPENDIENTES,315. JOSE LUIS SUAREZ MUÑOZ,IND,,False
330316,COCHAMO,LLANADA GRANDE,ESCUELA RURAL CAPITÀN DE BANDADA CARLOS RODRIGUEZ,1M,YW.UNIDAD POR EL APRUEBO PS PPD E INDEPENDIENTES,316. CARLOS SOTO SOTOMAYOR,PPD,5.0,True
330317,COCHAMO,LLANADA GRANDE,ESCUELA RURAL CAPITÀN DE BANDADA CARLOS RODRIGUEZ,1M,YW.UNIDAD POR EL APRUEBO PS PPD E INDEPENDIENTES,317. MIRTA ALEJANDRA CARCAMO CALDERON,IND,,False
330318,COCHAMO,LLANADA GRANDE,ESCUELA RURAL CAPITÀN DE BANDADA CARLOS RODRIGUEZ,1M,YW.UNIDAD POR EL APRUEBO PS PPD E INDEPENDIENTES,318. MARCELA ALMONACID ALMONACID,IND,,False
330319,COCHAMO,LLANADA GRANDE,ESCUELA RURAL CAPITÀN DE BANDADA CARLOS RODRIGUEZ,1M,ZJ.CHILE VAMOS UDI - INDEPENDIENTES,319. SEBASTIAN ALEJANDRO GUERRERO CASAS,UDI,1.0,True
330320,COCHAMO,LLANADA GRANDE,ESCUELA RURAL CAPITÀN DE BANDADA CARLOS RODRIGUEZ,1M,ZJ.CHILE VAMOS UDI - INDEPENDIENTES,320. VIOLETA DEL CARMEN PAREDES VERA,UDI,1.0,False
330321,COCHAMO,LLANADA GRANDE,ESCUELA RURAL CAPITÀN DE BANDADA CARLOS RODRIGUEZ,1M,ZJ.CHILE VAMOS UDI - INDEPENDIENTES,321. YOSELIN CAROLINA DELGADO MULLER,IND,3.0,False
330322,COCHAMO,LLANADA GRANDE,ESCUELA RURAL CAPITÀN DE BANDADA CARLOS RODRIGUEZ,1M,ZU.RADICALES E INDEPENDIENTES,322. TERESA ELIZABETH VIDAL BUSTAMANTE,IND,2.0,False
330323,COCHAMO,LLANADA GRANDE,ESCUELA RURAL CAPITÀN DE BANDADA CARLOS RODRIGUEZ,1V-2V,XK.CHILE VAMOS RENOVACION NACIONAL - INDEPENDIENTES,300. CRISTINA VICTORIA SANCHEZ MARIN,RN,6.0,False
330324,COCHAMO,LLANADA GRANDE,ESCUELA RURAL CAPITÀN DE BANDADA CARLOS RODRIGUEZ,1V-2V,XK.CHILE VAMOS RENOVACION NACIONAL - INDEPENDIENTES,301. JOSE DAVID ALMONACID REYES,RN,1.0,False
330325,COCHAMO,LLANADA GRANDE,ESCUELA RURAL CAPITÀN DE BANDADA CARLOS RODRIGUEZ,1V-2V,XK.CHILE VAMOS RENOVACION NACIONAL - INDEPENDIENTES,302. ARTURO JAVIER ESPINDOLA ROJAS,RN,5.0,False
330326,COCHAMO,LLANADA GRANDE,ESCUELA RURAL CAPITÀN DE BANDADA CARLOS RODRIGUEZ,1V-2V,XK.CHILE VAMOS RENOVACION NACIONAL - INDEPENDIENTES,303. PABLO CESAR MARIN TELLEZ,IND,6.0,True
330327,COCHAMO,LLANADA GRANDE,ESCUELA RURAL CAPITÀN DE BANDADA CARLOS RODRIGUEZ,1V-2V,XK.CHILE VAMOS RENOVACION NACIONAL - INDEPENDIENTES,304. LUIS CRISTIAN VILLARROEL SOTO,IND,2.0,True
330328,COCHAMO,LLANADA GRANDE,ESCUELA RURAL CAPITÀN DE BANDADA CARLOS RODRIGUEZ,1V-2V,XS.FRENTE AMPLIO,305. MARIA GRAFIRA VARGAS VILLARROEL,IND,1.0,False
330329,COCHAMO,LLANADA GRANDE,ESCUELA RURAL CAPITÀN DE BANDADA CARLOS RODRIGUEZ,1V-2V,XS.FRENTE AMPLIO,306. PABLO MATIAS ZUÑIGA TORRES,IND,3.0,False
330330,COCHAMO,LLANADA GRANDE,ESCUELA RURAL CAPITÀN DE BANDADA CARLOS RODRIGUEZ,1V-2V,XU.UNIDOS POR LA DIGNIDAD,307. CARLOS ALBERTO CARDENAS ALMONACID,PDC,1.0,False
330331,COCHAMO,LLANADA GRANDE,ESCUELA RURAL CAPITÀN DE BANDADA CARLOS RODRIGUEZ,1V-2V,XU.UNIDOS POR LA DIGNIDAD,308. PEDRO ENRIQUE RUBIO CHAVARRIA,IND,0.0,False
330332,COCHAMO,LLANADA GRANDE,ESCUELA RURAL CAPITÀN DE BANDADA CARLOS RODRIGUEZ,1V-2V,YM.CHILE VAMOS - PRI E INDEPENDIENTES,309. BRYAN RICARDO MARTINEZ TOBAR,PRI,3.0,False
330333,COCHAMO,LLANADA GRANDE,ESCUELA RURAL CAPITÀN DE BANDADA CARLOS RODRIGUEZ,1V-2V,YM.CHILE VAMOS - PRI E INDEPENDIENTES,310. JESSICA SOLEDAD OYARZO RIVERA,IND,0.0,True
330334,COCHAMO,LLANADA GRANDE,ESCUELA RURAL CAPITÀN DE BANDADA CARLOS RODRIGUEZ,1V-2V,YM.CHILE VAMOS - PRI E INDEPENDIENTES,311. SEBASTIAN IGNACIO GONZALEZ MALDONADO,IND,1.0,False
330335,COCHAMO,LLANADA GRANDE,ESCUELA RURAL CAPITÀN DE BANDADA CARLOS RODRIGUEZ,1V-2V,YM.CHILE VAMOS - PRI E INDEPENDIENTES,312. VICTOR EDUARDO MENDOZA MUNDACA,IND,0.0,False
330336,COCHAMO,LLANADA GRANDE,ESCUELA RURAL CAPITÀN DE BANDADA CARLOS RODRIGUEZ,1V-2V,YM.CHILE VAMOS - PRI E INDEPENDIENTES,313. SERAFIN EDUARDO CUEVAS ARGEL,IND,69.0,True
330337,COCHAMO,LLANADA GRANDE,ESCUELA RURAL CAPITÀN DE BANDADA CARLOS RODRIGUEZ,1V-2V,YW.UNIDAD POR EL APRUEBO PS PPD E INDEPENDIENTES,314. DAFNE WALESCKA CHAMORRO MALDONADO,IND,18.0,False
330338,COCHAMO,LLANADA GRANDE,ESCUELA RURAL CAPITÀN DE BANDADA CARLOS RODRIGUEZ,1V-2V,YW.UNIDAD POR EL APRUEBO PS PPD E INDEPENDIENTES,315. JOSE LUIS SUAREZ MUÑOZ,IND,0.0,False
330339,COCHAMO,LLANADA GRANDE,ESCUELA RURAL CAPITÀN DE BANDADA CARLOS RODRIGUEZ,1V-2V,YW.UNIDAD POR EL APRUEBO PS PPD E INDEPENDIENTES,316. CARLOS SOTO SOTOMAYOR,PPD,12.0,True
330340,COCHAMO,LLANADA GRANDE,ESCUELA RURAL CAPITÀN DE BANDADA CARLOS RODRIGUEZ,1V-2V,YW.UNIDAD POR EL APRUEBO PS PPD E INDEPENDIENTES,317. MIRTA ALEJANDRA CARCAMO CALDERON,IND,0.0,False
330341,COCHAMO,LLANADA GRANDE,ESCUELA RURAL CAPITÀN DE BANDADA CARLOS RODRIGUEZ,1V-2V,YW.UNIDAD POR EL APRUEBO PS PPD E INDEPENDIENTES,318. MARCELA ALMONACID ALMONACID,IND,0.0,False
330342,COCHAMO,LLANADA GRANDE,ESCUELA RURAL CAPITÀN DE BANDADA CARLOS RODRIGUEZ,1V-2V,ZJ.CHILE VAMOS UDI - INDEPENDIENTES,319. SEBASTIAN ALEJANDRO GUERRERO CASAS,UDI,0.0,True
330343,COCHAMO,LLANADA GRANDE,ESCUELA RURAL CAPITÀN DE BANDADA CARLOS RODRIGUEZ,1V-2V,ZJ.CHILE VAMOS UDI - INDEPENDIENTES,320. VIOLETA DEL CARMEN PAREDES VERA,UDI,1.0,False
330344,COCHAMO,LLANADA GRANDE,ESCUELA RURAL CAPITÀN DE BANDADA CARLOS RODRIGUEZ,1V-2V,ZJ.CHILE VAMOS UDI - INDEPENDIENTES,321. YOSELIN CAROLINA DELGADO MULLER,IND,10.0,False
330345,COCHAMO,LLANADA GRANDE,ESCUELA RURAL CAPITÀN DE BANDADA CARLOS RODRIGUEZ,1V-2V,ZU.RADICALES E INDEPENDIENTES,322. TERESA ELIZABETH VIDAL BUSTAMANTE,IND,0.0,False
330346,COCHAMO,PUELO,ESCUELA RURAL RIO PUELO,1M,XK.CHILE VAMOS RENOVACION NACIONAL - INDEPENDIENTES,300. CRISTINA VICTORIA SANCHEZ MARIN,RN,7.0,False
330347,COCHAMO,PUELO,ESCUELA RURAL RIO PUELO,1M,XK.CHILE VAMOS RENOVACION NACIONAL - INDEPENDIENTES,301. JOSE DAVID ALMONACID REYES,RN,6.0,False
330348,COCHAMO,PUELO,ESCUELA RURAL RIO PUELO,1M,XK.CHILE VAMOS RENOVACION NACIONAL - INDEPENDIENTES,302. ARTURO JAVIER ESPINDOLA ROJAS,RN,6.0,False
330349,COCHAMO,PUELO,ESCUELA RURAL RIO PUELO,1M,XK.CHILE VAMOS RENOVACION NACIONAL - INDEPENDIENTES,303. PABLO CESAR MARIN TELLEZ,IND,20.0,True
330350,COCHAMO,PUELO,ESCUELA RURAL RIO PUELO,1M,XK.CHILE VAMOS RENOVACION NACIONAL - INDEPENDIENTES,304. LUIS CRISTIAN VILLARROEL SOTO,IND,5.0,True
330351,COCHAMO,PUELO,ESCUELA RURAL RIO PUELO,1M,XS.FRENTE AMPLIO,305. MARIA GRAFIRA VARGAS VILLARROEL,IND,5.0,False
330352,COCHAMO,PUELO,ESCUELA RURAL RIO PUELO,1M,XS.FRENTE AMPLIO,306. PABLO MATIAS ZUÑIGA TORRES,IND,7.0,False
330353,COCHAMO,PUELO,ESCUELA RURAL RIO PUELO,1M,XU.UNIDOS POR LA DIGNIDAD,307. CARLOS ALBERTO CARDENAS ALMONACID,PDC,9.0,False
330354,COCHAMO,PUELO,ESCUELA RURAL RIO PUELO,1M,XU.UNIDOS POR LA DIGNIDAD,308. PEDRO ENRIQUE RUBIO CHAVARRIA,IND,4.0,False
330355,COCHAMO,PUELO,ESCUELA RURAL RIO PUELO,1M,YM.CHILE VAMOS - PRI E INDEPENDIENTES,309. BRYAN RICARDO MARTINEZ TOBAR,PRI,4.0,False
330356,COCHAMO,PUELO,ESCUELA RURAL RIO PUELO,1M,YM.CHILE VAMOS - PRI E INDEPENDIENTES,310. JESSICA SOLEDAD OYARZO RIVERA,IND,2.0,True
330357,COCHAMO,PUELO,ESCUELA RURAL RIO PUELO,1M,YM.CHILE VAMOS - PRI E INDEPENDIENTES,311. SEBASTIAN IGNACIO GONZALEZ MALDONADO,IND,5.0,False
330358,COCHAMO,PUELO,ESCUELA RURAL RIO PUELO,1M,YM.CHILE VAMOS - PRI E INDEPENDIENTES,312. VICTOR EDUARDO MENDOZA MUNDACA,IND,1.0,False
330359,COCHAMO,PUELO,ESCUELA RURAL RIO PUELO,1M,YM.CHILE VAMOS - PRI E INDEPENDIENTES,313. SERAFIN EDUARDO CUEVAS ARGEL,IND,5.0,True
330360,COCHAMO,PUELO,ESCUELA RURAL RIO PUELO,1M,YW.UNIDAD POR EL APRUEBO PS PPD E INDEPENDIENTES,314. DAFNE WALESCKA CHAMORRO MALDONADO,IND,0.0,False
330361,COCHAMO,PUELO,ESCUELA RURAL RIO PUELO,1M,YW.UNIDAD POR EL APRUEBO PS PPD E INDEPENDIENTES,315. JOSE LUIS SUAREZ MUÑOZ,IND,7.0,False
330362,COCHAMO,PUELO,ESCUELA RURAL RIO PUELO,1M,YW.UNIDAD POR EL APRUEBO PS PPD E INDEPENDIENTES,316. CARLOS SOTO SOTOMAYOR,PPD,11.0,True
330363,COCHAMO,PUELO,ESCUELA RURAL RIO PUELO,1M,YW.UNIDAD POR EL APRUEBO PS PPD E INDEPENDIENTES,317. MIRTA ALEJANDRA CARCAMO CALDERON,IND,2.0,False
330364,COCHAMO,PUELO,ESCUELA RURAL RIO PUELO,1M,YW.UNIDAD POR EL APRUEBO PS PPD E INDEPENDIENTES,318. MARCELA ALMONACID ALMONACID,IND,12.0,False
330365,COCHAMO,PUELO,ESCUELA RURAL RIO PUELO,1M,ZJ.CHILE VAMOS UDI - INDEPENDIENTES,319. SEBASTIAN ALEJANDRO GUERRERO CASAS,UDI,15.0,True
330366,COCHAMO,PUELO,ESCUELA RURAL RIO PUELO,1M,ZJ.CHILE VAMOS UDI - INDEPENDIENTES,320. VIOLETA DEL CARMEN PAREDES VERA,UDI,13.0,False
330367,COCHAMO,PUELO,ESCUELA RURAL RIO PUELO,1M,ZJ.CHILE VAMOS UDI - INDEPENDIENTES,321. YOSELIN CAROLINA DELGADO MULLER,IND,1.0,False
330368,COCHAMO,PUELO,ESCUELA RURAL RIO PUELO,1M,ZU.RADICALES E INDEPENDIENTES,322. TERESA ELIZABETH VIDAL BUSTAMANTE,IND,6.0,False
330369,COCHAMO,PUELO,ESCUELA RURAL RIO PUELO,2M,XK.CHILE VAMOS RENOVACION NACIONAL - INDEPENDIENTES,300. CRISTINA VICTORIA SANCHEZ MARIN,RN,8.0,False
330370,COCHAMO,PUELO,ESCUELA RURAL RIO PUELO,2M,XK.CHILE VAMOS RENOVACION NACIONAL - INDEPENDIENTES,301. JOSE DAVID ALMONACID REYES,RN,6.0,False
330371,COCHAMO,PUELO,ESCUELA RURAL RIO PUELO,2M,XK.CHILE VAMOS RENOVACION NACIONAL - INDEPENDIENTES,302. ARTURO JAVIER ESPINDOLA ROJAS,RN,18.0,False
330372,COCHAMO,PUELO,ESCUELA RURAL RIO PUELO,2M,XK.CHILE VAMOS RENOVACION NACIONAL - INDEPENDIENTES,303. PABLO CESAR MARIN TELLEZ,IND,20.0,True
330373,COCHAMO,PUELO,ESCUELA RURAL RIO PUELO,2M,XK.CHILE VAMOS RENOVACION NACIONAL - INDEPENDIENTES,304. LUIS CRISTIAN VILLARROEL SOTO,IND,5.0,True
330374,COCHAMO,PUELO,ESCUELA RURAL RIO PUELO,2M,XS.FRENTE AMPLIO,305. MARIA GRAFIRA VARGAS VILLARROEL,IND,5.0,False
330375,COCHAMO,PUELO,ESCUELA RURAL RIO PUELO,2M,XS.FRENTE AMPLIO,306. PABLO MATIAS ZUÑIGA TORRES,IND,9.0,False
330376,COCHAMO,PUELO,ESCUELA RURAL RIO PUELO,2M,XU.UNIDOS POR LA DIGNIDAD,307. CARLOS ALBERTO CARDENAS ALMONACID,PDC,10.0,False
330377,COCHAMO,PUELO,ESCUELA RURAL RIO PUELO,2M,XU.UNIDOS POR LA DIGNIDAD,308. PEDRO ENRIQUE RUBIO CHAVARRIA,IND,3.0,False
330378,COCHAMO,PUELO,ESCUELA RURAL RIO PUELO,2M,YM.CHILE VAMOS - PRI E INDEPENDIENTES,309. BRYAN RICARDO MARTINEZ TOBAR,PRI,21.0,False
330379,COCHAMO,PUELO,ESCUELA RURAL RIO PUELO,2M,YM.CHILE VAMOS - PRI E INDEPENDIENTES,310. JESSICA SOLEDAD OYARZO RIVERA,IND,1.0,True
330380,COCHAMO,PUELO,ESCUELA RURAL RIO PUELO,2M,YM.CHILE VAMOS - PRI E INDEPENDIENTES,311. SEBASTIAN IGNACIO GONZALEZ MALDONADO,IND,7.0,False
330381,COCHAMO,PUELO,ESCUELA RURAL RIO PUELO,2M,YM.CHILE VAMOS - PRI E INDEPENDIENTES,312. VICTOR EDUARDO MENDOZA MUNDACA,IND,1.0,False
330382,COCHAMO,PUELO,ESCUELA RURAL RIO PUELO,2M,YM.CHILE VAMOS - PRI E INDEPENDIENTES,313. SERAFIN EDUARDO CUEVAS ARGEL,IND,3.0,True
330383,COCHAMO,PUELO,ESCUELA RURAL RIO PUELO,2M,YW.UNIDAD POR EL APRUEBO PS PPD E INDEPENDIENTES,314. DAFNE WALESCKA CHAMORRO MALDONADO,IND,1.0,False
330384,COCHAMO,PUELO,ESCUELA RURAL RIO PUELO,2M,YW.UNIDAD POR EL APRUEBO PS PPD E INDEPENDIENTES,315. JOSE LUIS SUAREZ MUÑOZ,IND,6.0,False
330385,COCHAMO,PUELO,ESCUELA RURAL RIO PUELO,2M,YW.UNIDAD POR EL APRUEBO PS PPD E INDEPENDIENTES,316. CARLOS SOTO SOTOMAYOR,PPD,11.0,True
330386,COCHAMO,PUELO,ESCUELA RURAL RIO PUELO,2M,YW.UNIDAD POR EL APRUEBO PS PPD E INDEPENDIENTES,317. MIRTA ALEJANDRA CARCAMO CALDERON,IND,1.0,False
330387,COCHAMO,PUELO,ESCUELA RURAL RIO PUELO,2M,YW.UNIDAD POR EL APRUEBO PS PPD E INDEPENDIENTES,318. MARCELA ALMONACID ALMONACID,IND,9.0,False
330388,COCHAMO,PUELO,ESCUELA RURAL RIO PUELO,2M,ZJ.CHILE VAMOS UDI - INDEPENDIENTES,319. SEBASTIAN ALEJANDRO GUERRERO CASAS,UDI,16.0,True
330389,COCHAMO,PUELO,ESCUELA RURAL RIO PUELO,2M,ZJ.CHILE VAMOS UDI - INDEPENDIENTES,320. VIOLETA DEL CARMEN PAREDES VERA,UDI,12.0,False
330390,COCHAMO,PUELO,ESCUELA RURAL RIO PUELO,2M,ZJ.CHILE VAMOS UDI - INDEPENDIENTES,321. YOSELIN CAROLINA DELGADO MULLER,IND,0.0,False
330391,COCHAMO,PUELO,ESCUELA RURAL RIO PUELO,2M,ZU.RADICALES E INDEPENDIENTES,322. TERESA ELIZABETH VIDAL BUSTAMANTE,IND,8.0,False
330392,COCHAMO,PUELO,ESCUELA RURAL RIO PUELO,3M-1V,XK.CHILE VAMOS RENOVACION NACIONAL - INDEPENDIENTES,300. CRISTINA VICTORIA SANCHEZ MARIN,RN,10.0,False
330393,COCHAMO,PUELO,ESCUELA RURAL RIO PUELO,3M-1V,XK.CHILE VAMOS RENOVACION NACIONAL - INDEPENDIENTES,301. JOSE DAVID ALMONACID REYES,RN,8.0,False
330394,COCHAMO,PUELO,ESCUELA RURAL RIO PUELO,3M-1V,XK.CHILE VAMOS RENOVACION NACIONAL - INDEPENDIENTES,302. ARTURO JAVIER ESPINDOLA ROJAS,RN,9.0,False
330395,COCHAMO,PUELO,ESCUELA RURAL RIO PUELO,3M-1V,XK.CHILE VAMOS RENOVACION NACIONAL - INDEPENDIENTES,303. PABLO CESAR MARIN TELLEZ,IND,21.0,True
330396,COCHAMO,PUELO,ESCUELA RURAL RIO PUELO,3M-1V,XK.CHILE VAMOS RENOVACION NACIONAL - INDEPENDIENTES,304. LUIS CRISTIAN VILLARROEL SOTO,IND,2.0,True
330397,COCHAMO,PUELO,ESCUELA RURAL RIO PUELO,3M-1V,XS.FRENTE AMPLIO,305. MARIA GRAFIRA VARGAS VILLARROEL,IND,0.0,False
330398,COCHAMO,PUELO,ESCUELA RURAL RIO PUELO,3M-1V,XS.FRENTE AMPLIO,306. PABLO MATIAS ZUÑIGA TORRES,IND,17.0,False
330399,COCHAMO,PUELO,ESCUELA RURAL RIO PUELO,3M-1V,XU.UNIDOS POR LA DIGNIDAD,307. CARLOS ALBERTO CARDENAS ALMONACID,PDC,16.0,False
330400,COCHAMO,PUELO,ESCUELA RURAL RIO PUELO,3M-1V,XU.UNIDOS POR LA DIGNIDAD,308. PEDRO ENRIQUE RUBIO CHAVARRIA,IND,6.0,False
330401,COCHAMO,PUELO,ESCUELA RURAL RIO PUELO,3M-1V,YM.CHILE VAMOS - PRI E INDEPENDIENTES,309. BRYAN RICARDO MARTINEZ TOBAR,PRI,10.0,False
330402,COCHAMO,PUELO,ESCUELA RURAL RIO PUELO,3M-1V,YM.CHILE VAMOS - PRI E INDEPENDIENTES,310. JESSICA SOLEDAD OYARZO RIVERA,IND,0.0,True
330403,COCHAMO,PUELO,ESCUELA RURAL RIO PUELO,3M-1V,YM.CHILE VAMOS - PRI E INDEPENDIENTES,311. SEBASTIAN IGNACIO GONZALEZ MALDONADO,IND,7.0,False
330404,COCHAMO,PUELO,ESCUELA RURAL RIO PUELO,3M-1V,YM.CHILE VAMOS - PRI E INDEPENDIENTES,312. VICTOR EDUARDO MENDOZA MUNDACA,IND,5.0,False
330405,COCHAMO,PUELO,ESCUELA RURAL RIO PUELO,3M-1V,YM.CHILE VAMOS - PRI E INDEPENDIENTES,313. SERAFIN EDUARDO CUEVAS ARGEL,IND,7.0,True
330406,COCHAMO,PUELO,ESCUELA RURAL RIO PUELO,3M-1V,YW.UNIDAD POR EL APRUEBO PS PPD E INDEPENDIENTES,314. DAFNE WALESCKA CHAMORRO MALDONADO,IND,0.0,False
330407,COCHAMO,PUELO,ESCUELA RURAL RIO PUELO,3M-1V,YW.UNIDAD POR EL APRUEBO PS PPD E INDEPENDIENTES,315. JOSE LUIS SUAREZ MUÑOZ,IND,7.0,False
330408,COCHAMO,PUELO,ESCUELA RURAL RIO PUELO,3M-1V,YW.UNIDAD POR EL APRUEBO PS PPD E INDEPENDIENTES,316. CARLOS SOTO SOTOMAYOR,PPD,13.0,True
330409,COCHAMO,PUELO,ESCUELA RURAL RIO PUELO,3M-1V,YW.UNIDAD POR EL APRUEBO PS PPD E INDEPENDIENTES,317. MIRTA ALEJANDRA CARCAMO CALDERON,IND,0.0,False
330410,COCHAMO,PUELO,ESCUELA RURAL RIO PUELO,3M-1V,YW.UNIDAD POR EL APRUEBO PS PPD E INDEPENDIENTES,318. MARCELA ALMONACID ALMONACID,IND,11.0,False
330411,COCHAMO,PUELO,ESCUELA RURAL RIO PUELO,3M-1V,ZJ.CHILE VAMOS UDI - INDEPENDIENTES,319. SEBASTIAN ALEJANDRO GUERRERO CASAS,UDI,18.0,True
330412,COCHAMO,PUELO,ESCUELA RURAL RIO PUELO,3M-1V,ZJ.CHILE VAMOS UDI - INDEPENDIENTES,320. VIOLETA DEL CARMEN PAREDES VERA,UDI,17.0,False
330413,COCHAMO,PUELO,ESCUELA RURAL RIO PUELO,3M-1V,ZJ.CHILE VAMOS UDI - INDEPENDIENTES,321. YOSELIN CAROLINA DELGADO MULLER,IND,0.0,False
330414,COCHAMO,PUELO,ESCUELA RURAL RIO PUELO,3M-1V,ZU.RADICALES E INDEPENDIENTES,322. TERESA ELIZABETH VIDAL BUSTAMANTE,IND,4.0,False
330415,COCHAMO,PUELO,ESCUELA RURAL RIO PUELO,2V-4V-5,XK.CHILE VAMOS RENOVACION NACIONAL - INDEPENDIENTES,300. CRISTINA VICTORIA SANCHEZ MARIN,RN,4.0,False
330416,COCHAMO,PUELO,ESCUELA RURAL RIO PUELO,2V-4V-5,XK.CHILE VAMOS RENOVACION NACIONAL - INDEPENDIENTES,301. JOSE DAVID ALMONACID REYES,RN,7.0,False
330417,COCHAMO,PUELO,ESCUELA RURAL RIO PUELO,2V-4V-5,XK.CHILE VAMOS RENOVACION NACIONAL - INDEPENDIENTES,302. ARTURO JAVIER ESPINDOLA ROJAS,RN,4.0,False
330418,COCHAMO,PUELO,ESCUELA RURAL RIO PUELO,2V-4V-5,XK.CHILE VAMOS RENOVACION NACIONAL - INDEPENDIENTES,303. PABLO CESAR MARIN TELLEZ,IND,26.0,True
330419,COCHAMO,PUELO,ESCUELA RURAL RIO PUELO,2V-4V-5,XK.CHILE VAMOS RENOVACION NACIONAL - INDEPENDIENTES,304. LUIS CRISTIAN VILLARROEL SOTO,IND,4.0,True
330420,COCHAMO,PUELO,ESCUELA RURAL RIO PUELO,2V-4V-5,XS.FRENTE AMPLIO,305. MARIA GRAFIRA VARGAS VILLARROEL,IND,9.0,False
330421,COCHAMO,PUELO,ESCUELA RURAL RIO PUELO,2V-4V-5,XS.FRENTE AMPLIO,306. PABLO MATIAS ZUÑIGA TORRES,IND,17.0,False
330422,COCHAMO,PUELO,ESCUELA RURAL RIO PUELO,2V-4V-5,XU.UNIDOS POR LA DIGNIDAD,307. CARLOS ALBERTO CARDENAS ALMONACID,PDC,8.0,False
330423,COCHAMO,PUELO,ESCUELA RURAL RIO PUELO,2V-4V-5,XU.UNIDOS POR LA DIGNIDAD,308. PEDRO ENRIQUE RUBIO CHAVARRIA,IND,6.0,False
330424,COCHAMO,PUELO,ESCUELA RURAL RIO PUELO,2V-4V-5,YM.CHILE VAMOS - PRI E INDEPENDIENTES,309. BRYAN RICARDO MARTINEZ TOBAR,PRI,10.0,False
330425,COCHAMO,PUELO,ESCUELA RURAL RIO PUELO,2V-4V-5,YM.CHILE VAMOS - PRI E INDEPENDIENTES,310. JESSICA SOLEDAD OYARZO RIVERA,IND,1.0,True
330426,COCHAMO,PUELO,ESCUELA RURAL RIO PUELO,2V-4V-5,YM.CHILE VAMOS - PRI E INDEPENDIENTES,311. SEBASTIAN IGNACIO GONZALEZ MALDONADO,IND,4.0,False
330427,COCHAMO,PUELO,ESCUELA RURAL RIO PUELO,2V-4V-5,YM.CHILE VAMOS - PRI E INDEPENDIENTES,312. VICTOR EDUARDO MENDOZA MUNDACA,IND,1.0,False
330428,COCHAMO,PUELO,ESCUELA RURAL RIO PUELO,2V-4V-5,YM.CHILE VAMOS - PRI E INDEPENDIENTES,313. SERAFIN EDUARDO CUEVAS ARGEL,IND,4.0,True
330429,COCHAMO,PUELO,ESCUELA RURAL RIO PUELO,2V-4V-5,YW.UNIDAD POR EL APRUEBO PS PPD E INDEPENDIENTES,314. DAFNE WALESCKA CHAMORRO MALDONADO,IND,1.0,False
330430,COCHAMO,PUELO,ESCUELA RURAL RIO PUELO,2V-4V-5,YW.UNIDAD POR EL APRUEBO PS PPD E INDEPENDIENTES,315. JOSE LUIS SUAREZ MUÑOZ,IND,9.0,False
330431,COCHAMO,PUELO,ESCUELA RURAL RIO PUELO,2V-4V-5,YW.UNIDAD POR EL APRUEBO PS PPD E INDEPENDIENTES,316. CARLOS SOTO SOTOMAYOR,PPD,12.0,True
330432,COCHAMO,PUELO,ESCUELA RURAL RIO PUELO,2V-4V-5,YW.UNIDAD POR EL APRUEBO PS PPD E INDEPENDIENTES,317. MIRTA ALEJANDRA CARCAMO CALDERON,IND,2.0,False
330433,COCHAMO,PUELO,ESCUELA RURAL RIO PUELO,2V-4V-5,YW.UNIDAD POR EL APRUEBO PS PPD E INDEPENDIENTES,318. MARCELA ALMONACID ALMONACID,IND,10.0,False
330434,COCHAMO,PUELO,ESCUELA RURAL RIO PUELO,2V-4V-5,ZJ.CHILE VAMOS UDI - INDEPENDIENTES,319. SEBASTIAN ALEJANDRO GUERRERO CASAS,UDI,6.0,True
330435,COCHAMO,PUELO,ESCUELA RURAL RIO PUELO,2V-4V-5,ZJ.CHILE VAMOS UDI - INDEPENDIENTES,320. VIOLETA DEL CARMEN PAREDES VERA,UDI,15.0,False
330436,COCHAMO,PUELO,ESCUELA RURAL RIO PUELO,2V-4V-5,ZJ.CHILE VAMOS UDI - INDEPENDIENTES,321. YOSELIN CAROLINA DELGADO MULLER,IND,3.0,False
330437,COCHAMO,PUELO,ESCUELA RURAL RIO PUELO,2V-4V-5,ZU.RADICALES E INDEPENDIENTES,322. TERESA ELIZABETH VIDAL BUSTAMANTE,IND,13.0,False
330438,COCHAMO,PUELO,ESCUELA RURAL RIO PUELO,3V-6,XK.CHILE VAMOS RENOVACION NACIONAL - INDEPENDIENTES,300. CRISTINA VICTORIA SANCHEZ MARIN,RN,5.0,False
330439,COCHAMO,PUELO,ESCUELA RURAL RIO PUELO,3V-6,XK.CHILE VAMOS RENOVACION NACIONAL - INDEPENDIENTES,301. JOSE DAVID ALMONACID REYES,RN,5.0,False
330440,COCHAMO,PUELO,ESCUELA RURAL RIO PUELO,3V-6,XK.CHILE VAMOS RENOVACION NACIONAL - INDEPENDIENTES,302. ARTURO JAVIER ESPINDOLA ROJAS,RN,14.0,False
330441,COCHAMO,PUELO,ESCUELA RURAL RIO PUELO,3V-6,XK.CHILE VAMOS RENOVACION NACIONAL - INDEPENDIENTES,303. PABLO CESAR MARIN TELLEZ,IND,32.0,True
330442,COCHAMO,PUELO,ESCUELA RURAL RIO PUELO,3V-6,XK.CHILE VAMOS RENOVACION NACIONAL - INDEPENDIENTES,304. LUIS CRISTIAN VILLARROEL SOTO,IND,0.0,True
330443,COCHAMO,PUELO,ESCUELA RURAL RIO PUELO,3V-6,XS.FRENTE AMPLIO,305. MARIA GRAFIRA VARGAS VILLARROEL,IND,6.0,False
330444,COCHAMO,PUELO,ESCUELA RURAL RIO PUELO,3V-6,XS.FRENTE AMPLIO,306. PABLO MATIAS ZUÑIGA TORRES,IND,23.0,False
330445,COCHAMO,PUELO,ESCUELA RURAL RIO PUELO,3V-6,XU.UNIDOS POR LA DIGNIDAD,307. CARLOS ALBERTO CARDENAS ALMONACID,PDC,10.0,False
330446,COCHAMO,PUELO,ESCUELA RURAL RIO PUELO,3V-6,XU.UNIDOS POR LA DIGNIDAD,308. PEDRO ENRIQUE RUBIO CHAVARRIA,IND,7.0,False
330447,COCHAMO,PUELO,ESCUELA RURAL RIO PUELO,3V-6,YM.CHILE VAMOS - PRI E INDEPENDIENTES,309. BRYAN RICARDO MARTINEZ TOBAR,PRI,11.0,False
330448,COCHAMO,PUELO,ESCUELA RURAL RIO PUELO,3V-6,YM.CHILE VAMOS - PRI E INDEPENDIENTES,310. JESSICA SOLEDAD OYARZO RIVERA,IND,4.0,True
330449,COCHAMO,PUELO,ESCUELA RURAL RIO PUELO,3V-6,YM.CHILE VAMOS - PRI E INDEPENDIENTES,311. SEBASTIAN IGNACIO GONZALEZ MALDONADO,IND,7.0,False
330450,COCHAMO,PUELO,ESCUELA RURAL RIO PUELO,3V-6,YM.CHILE VAMOS - PRI E INDEPENDIENTES,312. VICTOR EDUARDO MENDOZA MUNDACA,IND,4.0,False
330451,COCHAMO,PUELO,ESCUELA RURAL RIO PUELO,3V-6,YM.CHILE VAMOS - PRI E INDEPENDIENTES,313. SERAFIN EDUARDO CUEVAS ARGEL,IND,5.0,True
330452,COCHAMO,PUELO,ESCUELA RURAL RIO PUELO,3V-6,YW.UNIDAD POR EL APRUEBO PS PPD E INDEPENDIENTES,314. DAFNE WALESCKA CHAMORRO MALDONADO,IND,1.0,False
330453,COCHAMO,PUELO,ESCUELA RURAL RIO PUELO,3V-6,YW.UNIDAD POR EL APRUEBO PS PPD E INDEPENDIENTES,315. JOSE LUIS SUAREZ MUÑOZ,IND,5.0,False
330454,COCHAMO,PUELO,ESCUELA RURAL RIO PUELO,3V-6,YW.UNIDAD POR EL APRUEBO PS PPD E INDEPENDIENTES,316. CARLOS SOTO SOTOMAYOR,PPD,9.0,True
330455,COCHAMO,PUELO,ESCUELA RURAL RIO PUELO,3V-6,YW.UNIDAD POR EL APRUEBO PS PPD E INDEPENDIENTES,317. MIRTA ALEJANDRA CARCAMO CALDERON,IND,2.0,False
330456,COCHAMO,PUELO,ESCUELA RURAL RIO PUELO,3V-6,YW.UNIDAD POR EL APRUEBO PS PPD E INDEPENDIENTES,318. MARCELA ALMONACID ALMONACID,IND,4.0,False
330457,COCHAMO,PUELO,ESCUELA RURAL RIO PUELO,3V-6,ZJ.CHILE VAMOS UDI - INDEPENDIENTES,319. SEBASTIAN ALEJANDRO GUERRERO CASAS,UDI,10.0,True
330458,COCHAMO,PUELO,ESCUELA RURAL RIO PUELO,3V-6,ZJ.CHILE VAMOS UDI - INDEPENDIENTES,320. VIOLETA DEL CARMEN PAREDES VERA,UDI,6.0,False
330459,COCHAMO,PUELO,ESCUELA RURAL RIO PUELO,3V-6,ZJ.CHILE VAMOS UDI - INDEPENDIENTES,321. YOSELIN CAROLINA DELGADO MULLER,IND,1.0,False
330460,COCHAMO,PUELO,ESCUELA RURAL RIO PUELO,3V-6,ZU.RADICALES E INDEPENDIENTES,322. TERESA ELIZABETH VIDAL BUSTAMANTE,IND,5.0,False
