,COMUNA,CIRC_ELEC,LOCAL,MESA,LISTA,CANDIDATX,PARTIDO,VOTOS,ELECTX
535097,CORRAL,CORRAL,ESCUELA BASICA DE CORRAL,1M,M.CHILE DIGNO VERDE Y SOBERANO,300. EDITH JUANA PALMA SILVA,PCCH,3.0,False
535098,CORRAL,CORRAL,ESCUELA BASICA DE CORRAL,1M,XK.CHILE VAMOS RENOVACION NACIONAL - INDEPENDIENTES,301. FELIX JOSE CARDENAS SCHAAF,RN,1.0,False
535099,CORRAL,CORRAL,ESCUELA BASICA DE CORRAL,1M,XK.CHILE VAMOS RENOVACION NACIONAL - INDEPENDIENTES,302. HILDA LUZMIRA PEREZ VELASQUEZ,IND,5.0,False
535100,CORRAL,CORRAL,ESCUELA BASICA DE CORRAL,1M,XS.FRENTE AMPLIO,303. CLAUDIA LORENA CASANOVA SILVA,IND,2.0,False
535101,CORRAL,CORRAL,ESCUELA BASICA DE CORRAL,1M,XS.FRENTE AMPLIO,304. MANUEL RODRIGO PARDO CONTRERAS,IND,7.0,True
535102,CORRAL,CORRAL,ESCUELA BASICA DE CORRAL,1M,XS.FRENTE AMPLIO,305. FERNANDA ANDREA COLIPAI VERA,IND,,False
535103,CORRAL,CORRAL,ESCUELA BASICA DE CORRAL,1M,XS.FRENTE AMPLIO,306. ANGELO ALEJANDRO PERALTA AGUERO,IND,1.0,False
535104,CORRAL,CORRAL,ESCUELA BASICA DE CORRAL,1M,XU.UNIDOS POR LA DIGNIDAD,307. LEANDRO ALEXIS ESPINOZA MORAGA,PDC,13.0,True
535105,CORRAL,CORRAL,ESCUELA BASICA DE CORRAL,1M,XU.UNIDOS POR LA DIGNIDAD,308. PEDRO EDGARDO BRANDT MORA,PDC,3.0,False
535106,CORRAL,CORRAL,ESCUELA BASICA DE CORRAL,1M,XU.UNIDOS POR LA DIGNIDAD,309. FRANCHESCA GIANINNA PEREZ CARVAJAL,PDC,,False
535107,CORRAL,CORRAL,ESCUELA BASICA DE CORRAL,1M,XU.UNIDOS POR LA DIGNIDAD,310. BLANCA IRENE JARAMILLO NAVARRETE,IND,3.0,False
535108,CORRAL,CORRAL,ESCUELA BASICA DE CORRAL,1M,XU.UNIDOS POR LA DIGNIDAD,311. PAMELA BALSAMINA MEDINA LONCOMILLA,IND,8.0,False
535109,CORRAL,CORRAL,ESCUELA BASICA DE CORRAL,1M,XU.UNIDOS POR LA DIGNIDAD,312. PEDRO JOSE TRUJILLO VERA,IND,2.0,False
535110,CORRAL,CORRAL,ESCUELA BASICA DE CORRAL,1M,YM.CHILE VAMOS - PRI E INDEPENDIENTES,313. CLAUDIO ORIEL GONZALEZ NAVARRO,IND,9.0,True
535111,CORRAL,CORRAL,ESCUELA BASICA DE CORRAL,1M,YM.CHILE VAMOS - PRI E INDEPENDIENTES,314. VICTOR MANUEL JARAMILLO IBAÑEZ,IND,2.0,False
535112,CORRAL,CORRAL,ESCUELA BASICA DE CORRAL,1M,YM.CHILE VAMOS - PRI E INDEPENDIENTES,315. JESSICA SOLEDAD JARA MARABOLI,IND,5.0,False
535113,CORRAL,CORRAL,ESCUELA BASICA DE CORRAL,1M,YW.UNIDAD POR EL APRUEBO PS PPD E INDEPENDIENTES,316. PATRICIA WALESKA DE LA ROSA MUÑOZ,PPD,2.0,False
535114,CORRAL,CORRAL,ESCUELA BASICA DE CORRAL,1M,YW.UNIDAD POR EL APRUEBO PS PPD E INDEPENDIENTES,317. JUAN NOLBERTO VALENZUELA GONZALEZ,PPD,21.0,True
535115,CORRAL,CORRAL,ESCUELA BASICA DE CORRAL,1M,YW.UNIDAD POR EL APRUEBO PS PPD E INDEPENDIENTES,318. SERGIO IVAN OBANDO ESPINOZA,PPD,4.0,True
535116,CORRAL,CORRAL,ESCUELA BASICA DE CORRAL,1M,YW.UNIDAD POR EL APRUEBO PS PPD E INDEPENDIENTES,319. DORIS ELIANA CARDENAS MALDONADO,PS,2.0,False
535117,CORRAL,CORRAL,ESCUELA BASICA DE CORRAL,1M,YW.UNIDAD POR EL APRUEBO PS PPD E INDEPENDIENTES,320. GONZALO RODRIGO SERON OLAVARRIA,IND,4.0,False
535118,CORRAL,CORRAL,ESCUELA BASICA DE CORRAL,1M,YW.UNIDAD POR EL APRUEBO PS PPD E INDEPENDIENTES,321. KATIA PAMELA STAMP CAMPOS,IND,4.0,False
535119,CORRAL,CORRAL,ESCUELA BASICA DE CORRAL,1M,ZG.CHILE VAMOS EVOPOLI - INDEPENDIENTES,322. YECENIA ELIZABETH VERA BAHAMONDES,EVOPOLI,1.0,False
535120,CORRAL,CORRAL,ESCUELA BASICA DE CORRAL,1M,ZG.CHILE VAMOS EVOPOLI - INDEPENDIENTES,323. MIGUEL YONNY REIMAN ALVAREZ,EVOPOLI,,False
535121,CORRAL,CORRAL,ESCUELA BASICA DE CORRAL,1M,ZG.CHILE VAMOS EVOPOLI - INDEPENDIENTES,324. PEDRO CARDENIO GAETE JARPA,IND,1.0,False
535122,CORRAL,CORRAL,ESCUELA BASICA DE CORRAL,1M,ZG.CHILE VAMOS EVOPOLI - INDEPENDIENTES,325. PAOLA JAVIERA ARAVENA BARRIENTOS,IND,2.0,False
535123,CORRAL,CORRAL,ESCUELA BASICA DE CORRAL,1M,ZJ.CHILE VAMOS UDI - INDEPENDIENTES,326. YAMIL EDWARD SANTIBAÑEZ GUAJARDO,UDI,,False
535124,CORRAL,CORRAL,ESCUELA BASICA DE CORRAL,1M,ZJ.CHILE VAMOS UDI - INDEPENDIENTES,327. RUBEN ENRIQUE PEREZ GONZALEZ,UDI,6.0,False
535125,CORRAL,CORRAL,ESCUELA BASICA DE CORRAL,1M,ZJ.CHILE VAMOS UDI - INDEPENDIENTES,328. KEREN HAPUC TRONCOSO VEGA,IND,,False
535126,CORRAL,CORRAL,ESCUELA BASICA DE CORRAL,1M,ZU.RADICALES E INDEPENDIENTES,329. CLERIA DEL CARMEN GUARDA MARTINEZ,PR,3.0,False
535127,CORRAL,CORRAL,ESCUELA BASICA DE CORRAL,1M,ZU.RADICALES E INDEPENDIENTES,330. JULIO CESAR PEÑA GAMBOA,PR,2.0,False
535128,CORRAL,CORRAL,ESCUELA BASICA DE CORRAL,1M,ZU.RADICALES E INDEPENDIENTES,331. CARLOS SEGUNDO VASQUEZ SERRANO,PR,3.0,False
535129,CORRAL,CORRAL,ESCUELA BASICA DE CORRAL,1M,ZU.RADICALES E INDEPENDIENTES,332. LUIS ALBERTO CHEUQUIEN CHAURA,PR,5.0,False
535130,CORRAL,CORRAL,ESCUELA BASICA DE CORRAL,1M,ZU.RADICALES E INDEPENDIENTES,333. FERNANDO MARCELINO VILLAGRAN MALDONADO,IND,6.0,True
535131,CORRAL,CORRAL,ESCUELA BASICA DE CORRAL,2M,M.CHILE DIGNO VERDE Y SOBERANO,300. EDITH JUANA PALMA SILVA,PCCH,0.0,False
535132,CORRAL,CORRAL,ESCUELA BASICA DE CORRAL,2M,XK.CHILE VAMOS RENOVACION NACIONAL - INDEPENDIENTES,301. FELIX JOSE CARDENAS SCHAAF,RN,4.0,False
535133,CORRAL,CORRAL,ESCUELA BASICA DE CORRAL,2M,XK.CHILE VAMOS RENOVACION NACIONAL - INDEPENDIENTES,302. HILDA LUZMIRA PEREZ VELASQUEZ,IND,0.0,False
535134,CORRAL,CORRAL,ESCUELA BASICA DE CORRAL,2M,XS.FRENTE AMPLIO,303. CLAUDIA LORENA CASANOVA SILVA,IND,5.0,False
535135,CORRAL,CORRAL,ESCUELA BASICA DE CORRAL,2M,XS.FRENTE AMPLIO,304. MANUEL RODRIGO PARDO CONTRERAS,IND,6.0,True
535136,CORRAL,CORRAL,ESCUELA BASICA DE CORRAL,2M,XS.FRENTE AMPLIO,305. FERNANDA ANDREA COLIPAI VERA,IND,3.0,False
535137,CORRAL,CORRAL,ESCUELA BASICA DE CORRAL,2M,XS.FRENTE AMPLIO,306. ANGELO ALEJANDRO PERALTA AGUERO,IND,5.0,False
535138,CORRAL,CORRAL,ESCUELA BASICA DE CORRAL,2M,XU.UNIDOS POR LA DIGNIDAD,307. LEANDRO ALEXIS ESPINOZA MORAGA,PDC,11.0,True
535139,CORRAL,CORRAL,ESCUELA BASICA DE CORRAL,2M,XU.UNIDOS POR LA DIGNIDAD,308. PEDRO EDGARDO BRANDT MORA,PDC,2.0,False
535140,CORRAL,CORRAL,ESCUELA BASICA DE CORRAL,2M,XU.UNIDOS POR LA DIGNIDAD,309. FRANCHESCA GIANINNA PEREZ CARVAJAL,PDC,2.0,False
535141,CORRAL,CORRAL,ESCUELA BASICA DE CORRAL,2M,XU.UNIDOS POR LA DIGNIDAD,310. BLANCA IRENE JARAMILLO NAVARRETE,IND,4.0,False
535142,CORRAL,CORRAL,ESCUELA BASICA DE CORRAL,2M,XU.UNIDOS POR LA DIGNIDAD,311. PAMELA BALSAMINA MEDINA LONCOMILLA,IND,6.0,False
535143,CORRAL,CORRAL,ESCUELA BASICA DE CORRAL,2M,XU.UNIDOS POR LA DIGNIDAD,312. PEDRO JOSE TRUJILLO VERA,IND,4.0,False
535144,CORRAL,CORRAL,ESCUELA BASICA DE CORRAL,2M,YM.CHILE VAMOS - PRI E INDEPENDIENTES,313. CLAUDIO ORIEL GONZALEZ NAVARRO,IND,12.0,True
535145,CORRAL,CORRAL,ESCUELA BASICA DE CORRAL,2M,YM.CHILE VAMOS - PRI E INDEPENDIENTES,314. VICTOR MANUEL JARAMILLO IBAÑEZ,IND,0.0,False
535146,CORRAL,CORRAL,ESCUELA BASICA DE CORRAL,2M,YM.CHILE VAMOS - PRI E INDEPENDIENTES,315. JESSICA SOLEDAD JARA MARABOLI,IND,1.0,False
535147,CORRAL,CORRAL,ESCUELA BASICA DE CORRAL,2M,YW.UNIDAD POR EL APRUEBO PS PPD E INDEPENDIENTES,316. PATRICIA WALESKA DE LA ROSA MUÑOZ,PPD,2.0,False
535148,CORRAL,CORRAL,ESCUELA BASICA DE CORRAL,2M,YW.UNIDAD POR EL APRUEBO PS PPD E INDEPENDIENTES,317. JUAN NOLBERTO VALENZUELA GONZALEZ,PPD,27.0,True
535149,CORRAL,CORRAL,ESCUELA BASICA DE CORRAL,2M,YW.UNIDAD POR EL APRUEBO PS PPD E INDEPENDIENTES,318. SERGIO IVAN OBANDO ESPINOZA,PPD,8.0,True
535150,CORRAL,CORRAL,ESCUELA BASICA DE CORRAL,2M,YW.UNIDAD POR EL APRUEBO PS PPD E INDEPENDIENTES,319. DORIS ELIANA CARDENAS MALDONADO,PS,7.0,False
535151,CORRAL,CORRAL,ESCUELA BASICA DE CORRAL,2M,YW.UNIDAD POR EL APRUEBO PS PPD E INDEPENDIENTES,320. GONZALO RODRIGO SERON OLAVARRIA,IND,3.0,False
535152,CORRAL,CORRAL,ESCUELA BASICA DE CORRAL,2M,YW.UNIDAD POR EL APRUEBO PS PPD E INDEPENDIENTES,321. KATIA PAMELA STAMP CAMPOS,IND,2.0,False
535153,CORRAL,CORRAL,ESCUELA BASICA DE CORRAL,2M,ZG.CHILE VAMOS EVOPOLI - INDEPENDIENTES,322. YECENIA ELIZABETH VERA BAHAMONDES,EVOPOLI,3.0,False
535154,CORRAL,CORRAL,ESCUELA BASICA DE CORRAL,2M,ZG.CHILE VAMOS EVOPOLI - INDEPENDIENTES,323. MIGUEL YONNY REIMAN ALVAREZ,EVOPOLI,0.0,False
535155,CORRAL,CORRAL,ESCUELA BASICA DE CORRAL,2M,ZG.CHILE VAMOS EVOPOLI - INDEPENDIENTES,324. PEDRO CARDENIO GAETE JARPA,IND,3.0,False
535156,CORRAL,CORRAL,ESCUELA BASICA DE CORRAL,2M,ZG.CHILE VAMOS EVOPOLI - INDEPENDIENTES,325. PAOLA JAVIERA ARAVENA BARRIENTOS,IND,2.0,False
535157,CORRAL,CORRAL,ESCUELA BASICA DE CORRAL,2M,ZJ.CHILE VAMOS UDI - INDEPENDIENTES,326. YAMIL EDWARD SANTIBAÑEZ GUAJARDO,UDI,2.0,False
535158,CORRAL,CORRAL,ESCUELA BASICA DE CORRAL,2M,ZJ.CHILE VAMOS UDI - INDEPENDIENTES,327. RUBEN ENRIQUE PEREZ GONZALEZ,UDI,1.0,False
535159,CORRAL,CORRAL,ESCUELA BASICA DE CORRAL,2M,ZJ.CHILE VAMOS UDI - INDEPENDIENTES,328. KEREN HAPUC TRONCOSO VEGA,IND,0.0,False
535160,CORRAL,CORRAL,ESCUELA BASICA DE CORRAL,2M,ZU.RADICALES E INDEPENDIENTES,329. CLERIA DEL CARMEN GUARDA MARTINEZ,PR,0.0,False
535161,CORRAL,CORRAL,ESCUELA BASICA DE CORRAL,2M,ZU.RADICALES E INDEPENDIENTES,330. JULIO CESAR PEÑA GAMBOA,PR,1.0,False
535162,CORRAL,CORRAL,ESCUELA BASICA DE CORRAL,2M,ZU.RADICALES E INDEPENDIENTES,331. CARLOS SEGUNDO VASQUEZ SERRANO,PR,3.0,False
535163,CORRAL,CORRAL,ESCUELA BASICA DE CORRAL,2M,ZU.RADICALES E INDEPENDIENTES,332. LUIS ALBERTO CHEUQUIEN CHAURA,PR,6.0,False
535164,CORRAL,CORRAL,ESCUELA BASICA DE CORRAL,2M,ZU.RADICALES E INDEPENDIENTES,333. FERNANDO MARCELINO VILLAGRAN MALDONADO,IND,14.0,True
535165,CORRAL,CORRAL,ESCUELA BASICA DE CORRAL,3M,M.CHILE DIGNO VERDE Y SOBERANO,300. EDITH JUANA PALMA SILVA,PCCH,1.0,False
535166,CORRAL,CORRAL,ESCUELA BASICA DE CORRAL,3M,XK.CHILE VAMOS RENOVACION NACIONAL - INDEPENDIENTES,301. FELIX JOSE CARDENAS SCHAAF,RN,3.0,False
535167,CORRAL,CORRAL,ESCUELA BASICA DE CORRAL,3M,XK.CHILE VAMOS RENOVACION NACIONAL - INDEPENDIENTES,302. HILDA LUZMIRA PEREZ VELASQUEZ,IND,1.0,False
535168,CORRAL,CORRAL,ESCUELA BASICA DE CORRAL,3M,XS.FRENTE AMPLIO,303. CLAUDIA LORENA CASANOVA SILVA,IND,6.0,False
535169,CORRAL,CORRAL,ESCUELA BASICA DE CORRAL,3M,XS.FRENTE AMPLIO,304. MANUEL RODRIGO PARDO CONTRERAS,IND,5.0,True
535170,CORRAL,CORRAL,ESCUELA BASICA DE CORRAL,3M,XS.FRENTE AMPLIO,305. FERNANDA ANDREA COLIPAI VERA,IND,3.0,False
535171,CORRAL,CORRAL,ESCUELA BASICA DE CORRAL,3M,XS.FRENTE AMPLIO,306. ANGELO ALEJANDRO PERALTA AGUERO,IND,5.0,False
535172,CORRAL,CORRAL,ESCUELA BASICA DE CORRAL,3M,XU.UNIDOS POR LA DIGNIDAD,307. LEANDRO ALEXIS ESPINOZA MORAGA,PDC,8.0,True
535173,CORRAL,CORRAL,ESCUELA BASICA DE CORRAL,3M,XU.UNIDOS POR LA DIGNIDAD,308. PEDRO EDGARDO BRANDT MORA,PDC,1.0,False
535174,CORRAL,CORRAL,ESCUELA BASICA DE CORRAL,3M,XU.UNIDOS POR LA DIGNIDAD,309. FRANCHESCA GIANINNA PEREZ CARVAJAL,PDC,1.0,False
535175,CORRAL,CORRAL,ESCUELA BASICA DE CORRAL,3M,XU.UNIDOS POR LA DIGNIDAD,310. BLANCA IRENE JARAMILLO NAVARRETE,IND,4.0,False
535176,CORRAL,CORRAL,ESCUELA BASICA DE CORRAL,3M,XU.UNIDOS POR LA DIGNIDAD,311. PAMELA BALSAMINA MEDINA LONCOMILLA,IND,5.0,False
535177,CORRAL,CORRAL,ESCUELA BASICA DE CORRAL,3M,XU.UNIDOS POR LA DIGNIDAD,312. PEDRO JOSE TRUJILLO VERA,IND,3.0,False
535178,CORRAL,CORRAL,ESCUELA BASICA DE CORRAL,3M,YM.CHILE VAMOS - PRI E INDEPENDIENTES,313. CLAUDIO ORIEL GONZALEZ NAVARRO,IND,25.0,True
535179,CORRAL,CORRAL,ESCUELA BASICA DE CORRAL,3M,YM.CHILE VAMOS - PRI E INDEPENDIENTES,314. VICTOR MANUEL JARAMILLO IBAÑEZ,IND,2.0,False
535180,CORRAL,CORRAL,ESCUELA BASICA DE CORRAL,3M,YM.CHILE VAMOS - PRI E INDEPENDIENTES,315. JESSICA SOLEDAD JARA MARABOLI,IND,4.0,False
535181,CORRAL,CORRAL,ESCUELA BASICA DE CORRAL,3M,YW.UNIDAD POR EL APRUEBO PS PPD E INDEPENDIENTES,316. PATRICIA WALESKA DE LA ROSA MUÑOZ,PPD,3.0,False
535182,CORRAL,CORRAL,ESCUELA BASICA DE CORRAL,3M,YW.UNIDAD POR EL APRUEBO PS PPD E INDEPENDIENTES,317. JUAN NOLBERTO VALENZUELA GONZALEZ,PPD,29.0,True
535183,CORRAL,CORRAL,ESCUELA BASICA DE CORRAL,3M,YW.UNIDAD POR EL APRUEBO PS PPD E INDEPENDIENTES,318. SERGIO IVAN OBANDO ESPINOZA,PPD,10.0,True
535184,CORRAL,CORRAL,ESCUELA BASICA DE CORRAL,3M,YW.UNIDAD POR EL APRUEBO PS PPD E INDEPENDIENTES,319. DORIS ELIANA CARDENAS MALDONADO,PS,5.0,False
535185,CORRAL,CORRAL,ESCUELA BASICA DE CORRAL,3M,YW.UNIDAD POR EL APRUEBO PS PPD E INDEPENDIENTES,320. GONZALO RODRIGO SERON OLAVARRIA,IND,0.0,False
535186,CORRAL,CORRAL,ESCUELA BASICA DE CORRAL,3M,YW.UNIDAD POR EL APRUEBO PS PPD E INDEPENDIENTES,321. KATIA PAMELA STAMP CAMPOS,IND,2.0,False
535187,CORRAL,CORRAL,ESCUELA BASICA DE CORRAL,3M,ZG.CHILE VAMOS EVOPOLI - INDEPENDIENTES,322. YECENIA ELIZABETH VERA BAHAMONDES,EVOPOLI,3.0,False
535188,CORRAL,CORRAL,ESCUELA BASICA DE CORRAL,3M,ZG.CHILE VAMOS EVOPOLI - INDEPENDIENTES,323. MIGUEL YONNY REIMAN ALVAREZ,EVOPOLI,1.0,False
535189,CORRAL,CORRAL,ESCUELA BASICA DE CORRAL,3M,ZG.CHILE VAMOS EVOPOLI - INDEPENDIENTES,324. PEDRO CARDENIO GAETE JARPA,IND,5.0,False
535190,CORRAL,CORRAL,ESCUELA BASICA DE CORRAL,3M,ZG.CHILE VAMOS EVOPOLI - INDEPENDIENTES,325. PAOLA JAVIERA ARAVENA BARRIENTOS,IND,1.0,False
535191,CORRAL,CORRAL,ESCUELA BASICA DE CORRAL,3M,ZJ.CHILE VAMOS UDI - INDEPENDIENTES,326. YAMIL EDWARD SANTIBAÑEZ GUAJARDO,UDI,0.0,False
535192,CORRAL,CORRAL,ESCUELA BASICA DE CORRAL,3M,ZJ.CHILE VAMOS UDI - INDEPENDIENTES,327. RUBEN ENRIQUE PEREZ GONZALEZ,UDI,2.0,False
535193,CORRAL,CORRAL,ESCUELA BASICA DE CORRAL,3M,ZJ.CHILE VAMOS UDI - INDEPENDIENTES,328. KEREN HAPUC TRONCOSO VEGA,IND,1.0,False
535194,CORRAL,CORRAL,ESCUELA BASICA DE CORRAL,3M,ZU.RADICALES E INDEPENDIENTES,329. CLERIA DEL CARMEN GUARDA MARTINEZ,PR,2.0,False
535195,CORRAL,CORRAL,ESCUELA BASICA DE CORRAL,3M,ZU.RADICALES E INDEPENDIENTES,330. JULIO CESAR PEÑA GAMBOA,PR,1.0,False
535196,CORRAL,CORRAL,ESCUELA BASICA DE CORRAL,3M,ZU.RADICALES E INDEPENDIENTES,331. CARLOS SEGUNDO VASQUEZ SERRANO,PR,9.0,False
535197,CORRAL,CORRAL,ESCUELA BASICA DE CORRAL,3M,ZU.RADICALES E INDEPENDIENTES,332. LUIS ALBERTO CHEUQUIEN CHAURA,PR,7.0,False
535198,CORRAL,CORRAL,ESCUELA BASICA DE CORRAL,3M,ZU.RADICALES E INDEPENDIENTES,333. FERNANDO MARCELINO VILLAGRAN MALDONADO,IND,11.0,True
535199,CORRAL,CORRAL,ESCUELA BASICA DE CORRAL,4M,M.CHILE DIGNO VERDE Y SOBERANO,300. EDITH JUANA PALMA SILVA,PCCH,0.0,False
535200,CORRAL,CORRAL,ESCUELA BASICA DE CORRAL,4M,XK.CHILE VAMOS RENOVACION NACIONAL - INDEPENDIENTES,301. FELIX JOSE CARDENAS SCHAAF,RN,1.0,False
535201,CORRAL,CORRAL,ESCUELA BASICA DE CORRAL,4M,XK.CHILE VAMOS RENOVACION NACIONAL - INDEPENDIENTES,302. HILDA LUZMIRA PEREZ VELASQUEZ,IND,5.0,False
535202,CORRAL,CORRAL,ESCUELA BASICA DE CORRAL,4M,XS.FRENTE AMPLIO,303. CLAUDIA LORENA CASANOVA SILVA,IND,1.0,False
535203,CORRAL,CORRAL,ESCUELA BASICA DE CORRAL,4M,XS.FRENTE AMPLIO,304. MANUEL RODRIGO PARDO CONTRERAS,IND,6.0,True
535204,CORRAL,CORRAL,ESCUELA BASICA DE CORRAL,4M,XS.FRENTE AMPLIO,305. FERNANDA ANDREA COLIPAI VERA,IND,4.0,False
535205,CORRAL,CORRAL,ESCUELA BASICA DE CORRAL,4M,XS.FRENTE AMPLIO,306. ANGELO ALEJANDRO PERALTA AGUERO,IND,4.0,False
535206,CORRAL,CORRAL,ESCUELA BASICA DE CORRAL,4M,XU.UNIDOS POR LA DIGNIDAD,307. LEANDRO ALEXIS ESPINOZA MORAGA,PDC,13.0,True
535207,CORRAL,CORRAL,ESCUELA BASICA DE CORRAL,4M,XU.UNIDOS POR LA DIGNIDAD,308. PEDRO EDGARDO BRANDT MORA,PDC,3.0,False
535208,CORRAL,CORRAL,ESCUELA BASICA DE CORRAL,4M,XU.UNIDOS POR LA DIGNIDAD,309. FRANCHESCA GIANINNA PEREZ CARVAJAL,PDC,0.0,False
535209,CORRAL,CORRAL,ESCUELA BASICA DE CORRAL,4M,XU.UNIDOS POR LA DIGNIDAD,310. BLANCA IRENE JARAMILLO NAVARRETE,IND,6.0,False
535210,CORRAL,CORRAL,ESCUELA BASICA DE CORRAL,4M,XU.UNIDOS POR LA DIGNIDAD,311. PAMELA BALSAMINA MEDINA LONCOMILLA,IND,8.0,False
535211,CORRAL,CORRAL,ESCUELA BASICA DE CORRAL,4M,XU.UNIDOS POR LA DIGNIDAD,312. PEDRO JOSE TRUJILLO VERA,IND,2.0,False
535212,CORRAL,CORRAL,ESCUELA BASICA DE CORRAL,4M,YM.CHILE VAMOS - PRI E INDEPENDIENTES,313. CLAUDIO ORIEL GONZALEZ NAVARRO,IND,12.0,True
535213,CORRAL,CORRAL,ESCUELA BASICA DE CORRAL,4M,YM.CHILE VAMOS - PRI E INDEPENDIENTES,314. VICTOR MANUEL JARAMILLO IBAÑEZ,IND,1.0,False
535214,CORRAL,CORRAL,ESCUELA BASICA DE CORRAL,4M,YM.CHILE VAMOS - PRI E INDEPENDIENTES,315. JESSICA SOLEDAD JARA MARABOLI,IND,6.0,False
535215,CORRAL,CORRAL,ESCUELA BASICA DE CORRAL,4M,YW.UNIDAD POR EL APRUEBO PS PPD E INDEPENDIENTES,316. PATRICIA WALESKA DE LA ROSA MUÑOZ,PPD,4.0,False
535216,CORRAL,CORRAL,ESCUELA BASICA DE CORRAL,4M,YW.UNIDAD POR EL APRUEBO PS PPD E INDEPENDIENTES,317. JUAN NOLBERTO VALENZUELA GONZALEZ,PPD,31.0,True
535217,CORRAL,CORRAL,ESCUELA BASICA DE CORRAL,4M,YW.UNIDAD POR EL APRUEBO PS PPD E INDEPENDIENTES,318. SERGIO IVAN OBANDO ESPINOZA,PPD,11.0,True
535218,CORRAL,CORRAL,ESCUELA BASICA DE CORRAL,4M,YW.UNIDAD POR EL APRUEBO PS PPD E INDEPENDIENTES,319. DORIS ELIANA CARDENAS MALDONADO,PS,6.0,False
535219,CORRAL,CORRAL,ESCUELA BASICA DE CORRAL,4M,YW.UNIDAD POR EL APRUEBO PS PPD E INDEPENDIENTES,320. GONZALO RODRIGO SERON OLAVARRIA,IND,1.0,False
535220,CORRAL,CORRAL,ESCUELA BASICA DE CORRAL,4M,YW.UNIDAD POR EL APRUEBO PS PPD E INDEPENDIENTES,321. KATIA PAMELA STAMP CAMPOS,IND,1.0,False
535221,CORRAL,CORRAL,ESCUELA BASICA DE CORRAL,4M,ZG.CHILE VAMOS EVOPOLI - INDEPENDIENTES,322. YECENIA ELIZABETH VERA BAHAMONDES,EVOPOLI,4.0,False
535222,CORRAL,CORRAL,ESCUELA BASICA DE CORRAL,4M,ZG.CHILE VAMOS EVOPOLI - INDEPENDIENTES,323. MIGUEL YONNY REIMAN ALVAREZ,EVOPOLI,2.0,False
535223,CORRAL,CORRAL,ESCUELA BASICA DE CORRAL,4M,ZG.CHILE VAMOS EVOPOLI - INDEPENDIENTES,324. PEDRO CARDENIO GAETE JARPA,IND,3.0,False
535224,CORRAL,CORRAL,ESCUELA BASICA DE CORRAL,4M,ZG.CHILE VAMOS EVOPOLI - INDEPENDIENTES,325. PAOLA JAVIERA ARAVENA BARRIENTOS,IND,1.0,False
535225,CORRAL,CORRAL,ESCUELA BASICA DE CORRAL,4M,ZJ.CHILE VAMOS UDI - INDEPENDIENTES,326. YAMIL EDWARD SANTIBAÑEZ GUAJARDO,UDI,1.0,False
535226,CORRAL,CORRAL,ESCUELA BASICA DE CORRAL,4M,ZJ.CHILE VAMOS UDI - INDEPENDIENTES,327. RUBEN ENRIQUE PEREZ GONZALEZ,UDI,5.0,False
535227,CORRAL,CORRAL,ESCUELA BASICA DE CORRAL,4M,ZJ.CHILE VAMOS UDI - INDEPENDIENTES,328. KEREN HAPUC TRONCOSO VEGA,IND,0.0,False
535228,CORRAL,CORRAL,ESCUELA BASICA DE CORRAL,4M,ZU.RADICALES E INDEPENDIENTES,329. CLERIA DEL CARMEN GUARDA MARTINEZ,PR,2.0,False
535229,CORRAL,CORRAL,ESCUELA BASICA DE CORRAL,4M,ZU.RADICALES E INDEPENDIENTES,330. JULIO CESAR PEÑA GAMBOA,PR,0.0,False
535230,CORRAL,CORRAL,ESCUELA BASICA DE CORRAL,4M,ZU.RADICALES E INDEPENDIENTES,331. CARLOS SEGUNDO VASQUEZ SERRANO,PR,3.0,False
535231,CORRAL,CORRAL,ESCUELA BASICA DE CORRAL,4M,ZU.RADICALES E INDEPENDIENTES,332. LUIS ALBERTO CHEUQUIEN CHAURA,PR,8.0,False
535232,CORRAL,CORRAL,ESCUELA BASICA DE CORRAL,4M,ZU.RADICALES E INDEPENDIENTES,333. FERNANDO MARCELINO VILLAGRAN MALDONADO,IND,8.0,True
535233,CORRAL,CORRAL,ESCUELA BASICA DE CORRAL,5M,M.CHILE DIGNO VERDE Y SOBERANO,300. EDITH JUANA PALMA SILVA,PCCH,2.0,False
535234,CORRAL,CORRAL,ESCUELA BASICA DE CORRAL,5M,XK.CHILE VAMOS RENOVACION NACIONAL - INDEPENDIENTES,301. FELIX JOSE CARDENAS SCHAAF,RN,1.0,False
535235,CORRAL,CORRAL,ESCUELA BASICA DE CORRAL,5M,XK.CHILE VAMOS RENOVACION NACIONAL - INDEPENDIENTES,302. HILDA LUZMIRA PEREZ VELASQUEZ,IND,1.0,False
535236,CORRAL,CORRAL,ESCUELA BASICA DE CORRAL,5M,XS.FRENTE AMPLIO,303. CLAUDIA LORENA CASANOVA SILVA,IND,5.0,False
535237,CORRAL,CORRAL,ESCUELA BASICA DE CORRAL,5M,XS.FRENTE AMPLIO,304. MANUEL RODRIGO PARDO CONTRERAS,IND,8.0,True
535238,CORRAL,CORRAL,ESCUELA BASICA DE CORRAL,5M,XS.FRENTE AMPLIO,305. FERNANDA ANDREA COLIPAI VERA,IND,2.0,False
535239,CORRAL,CORRAL,ESCUELA BASICA DE CORRAL,5M,XS.FRENTE AMPLIO,306. ANGELO ALEJANDRO PERALTA AGUERO,IND,4.0,False
535240,CORRAL,CORRAL,ESCUELA BASICA DE CORRAL,5M,XU.UNIDOS POR LA DIGNIDAD,307. LEANDRO ALEXIS ESPINOZA MORAGA,PDC,7.0,True
535241,CORRAL,CORRAL,ESCUELA BASICA DE CORRAL,5M,XU.UNIDOS POR LA DIGNIDAD,308. PEDRO EDGARDO BRANDT MORA,PDC,2.0,False
535242,CORRAL,CORRAL,ESCUELA BASICA DE CORRAL,5M,XU.UNIDOS POR LA DIGNIDAD,309. FRANCHESCA GIANINNA PEREZ CARVAJAL,PDC,2.0,False
535243,CORRAL,CORRAL,ESCUELA BASICA DE CORRAL,5M,XU.UNIDOS POR LA DIGNIDAD,310. BLANCA IRENE JARAMILLO NAVARRETE,IND,7.0,False
535244,CORRAL,CORRAL,ESCUELA BASICA DE CORRAL,5M,XU.UNIDOS POR LA DIGNIDAD,311. PAMELA BALSAMINA MEDINA LONCOMILLA,IND,11.0,False
535245,CORRAL,CORRAL,ESCUELA BASICA DE CORRAL,5M,XU.UNIDOS POR LA DIGNIDAD,312. PEDRO JOSE TRUJILLO VERA,IND,4.0,False
535246,CORRAL,CORRAL,ESCUELA BASICA DE CORRAL,5M,YM.CHILE VAMOS - PRI E INDEPENDIENTES,313. CLAUDIO ORIEL GONZALEZ NAVARRO,IND,21.0,True
535247,CORRAL,CORRAL,ESCUELA BASICA DE CORRAL,5M,YM.CHILE VAMOS - PRI E INDEPENDIENTES,314. VICTOR MANUEL JARAMILLO IBAÑEZ,IND,4.0,False
535248,CORRAL,CORRAL,ESCUELA BASICA DE CORRAL,5M,YM.CHILE VAMOS - PRI E INDEPENDIENTES,315. JESSICA SOLEDAD JARA MARABOLI,IND,4.0,False
535249,CORRAL,CORRAL,ESCUELA BASICA DE CORRAL,5M,YW.UNIDAD POR EL APRUEBO PS PPD E INDEPENDIENTES,316. PATRICIA WALESKA DE LA ROSA MUÑOZ,PPD,6.0,False
535250,CORRAL,CORRAL,ESCUELA BASICA DE CORRAL,5M,YW.UNIDAD POR EL APRUEBO PS PPD E INDEPENDIENTES,317. JUAN NOLBERTO VALENZUELA GONZALEZ,PPD,28.0,True
535251,CORRAL,CORRAL,ESCUELA BASICA DE CORRAL,5M,YW.UNIDAD POR EL APRUEBO PS PPD E INDEPENDIENTES,318. SERGIO IVAN OBANDO ESPINOZA,PPD,6.0,True
535252,CORRAL,CORRAL,ESCUELA BASICA DE CORRAL,5M,YW.UNIDAD POR EL APRUEBO PS PPD E INDEPENDIENTES,319. DORIS ELIANA CARDENAS MALDONADO,PS,0.0,False
535253,CORRAL,CORRAL,ESCUELA BASICA DE CORRAL,5M,YW.UNIDAD POR EL APRUEBO PS PPD E INDEPENDIENTES,320. GONZALO RODRIGO SERON OLAVARRIA,IND,2.0,False
535254,CORRAL,CORRAL,ESCUELA BASICA DE CORRAL,5M,YW.UNIDAD POR EL APRUEBO PS PPD E INDEPENDIENTES,321. KATIA PAMELA STAMP CAMPOS,IND,2.0,False
535255,CORRAL,CORRAL,ESCUELA BASICA DE CORRAL,5M,ZG.CHILE VAMOS EVOPOLI - INDEPENDIENTES,322. YECENIA ELIZABETH VERA BAHAMONDES,EVOPOLI,2.0,False
535256,CORRAL,CORRAL,ESCUELA BASICA DE CORRAL,5M,ZG.CHILE VAMOS EVOPOLI - INDEPENDIENTES,323. MIGUEL YONNY REIMAN ALVAREZ,EVOPOLI,0.0,False
535257,CORRAL,CORRAL,ESCUELA BASICA DE CORRAL,5M,ZG.CHILE VAMOS EVOPOLI - INDEPENDIENTES,324. PEDRO CARDENIO GAETE JARPA,IND,0.0,False
535258,CORRAL,CORRAL,ESCUELA BASICA DE CORRAL,5M,ZG.CHILE VAMOS EVOPOLI - INDEPENDIENTES,325. PAOLA JAVIERA ARAVENA BARRIENTOS,IND,0.0,False
535259,CORRAL,CORRAL,ESCUELA BASICA DE CORRAL,5M,ZJ.CHILE VAMOS UDI - INDEPENDIENTES,326. YAMIL EDWARD SANTIBAÑEZ GUAJARDO,UDI,0.0,False
535260,CORRAL,CORRAL,ESCUELA BASICA DE CORRAL,5M,ZJ.CHILE VAMOS UDI - INDEPENDIENTES,327. RUBEN ENRIQUE PEREZ GONZALEZ,UDI,1.0,False
535261,CORRAL,CORRAL,ESCUELA BASICA DE CORRAL,5M,ZJ.CHILE VAMOS UDI - INDEPENDIENTES,328. KEREN HAPUC TRONCOSO VEGA,IND,1.0,False
535262,CORRAL,CORRAL,ESCUELA BASICA DE CORRAL,5M,ZU.RADICALES E INDEPENDIENTES,329. CLERIA DEL CARMEN GUARDA MARTINEZ,PR,3.0,False
535263,CORRAL,CORRAL,ESCUELA BASICA DE CORRAL,5M,ZU.RADICALES E INDEPENDIENTES,330. JULIO CESAR PEÑA GAMBOA,PR,1.0,False
535264,CORRAL,CORRAL,ESCUELA BASICA DE CORRAL,5M,ZU.RADICALES E INDEPENDIENTES,331. CARLOS SEGUNDO VASQUEZ SERRANO,PR,10.0,False
535265,CORRAL,CORRAL,ESCUELA BASICA DE CORRAL,5M,ZU.RADICALES E INDEPENDIENTES,332. LUIS ALBERTO CHEUQUIEN CHAURA,PR,14.0,False
535266,CORRAL,CORRAL,ESCUELA BASICA DE CORRAL,5M,ZU.RADICALES E INDEPENDIENTES,333. FERNANDO MARCELINO VILLAGRAN MALDONADO,IND,9.0,True
535267,CORRAL,CORRAL,ESCUELA BASICA DE CORRAL,6M,M.CHILE DIGNO VERDE Y SOBERANO,300. EDITH JUANA PALMA SILVA,PCCH,0.0,False
535268,CORRAL,CORRAL,ESCUELA BASICA DE CORRAL,6M,XK.CHILE VAMOS RENOVACION NACIONAL - INDEPENDIENTES,301. FELIX JOSE CARDENAS SCHAAF,RN,3.0,False
535269,CORRAL,CORRAL,ESCUELA BASICA DE CORRAL,6M,XK.CHILE VAMOS RENOVACION NACIONAL - INDEPENDIENTES,302. HILDA LUZMIRA PEREZ VELASQUEZ,IND,3.0,False
535270,CORRAL,CORRAL,ESCUELA BASICA DE CORRAL,6M,XS.FRENTE AMPLIO,303. CLAUDIA LORENA CASANOVA SILVA,IND,6.0,False
535271,CORRAL,CORRAL,ESCUELA BASICA DE CORRAL,6M,XS.FRENTE AMPLIO,304. MANUEL RODRIGO PARDO CONTRERAS,IND,18.0,True
535272,CORRAL,CORRAL,ESCUELA BASICA DE CORRAL,6M,XS.FRENTE AMPLIO,305. FERNANDA ANDREA COLIPAI VERA,IND,4.0,False
535273,CORRAL,CORRAL,ESCUELA BASICA DE CORRAL,6M,XS.FRENTE AMPLIO,306. ANGELO ALEJANDRO PERALTA AGUERO,IND,3.0,False
535274,CORRAL,CORRAL,ESCUELA BASICA DE CORRAL,6M,XU.UNIDOS POR LA DIGNIDAD,307. LEANDRO ALEXIS ESPINOZA MORAGA,PDC,17.0,True
535275,CORRAL,CORRAL,ESCUELA BASICA DE CORRAL,6M,XU.UNIDOS POR LA DIGNIDAD,308. PEDRO EDGARDO BRANDT MORA,PDC,3.0,False
535276,CORRAL,CORRAL,ESCUELA BASICA DE CORRAL,6M,XU.UNIDOS POR LA DIGNIDAD,309. FRANCHESCA GIANINNA PEREZ CARVAJAL,PDC,2.0,False
535277,CORRAL,CORRAL,ESCUELA BASICA DE CORRAL,6M,XU.UNIDOS POR LA DIGNIDAD,310. BLANCA IRENE JARAMILLO NAVARRETE,IND,4.0,False
535278,CORRAL,CORRAL,ESCUELA BASICA DE CORRAL,6M,XU.UNIDOS POR LA DIGNIDAD,311. PAMELA BALSAMINA MEDINA LONCOMILLA,IND,16.0,False
535279,CORRAL,CORRAL,ESCUELA BASICA DE CORRAL,6M,XU.UNIDOS POR LA DIGNIDAD,312. PEDRO JOSE TRUJILLO VERA,IND,1.0,False
535280,CORRAL,CORRAL,ESCUELA BASICA DE CORRAL,6M,YM.CHILE VAMOS - PRI E INDEPENDIENTES,313. CLAUDIO ORIEL GONZALEZ NAVARRO,IND,25.0,True
535281,CORRAL,CORRAL,ESCUELA BASICA DE CORRAL,6M,YM.CHILE VAMOS - PRI E INDEPENDIENTES,314. VICTOR MANUEL JARAMILLO IBAÑEZ,IND,2.0,False
535282,CORRAL,CORRAL,ESCUELA BASICA DE CORRAL,6M,YM.CHILE VAMOS - PRI E INDEPENDIENTES,315. JESSICA SOLEDAD JARA MARABOLI,IND,7.0,False
535283,CORRAL,CORRAL,ESCUELA BASICA DE CORRAL,6M,YW.UNIDAD POR EL APRUEBO PS PPD E INDEPENDIENTES,316. PATRICIA WALESKA DE LA ROSA MUÑOZ,PPD,5.0,False
535284,CORRAL,CORRAL,ESCUELA BASICA DE CORRAL,6M,YW.UNIDAD POR EL APRUEBO PS PPD E INDEPENDIENTES,317. JUAN NOLBERTO VALENZUELA GONZALEZ,PPD,28.0,True
535285,CORRAL,CORRAL,ESCUELA BASICA DE CORRAL,6M,YW.UNIDAD POR EL APRUEBO PS PPD E INDEPENDIENTES,318. SERGIO IVAN OBANDO ESPINOZA,PPD,14.0,True
535286,CORRAL,CORRAL,ESCUELA BASICA DE CORRAL,6M,YW.UNIDAD POR EL APRUEBO PS PPD E INDEPENDIENTES,319. DORIS ELIANA CARDENAS MALDONADO,PS,6.0,False
535287,CORRAL,CORRAL,ESCUELA BASICA DE CORRAL,6M,YW.UNIDAD POR EL APRUEBO PS PPD E INDEPENDIENTES,320. GONZALO RODRIGO SERON OLAVARRIA,IND,1.0,False
535288,CORRAL,CORRAL,ESCUELA BASICA DE CORRAL,6M,YW.UNIDAD POR EL APRUEBO PS PPD E INDEPENDIENTES,321. KATIA PAMELA STAMP CAMPOS,IND,2.0,False
535289,CORRAL,CORRAL,ESCUELA BASICA DE CORRAL,6M,ZG.CHILE VAMOS EVOPOLI - INDEPENDIENTES,322. YECENIA ELIZABETH VERA BAHAMONDES,EVOPOLI,1.0,False
535290,CORRAL,CORRAL,ESCUELA BASICA DE CORRAL,6M,ZG.CHILE VAMOS EVOPOLI - INDEPENDIENTES,323. MIGUEL YONNY REIMAN ALVAREZ,EVOPOLI,1.0,False
535291,CORRAL,CORRAL,ESCUELA BASICA DE CORRAL,6M,ZG.CHILE VAMOS EVOPOLI - INDEPENDIENTES,324. PEDRO CARDENIO GAETE JARPA,IND,1.0,False
535292,CORRAL,CORRAL,ESCUELA BASICA DE CORRAL,6M,ZG.CHILE VAMOS EVOPOLI - INDEPENDIENTES,325. PAOLA JAVIERA ARAVENA BARRIENTOS,IND,1.0,False
535293,CORRAL,CORRAL,ESCUELA BASICA DE CORRAL,6M,ZJ.CHILE VAMOS UDI - INDEPENDIENTES,326. YAMIL EDWARD SANTIBAÑEZ GUAJARDO,UDI,2.0,False
535294,CORRAL,CORRAL,ESCUELA BASICA DE CORRAL,6M,ZJ.CHILE VAMOS UDI - INDEPENDIENTES,327. RUBEN ENRIQUE PEREZ GONZALEZ,UDI,6.0,False
535295,CORRAL,CORRAL,ESCUELA BASICA DE CORRAL,6M,ZJ.CHILE VAMOS UDI - INDEPENDIENTES,328. KEREN HAPUC TRONCOSO VEGA,IND,0.0,False
535296,CORRAL,CORRAL,ESCUELA BASICA DE CORRAL,6M,ZU.RADICALES E INDEPENDIENTES,329. CLERIA DEL CARMEN GUARDA MARTINEZ,PR,4.0,False
535297,CORRAL,CORRAL,ESCUELA BASICA DE CORRAL,6M,ZU.RADICALES E INDEPENDIENTES,330. JULIO CESAR PEÑA GAMBOA,PR,0.0,False
535298,CORRAL,CORRAL,ESCUELA BASICA DE CORRAL,6M,ZU.RADICALES E INDEPENDIENTES,331. CARLOS SEGUNDO VASQUEZ SERRANO,PR,8.0,False
535299,CORRAL,CORRAL,ESCUELA BASICA DE CORRAL,6M,ZU.RADICALES E INDEPENDIENTES,332. LUIS ALBERTO CHEUQUIEN CHAURA,PR,10.0,False
535300,CORRAL,CORRAL,ESCUELA BASICA DE CORRAL,6M,ZU.RADICALES E INDEPENDIENTES,333. FERNANDO MARCELINO VILLAGRAN MALDONADO,IND,7.0,True
535301,CORRAL,CORRAL,ESCUELA BASICA DE CORRAL,7M,M.CHILE DIGNO VERDE Y SOBERANO,300. EDITH JUANA PALMA SILVA,PCCH,1.0,False
535302,CORRAL,CORRAL,ESCUELA BASICA DE CORRAL,7M,XK.CHILE VAMOS RENOVACION NACIONAL - INDEPENDIENTES,301. FELIX JOSE CARDENAS SCHAAF,RN,2.0,False
535303,CORRAL,CORRAL,ESCUELA BASICA DE CORRAL,7M,XK.CHILE VAMOS RENOVACION NACIONAL - INDEPENDIENTES,302. HILDA LUZMIRA PEREZ VELASQUEZ,IND,4.0,False
535304,CORRAL,CORRAL,ESCUELA BASICA DE CORRAL,7M,XS.FRENTE AMPLIO,303. CLAUDIA LORENA CASANOVA SILVA,IND,7.0,False
535305,CORRAL,CORRAL,ESCUELA BASICA DE CORRAL,7M,XS.FRENTE AMPLIO,304. MANUEL RODRIGO PARDO CONTRERAS,IND,4.0,True
535306,CORRAL,CORRAL,ESCUELA BASICA DE CORRAL,7M,XS.FRENTE AMPLIO,305. FERNANDA ANDREA COLIPAI VERA,IND,5.0,False
535307,CORRAL,CORRAL,ESCUELA BASICA DE CORRAL,7M,XS.FRENTE AMPLIO,306. ANGELO ALEJANDRO PERALTA AGUERO,IND,1.0,False
535308,CORRAL,CORRAL,ESCUELA BASICA DE CORRAL,7M,XU.UNIDOS POR LA DIGNIDAD,307. LEANDRO ALEXIS ESPINOZA MORAGA,PDC,11.0,True
535309,CORRAL,CORRAL,ESCUELA BASICA DE CORRAL,7M,XU.UNIDOS POR LA DIGNIDAD,308. PEDRO EDGARDO BRANDT MORA,PDC,2.0,False
535310,CORRAL,CORRAL,ESCUELA BASICA DE CORRAL,7M,XU.UNIDOS POR LA DIGNIDAD,309. FRANCHESCA GIANINNA PEREZ CARVAJAL,PDC,2.0,False
535311,CORRAL,CORRAL,ESCUELA BASICA DE CORRAL,7M,XU.UNIDOS POR LA DIGNIDAD,310. BLANCA IRENE JARAMILLO NAVARRETE,IND,4.0,False
535312,CORRAL,CORRAL,ESCUELA BASICA DE CORRAL,7M,XU.UNIDOS POR LA DIGNIDAD,311. PAMELA BALSAMINA MEDINA LONCOMILLA,IND,9.0,False
535313,CORRAL,CORRAL,ESCUELA BASICA DE CORRAL,7M,XU.UNIDOS POR LA DIGNIDAD,312. PEDRO JOSE TRUJILLO VERA,IND,7.0,False
535314,CORRAL,CORRAL,ESCUELA BASICA DE CORRAL,7M,YM.CHILE VAMOS - PRI E INDEPENDIENTES,313. CLAUDIO ORIEL GONZALEZ NAVARRO,IND,22.0,True
535315,CORRAL,CORRAL,ESCUELA BASICA DE CORRAL,7M,YM.CHILE VAMOS - PRI E INDEPENDIENTES,314. VICTOR MANUEL JARAMILLO IBAÑEZ,IND,1.0,False
535316,CORRAL,CORRAL,ESCUELA BASICA DE CORRAL,7M,YM.CHILE VAMOS - PRI E INDEPENDIENTES,315. JESSICA SOLEDAD JARA MARABOLI,IND,8.0,False
535317,CORRAL,CORRAL,ESCUELA BASICA DE CORRAL,7M,YW.UNIDAD POR EL APRUEBO PS PPD E INDEPENDIENTES,316. PATRICIA WALESKA DE LA ROSA MUÑOZ,PPD,1.0,False
535318,CORRAL,CORRAL,ESCUELA BASICA DE CORRAL,7M,YW.UNIDAD POR EL APRUEBO PS PPD E INDEPENDIENTES,317. JUAN NOLBERTO VALENZUELA GONZALEZ,PPD,31.0,True
535319,CORRAL,CORRAL,ESCUELA BASICA DE CORRAL,7M,YW.UNIDAD POR EL APRUEBO PS PPD E INDEPENDIENTES,318. SERGIO IVAN OBANDO ESPINOZA,PPD,16.0,True
535320,CORRAL,CORRAL,ESCUELA BASICA DE CORRAL,7M,YW.UNIDAD POR EL APRUEBO PS PPD E INDEPENDIENTES,319. DORIS ELIANA CARDENAS MALDONADO,PS,6.0,False
535321,CORRAL,CORRAL,ESCUELA BASICA DE CORRAL,7M,YW.UNIDAD POR EL APRUEBO PS PPD E INDEPENDIENTES,320. GONZALO RODRIGO SERON OLAVARRIA,IND,2.0,False
535322,CORRAL,CORRAL,ESCUELA BASICA DE CORRAL,7M,YW.UNIDAD POR EL APRUEBO PS PPD E INDEPENDIENTES,321. KATIA PAMELA STAMP CAMPOS,IND,1.0,False
535323,CORRAL,CORRAL,ESCUELA BASICA DE CORRAL,7M,ZG.CHILE VAMOS EVOPOLI - INDEPENDIENTES,322. YECENIA ELIZABETH VERA BAHAMONDES,EVOPOLI,8.0,False
535324,CORRAL,CORRAL,ESCUELA BASICA DE CORRAL,7M,ZG.CHILE VAMOS EVOPOLI - INDEPENDIENTES,323. MIGUEL YONNY REIMAN ALVAREZ,EVOPOLI,1.0,False
535325,CORRAL,CORRAL,ESCUELA BASICA DE CORRAL,7M,ZG.CHILE VAMOS EVOPOLI - INDEPENDIENTES,324. PEDRO CARDENIO GAETE JARPA,IND,0.0,False
535326,CORRAL,CORRAL,ESCUELA BASICA DE CORRAL,7M,ZG.CHILE VAMOS EVOPOLI - INDEPENDIENTES,325. PAOLA JAVIERA ARAVENA BARRIENTOS,IND,1.0,False
535327,CORRAL,CORRAL,ESCUELA BASICA DE CORRAL,7M,ZJ.CHILE VAMOS UDI - INDEPENDIENTES,326. YAMIL EDWARD SANTIBAÑEZ GUAJARDO,UDI,1.0,False
535328,CORRAL,CORRAL,ESCUELA BASICA DE CORRAL,7M,ZJ.CHILE VAMOS UDI - INDEPENDIENTES,327. RUBEN ENRIQUE PEREZ GONZALEZ,UDI,5.0,False
535329,CORRAL,CORRAL,ESCUELA BASICA DE CORRAL,7M,ZJ.CHILE VAMOS UDI - INDEPENDIENTES,328. KEREN HAPUC TRONCOSO VEGA,IND,2.0,False
535330,CORRAL,CORRAL,ESCUELA BASICA DE CORRAL,7M,ZU.RADICALES E INDEPENDIENTES,329. CLERIA DEL CARMEN GUARDA MARTINEZ,PR,2.0,False
535331,CORRAL,CORRAL,ESCUELA BASICA DE CORRAL,7M,ZU.RADICALES E INDEPENDIENTES,330. JULIO CESAR PEÑA GAMBOA,PR,3.0,False
535332,CORRAL,CORRAL,ESCUELA BASICA DE CORRAL,7M,ZU.RADICALES E INDEPENDIENTES,331. CARLOS SEGUNDO VASQUEZ SERRANO,PR,0.0,False
535333,CORRAL,CORRAL,ESCUELA BASICA DE CORRAL,7M,ZU.RADICALES E INDEPENDIENTES,332. LUIS ALBERTO CHEUQUIEN CHAURA,PR,14.0,False
535334,CORRAL,CORRAL,ESCUELA BASICA DE CORRAL,7M,ZU.RADICALES E INDEPENDIENTES,333. FERNANDO MARCELINO VILLAGRAN MALDONADO,IND,8.0,True
535335,CORRAL,CORRAL,ESCUELA BASICA DE CORRAL,8M,M.CHILE DIGNO VERDE Y SOBERANO,300. EDITH JUANA PALMA SILVA,PCCH,0.0,False
535336,CORRAL,CORRAL,ESCUELA BASICA DE CORRAL,8M,XK.CHILE VAMOS RENOVACION NACIONAL - INDEPENDIENTES,301. FELIX JOSE CARDENAS SCHAAF,RN,3.0,False
535337,CORRAL,CORRAL,ESCUELA BASICA DE CORRAL,8M,XK.CHILE VAMOS RENOVACION NACIONAL - INDEPENDIENTES,302. HILDA LUZMIRA PEREZ VELASQUEZ,IND,3.0,False
535338,CORRAL,CORRAL,ESCUELA BASICA DE CORRAL,8M,XS.FRENTE AMPLIO,303. CLAUDIA LORENA CASANOVA SILVA,IND,10.0,False
535339,CORRAL,CORRAL,ESCUELA BASICA DE CORRAL,8M,XS.FRENTE AMPLIO,304. MANUEL RODRIGO PARDO CONTRERAS,IND,3.0,True
535340,CORRAL,CORRAL,ESCUELA BASICA DE CORRAL,8M,XS.FRENTE AMPLIO,305. FERNANDA ANDREA COLIPAI VERA,IND,6.0,False
535341,CORRAL,CORRAL,ESCUELA BASICA DE CORRAL,8M,XS.FRENTE AMPLIO,306. ANGELO ALEJANDRO PERALTA AGUERO,IND,8.0,False
535342,CORRAL,CORRAL,ESCUELA BASICA DE CORRAL,8M,XU.UNIDOS POR LA DIGNIDAD,307. LEANDRO ALEXIS ESPINOZA MORAGA,PDC,19.0,True
535343,CORRAL,CORRAL,ESCUELA BASICA DE CORRAL,8M,XU.UNIDOS POR LA DIGNIDAD,308. PEDRO EDGARDO BRANDT MORA,PDC,1.0,False
535344,CORRAL,CORRAL,ESCUELA BASICA DE CORRAL,8M,XU.UNIDOS POR LA DIGNIDAD,309. FRANCHESCA GIANINNA PEREZ CARVAJAL,PDC,1.0,False
535345,CORRAL,CORRAL,ESCUELA BASICA DE CORRAL,8M,XU.UNIDOS POR LA DIGNIDAD,310. BLANCA IRENE JARAMILLO NAVARRETE,IND,6.0,False
535346,CORRAL,CORRAL,ESCUELA BASICA DE CORRAL,8M,XU.UNIDOS POR LA DIGNIDAD,311. PAMELA BALSAMINA MEDINA LONCOMILLA,IND,13.0,False
535347,CORRAL,CORRAL,ESCUELA BASICA DE CORRAL,8M,XU.UNIDOS POR LA DIGNIDAD,312. PEDRO JOSE TRUJILLO VERA,IND,1.0,False
535348,CORRAL,CORRAL,ESCUELA BASICA DE CORRAL,8M,YM.CHILE VAMOS - PRI E INDEPENDIENTES,313. CLAUDIO ORIEL GONZALEZ NAVARRO,IND,24.0,True
535349,CORRAL,CORRAL,ESCUELA BASICA DE CORRAL,8M,YM.CHILE VAMOS - PRI E INDEPENDIENTES,314. VICTOR MANUEL JARAMILLO IBAÑEZ,IND,5.0,False
535350,CORRAL,CORRAL,ESCUELA BASICA DE CORRAL,8M,YM.CHILE VAMOS - PRI E INDEPENDIENTES,315. JESSICA SOLEDAD JARA MARABOLI,IND,8.0,False
535351,CORRAL,CORRAL,ESCUELA BASICA DE CORRAL,8M,YW.UNIDAD POR EL APRUEBO PS PPD E INDEPENDIENTES,316. PATRICIA WALESKA DE LA ROSA MUÑOZ,PPD,7.0,False
535352,CORRAL,CORRAL,ESCUELA BASICA DE CORRAL,8M,YW.UNIDAD POR EL APRUEBO PS PPD E INDEPENDIENTES,317. JUAN NOLBERTO VALENZUELA GONZALEZ,PPD,14.0,True
535353,CORRAL,CORRAL,ESCUELA BASICA DE CORRAL,8M,YW.UNIDAD POR EL APRUEBO PS PPD E INDEPENDIENTES,318. SERGIO IVAN OBANDO ESPINOZA,PPD,17.0,True
535354,CORRAL,CORRAL,ESCUELA BASICA DE CORRAL,8M,YW.UNIDAD POR EL APRUEBO PS PPD E INDEPENDIENTES,319. DORIS ELIANA CARDENAS MALDONADO,PS,5.0,False
535355,CORRAL,CORRAL,ESCUELA BASICA DE CORRAL,8M,YW.UNIDAD POR EL APRUEBO PS PPD E INDEPENDIENTES,320. GONZALO RODRIGO SERON OLAVARRIA,IND,0.0,False
535356,CORRAL,CORRAL,ESCUELA BASICA DE CORRAL,8M,YW.UNIDAD POR EL APRUEBO PS PPD E INDEPENDIENTES,321. KATIA PAMELA STAMP CAMPOS,IND,1.0,False
535357,CORRAL,CORRAL,ESCUELA BASICA DE CORRAL,8M,ZG.CHILE VAMOS EVOPOLI - INDEPENDIENTES,322. YECENIA ELIZABETH VERA BAHAMONDES,EVOPOLI,3.0,False
535358,CORRAL,CORRAL,ESCUELA BASICA DE CORRAL,8M,ZG.CHILE VAMOS EVOPOLI - INDEPENDIENTES,323. MIGUEL YONNY REIMAN ALVAREZ,EVOPOLI,0.0,False
535359,CORRAL,CORRAL,ESCUELA BASICA DE CORRAL,8M,ZG.CHILE VAMOS EVOPOLI - INDEPENDIENTES,324. PEDRO CARDENIO GAETE JARPA,IND,1.0,False
535360,CORRAL,CORRAL,ESCUELA BASICA DE CORRAL,8M,ZG.CHILE VAMOS EVOPOLI - INDEPENDIENTES,325. PAOLA JAVIERA ARAVENA BARRIENTOS,IND,1.0,False
535361,CORRAL,CORRAL,ESCUELA BASICA DE CORRAL,8M,ZJ.CHILE VAMOS UDI - INDEPENDIENTES,326. YAMIL EDWARD SANTIBAÑEZ GUAJARDO,UDI,0.0,False
535362,CORRAL,CORRAL,ESCUELA BASICA DE CORRAL,8M,ZJ.CHILE VAMOS UDI - INDEPENDIENTES,327. RUBEN ENRIQUE PEREZ GONZALEZ,UDI,4.0,False
535363,CORRAL,CORRAL,ESCUELA BASICA DE CORRAL,8M,ZJ.CHILE VAMOS UDI - INDEPENDIENTES,328. KEREN HAPUC TRONCOSO VEGA,IND,1.0,False
535364,CORRAL,CORRAL,ESCUELA BASICA DE CORRAL,8M,ZU.RADICALES E INDEPENDIENTES,329. CLERIA DEL CARMEN GUARDA MARTINEZ,PR,0.0,False
535365,CORRAL,CORRAL,ESCUELA BASICA DE CORRAL,8M,ZU.RADICALES E INDEPENDIENTES,330. JULIO CESAR PEÑA GAMBOA,PR,2.0,False
535366,CORRAL,CORRAL,ESCUELA BASICA DE CORRAL,8M,ZU.RADICALES E INDEPENDIENTES,331. CARLOS SEGUNDO VASQUEZ SERRANO,PR,5.0,False
535367,CORRAL,CORRAL,ESCUELA BASICA DE CORRAL,8M,ZU.RADICALES E INDEPENDIENTES,332. LUIS ALBERTO CHEUQUIEN CHAURA,PR,11.0,False
535368,CORRAL,CORRAL,ESCUELA BASICA DE CORRAL,8M,ZU.RADICALES E INDEPENDIENTES,333. FERNANDO MARCELINO VILLAGRAN MALDONADO,IND,9.0,True
535369,CORRAL,CORRAL,ESCUELA BASICA DE CORRAL,1V,M.CHILE DIGNO VERDE Y SOBERANO,300. EDITH JUANA PALMA SILVA,PCCH,2.0,False
535370,CORRAL,CORRAL,ESCUELA BASICA DE CORRAL,1V,XK.CHILE VAMOS RENOVACION NACIONAL - INDEPENDIENTES,301. FELIX JOSE CARDENAS SCHAAF,RN,2.0,False
535371,CORRAL,CORRAL,ESCUELA BASICA DE CORRAL,1V,XK.CHILE VAMOS RENOVACION NACIONAL - INDEPENDIENTES,302. HILDA LUZMIRA PEREZ VELASQUEZ,IND,2.0,False
535372,CORRAL,CORRAL,ESCUELA BASICA DE CORRAL,1V,XS.FRENTE AMPLIO,303. CLAUDIA LORENA CASANOVA SILVA,IND,1.0,False
535373,CORRAL,CORRAL,ESCUELA BASICA DE CORRAL,1V,XS.FRENTE AMPLIO,304. MANUEL RODRIGO PARDO CONTRERAS,IND,6.0,True
535374,CORRAL,CORRAL,ESCUELA BASICA DE CORRAL,1V,XS.FRENTE AMPLIO,305. FERNANDA ANDREA COLIPAI VERA,IND,1.0,False
535375,CORRAL,CORRAL,ESCUELA BASICA DE CORRAL,1V,XS.FRENTE AMPLIO,306. ANGELO ALEJANDRO PERALTA AGUERO,IND,1.0,False
535376,CORRAL,CORRAL,ESCUELA BASICA DE CORRAL,1V,XU.UNIDOS POR LA DIGNIDAD,307. LEANDRO ALEXIS ESPINOZA MORAGA,PDC,9.0,True
535377,CORRAL,CORRAL,ESCUELA BASICA DE CORRAL,1V,XU.UNIDOS POR LA DIGNIDAD,308. PEDRO EDGARDO BRANDT MORA,PDC,4.0,False
535378,CORRAL,CORRAL,ESCUELA BASICA DE CORRAL,1V,XU.UNIDOS POR LA DIGNIDAD,309. FRANCHESCA GIANINNA PEREZ CARVAJAL,PDC,1.0,False
535379,CORRAL,CORRAL,ESCUELA BASICA DE CORRAL,1V,XU.UNIDOS POR LA DIGNIDAD,310. BLANCA IRENE JARAMILLO NAVARRETE,IND,3.0,False
535380,CORRAL,CORRAL,ESCUELA BASICA DE CORRAL,1V,XU.UNIDOS POR LA DIGNIDAD,311. PAMELA BALSAMINA MEDINA LONCOMILLA,IND,0.0,False
535381,CORRAL,CORRAL,ESCUELA BASICA DE CORRAL,1V,XU.UNIDOS POR LA DIGNIDAD,312. PEDRO JOSE TRUJILLO VERA,IND,1.0,False
535382,CORRAL,CORRAL,ESCUELA BASICA DE CORRAL,1V,YM.CHILE VAMOS - PRI E INDEPENDIENTES,313. CLAUDIO ORIEL GONZALEZ NAVARRO,IND,5.0,True
535383,CORRAL,CORRAL,ESCUELA BASICA DE CORRAL,1V,YM.CHILE VAMOS - PRI E INDEPENDIENTES,314. VICTOR MANUEL JARAMILLO IBAÑEZ,IND,2.0,False
535384,CORRAL,CORRAL,ESCUELA BASICA DE CORRAL,1V,YM.CHILE VAMOS - PRI E INDEPENDIENTES,315. JESSICA SOLEDAD JARA MARABOLI,IND,3.0,False
535385,CORRAL,CORRAL,ESCUELA BASICA DE CORRAL,1V,YW.UNIDAD POR EL APRUEBO PS PPD E INDEPENDIENTES,316. PATRICIA WALESKA DE LA ROSA MUÑOZ,PPD,3.0,False
535386,CORRAL,CORRAL,ESCUELA BASICA DE CORRAL,1V,YW.UNIDAD POR EL APRUEBO PS PPD E INDEPENDIENTES,317. JUAN NOLBERTO VALENZUELA GONZALEZ,PPD,18.0,True
535387,CORRAL,CORRAL,ESCUELA BASICA DE CORRAL,1V,YW.UNIDAD POR EL APRUEBO PS PPD E INDEPENDIENTES,318. SERGIO IVAN OBANDO ESPINOZA,PPD,7.0,True
535388,CORRAL,CORRAL,ESCUELA BASICA DE CORRAL,1V,YW.UNIDAD POR EL APRUEBO PS PPD E INDEPENDIENTES,319. DORIS ELIANA CARDENAS MALDONADO,PS,2.0,False
535389,CORRAL,CORRAL,ESCUELA BASICA DE CORRAL,1V,YW.UNIDAD POR EL APRUEBO PS PPD E INDEPENDIENTES,320. GONZALO RODRIGO SERON OLAVARRIA,IND,1.0,False
535390,CORRAL,CORRAL,ESCUELA BASICA DE CORRAL,1V,YW.UNIDAD POR EL APRUEBO PS PPD E INDEPENDIENTES,321. KATIA PAMELA STAMP CAMPOS,IND,2.0,False
535391,CORRAL,CORRAL,ESCUELA BASICA DE CORRAL,1V,ZG.CHILE VAMOS EVOPOLI - INDEPENDIENTES,322. YECENIA ELIZABETH VERA BAHAMONDES,EVOPOLI,0.0,False
535392,CORRAL,CORRAL,ESCUELA BASICA DE CORRAL,1V,ZG.CHILE VAMOS EVOPOLI - INDEPENDIENTES,323. MIGUEL YONNY REIMAN ALVAREZ,EVOPOLI,0.0,False
535393,CORRAL,CORRAL,ESCUELA BASICA DE CORRAL,1V,ZG.CHILE VAMOS EVOPOLI - INDEPENDIENTES,324. PEDRO CARDENIO GAETE JARPA,IND,2.0,False
535394,CORRAL,CORRAL,ESCUELA BASICA DE CORRAL,1V,ZG.CHILE VAMOS EVOPOLI - INDEPENDIENTES,325. PAOLA JAVIERA ARAVENA BARRIENTOS,IND,0.0,False
535395,CORRAL,CORRAL,ESCUELA BASICA DE CORRAL,1V,ZJ.CHILE VAMOS UDI - INDEPENDIENTES,326. YAMIL EDWARD SANTIBAÑEZ GUAJARDO,UDI,2.0,False
535396,CORRAL,CORRAL,ESCUELA BASICA DE CORRAL,1V,ZJ.CHILE VAMOS UDI - INDEPENDIENTES,327. RUBEN ENRIQUE PEREZ GONZALEZ,UDI,2.0,False
535397,CORRAL,CORRAL,ESCUELA BASICA DE CORRAL,1V,ZJ.CHILE VAMOS UDI - INDEPENDIENTES,328. KEREN HAPUC TRONCOSO VEGA,IND,1.0,False
535398,CORRAL,CORRAL,ESCUELA BASICA DE CORRAL,1V,ZU.RADICALES E INDEPENDIENTES,329. CLERIA DEL CARMEN GUARDA MARTINEZ,PR,1.0,False
535399,CORRAL,CORRAL,ESCUELA BASICA DE CORRAL,1V,ZU.RADICALES E INDEPENDIENTES,330. JULIO CESAR PEÑA GAMBOA,PR,0.0,False
535400,CORRAL,CORRAL,ESCUELA BASICA DE CORRAL,1V,ZU.RADICALES E INDEPENDIENTES,331. CARLOS SEGUNDO VASQUEZ SERRANO,PR,3.0,False
535401,CORRAL,CORRAL,ESCUELA BASICA DE CORRAL,1V,ZU.RADICALES E INDEPENDIENTES,332. LUIS ALBERTO CHEUQUIEN CHAURA,PR,4.0,False
535402,CORRAL,CORRAL,ESCUELA BASICA DE CORRAL,1V,ZU.RADICALES E INDEPENDIENTES,333. FERNANDO MARCELINO VILLAGRAN MALDONADO,IND,10.0,True
535403,CORRAL,CORRAL,ESCUELA BASICA DE CORRAL,2V,M.CHILE DIGNO VERDE Y SOBERANO,300. EDITH JUANA PALMA SILVA,PCCH,4.0,False
535404,CORRAL,CORRAL,ESCUELA BASICA DE CORRAL,2V,XK.CHILE VAMOS RENOVACION NACIONAL - INDEPENDIENTES,301. FELIX JOSE CARDENAS SCHAAF,RN,4.0,False
535405,CORRAL,CORRAL,ESCUELA BASICA DE CORRAL,2V,XK.CHILE VAMOS RENOVACION NACIONAL - INDEPENDIENTES,302. HILDA LUZMIRA PEREZ VELASQUEZ,IND,2.0,False
535406,CORRAL,CORRAL,ESCUELA BASICA DE CORRAL,2V,XS.FRENTE AMPLIO,303. CLAUDIA LORENA CASANOVA SILVA,IND,2.0,False
535407,CORRAL,CORRAL,ESCUELA BASICA DE CORRAL,2V,XS.FRENTE AMPLIO,304. MANUEL RODRIGO PARDO CONTRERAS,IND,3.0,True
535408,CORRAL,CORRAL,ESCUELA BASICA DE CORRAL,2V,XS.FRENTE AMPLIO,305. FERNANDA ANDREA COLIPAI VERA,IND,2.0,False
535409,CORRAL,CORRAL,ESCUELA BASICA DE CORRAL,2V,XS.FRENTE AMPLIO,306. ANGELO ALEJANDRO PERALTA AGUERO,IND,4.0,False
535410,CORRAL,CORRAL,ESCUELA BASICA DE CORRAL,2V,XU.UNIDOS POR LA DIGNIDAD,307. LEANDRO ALEXIS ESPINOZA MORAGA,PDC,12.0,True
535411,CORRAL,CORRAL,ESCUELA BASICA DE CORRAL,2V,XU.UNIDOS POR LA DIGNIDAD,308. PEDRO EDGARDO BRANDT MORA,PDC,2.0,False
535412,CORRAL,CORRAL,ESCUELA BASICA DE CORRAL,2V,XU.UNIDOS POR LA DIGNIDAD,309. FRANCHESCA GIANINNA PEREZ CARVAJAL,PDC,3.0,False
535413,CORRAL,CORRAL,ESCUELA BASICA DE CORRAL,2V,XU.UNIDOS POR LA DIGNIDAD,310. BLANCA IRENE JARAMILLO NAVARRETE,IND,7.0,False
535414,CORRAL,CORRAL,ESCUELA BASICA DE CORRAL,2V,XU.UNIDOS POR LA DIGNIDAD,311. PAMELA BALSAMINA MEDINA LONCOMILLA,IND,5.0,False
535415,CORRAL,CORRAL,ESCUELA BASICA DE CORRAL,2V,XU.UNIDOS POR LA DIGNIDAD,312. PEDRO JOSE TRUJILLO VERA,IND,3.0,False
535416,CORRAL,CORRAL,ESCUELA BASICA DE CORRAL,2V,YM.CHILE VAMOS - PRI E INDEPENDIENTES,313. CLAUDIO ORIEL GONZALEZ NAVARRO,IND,20.0,True
535417,CORRAL,CORRAL,ESCUELA BASICA DE CORRAL,2V,YM.CHILE VAMOS - PRI E INDEPENDIENTES,314. VICTOR MANUEL JARAMILLO IBAÑEZ,IND,1.0,False
535418,CORRAL,CORRAL,ESCUELA BASICA DE CORRAL,2V,YM.CHILE VAMOS - PRI E INDEPENDIENTES,315. JESSICA SOLEDAD JARA MARABOLI,IND,3.0,False
535419,CORRAL,CORRAL,ESCUELA BASICA DE CORRAL,2V,YW.UNIDAD POR EL APRUEBO PS PPD E INDEPENDIENTES,316. PATRICIA WALESKA DE LA ROSA MUÑOZ,PPD,6.0,False
535420,CORRAL,CORRAL,ESCUELA BASICA DE CORRAL,2V,YW.UNIDAD POR EL APRUEBO PS PPD E INDEPENDIENTES,317. JUAN NOLBERTO VALENZUELA GONZALEZ,PPD,16.0,True
535421,CORRAL,CORRAL,ESCUELA BASICA DE CORRAL,2V,YW.UNIDAD POR EL APRUEBO PS PPD E INDEPENDIENTES,318. SERGIO IVAN OBANDO ESPINOZA,PPD,11.0,True
535422,CORRAL,CORRAL,ESCUELA BASICA DE CORRAL,2V,YW.UNIDAD POR EL APRUEBO PS PPD E INDEPENDIENTES,319. DORIS ELIANA CARDENAS MALDONADO,PS,7.0,False
535423,CORRAL,CORRAL,ESCUELA BASICA DE CORRAL,2V,YW.UNIDAD POR EL APRUEBO PS PPD E INDEPENDIENTES,320. GONZALO RODRIGO SERON OLAVARRIA,IND,2.0,False
535424,CORRAL,CORRAL,ESCUELA BASICA DE CORRAL,2V,YW.UNIDAD POR EL APRUEBO PS PPD E INDEPENDIENTES,321. KATIA PAMELA STAMP CAMPOS,IND,1.0,False
535425,CORRAL,CORRAL,ESCUELA BASICA DE CORRAL,2V,ZG.CHILE VAMOS EVOPOLI - INDEPENDIENTES,322. YECENIA ELIZABETH VERA BAHAMONDES,EVOPOLI,5.0,False
535426,CORRAL,CORRAL,ESCUELA BASICA DE CORRAL,2V,ZG.CHILE VAMOS EVOPOLI - INDEPENDIENTES,323. MIGUEL YONNY REIMAN ALVAREZ,EVOPOLI,2.0,False
535427,CORRAL,CORRAL,ESCUELA BASICA DE CORRAL,2V,ZG.CHILE VAMOS EVOPOLI - INDEPENDIENTES,324. PEDRO CARDENIO GAETE JARPA,IND,0.0,False
535428,CORRAL,CORRAL,ESCUELA BASICA DE CORRAL,2V,ZG.CHILE VAMOS EVOPOLI - INDEPENDIENTES,325. PAOLA JAVIERA ARAVENA BARRIENTOS,IND,1.0,False
535429,CORRAL,CORRAL,ESCUELA BASICA DE CORRAL,2V,ZJ.CHILE VAMOS UDI - INDEPENDIENTES,326. YAMIL EDWARD SANTIBAÑEZ GUAJARDO,UDI,0.0,False
535430,CORRAL,CORRAL,ESCUELA BASICA DE CORRAL,2V,ZJ.CHILE VAMOS UDI - INDEPENDIENTES,327. RUBEN ENRIQUE PEREZ GONZALEZ,UDI,5.0,False
535431,CORRAL,CORRAL,ESCUELA BASICA DE CORRAL,2V,ZJ.CHILE VAMOS UDI - INDEPENDIENTES,328. KEREN HAPUC TRONCOSO VEGA,IND,2.0,False
535432,CORRAL,CORRAL,ESCUELA BASICA DE CORRAL,2V,ZU.RADICALES E INDEPENDIENTES,329. CLERIA DEL CARMEN GUARDA MARTINEZ,PR,1.0,False
535433,CORRAL,CORRAL,ESCUELA BASICA DE CORRAL,2V,ZU.RADICALES E INDEPENDIENTES,330. JULIO CESAR PEÑA GAMBOA,PR,1.0,False
535434,CORRAL,CORRAL,ESCUELA BASICA DE CORRAL,2V,ZU.RADICALES E INDEPENDIENTES,331. CARLOS SEGUNDO VASQUEZ SERRANO,PR,4.0,False
535435,CORRAL,CORRAL,ESCUELA BASICA DE CORRAL,2V,ZU.RADICALES E INDEPENDIENTES,332. LUIS ALBERTO CHEUQUIEN CHAURA,PR,9.0,False
535436,CORRAL,CORRAL,ESCUELA BASICA DE CORRAL,2V,ZU.RADICALES E INDEPENDIENTES,333. FERNANDO MARCELINO VILLAGRAN MALDONADO,IND,14.0,True
535437,CORRAL,CORRAL,ESCUELA BASICA DE CORRAL,3V,M.CHILE DIGNO VERDE Y SOBERANO,300. EDITH JUANA PALMA SILVA,PCCH,5.0,False
535438,CORRAL,CORRAL,ESCUELA BASICA DE CORRAL,3V,XK.CHILE VAMOS RENOVACION NACIONAL - INDEPENDIENTES,301. FELIX JOSE CARDENAS SCHAAF,RN,2.0,False
535439,CORRAL,CORRAL,ESCUELA BASICA DE CORRAL,3V,XK.CHILE VAMOS RENOVACION NACIONAL - INDEPENDIENTES,302. HILDA LUZMIRA PEREZ VELASQUEZ,IND,4.0,False
535440,CORRAL,CORRAL,ESCUELA BASICA DE CORRAL,3V,XS.FRENTE AMPLIO,303. CLAUDIA LORENA CASANOVA SILVA,IND,7.0,False
535441,CORRAL,CORRAL,ESCUELA BASICA DE CORRAL,3V,XS.FRENTE AMPLIO,304. MANUEL RODRIGO PARDO CONTRERAS,IND,5.0,True
535442,CORRAL,CORRAL,ESCUELA BASICA DE CORRAL,3V,XS.FRENTE AMPLIO,305. FERNANDA ANDREA COLIPAI VERA,IND,4.0,False
535443,CORRAL,CORRAL,ESCUELA BASICA DE CORRAL,3V,XS.FRENTE AMPLIO,306. ANGELO ALEJANDRO PERALTA AGUERO,IND,0.0,False
535444,CORRAL,CORRAL,ESCUELA BASICA DE CORRAL,3V,XU.UNIDOS POR LA DIGNIDAD,307. LEANDRO ALEXIS ESPINOZA MORAGA,PDC,12.0,True
535445,CORRAL,CORRAL,ESCUELA BASICA DE CORRAL,3V,XU.UNIDOS POR LA DIGNIDAD,308. PEDRO EDGARDO BRANDT MORA,PDC,1.0,False
535446,CORRAL,CORRAL,ESCUELA BASICA DE CORRAL,3V,XU.UNIDOS POR LA DIGNIDAD,309. FRANCHESCA GIANINNA PEREZ CARVAJAL,PDC,4.0,False
535447,CORRAL,CORRAL,ESCUELA BASICA DE CORRAL,3V,XU.UNIDOS POR LA DIGNIDAD,310. BLANCA IRENE JARAMILLO NAVARRETE,IND,3.0,False
535448,CORRAL,CORRAL,ESCUELA BASICA DE CORRAL,3V,XU.UNIDOS POR LA DIGNIDAD,311. PAMELA BALSAMINA MEDINA LONCOMILLA,IND,11.0,False
535449,CORRAL,CORRAL,ESCUELA BASICA DE CORRAL,3V,XU.UNIDOS POR LA DIGNIDAD,312. PEDRO JOSE TRUJILLO VERA,IND,7.0,False
535450,CORRAL,CORRAL,ESCUELA BASICA DE CORRAL,3V,YM.CHILE VAMOS - PRI E INDEPENDIENTES,313. CLAUDIO ORIEL GONZALEZ NAVARRO,IND,24.0,True
535451,CORRAL,CORRAL,ESCUELA BASICA DE CORRAL,3V,YM.CHILE VAMOS - PRI E INDEPENDIENTES,314. VICTOR MANUEL JARAMILLO IBAÑEZ,IND,3.0,False
535452,CORRAL,CORRAL,ESCUELA BASICA DE CORRAL,3V,YM.CHILE VAMOS - PRI E INDEPENDIENTES,315. JESSICA SOLEDAD JARA MARABOLI,IND,6.0,False
535453,CORRAL,CORRAL,ESCUELA BASICA DE CORRAL,3V,YW.UNIDAD POR EL APRUEBO PS PPD E INDEPENDIENTES,316. PATRICIA WALESKA DE LA ROSA MUÑOZ,PPD,3.0,False
535454,CORRAL,CORRAL,ESCUELA BASICA DE CORRAL,3V,YW.UNIDAD POR EL APRUEBO PS PPD E INDEPENDIENTES,317. JUAN NOLBERTO VALENZUELA GONZALEZ,PPD,21.0,True
535455,CORRAL,CORRAL,ESCUELA BASICA DE CORRAL,3V,YW.UNIDAD POR EL APRUEBO PS PPD E INDEPENDIENTES,318. SERGIO IVAN OBANDO ESPINOZA,PPD,8.0,True
535456,CORRAL,CORRAL,ESCUELA BASICA DE CORRAL,3V,YW.UNIDAD POR EL APRUEBO PS PPD E INDEPENDIENTES,319. DORIS ELIANA CARDENAS MALDONADO,PS,2.0,False
535457,CORRAL,CORRAL,ESCUELA BASICA DE CORRAL,3V,YW.UNIDAD POR EL APRUEBO PS PPD E INDEPENDIENTES,320. GONZALO RODRIGO SERON OLAVARRIA,IND,0.0,False
535458,CORRAL,CORRAL,ESCUELA BASICA DE CORRAL,3V,YW.UNIDAD POR EL APRUEBO PS PPD E INDEPENDIENTES,321. KATIA PAMELA STAMP CAMPOS,IND,0.0,False
535459,CORRAL,CORRAL,ESCUELA BASICA DE CORRAL,3V,ZG.CHILE VAMOS EVOPOLI - INDEPENDIENTES,322. YECENIA ELIZABETH VERA BAHAMONDES,EVOPOLI,4.0,False
535460,CORRAL,CORRAL,ESCUELA BASICA DE CORRAL,3V,ZG.CHILE VAMOS EVOPOLI - INDEPENDIENTES,323. MIGUEL YONNY REIMAN ALVAREZ,EVOPOLI,1.0,False
535461,CORRAL,CORRAL,ESCUELA BASICA DE CORRAL,3V,ZG.CHILE VAMOS EVOPOLI - INDEPENDIENTES,324. PEDRO CARDENIO GAETE JARPA,IND,2.0,False
535462,CORRAL,CORRAL,ESCUELA BASICA DE CORRAL,3V,ZG.CHILE VAMOS EVOPOLI - INDEPENDIENTES,325. PAOLA JAVIERA ARAVENA BARRIENTOS,IND,1.0,False
535463,CORRAL,CORRAL,ESCUELA BASICA DE CORRAL,3V,ZJ.CHILE VAMOS UDI - INDEPENDIENTES,326. YAMIL EDWARD SANTIBAÑEZ GUAJARDO,UDI,2.0,False
535464,CORRAL,CORRAL,ESCUELA BASICA DE CORRAL,3V,ZJ.CHILE VAMOS UDI - INDEPENDIENTES,327. RUBEN ENRIQUE PEREZ GONZALEZ,UDI,3.0,False
535465,CORRAL,CORRAL,ESCUELA BASICA DE CORRAL,3V,ZJ.CHILE VAMOS UDI - INDEPENDIENTES,328. KEREN HAPUC TRONCOSO VEGA,IND,2.0,False
535466,CORRAL,CORRAL,ESCUELA BASICA DE CORRAL,3V,ZU.RADICALES E INDEPENDIENTES,329. CLERIA DEL CARMEN GUARDA MARTINEZ,PR,1.0,False
535467,CORRAL,CORRAL,ESCUELA BASICA DE CORRAL,3V,ZU.RADICALES E INDEPENDIENTES,330. JULIO CESAR PEÑA GAMBOA,PR,0.0,False
535468,CORRAL,CORRAL,ESCUELA BASICA DE CORRAL,3V,ZU.RADICALES E INDEPENDIENTES,331. CARLOS SEGUNDO VASQUEZ SERRANO,PR,3.0,False
535469,CORRAL,CORRAL,ESCUELA BASICA DE CORRAL,3V,ZU.RADICALES E INDEPENDIENTES,332. LUIS ALBERTO CHEUQUIEN CHAURA,PR,14.0,False
535470,CORRAL,CORRAL,ESCUELA BASICA DE CORRAL,3V,ZU.RADICALES E INDEPENDIENTES,333. FERNANDO MARCELINO VILLAGRAN MALDONADO,IND,12.0,True
535471,CORRAL,CORRAL,ESCUELA BASICA DE CORRAL,4V,M.CHILE DIGNO VERDE Y SOBERANO,300. EDITH JUANA PALMA SILVA,PCCH,3.0,False
535472,CORRAL,CORRAL,ESCUELA BASICA DE CORRAL,4V,XK.CHILE VAMOS RENOVACION NACIONAL - INDEPENDIENTES,301. FELIX JOSE CARDENAS SCHAAF,RN,1.0,False
535473,CORRAL,CORRAL,ESCUELA BASICA DE CORRAL,4V,XK.CHILE VAMOS RENOVACION NACIONAL - INDEPENDIENTES,302. HILDA LUZMIRA PEREZ VELASQUEZ,IND,2.0,False
535474,CORRAL,CORRAL,ESCUELA BASICA DE CORRAL,4V,XS.FRENTE AMPLIO,303. CLAUDIA LORENA CASANOVA SILVA,IND,5.0,False
535475,CORRAL,CORRAL,ESCUELA BASICA DE CORRAL,4V,XS.FRENTE AMPLIO,304. MANUEL RODRIGO PARDO CONTRERAS,IND,10.0,True
535476,CORRAL,CORRAL,ESCUELA BASICA DE CORRAL,4V,XS.FRENTE AMPLIO,305. FERNANDA ANDREA COLIPAI VERA,IND,1.0,False
535477,CORRAL,CORRAL,ESCUELA BASICA DE CORRAL,4V,XS.FRENTE AMPLIO,306. ANGELO ALEJANDRO PERALTA AGUERO,IND,6.0,False
535478,CORRAL,CORRAL,ESCUELA BASICA DE CORRAL,4V,XU.UNIDOS POR LA DIGNIDAD,307. LEANDRO ALEXIS ESPINOZA MORAGA,PDC,13.0,True
535479,CORRAL,CORRAL,ESCUELA BASICA DE CORRAL,4V,XU.UNIDOS POR LA DIGNIDAD,308. PEDRO EDGARDO BRANDT MORA,PDC,0.0,False
535480,CORRAL,CORRAL,ESCUELA BASICA DE CORRAL,4V,XU.UNIDOS POR LA DIGNIDAD,309. FRANCHESCA GIANINNA PEREZ CARVAJAL,PDC,3.0,False
535481,CORRAL,CORRAL,ESCUELA BASICA DE CORRAL,4V,XU.UNIDOS POR LA DIGNIDAD,310. BLANCA IRENE JARAMILLO NAVARRETE,IND,6.0,False
535482,CORRAL,CORRAL,ESCUELA BASICA DE CORRAL,4V,XU.UNIDOS POR LA DIGNIDAD,311. PAMELA BALSAMINA MEDINA LONCOMILLA,IND,14.0,False
535483,CORRAL,CORRAL,ESCUELA BASICA DE CORRAL,4V,XU.UNIDOS POR LA DIGNIDAD,312. PEDRO JOSE TRUJILLO VERA,IND,6.0,False
535484,CORRAL,CORRAL,ESCUELA BASICA DE CORRAL,4V,YM.CHILE VAMOS - PRI E INDEPENDIENTES,313. CLAUDIO ORIEL GONZALEZ NAVARRO,IND,22.0,True
535485,CORRAL,CORRAL,ESCUELA BASICA DE CORRAL,4V,YM.CHILE VAMOS - PRI E INDEPENDIENTES,314. VICTOR MANUEL JARAMILLO IBAÑEZ,IND,4.0,False
535486,CORRAL,CORRAL,ESCUELA BASICA DE CORRAL,4V,YM.CHILE VAMOS - PRI E INDEPENDIENTES,315. JESSICA SOLEDAD JARA MARABOLI,IND,7.0,False
535487,CORRAL,CORRAL,ESCUELA BASICA DE CORRAL,4V,YW.UNIDAD POR EL APRUEBO PS PPD E INDEPENDIENTES,316. PATRICIA WALESKA DE LA ROSA MUÑOZ,PPD,6.0,False
535488,CORRAL,CORRAL,ESCUELA BASICA DE CORRAL,4V,YW.UNIDAD POR EL APRUEBO PS PPD E INDEPENDIENTES,317. JUAN NOLBERTO VALENZUELA GONZALEZ,PPD,34.0,True
535489,CORRAL,CORRAL,ESCUELA BASICA DE CORRAL,4V,YW.UNIDAD POR EL APRUEBO PS PPD E INDEPENDIENTES,318. SERGIO IVAN OBANDO ESPINOZA,PPD,14.0,True
535490,CORRAL,CORRAL,ESCUELA BASICA DE CORRAL,4V,YW.UNIDAD POR EL APRUEBO PS PPD E INDEPENDIENTES,319. DORIS ELIANA CARDENAS MALDONADO,PS,3.0,False
535491,CORRAL,CORRAL,ESCUELA BASICA DE CORRAL,4V,YW.UNIDAD POR EL APRUEBO PS PPD E INDEPENDIENTES,320. GONZALO RODRIGO SERON OLAVARRIA,IND,2.0,False
535492,CORRAL,CORRAL,ESCUELA BASICA DE CORRAL,4V,YW.UNIDAD POR EL APRUEBO PS PPD E INDEPENDIENTES,321. KATIA PAMELA STAMP CAMPOS,IND,0.0,False
535493,CORRAL,CORRAL,ESCUELA BASICA DE CORRAL,4V,ZG.CHILE VAMOS EVOPOLI - INDEPENDIENTES,322. YECENIA ELIZABETH VERA BAHAMONDES,EVOPOLI,6.0,False
535494,CORRAL,CORRAL,ESCUELA BASICA DE CORRAL,4V,ZG.CHILE VAMOS EVOPOLI - INDEPENDIENTES,323. MIGUEL YONNY REIMAN ALVAREZ,EVOPOLI,2.0,False
535495,CORRAL,CORRAL,ESCUELA BASICA DE CORRAL,4V,ZG.CHILE VAMOS EVOPOLI - INDEPENDIENTES,324. PEDRO CARDENIO GAETE JARPA,IND,4.0,False
535496,CORRAL,CORRAL,ESCUELA BASICA DE CORRAL,4V,ZG.CHILE VAMOS EVOPOLI - INDEPENDIENTES,325. PAOLA JAVIERA ARAVENA BARRIENTOS,IND,1.0,False
535497,CORRAL,CORRAL,ESCUELA BASICA DE CORRAL,4V,ZJ.CHILE VAMOS UDI - INDEPENDIENTES,326. YAMIL EDWARD SANTIBAÑEZ GUAJARDO,UDI,1.0,False
535498,CORRAL,CORRAL,ESCUELA BASICA DE CORRAL,4V,ZJ.CHILE VAMOS UDI - INDEPENDIENTES,327. RUBEN ENRIQUE PEREZ GONZALEZ,UDI,6.0,False
535499,CORRAL,CORRAL,ESCUELA BASICA DE CORRAL,4V,ZJ.CHILE VAMOS UDI - INDEPENDIENTES,328. KEREN HAPUC TRONCOSO VEGA,IND,0.0,False
535500,CORRAL,CORRAL,ESCUELA BASICA DE CORRAL,4V,ZU.RADICALES E INDEPENDIENTES,329. CLERIA DEL CARMEN GUARDA MARTINEZ,PR,2.0,False
535501,CORRAL,CORRAL,ESCUELA BASICA DE CORRAL,4V,ZU.RADICALES E INDEPENDIENTES,330. JULIO CESAR PEÑA GAMBOA,PR,2.0,False
535502,CORRAL,CORRAL,ESCUELA BASICA DE CORRAL,4V,ZU.RADICALES E INDEPENDIENTES,331. CARLOS SEGUNDO VASQUEZ SERRANO,PR,8.0,False
535503,CORRAL,CORRAL,ESCUELA BASICA DE CORRAL,4V,ZU.RADICALES E INDEPENDIENTES,332. LUIS ALBERTO CHEUQUIEN CHAURA,PR,12.0,False
535504,CORRAL,CORRAL,ESCUELA BASICA DE CORRAL,4V,ZU.RADICALES E INDEPENDIENTES,333. FERNANDO MARCELINO VILLAGRAN MALDONADO,IND,6.0,True
535505,CORRAL,CORRAL,ESCUELA BASICA DE CORRAL,5V,M.CHILE DIGNO VERDE Y SOBERANO,300. EDITH JUANA PALMA SILVA,PCCH,4.0,False
535506,CORRAL,CORRAL,ESCUELA BASICA DE CORRAL,5V,XK.CHILE VAMOS RENOVACION NACIONAL - INDEPENDIENTES,301. FELIX JOSE CARDENAS SCHAAF,RN,2.0,False
535507,CORRAL,CORRAL,ESCUELA BASICA DE CORRAL,5V,XK.CHILE VAMOS RENOVACION NACIONAL - INDEPENDIENTES,302. HILDA LUZMIRA PEREZ VELASQUEZ,IND,0.0,False
535508,CORRAL,CORRAL,ESCUELA BASICA DE CORRAL,5V,XS.FRENTE AMPLIO,303. CLAUDIA LORENA CASANOVA SILVA,IND,6.0,False
535509,CORRAL,CORRAL,ESCUELA BASICA DE CORRAL,5V,XS.FRENTE AMPLIO,304. MANUEL RODRIGO PARDO CONTRERAS,IND,5.0,True
535510,CORRAL,CORRAL,ESCUELA BASICA DE CORRAL,5V,XS.FRENTE AMPLIO,305. FERNANDA ANDREA COLIPAI VERA,IND,3.0,False
535511,CORRAL,CORRAL,ESCUELA BASICA DE CORRAL,5V,XS.FRENTE AMPLIO,306. ANGELO ALEJANDRO PERALTA AGUERO,IND,3.0,False
535512,CORRAL,CORRAL,ESCUELA BASICA DE CORRAL,5V,XU.UNIDOS POR LA DIGNIDAD,307. LEANDRO ALEXIS ESPINOZA MORAGA,PDC,8.0,True
535513,CORRAL,CORRAL,ESCUELA BASICA DE CORRAL,5V,XU.UNIDOS POR LA DIGNIDAD,308. PEDRO EDGARDO BRANDT MORA,PDC,3.0,False
535514,CORRAL,CORRAL,ESCUELA BASICA DE CORRAL,5V,XU.UNIDOS POR LA DIGNIDAD,309. FRANCHESCA GIANINNA PEREZ CARVAJAL,PDC,2.0,False
535515,CORRAL,CORRAL,ESCUELA BASICA DE CORRAL,5V,XU.UNIDOS POR LA DIGNIDAD,310. BLANCA IRENE JARAMILLO NAVARRETE,IND,7.0,False
535516,CORRAL,CORRAL,ESCUELA BASICA DE CORRAL,5V,XU.UNIDOS POR LA DIGNIDAD,311. PAMELA BALSAMINA MEDINA LONCOMILLA,IND,9.0,False
535517,CORRAL,CORRAL,ESCUELA BASICA DE CORRAL,5V,XU.UNIDOS POR LA DIGNIDAD,312. PEDRO JOSE TRUJILLO VERA,IND,5.0,False
535518,CORRAL,CORRAL,ESCUELA BASICA DE CORRAL,5V,YM.CHILE VAMOS - PRI E INDEPENDIENTES,313. CLAUDIO ORIEL GONZALEZ NAVARRO,IND,22.0,True
535519,CORRAL,CORRAL,ESCUELA BASICA DE CORRAL,5V,YM.CHILE VAMOS - PRI E INDEPENDIENTES,314. VICTOR MANUEL JARAMILLO IBAÑEZ,IND,4.0,False
535520,CORRAL,CORRAL,ESCUELA BASICA DE CORRAL,5V,YM.CHILE VAMOS - PRI E INDEPENDIENTES,315. JESSICA SOLEDAD JARA MARABOLI,IND,6.0,False
535521,CORRAL,CORRAL,ESCUELA BASICA DE CORRAL,5V,YW.UNIDAD POR EL APRUEBO PS PPD E INDEPENDIENTES,316. PATRICIA WALESKA DE LA ROSA MUÑOZ,PPD,9.0,False
535522,CORRAL,CORRAL,ESCUELA BASICA DE CORRAL,5V,YW.UNIDAD POR EL APRUEBO PS PPD E INDEPENDIENTES,317. JUAN NOLBERTO VALENZUELA GONZALEZ,PPD,20.0,True
535523,CORRAL,CORRAL,ESCUELA BASICA DE CORRAL,5V,YW.UNIDAD POR EL APRUEBO PS PPD E INDEPENDIENTES,318. SERGIO IVAN OBANDO ESPINOZA,PPD,7.0,True
535524,CORRAL,CORRAL,ESCUELA BASICA DE CORRAL,5V,YW.UNIDAD POR EL APRUEBO PS PPD E INDEPENDIENTES,319. DORIS ELIANA CARDENAS MALDONADO,PS,3.0,False
535525,CORRAL,CORRAL,ESCUELA BASICA DE CORRAL,5V,YW.UNIDAD POR EL APRUEBO PS PPD E INDEPENDIENTES,320. GONZALO RODRIGO SERON OLAVARRIA,IND,4.0,False
535526,CORRAL,CORRAL,ESCUELA BASICA DE CORRAL,5V,YW.UNIDAD POR EL APRUEBO PS PPD E INDEPENDIENTES,321. KATIA PAMELA STAMP CAMPOS,IND,1.0,False
535527,CORRAL,CORRAL,ESCUELA BASICA DE CORRAL,5V,ZG.CHILE VAMOS EVOPOLI - INDEPENDIENTES,322. YECENIA ELIZABETH VERA BAHAMONDES,EVOPOLI,3.0,False
535528,CORRAL,CORRAL,ESCUELA BASICA DE CORRAL,5V,ZG.CHILE VAMOS EVOPOLI - INDEPENDIENTES,323. MIGUEL YONNY REIMAN ALVAREZ,EVOPOLI,1.0,False
535529,CORRAL,CORRAL,ESCUELA BASICA DE CORRAL,5V,ZG.CHILE VAMOS EVOPOLI - INDEPENDIENTES,324. PEDRO CARDENIO GAETE JARPA,IND,3.0,False
535530,CORRAL,CORRAL,ESCUELA BASICA DE CORRAL,5V,ZG.CHILE VAMOS EVOPOLI - INDEPENDIENTES,325. PAOLA JAVIERA ARAVENA BARRIENTOS,IND,1.0,False
535531,CORRAL,CORRAL,ESCUELA BASICA DE CORRAL,5V,ZJ.CHILE VAMOS UDI - INDEPENDIENTES,326. YAMIL EDWARD SANTIBAÑEZ GUAJARDO,UDI,2.0,False
535532,CORRAL,CORRAL,ESCUELA BASICA DE CORRAL,5V,ZJ.CHILE VAMOS UDI - INDEPENDIENTES,327. RUBEN ENRIQUE PEREZ GONZALEZ,UDI,7.0,False
535533,CORRAL,CORRAL,ESCUELA BASICA DE CORRAL,5V,ZJ.CHILE VAMOS UDI - INDEPENDIENTES,328. KEREN HAPUC TRONCOSO VEGA,IND,1.0,False
535534,CORRAL,CORRAL,ESCUELA BASICA DE CORRAL,5V,ZU.RADICALES E INDEPENDIENTES,329. CLERIA DEL CARMEN GUARDA MARTINEZ,PR,0.0,False
535535,CORRAL,CORRAL,ESCUELA BASICA DE CORRAL,5V,ZU.RADICALES E INDEPENDIENTES,330. JULIO CESAR PEÑA GAMBOA,PR,1.0,False
535536,CORRAL,CORRAL,ESCUELA BASICA DE CORRAL,5V,ZU.RADICALES E INDEPENDIENTES,331. CARLOS SEGUNDO VASQUEZ SERRANO,PR,7.0,False
535537,CORRAL,CORRAL,ESCUELA BASICA DE CORRAL,5V,ZU.RADICALES E INDEPENDIENTES,332. LUIS ALBERTO CHEUQUIEN CHAURA,PR,6.0,False
535538,CORRAL,CORRAL,ESCUELA BASICA DE CORRAL,5V,ZU.RADICALES E INDEPENDIENTES,333. FERNANDO MARCELINO VILLAGRAN MALDONADO,IND,6.0,True
535539,CORRAL,CORRAL,ESCUELA BASICA DE CORRAL,6V,M.CHILE DIGNO VERDE Y SOBERANO,300. EDITH JUANA PALMA SILVA,PCCH,3.0,False
535540,CORRAL,CORRAL,ESCUELA BASICA DE CORRAL,6V,XK.CHILE VAMOS RENOVACION NACIONAL - INDEPENDIENTES,301. FELIX JOSE CARDENAS SCHAAF,RN,1.0,False
535541,CORRAL,CORRAL,ESCUELA BASICA DE CORRAL,6V,XK.CHILE VAMOS RENOVACION NACIONAL - INDEPENDIENTES,302. HILDA LUZMIRA PEREZ VELASQUEZ,IND,3.0,False
535542,CORRAL,CORRAL,ESCUELA BASICA DE CORRAL,6V,XS.FRENTE AMPLIO,303. CLAUDIA LORENA CASANOVA SILVA,IND,2.0,False
535543,CORRAL,CORRAL,ESCUELA BASICA DE CORRAL,6V,XS.FRENTE AMPLIO,304. MANUEL RODRIGO PARDO CONTRERAS,IND,5.0,True
535544,CORRAL,CORRAL,ESCUELA BASICA DE CORRAL,6V,XS.FRENTE AMPLIO,305. FERNANDA ANDREA COLIPAI VERA,IND,1.0,False
535545,CORRAL,CORRAL,ESCUELA BASICA DE CORRAL,6V,XS.FRENTE AMPLIO,306. ANGELO ALEJANDRO PERALTA AGUERO,IND,2.0,False
535546,CORRAL,CORRAL,ESCUELA BASICA DE CORRAL,6V,XU.UNIDOS POR LA DIGNIDAD,307. LEANDRO ALEXIS ESPINOZA MORAGA,PDC,12.0,True
535547,CORRAL,CORRAL,ESCUELA BASICA DE CORRAL,6V,XU.UNIDOS POR LA DIGNIDAD,308. PEDRO EDGARDO BRANDT MORA,PDC,5.0,False
535548,CORRAL,CORRAL,ESCUELA BASICA DE CORRAL,6V,XU.UNIDOS POR LA DIGNIDAD,309. FRANCHESCA GIANINNA PEREZ CARVAJAL,PDC,0.0,False
535549,CORRAL,CORRAL,ESCUELA BASICA DE CORRAL,6V,XU.UNIDOS POR LA DIGNIDAD,310. BLANCA IRENE JARAMILLO NAVARRETE,IND,7.0,False
535550,CORRAL,CORRAL,ESCUELA BASICA DE CORRAL,6V,XU.UNIDOS POR LA DIGNIDAD,311. PAMELA BALSAMINA MEDINA LONCOMILLA,IND,6.0,False
535551,CORRAL,CORRAL,ESCUELA BASICA DE CORRAL,6V,XU.UNIDOS POR LA DIGNIDAD,312. PEDRO JOSE TRUJILLO VERA,IND,8.0,False
535552,CORRAL,CORRAL,ESCUELA BASICA DE CORRAL,6V,YM.CHILE VAMOS - PRI E INDEPENDIENTES,313. CLAUDIO ORIEL GONZALEZ NAVARRO,IND,34.0,True
535553,CORRAL,CORRAL,ESCUELA BASICA DE CORRAL,6V,YM.CHILE VAMOS - PRI E INDEPENDIENTES,314. VICTOR MANUEL JARAMILLO IBAÑEZ,IND,5.0,False
535554,CORRAL,CORRAL,ESCUELA BASICA DE CORRAL,6V,YM.CHILE VAMOS - PRI E INDEPENDIENTES,315. JESSICA SOLEDAD JARA MARABOLI,IND,11.0,False
535555,CORRAL,CORRAL,ESCUELA BASICA DE CORRAL,6V,YW.UNIDAD POR EL APRUEBO PS PPD E INDEPENDIENTES,316. PATRICIA WALESKA DE LA ROSA MUÑOZ,PPD,8.0,False
535556,CORRAL,CORRAL,ESCUELA BASICA DE CORRAL,6V,YW.UNIDAD POR EL APRUEBO PS PPD E INDEPENDIENTES,317. JUAN NOLBERTO VALENZUELA GONZALEZ,PPD,15.0,True
535557,CORRAL,CORRAL,ESCUELA BASICA DE CORRAL,6V,YW.UNIDAD POR EL APRUEBO PS PPD E INDEPENDIENTES,318. SERGIO IVAN OBANDO ESPINOZA,PPD,15.0,True
535558,CORRAL,CORRAL,ESCUELA BASICA DE CORRAL,6V,YW.UNIDAD POR EL APRUEBO PS PPD E INDEPENDIENTES,319. DORIS ELIANA CARDENAS MALDONADO,PS,3.0,False
535559,CORRAL,CORRAL,ESCUELA BASICA DE CORRAL,6V,YW.UNIDAD POR EL APRUEBO PS PPD E INDEPENDIENTES,320. GONZALO RODRIGO SERON OLAVARRIA,IND,6.0,False
535560,CORRAL,CORRAL,ESCUELA BASICA DE CORRAL,6V,YW.UNIDAD POR EL APRUEBO PS PPD E INDEPENDIENTES,321. KATIA PAMELA STAMP CAMPOS,IND,5.0,False
535561,CORRAL,CORRAL,ESCUELA BASICA DE CORRAL,6V,ZG.CHILE VAMOS EVOPOLI - INDEPENDIENTES,322. YECENIA ELIZABETH VERA BAHAMONDES,EVOPOLI,3.0,False
535562,CORRAL,CORRAL,ESCUELA BASICA DE CORRAL,6V,ZG.CHILE VAMOS EVOPOLI - INDEPENDIENTES,323. MIGUEL YONNY REIMAN ALVAREZ,EVOPOLI,0.0,False
535563,CORRAL,CORRAL,ESCUELA BASICA DE CORRAL,6V,ZG.CHILE VAMOS EVOPOLI - INDEPENDIENTES,324. PEDRO CARDENIO GAETE JARPA,IND,2.0,False
535564,CORRAL,CORRAL,ESCUELA BASICA DE CORRAL,6V,ZG.CHILE VAMOS EVOPOLI - INDEPENDIENTES,325. PAOLA JAVIERA ARAVENA BARRIENTOS,IND,0.0,False
535565,CORRAL,CORRAL,ESCUELA BASICA DE CORRAL,6V,ZJ.CHILE VAMOS UDI - INDEPENDIENTES,326. YAMIL EDWARD SANTIBAÑEZ GUAJARDO,UDI,2.0,False
535566,CORRAL,CORRAL,ESCUELA BASICA DE CORRAL,6V,ZJ.CHILE VAMOS UDI - INDEPENDIENTES,327. RUBEN ENRIQUE PEREZ GONZALEZ,UDI,7.0,False
535567,CORRAL,CORRAL,ESCUELA BASICA DE CORRAL,6V,ZJ.CHILE VAMOS UDI - INDEPENDIENTES,328. KEREN HAPUC TRONCOSO VEGA,IND,4.0,False
535568,CORRAL,CORRAL,ESCUELA BASICA DE CORRAL,6V,ZU.RADICALES E INDEPENDIENTES,329. CLERIA DEL CARMEN GUARDA MARTINEZ,PR,0.0,False
535569,CORRAL,CORRAL,ESCUELA BASICA DE CORRAL,6V,ZU.RADICALES E INDEPENDIENTES,330. JULIO CESAR PEÑA GAMBOA,PR,0.0,False
535570,CORRAL,CORRAL,ESCUELA BASICA DE CORRAL,6V,ZU.RADICALES E INDEPENDIENTES,331. CARLOS SEGUNDO VASQUEZ SERRANO,PR,7.0,False
535571,CORRAL,CORRAL,ESCUELA BASICA DE CORRAL,6V,ZU.RADICALES E INDEPENDIENTES,332. LUIS ALBERTO CHEUQUIEN CHAURA,PR,9.0,False
535572,CORRAL,CORRAL,ESCUELA BASICA DE CORRAL,6V,ZU.RADICALES E INDEPENDIENTES,333. FERNANDO MARCELINO VILLAGRAN MALDONADO,IND,13.0,True
535573,CORRAL,CORRAL,ESCUELA BASICA DE CORRAL,7V,M.CHILE DIGNO VERDE Y SOBERANO,300. EDITH JUANA PALMA SILVA,PCCH,1.0,False
535574,CORRAL,CORRAL,ESCUELA BASICA DE CORRAL,7V,XK.CHILE VAMOS RENOVACION NACIONAL - INDEPENDIENTES,301. FELIX JOSE CARDENAS SCHAAF,RN,1.0,False
535575,CORRAL,CORRAL,ESCUELA BASICA DE CORRAL,7V,XK.CHILE VAMOS RENOVACION NACIONAL - INDEPENDIENTES,302. HILDA LUZMIRA PEREZ VELASQUEZ,IND,6.0,False
535576,CORRAL,CORRAL,ESCUELA BASICA DE CORRAL,7V,XS.FRENTE AMPLIO,303. CLAUDIA LORENA CASANOVA SILVA,IND,4.0,False
535577,CORRAL,CORRAL,ESCUELA BASICA DE CORRAL,7V,XS.FRENTE AMPLIO,304. MANUEL RODRIGO PARDO CONTRERAS,IND,5.0,True
535578,CORRAL,CORRAL,ESCUELA BASICA DE CORRAL,7V,XS.FRENTE AMPLIO,305. FERNANDA ANDREA COLIPAI VERA,IND,4.0,False
535579,CORRAL,CORRAL,ESCUELA BASICA DE CORRAL,7V,XS.FRENTE AMPLIO,306. ANGELO ALEJANDRO PERALTA AGUERO,IND,3.0,False
535580,CORRAL,CORRAL,ESCUELA BASICA DE CORRAL,7V,XU.UNIDOS POR LA DIGNIDAD,307. LEANDRO ALEXIS ESPINOZA MORAGA,PDC,12.0,True
535581,CORRAL,CORRAL,ESCUELA BASICA DE CORRAL,7V,XU.UNIDOS POR LA DIGNIDAD,308. PEDRO EDGARDO BRANDT MORA,PDC,1.0,False
535582,CORRAL,CORRAL,ESCUELA BASICA DE CORRAL,7V,XU.UNIDOS POR LA DIGNIDAD,309. FRANCHESCA GIANINNA PEREZ CARVAJAL,PDC,2.0,False
535583,CORRAL,CORRAL,ESCUELA BASICA DE CORRAL,7V,XU.UNIDOS POR LA DIGNIDAD,310. BLANCA IRENE JARAMILLO NAVARRETE,IND,6.0,False
535584,CORRAL,CORRAL,ESCUELA BASICA DE CORRAL,7V,XU.UNIDOS POR LA DIGNIDAD,311. PAMELA BALSAMINA MEDINA LONCOMILLA,IND,7.0,False
535585,CORRAL,CORRAL,ESCUELA BASICA DE CORRAL,7V,XU.UNIDOS POR LA DIGNIDAD,312. PEDRO JOSE TRUJILLO VERA,IND,4.0,False
535586,CORRAL,CORRAL,ESCUELA BASICA DE CORRAL,7V,YM.CHILE VAMOS - PRI E INDEPENDIENTES,313. CLAUDIO ORIEL GONZALEZ NAVARRO,IND,20.0,True
535587,CORRAL,CORRAL,ESCUELA BASICA DE CORRAL,7V,YM.CHILE VAMOS - PRI E INDEPENDIENTES,314. VICTOR MANUEL JARAMILLO IBAÑEZ,IND,3.0,False
535588,CORRAL,CORRAL,ESCUELA BASICA DE CORRAL,7V,YM.CHILE VAMOS - PRI E INDEPENDIENTES,315. JESSICA SOLEDAD JARA MARABOLI,IND,6.0,False
535589,CORRAL,CORRAL,ESCUELA BASICA DE CORRAL,7V,YW.UNIDAD POR EL APRUEBO PS PPD E INDEPENDIENTES,316. PATRICIA WALESKA DE LA ROSA MUÑOZ,PPD,6.0,False
535590,CORRAL,CORRAL,ESCUELA BASICA DE CORRAL,7V,YW.UNIDAD POR EL APRUEBO PS PPD E INDEPENDIENTES,317. JUAN NOLBERTO VALENZUELA GONZALEZ,PPD,16.0,True
535591,CORRAL,CORRAL,ESCUELA BASICA DE CORRAL,7V,YW.UNIDAD POR EL APRUEBO PS PPD E INDEPENDIENTES,318. SERGIO IVAN OBANDO ESPINOZA,PPD,11.0,True
535592,CORRAL,CORRAL,ESCUELA BASICA DE CORRAL,7V,YW.UNIDAD POR EL APRUEBO PS PPD E INDEPENDIENTES,319. DORIS ELIANA CARDENAS MALDONADO,PS,3.0,False
535593,CORRAL,CORRAL,ESCUELA BASICA DE CORRAL,7V,YW.UNIDAD POR EL APRUEBO PS PPD E INDEPENDIENTES,320. GONZALO RODRIGO SERON OLAVARRIA,IND,1.0,False
535594,CORRAL,CORRAL,ESCUELA BASICA DE CORRAL,7V,YW.UNIDAD POR EL APRUEBO PS PPD E INDEPENDIENTES,321. KATIA PAMELA STAMP CAMPOS,IND,4.0,False
535595,CORRAL,CORRAL,ESCUELA BASICA DE CORRAL,7V,ZG.CHILE VAMOS EVOPOLI - INDEPENDIENTES,322. YECENIA ELIZABETH VERA BAHAMONDES,EVOPOLI,4.0,False
535596,CORRAL,CORRAL,ESCUELA BASICA DE CORRAL,7V,ZG.CHILE VAMOS EVOPOLI - INDEPENDIENTES,323. MIGUEL YONNY REIMAN ALVAREZ,EVOPOLI,1.0,False
535597,CORRAL,CORRAL,ESCUELA BASICA DE CORRAL,7V,ZG.CHILE VAMOS EVOPOLI - INDEPENDIENTES,324. PEDRO CARDENIO GAETE JARPA,IND,2.0,False
535598,CORRAL,CORRAL,ESCUELA BASICA DE CORRAL,7V,ZG.CHILE VAMOS EVOPOLI - INDEPENDIENTES,325. PAOLA JAVIERA ARAVENA BARRIENTOS,IND,0.0,False
535599,CORRAL,CORRAL,ESCUELA BASICA DE CORRAL,7V,ZJ.CHILE VAMOS UDI - INDEPENDIENTES,326. YAMIL EDWARD SANTIBAÑEZ GUAJARDO,UDI,0.0,False
535600,CORRAL,CORRAL,ESCUELA BASICA DE CORRAL,7V,ZJ.CHILE VAMOS UDI - INDEPENDIENTES,327. RUBEN ENRIQUE PEREZ GONZALEZ,UDI,4.0,False
535601,CORRAL,CORRAL,ESCUELA BASICA DE CORRAL,7V,ZJ.CHILE VAMOS UDI - INDEPENDIENTES,328. KEREN HAPUC TRONCOSO VEGA,IND,0.0,False
535602,CORRAL,CORRAL,ESCUELA BASICA DE CORRAL,7V,ZU.RADICALES E INDEPENDIENTES,329. CLERIA DEL CARMEN GUARDA MARTINEZ,PR,0.0,False
535603,CORRAL,CORRAL,ESCUELA BASICA DE CORRAL,7V,ZU.RADICALES E INDEPENDIENTES,330. JULIO CESAR PEÑA GAMBOA,PR,0.0,False
535604,CORRAL,CORRAL,ESCUELA BASICA DE CORRAL,7V,ZU.RADICALES E INDEPENDIENTES,331. CARLOS SEGUNDO VASQUEZ SERRANO,PR,6.0,False
535605,CORRAL,CORRAL,ESCUELA BASICA DE CORRAL,7V,ZU.RADICALES E INDEPENDIENTES,332. LUIS ALBERTO CHEUQUIEN CHAURA,PR,11.0,False
535606,CORRAL,CORRAL,ESCUELA BASICA DE CORRAL,7V,ZU.RADICALES E INDEPENDIENTES,333. FERNANDO MARCELINO VILLAGRAN MALDONADO,IND,9.0,True
535607,CORRAL,CORRAL,ESCUELA BASICA DE CORRAL,8V,M.CHILE DIGNO VERDE Y SOBERANO,300. EDITH JUANA PALMA SILVA,PCCH,1.0,False
535608,CORRAL,CORRAL,ESCUELA BASICA DE CORRAL,8V,XK.CHILE VAMOS RENOVACION NACIONAL - INDEPENDIENTES,301. FELIX JOSE CARDENAS SCHAAF,RN,1.0,False
535609,CORRAL,CORRAL,ESCUELA BASICA DE CORRAL,8V,XK.CHILE VAMOS RENOVACION NACIONAL - INDEPENDIENTES,302. HILDA LUZMIRA PEREZ VELASQUEZ,IND,4.0,False
535610,CORRAL,CORRAL,ESCUELA BASICA DE CORRAL,8V,XS.FRENTE AMPLIO,303. CLAUDIA LORENA CASANOVA SILVA,IND,5.0,False
535611,CORRAL,CORRAL,ESCUELA BASICA DE CORRAL,8V,XS.FRENTE AMPLIO,304. MANUEL RODRIGO PARDO CONTRERAS,IND,6.0,True
535612,CORRAL,CORRAL,ESCUELA BASICA DE CORRAL,8V,XS.FRENTE AMPLIO,305. FERNANDA ANDREA COLIPAI VERA,IND,0.0,False
535613,CORRAL,CORRAL,ESCUELA BASICA DE CORRAL,8V,XS.FRENTE AMPLIO,306. ANGELO ALEJANDRO PERALTA AGUERO,IND,7.0,False
535614,CORRAL,CORRAL,ESCUELA BASICA DE CORRAL,8V,XU.UNIDOS POR LA DIGNIDAD,307. LEANDRO ALEXIS ESPINOZA MORAGA,PDC,11.0,True
535615,CORRAL,CORRAL,ESCUELA BASICA DE CORRAL,8V,XU.UNIDOS POR LA DIGNIDAD,308. PEDRO EDGARDO BRANDT MORA,PDC,0.0,False
535616,CORRAL,CORRAL,ESCUELA BASICA DE CORRAL,8V,XU.UNIDOS POR LA DIGNIDAD,309. FRANCHESCA GIANINNA PEREZ CARVAJAL,PDC,0.0,False
535617,CORRAL,CORRAL,ESCUELA BASICA DE CORRAL,8V,XU.UNIDOS POR LA DIGNIDAD,310. BLANCA IRENE JARAMILLO NAVARRETE,IND,5.0,False
535618,CORRAL,CORRAL,ESCUELA BASICA DE CORRAL,8V,XU.UNIDOS POR LA DIGNIDAD,311. PAMELA BALSAMINA MEDINA LONCOMILLA,IND,7.0,False
535619,CORRAL,CORRAL,ESCUELA BASICA DE CORRAL,8V,XU.UNIDOS POR LA DIGNIDAD,312. PEDRO JOSE TRUJILLO VERA,IND,4.0,False
535620,CORRAL,CORRAL,ESCUELA BASICA DE CORRAL,8V,YM.CHILE VAMOS - PRI E INDEPENDIENTES,313. CLAUDIO ORIEL GONZALEZ NAVARRO,IND,13.0,True
535621,CORRAL,CORRAL,ESCUELA BASICA DE CORRAL,8V,YM.CHILE VAMOS - PRI E INDEPENDIENTES,314. VICTOR MANUEL JARAMILLO IBAÑEZ,IND,3.0,False
535622,CORRAL,CORRAL,ESCUELA BASICA DE CORRAL,8V,YM.CHILE VAMOS - PRI E INDEPENDIENTES,315. JESSICA SOLEDAD JARA MARABOLI,IND,11.0,False
535623,CORRAL,CORRAL,ESCUELA BASICA DE CORRAL,8V,YW.UNIDAD POR EL APRUEBO PS PPD E INDEPENDIENTES,316. PATRICIA WALESKA DE LA ROSA MUÑOZ,PPD,7.0,False
535624,CORRAL,CORRAL,ESCUELA BASICA DE CORRAL,8V,YW.UNIDAD POR EL APRUEBO PS PPD E INDEPENDIENTES,317. JUAN NOLBERTO VALENZUELA GONZALEZ,PPD,11.0,True
535625,CORRAL,CORRAL,ESCUELA BASICA DE CORRAL,8V,YW.UNIDAD POR EL APRUEBO PS PPD E INDEPENDIENTES,318. SERGIO IVAN OBANDO ESPINOZA,PPD,10.0,True
535626,CORRAL,CORRAL,ESCUELA BASICA DE CORRAL,8V,YW.UNIDAD POR EL APRUEBO PS PPD E INDEPENDIENTES,319. DORIS ELIANA CARDENAS MALDONADO,PS,3.0,False
535627,CORRAL,CORRAL,ESCUELA BASICA DE CORRAL,8V,YW.UNIDAD POR EL APRUEBO PS PPD E INDEPENDIENTES,320. GONZALO RODRIGO SERON OLAVARRIA,IND,2.0,False
535628,CORRAL,CORRAL,ESCUELA BASICA DE CORRAL,8V,YW.UNIDAD POR EL APRUEBO PS PPD E INDEPENDIENTES,321. KATIA PAMELA STAMP CAMPOS,IND,2.0,False
535629,CORRAL,CORRAL,ESCUELA BASICA DE CORRAL,8V,ZG.CHILE VAMOS EVOPOLI - INDEPENDIENTES,322. YECENIA ELIZABETH VERA BAHAMONDES,EVOPOLI,4.0,False
535630,CORRAL,CORRAL,ESCUELA BASICA DE CORRAL,8V,ZG.CHILE VAMOS EVOPOLI - INDEPENDIENTES,323. MIGUEL YONNY REIMAN ALVAREZ,EVOPOLI,0.0,False
535631,CORRAL,CORRAL,ESCUELA BASICA DE CORRAL,8V,ZG.CHILE VAMOS EVOPOLI - INDEPENDIENTES,324. PEDRO CARDENIO GAETE JARPA,IND,0.0,False
535632,CORRAL,CORRAL,ESCUELA BASICA DE CORRAL,8V,ZG.CHILE VAMOS EVOPOLI - INDEPENDIENTES,325. PAOLA JAVIERA ARAVENA BARRIENTOS,IND,1.0,False
535633,CORRAL,CORRAL,ESCUELA BASICA DE CORRAL,8V,ZJ.CHILE VAMOS UDI - INDEPENDIENTES,326. YAMIL EDWARD SANTIBAÑEZ GUAJARDO,UDI,2.0,False
535634,CORRAL,CORRAL,ESCUELA BASICA DE CORRAL,8V,ZJ.CHILE VAMOS UDI - INDEPENDIENTES,327. RUBEN ENRIQUE PEREZ GONZALEZ,UDI,5.0,False
535635,CORRAL,CORRAL,ESCUELA BASICA DE CORRAL,8V,ZJ.CHILE VAMOS UDI - INDEPENDIENTES,328. KEREN HAPUC TRONCOSO VEGA,IND,0.0,False
535636,CORRAL,CORRAL,ESCUELA BASICA DE CORRAL,8V,ZU.RADICALES E INDEPENDIENTES,329. CLERIA DEL CARMEN GUARDA MARTINEZ,PR,2.0,False
535637,CORRAL,CORRAL,ESCUELA BASICA DE CORRAL,8V,ZU.RADICALES E INDEPENDIENTES,330. JULIO CESAR PEÑA GAMBOA,PR,2.0,False
535638,CORRAL,CORRAL,ESCUELA BASICA DE CORRAL,8V,ZU.RADICALES E INDEPENDIENTES,331. CARLOS SEGUNDO VASQUEZ SERRANO,PR,7.0,False
535639,CORRAL,CORRAL,ESCUELA BASICA DE CORRAL,8V,ZU.RADICALES E INDEPENDIENTES,332. LUIS ALBERTO CHEUQUIEN CHAURA,PR,6.0,False
535640,CORRAL,CORRAL,ESCUELA BASICA DE CORRAL,8V,ZU.RADICALES E INDEPENDIENTES,333. FERNANDO MARCELINO VILLAGRAN MALDONADO,IND,11.0,True
535641,CORRAL,CORRAL,ESCUELA BASICA DE CORRAL,9V,M.CHILE DIGNO VERDE Y SOBERANO,300. EDITH JUANA PALMA SILVA,PCCH,2.0,False
535642,CORRAL,CORRAL,ESCUELA BASICA DE CORRAL,9V,XK.CHILE VAMOS RENOVACION NACIONAL - INDEPENDIENTES,301. FELIX JOSE CARDENAS SCHAAF,RN,3.0,False
535643,CORRAL,CORRAL,ESCUELA BASICA DE CORRAL,9V,XK.CHILE VAMOS RENOVACION NACIONAL - INDEPENDIENTES,302. HILDA LUZMIRA PEREZ VELASQUEZ,IND,1.0,False
535644,CORRAL,CORRAL,ESCUELA BASICA DE CORRAL,9V,XS.FRENTE AMPLIO,303. CLAUDIA LORENA CASANOVA SILVA,IND,6.0,False
535645,CORRAL,CORRAL,ESCUELA BASICA DE CORRAL,9V,XS.FRENTE AMPLIO,304. MANUEL RODRIGO PARDO CONTRERAS,IND,14.0,True
535646,CORRAL,CORRAL,ESCUELA BASICA DE CORRAL,9V,XS.FRENTE AMPLIO,305. FERNANDA ANDREA COLIPAI VERA,IND,5.0,False
535647,CORRAL,CORRAL,ESCUELA BASICA DE CORRAL,9V,XS.FRENTE AMPLIO,306. ANGELO ALEJANDRO PERALTA AGUERO,IND,3.0,False
535648,CORRAL,CORRAL,ESCUELA BASICA DE CORRAL,9V,XU.UNIDOS POR LA DIGNIDAD,307. LEANDRO ALEXIS ESPINOZA MORAGA,PDC,10.0,True
535649,CORRAL,CORRAL,ESCUELA BASICA DE CORRAL,9V,XU.UNIDOS POR LA DIGNIDAD,308. PEDRO EDGARDO BRANDT MORA,PDC,4.0,False
535650,CORRAL,CORRAL,ESCUELA BASICA DE CORRAL,9V,XU.UNIDOS POR LA DIGNIDAD,309. FRANCHESCA GIANINNA PEREZ CARVAJAL,PDC,3.0,False
535651,CORRAL,CORRAL,ESCUELA BASICA DE CORRAL,9V,XU.UNIDOS POR LA DIGNIDAD,310. BLANCA IRENE JARAMILLO NAVARRETE,IND,2.0,False
535652,CORRAL,CORRAL,ESCUELA BASICA DE CORRAL,9V,XU.UNIDOS POR LA DIGNIDAD,311. PAMELA BALSAMINA MEDINA LONCOMILLA,IND,7.0,False
535653,CORRAL,CORRAL,ESCUELA BASICA DE CORRAL,9V,XU.UNIDOS POR LA DIGNIDAD,312. PEDRO JOSE TRUJILLO VERA,IND,5.0,False
535654,CORRAL,CORRAL,ESCUELA BASICA DE CORRAL,9V,YM.CHILE VAMOS - PRI E INDEPENDIENTES,313. CLAUDIO ORIEL GONZALEZ NAVARRO,IND,7.0,True
535655,CORRAL,CORRAL,ESCUELA BASICA DE CORRAL,9V,YM.CHILE VAMOS - PRI E INDEPENDIENTES,314. VICTOR MANUEL JARAMILLO IBAÑEZ,IND,4.0,False
535656,CORRAL,CORRAL,ESCUELA BASICA DE CORRAL,9V,YM.CHILE VAMOS - PRI E INDEPENDIENTES,315. JESSICA SOLEDAD JARA MARABOLI,IND,9.0,False
535657,CORRAL,CORRAL,ESCUELA BASICA DE CORRAL,9V,YW.UNIDAD POR EL APRUEBO PS PPD E INDEPENDIENTES,316. PATRICIA WALESKA DE LA ROSA MUÑOZ,PPD,7.0,False
535658,CORRAL,CORRAL,ESCUELA BASICA DE CORRAL,9V,YW.UNIDAD POR EL APRUEBO PS PPD E INDEPENDIENTES,317. JUAN NOLBERTO VALENZUELA GONZALEZ,PPD,15.0,True
535659,CORRAL,CORRAL,ESCUELA BASICA DE CORRAL,9V,YW.UNIDAD POR EL APRUEBO PS PPD E INDEPENDIENTES,318. SERGIO IVAN OBANDO ESPINOZA,PPD,16.0,True
535660,CORRAL,CORRAL,ESCUELA BASICA DE CORRAL,9V,YW.UNIDAD POR EL APRUEBO PS PPD E INDEPENDIENTES,319. DORIS ELIANA CARDENAS MALDONADO,PS,2.0,False
535661,CORRAL,CORRAL,ESCUELA BASICA DE CORRAL,9V,YW.UNIDAD POR EL APRUEBO PS PPD E INDEPENDIENTES,320. GONZALO RODRIGO SERON OLAVARRIA,IND,5.0,False
535662,CORRAL,CORRAL,ESCUELA BASICA DE CORRAL,9V,YW.UNIDAD POR EL APRUEBO PS PPD E INDEPENDIENTES,321. KATIA PAMELA STAMP CAMPOS,IND,7.0,False
535663,CORRAL,CORRAL,ESCUELA BASICA DE CORRAL,9V,ZG.CHILE VAMOS EVOPOLI - INDEPENDIENTES,322. YECENIA ELIZABETH VERA BAHAMONDES,EVOPOLI,3.0,False
535664,CORRAL,CORRAL,ESCUELA BASICA DE CORRAL,9V,ZG.CHILE VAMOS EVOPOLI - INDEPENDIENTES,323. MIGUEL YONNY REIMAN ALVAREZ,EVOPOLI,0.0,False
535665,CORRAL,CORRAL,ESCUELA BASICA DE CORRAL,9V,ZG.CHILE VAMOS EVOPOLI - INDEPENDIENTES,324. PEDRO CARDENIO GAETE JARPA,IND,2.0,False
535666,CORRAL,CORRAL,ESCUELA BASICA DE CORRAL,9V,ZG.CHILE VAMOS EVOPOLI - INDEPENDIENTES,325. PAOLA JAVIERA ARAVENA BARRIENTOS,IND,0.0,False
535667,CORRAL,CORRAL,ESCUELA BASICA DE CORRAL,9V,ZJ.CHILE VAMOS UDI - INDEPENDIENTES,326. YAMIL EDWARD SANTIBAÑEZ GUAJARDO,UDI,1.0,False
535668,CORRAL,CORRAL,ESCUELA BASICA DE CORRAL,9V,ZJ.CHILE VAMOS UDI - INDEPENDIENTES,327. RUBEN ENRIQUE PEREZ GONZALEZ,UDI,4.0,False
535669,CORRAL,CORRAL,ESCUELA BASICA DE CORRAL,9V,ZJ.CHILE VAMOS UDI - INDEPENDIENTES,328. KEREN HAPUC TRONCOSO VEGA,IND,2.0,False
535670,CORRAL,CORRAL,ESCUELA BASICA DE CORRAL,9V,ZU.RADICALES E INDEPENDIENTES,329. CLERIA DEL CARMEN GUARDA MARTINEZ,PR,1.0,False
535671,CORRAL,CORRAL,ESCUELA BASICA DE CORRAL,9V,ZU.RADICALES E INDEPENDIENTES,330. JULIO CESAR PEÑA GAMBOA,PR,0.0,False
535672,CORRAL,CORRAL,ESCUELA BASICA DE CORRAL,9V,ZU.RADICALES E INDEPENDIENTES,331. CARLOS SEGUNDO VASQUEZ SERRANO,PR,7.0,False
535673,CORRAL,CORRAL,ESCUELA BASICA DE CORRAL,9V,ZU.RADICALES E INDEPENDIENTES,332. LUIS ALBERTO CHEUQUIEN CHAURA,PR,3.0,False
535674,CORRAL,CORRAL,ESCUELA BASICA DE CORRAL,9V,ZU.RADICALES E INDEPENDIENTES,333. FERNANDO MARCELINO VILLAGRAN MALDONADO,IND,10.0,True
535675,CORRAL,ISLA DEL REY,ESCUELA RURAL CARBONEROS,1-2,M.CHILE DIGNO VERDE Y SOBERANO,300. EDITH JUANA PALMA SILVA,PCCH,5.0,False
535676,CORRAL,ISLA DEL REY,ESCUELA RURAL CARBONEROS,1-2,XK.CHILE VAMOS RENOVACION NACIONAL - INDEPENDIENTES,301. FELIX JOSE CARDENAS SCHAAF,RN,5.0,False
535677,CORRAL,ISLA DEL REY,ESCUELA RURAL CARBONEROS,1-2,XK.CHILE VAMOS RENOVACION NACIONAL - INDEPENDIENTES,302. HILDA LUZMIRA PEREZ VELASQUEZ,IND,42.0,False
535678,CORRAL,ISLA DEL REY,ESCUELA RURAL CARBONEROS,1-2,XS.FRENTE AMPLIO,303. CLAUDIA LORENA CASANOVA SILVA,IND,7.0,False
535679,CORRAL,ISLA DEL REY,ESCUELA RURAL CARBONEROS,1-2,XS.FRENTE AMPLIO,304. MANUEL RODRIGO PARDO CONTRERAS,IND,11.0,True
535680,CORRAL,ISLA DEL REY,ESCUELA RURAL CARBONEROS,1-2,XS.FRENTE AMPLIO,305. FERNANDA ANDREA COLIPAI VERA,IND,3.0,False
535681,CORRAL,ISLA DEL REY,ESCUELA RURAL CARBONEROS,1-2,XS.FRENTE AMPLIO,306. ANGELO ALEJANDRO PERALTA AGUERO,IND,1.0,False
535682,CORRAL,ISLA DEL REY,ESCUELA RURAL CARBONEROS,1-2,XU.UNIDOS POR LA DIGNIDAD,307. LEANDRO ALEXIS ESPINOZA MORAGA,PDC,5.0,True
535683,CORRAL,ISLA DEL REY,ESCUELA RURAL CARBONEROS,1-2,XU.UNIDOS POR LA DIGNIDAD,308. PEDRO EDGARDO BRANDT MORA,PDC,3.0,False
535684,CORRAL,ISLA DEL REY,ESCUELA RURAL CARBONEROS,1-2,XU.UNIDOS POR LA DIGNIDAD,309. FRANCHESCA GIANINNA PEREZ CARVAJAL,PDC,2.0,False
535685,CORRAL,ISLA DEL REY,ESCUELA RURAL CARBONEROS,1-2,XU.UNIDOS POR LA DIGNIDAD,310. BLANCA IRENE JARAMILLO NAVARRETE,IND,3.0,False
535686,CORRAL,ISLA DEL REY,ESCUELA RURAL CARBONEROS,1-2,XU.UNIDOS POR LA DIGNIDAD,311. PAMELA BALSAMINA MEDINA LONCOMILLA,IND,0.0,False
535687,CORRAL,ISLA DEL REY,ESCUELA RURAL CARBONEROS,1-2,XU.UNIDOS POR LA DIGNIDAD,312. PEDRO JOSE TRUJILLO VERA,IND,1.0,False
535688,CORRAL,ISLA DEL REY,ESCUELA RURAL CARBONEROS,1-2,YM.CHILE VAMOS - PRI E INDEPENDIENTES,313. CLAUDIO ORIEL GONZALEZ NAVARRO,IND,10.0,True
535689,CORRAL,ISLA DEL REY,ESCUELA RURAL CARBONEROS,1-2,YM.CHILE VAMOS - PRI E INDEPENDIENTES,314. VICTOR MANUEL JARAMILLO IBAÑEZ,IND,3.0,False
535690,CORRAL,ISLA DEL REY,ESCUELA RURAL CARBONEROS,1-2,YM.CHILE VAMOS - PRI E INDEPENDIENTES,315. JESSICA SOLEDAD JARA MARABOLI,IND,32.0,False
535691,CORRAL,ISLA DEL REY,ESCUELA RURAL CARBONEROS,1-2,YW.UNIDAD POR EL APRUEBO PS PPD E INDEPENDIENTES,316. PATRICIA WALESKA DE LA ROSA MUÑOZ,PPD,5.0,False
535692,CORRAL,ISLA DEL REY,ESCUELA RURAL CARBONEROS,1-2,YW.UNIDAD POR EL APRUEBO PS PPD E INDEPENDIENTES,317. JUAN NOLBERTO VALENZUELA GONZALEZ,PPD,23.0,True
535693,CORRAL,ISLA DEL REY,ESCUELA RURAL CARBONEROS,1-2,YW.UNIDAD POR EL APRUEBO PS PPD E INDEPENDIENTES,318. SERGIO IVAN OBANDO ESPINOZA,PPD,0.0,True
535694,CORRAL,ISLA DEL REY,ESCUELA RURAL CARBONEROS,1-2,YW.UNIDAD POR EL APRUEBO PS PPD E INDEPENDIENTES,319. DORIS ELIANA CARDENAS MALDONADO,PS,2.0,False
535695,CORRAL,ISLA DEL REY,ESCUELA RURAL CARBONEROS,1-2,YW.UNIDAD POR EL APRUEBO PS PPD E INDEPENDIENTES,320. GONZALO RODRIGO SERON OLAVARRIA,IND,0.0,False
535696,CORRAL,ISLA DEL REY,ESCUELA RURAL CARBONEROS,1-2,YW.UNIDAD POR EL APRUEBO PS PPD E INDEPENDIENTES,321. KATIA PAMELA STAMP CAMPOS,IND,3.0,False
535697,CORRAL,ISLA DEL REY,ESCUELA RURAL CARBONEROS,1-2,ZG.CHILE VAMOS EVOPOLI - INDEPENDIENTES,322. YECENIA ELIZABETH VERA BAHAMONDES,EVOPOLI,7.0,False
535698,CORRAL,ISLA DEL REY,ESCUELA RURAL CARBONEROS,1-2,ZG.CHILE VAMOS EVOPOLI - INDEPENDIENTES,323. MIGUEL YONNY REIMAN ALVAREZ,EVOPOLI,0.0,False
535699,CORRAL,ISLA DEL REY,ESCUELA RURAL CARBONEROS,1-2,ZG.CHILE VAMOS EVOPOLI - INDEPENDIENTES,324. PEDRO CARDENIO GAETE JARPA,IND,3.0,False
535700,CORRAL,ISLA DEL REY,ESCUELA RURAL CARBONEROS,1-2,ZG.CHILE VAMOS EVOPOLI - INDEPENDIENTES,325. PAOLA JAVIERA ARAVENA BARRIENTOS,IND,0.0,False
535701,CORRAL,ISLA DEL REY,ESCUELA RURAL CARBONEROS,1-2,ZJ.CHILE VAMOS UDI - INDEPENDIENTES,326. YAMIL EDWARD SANTIBAÑEZ GUAJARDO,UDI,0.0,False
535702,CORRAL,ISLA DEL REY,ESCUELA RURAL CARBONEROS,1-2,ZJ.CHILE VAMOS UDI - INDEPENDIENTES,327. RUBEN ENRIQUE PEREZ GONZALEZ,UDI,3.0,False
535703,CORRAL,ISLA DEL REY,ESCUELA RURAL CARBONEROS,1-2,ZJ.CHILE VAMOS UDI - INDEPENDIENTES,328. KEREN HAPUC TRONCOSO VEGA,IND,2.0,False
535704,CORRAL,ISLA DEL REY,ESCUELA RURAL CARBONEROS,1-2,ZU.RADICALES E INDEPENDIENTES,329. CLERIA DEL CARMEN GUARDA MARTINEZ,PR,1.0,False
535705,CORRAL,ISLA DEL REY,ESCUELA RURAL CARBONEROS,1-2,ZU.RADICALES E INDEPENDIENTES,330. JULIO CESAR PEÑA GAMBOA,PR,0.0,False
535706,CORRAL,ISLA DEL REY,ESCUELA RURAL CARBONEROS,1-2,ZU.RADICALES E INDEPENDIENTES,331. CARLOS SEGUNDO VASQUEZ SERRANO,PR,1.0,False
535707,CORRAL,ISLA DEL REY,ESCUELA RURAL CARBONEROS,1-2,ZU.RADICALES E INDEPENDIENTES,332. LUIS ALBERTO CHEUQUIEN CHAURA,PR,5.0,False
535708,CORRAL,ISLA DEL REY,ESCUELA RURAL CARBONEROS,1-2,ZU.RADICALES E INDEPENDIENTES,333. FERNANDO MARCELINO VILLAGRAN MALDONADO,IND,8.0,True
