,COMUNA,CIRC_ELEC,LOCAL,MESA,LISTA,CANDIDATX,PARTIDO,VOTOS,ELECTX
556521,CURARREHUE,CURARREHUE,COMPLEJO EDUCACIONAL MONSEÑOR FRANCISCO VALDÉS SUBERCASEAUX,1M,XK.CHILE VAMOS RENOVACION NACIONAL - INDEPENDIENTES,300. CESAR CARRASCO JIMENEZ,RN,14.0,True
556522,CURARREHUE,CURARREHUE,COMPLEJO EDUCACIONAL MONSEÑOR FRANCISCO VALDÉS SUBERCASEAUX,1M,XK.CHILE VAMOS RENOVACION NACIONAL - INDEPENDIENTES,301. NAYADETH VERONICA CONTRERAS JARAMILLO,RN,7.0,True
556523,CURARREHUE,CURARREHUE,COMPLEJO EDUCACIONAL MONSEÑOR FRANCISCO VALDÉS SUBERCASEAUX,1M,XK.CHILE VAMOS RENOVACION NACIONAL - INDEPENDIENTES,302. ALEX ANTILEF PEÑA,RN,7.0,False
556524,CURARREHUE,CURARREHUE,COMPLEJO EDUCACIONAL MONSEÑOR FRANCISCO VALDÉS SUBERCASEAUX,1M,XK.CHILE VAMOS RENOVACION NACIONAL - INDEPENDIENTES,303. MARIA PAMELA MILLAN BURDILES,RN,1.0,False
556525,CURARREHUE,CURARREHUE,COMPLEJO EDUCACIONAL MONSEÑOR FRANCISCO VALDÉS SUBERCASEAUX,1M,XK.CHILE VAMOS RENOVACION NACIONAL - INDEPENDIENTES,304. SONIA MIRIAM SABUGAL SALDAÑA,RN,16.0,True
556526,CURARREHUE,CURARREHUE,COMPLEJO EDUCACIONAL MONSEÑOR FRANCISCO VALDÉS SUBERCASEAUX,1M,XK.CHILE VAMOS RENOVACION NACIONAL - INDEPENDIENTES,305. BERNARDITA QUINTONAHUEL QUINTONAHUEL,IND,3.0,False
556527,CURARREHUE,CURARREHUE,COMPLEJO EDUCACIONAL MONSEÑOR FRANCISCO VALDÉS SUBERCASEAUX,1M,XY.DIGNIDAD AHORA,306. SANDRA FABIOLA RODRIGUEZ ANTIPICHUN,PH,4.0,False
556528,CURARREHUE,CURARREHUE,COMPLEJO EDUCACIONAL MONSEÑOR FRANCISCO VALDÉS SUBERCASEAUX,1M,XY.DIGNIDAD AHORA,307. LUIS DAVID LEFIMAN MONTERO,PH,2.0,False
556529,CURARREHUE,CURARREHUE,COMPLEJO EDUCACIONAL MONSEÑOR FRANCISCO VALDÉS SUBERCASEAUX,1M,YM.CHILE VAMOS - PRI E INDEPENDIENTES,308. LUIS ANDRES PAREDES PAREDES,IND,2.0,False
556530,CURARREHUE,CURARREHUE,COMPLEJO EDUCACIONAL MONSEÑOR FRANCISCO VALDÉS SUBERCASEAUX,1M,YW.UNIDAD POR EL APRUEBO PS PPD E INDEPENDIENTES,309. VERONICA QUINTONAHUEL QUINTONAHUEL,PS,3.0,False
556531,CURARREHUE,CURARREHUE,COMPLEJO EDUCACIONAL MONSEÑOR FRANCISCO VALDÉS SUBERCASEAUX,1M,YW.UNIDAD POR EL APRUEBO PS PPD E INDEPENDIENTES,310. JORGE ANDRES CALFUEQUE MARILLANCA,PS,9.0,False
556532,CURARREHUE,CURARREHUE,COMPLEJO EDUCACIONAL MONSEÑOR FRANCISCO VALDÉS SUBERCASEAUX,1M,YW.UNIDAD POR EL APRUEBO PS PPD E INDEPENDIENTES,311. ANA MARISOL MARILLANCA SEPULVEDA,IND,6.0,True
556533,CURARREHUE,CURARREHUE,COMPLEJO EDUCACIONAL MONSEÑOR FRANCISCO VALDÉS SUBERCASEAUX,1M,YW.UNIDAD POR EL APRUEBO PS PPD E INDEPENDIENTES,312. BEATRIZ UBERLINDA CARINAO QUINTONAHUEL,PPD,11.0,True
556534,CURARREHUE,CURARREHUE,COMPLEJO EDUCACIONAL MONSEÑOR FRANCISCO VALDÉS SUBERCASEAUX,1M,YW.UNIDAD POR EL APRUEBO PS PPD E INDEPENDIENTES,313. LUIS GREGORIO CARES APABLAZA,PPD,2.0,False
556535,CURARREHUE,CURARREHUE,COMPLEJO EDUCACIONAL MONSEÑOR FRANCISCO VALDÉS SUBERCASEAUX,1M,YW.UNIDAD POR EL APRUEBO PS PPD E INDEPENDIENTES,314. DANIEL PARRA CALABRANO,PPD,15.0,True
556536,CURARREHUE,CURARREHUE,COMPLEJO EDUCACIONAL MONSEÑOR FRANCISCO VALDÉS SUBERCASEAUX,1M,ZG.CHILE VAMOS EVOPOLI - INDEPENDIENTES,315. TOMAS BREVIS MORALES,EVOPOLI,7.0,False
556537,CURARREHUE,CURARREHUE,COMPLEJO EDUCACIONAL MONSEÑOR FRANCISCO VALDÉS SUBERCASEAUX,1M,ZG.CHILE VAMOS EVOPOLI - INDEPENDIENTES,316. JUAN CARLOS DONOSO OVANDO,IND,0.0,False
556538,CURARREHUE,CURARREHUE,COMPLEJO EDUCACIONAL MONSEÑOR FRANCISCO VALDÉS SUBERCASEAUX,2M,XK.CHILE VAMOS RENOVACION NACIONAL - INDEPENDIENTES,300. CESAR CARRASCO JIMENEZ,RN,14.0,True
556539,CURARREHUE,CURARREHUE,COMPLEJO EDUCACIONAL MONSEÑOR FRANCISCO VALDÉS SUBERCASEAUX,2M,XK.CHILE VAMOS RENOVACION NACIONAL - INDEPENDIENTES,301. NAYADETH VERONICA CONTRERAS JARAMILLO,RN,12.0,True
556540,CURARREHUE,CURARREHUE,COMPLEJO EDUCACIONAL MONSEÑOR FRANCISCO VALDÉS SUBERCASEAUX,2M,XK.CHILE VAMOS RENOVACION NACIONAL - INDEPENDIENTES,302. ALEX ANTILEF PEÑA,RN,8.0,False
556541,CURARREHUE,CURARREHUE,COMPLEJO EDUCACIONAL MONSEÑOR FRANCISCO VALDÉS SUBERCASEAUX,2M,XK.CHILE VAMOS RENOVACION NACIONAL - INDEPENDIENTES,303. MARIA PAMELA MILLAN BURDILES,RN,0.0,False
556542,CURARREHUE,CURARREHUE,COMPLEJO EDUCACIONAL MONSEÑOR FRANCISCO VALDÉS SUBERCASEAUX,2M,XK.CHILE VAMOS RENOVACION NACIONAL - INDEPENDIENTES,304. SONIA MIRIAM SABUGAL SALDAÑA,RN,13.0,True
556543,CURARREHUE,CURARREHUE,COMPLEJO EDUCACIONAL MONSEÑOR FRANCISCO VALDÉS SUBERCASEAUX,2M,XK.CHILE VAMOS RENOVACION NACIONAL - INDEPENDIENTES,305. BERNARDITA QUINTONAHUEL QUINTONAHUEL,IND,3.0,False
556544,CURARREHUE,CURARREHUE,COMPLEJO EDUCACIONAL MONSEÑOR FRANCISCO VALDÉS SUBERCASEAUX,2M,XY.DIGNIDAD AHORA,306. SANDRA FABIOLA RODRIGUEZ ANTIPICHUN,PH,1.0,False
556545,CURARREHUE,CURARREHUE,COMPLEJO EDUCACIONAL MONSEÑOR FRANCISCO VALDÉS SUBERCASEAUX,2M,XY.DIGNIDAD AHORA,307. LUIS DAVID LEFIMAN MONTERO,PH,7.0,False
556546,CURARREHUE,CURARREHUE,COMPLEJO EDUCACIONAL MONSEÑOR FRANCISCO VALDÉS SUBERCASEAUX,2M,YM.CHILE VAMOS - PRI E INDEPENDIENTES,308. LUIS ANDRES PAREDES PAREDES,IND,2.0,False
556547,CURARREHUE,CURARREHUE,COMPLEJO EDUCACIONAL MONSEÑOR FRANCISCO VALDÉS SUBERCASEAUX,2M,YW.UNIDAD POR EL APRUEBO PS PPD E INDEPENDIENTES,309. VERONICA QUINTONAHUEL QUINTONAHUEL,PS,3.0,False
556548,CURARREHUE,CURARREHUE,COMPLEJO EDUCACIONAL MONSEÑOR FRANCISCO VALDÉS SUBERCASEAUX,2M,YW.UNIDAD POR EL APRUEBO PS PPD E INDEPENDIENTES,310. JORGE ANDRES CALFUEQUE MARILLANCA,PS,9.0,False
556549,CURARREHUE,CURARREHUE,COMPLEJO EDUCACIONAL MONSEÑOR FRANCISCO VALDÉS SUBERCASEAUX,2M,YW.UNIDAD POR EL APRUEBO PS PPD E INDEPENDIENTES,311. ANA MARISOL MARILLANCA SEPULVEDA,IND,5.0,True
556550,CURARREHUE,CURARREHUE,COMPLEJO EDUCACIONAL MONSEÑOR FRANCISCO VALDÉS SUBERCASEAUX,2M,YW.UNIDAD POR EL APRUEBO PS PPD E INDEPENDIENTES,312. BEATRIZ UBERLINDA CARINAO QUINTONAHUEL,PPD,8.0,True
556551,CURARREHUE,CURARREHUE,COMPLEJO EDUCACIONAL MONSEÑOR FRANCISCO VALDÉS SUBERCASEAUX,2M,YW.UNIDAD POR EL APRUEBO PS PPD E INDEPENDIENTES,313. LUIS GREGORIO CARES APABLAZA,PPD,1.0,False
556552,CURARREHUE,CURARREHUE,COMPLEJO EDUCACIONAL MONSEÑOR FRANCISCO VALDÉS SUBERCASEAUX,2M,YW.UNIDAD POR EL APRUEBO PS PPD E INDEPENDIENTES,314. DANIEL PARRA CALABRANO,PPD,16.0,True
556553,CURARREHUE,CURARREHUE,COMPLEJO EDUCACIONAL MONSEÑOR FRANCISCO VALDÉS SUBERCASEAUX,2M,ZG.CHILE VAMOS EVOPOLI - INDEPENDIENTES,315. TOMAS BREVIS MORALES,EVOPOLI,4.0,False
556554,CURARREHUE,CURARREHUE,COMPLEJO EDUCACIONAL MONSEÑOR FRANCISCO VALDÉS SUBERCASEAUX,2M,ZG.CHILE VAMOS EVOPOLI - INDEPENDIENTES,316. JUAN CARLOS DONOSO OVANDO,IND,0.0,False
556555,CURARREHUE,CURARREHUE,COMPLEJO EDUCACIONAL MONSEÑOR FRANCISCO VALDÉS SUBERCASEAUX,3M,XK.CHILE VAMOS RENOVACION NACIONAL - INDEPENDIENTES,300. CESAR CARRASCO JIMENEZ,RN,17.0,True
556556,CURARREHUE,CURARREHUE,COMPLEJO EDUCACIONAL MONSEÑOR FRANCISCO VALDÉS SUBERCASEAUX,3M,XK.CHILE VAMOS RENOVACION NACIONAL - INDEPENDIENTES,301. NAYADETH VERONICA CONTRERAS JARAMILLO,RN,17.0,True
556557,CURARREHUE,CURARREHUE,COMPLEJO EDUCACIONAL MONSEÑOR FRANCISCO VALDÉS SUBERCASEAUX,3M,XK.CHILE VAMOS RENOVACION NACIONAL - INDEPENDIENTES,302. ALEX ANTILEF PEÑA,RN,6.0,False
556558,CURARREHUE,CURARREHUE,COMPLEJO EDUCACIONAL MONSEÑOR FRANCISCO VALDÉS SUBERCASEAUX,3M,XK.CHILE VAMOS RENOVACION NACIONAL - INDEPENDIENTES,303. MARIA PAMELA MILLAN BURDILES,RN,3.0,False
556559,CURARREHUE,CURARREHUE,COMPLEJO EDUCACIONAL MONSEÑOR FRANCISCO VALDÉS SUBERCASEAUX,3M,XK.CHILE VAMOS RENOVACION NACIONAL - INDEPENDIENTES,304. SONIA MIRIAM SABUGAL SALDAÑA,RN,10.0,True
556560,CURARREHUE,CURARREHUE,COMPLEJO EDUCACIONAL MONSEÑOR FRANCISCO VALDÉS SUBERCASEAUX,3M,XK.CHILE VAMOS RENOVACION NACIONAL - INDEPENDIENTES,305. BERNARDITA QUINTONAHUEL QUINTONAHUEL,IND,7.0,False
556561,CURARREHUE,CURARREHUE,COMPLEJO EDUCACIONAL MONSEÑOR FRANCISCO VALDÉS SUBERCASEAUX,3M,XY.DIGNIDAD AHORA,306. SANDRA FABIOLA RODRIGUEZ ANTIPICHUN,PH,2.0,False
556562,CURARREHUE,CURARREHUE,COMPLEJO EDUCACIONAL MONSEÑOR FRANCISCO VALDÉS SUBERCASEAUX,3M,XY.DIGNIDAD AHORA,307. LUIS DAVID LEFIMAN MONTERO,PH,5.0,False
556563,CURARREHUE,CURARREHUE,COMPLEJO EDUCACIONAL MONSEÑOR FRANCISCO VALDÉS SUBERCASEAUX,3M,YM.CHILE VAMOS - PRI E INDEPENDIENTES,308. LUIS ANDRES PAREDES PAREDES,IND,3.0,False
556564,CURARREHUE,CURARREHUE,COMPLEJO EDUCACIONAL MONSEÑOR FRANCISCO VALDÉS SUBERCASEAUX,3M,YW.UNIDAD POR EL APRUEBO PS PPD E INDEPENDIENTES,309. VERONICA QUINTONAHUEL QUINTONAHUEL,PS,5.0,False
556565,CURARREHUE,CURARREHUE,COMPLEJO EDUCACIONAL MONSEÑOR FRANCISCO VALDÉS SUBERCASEAUX,3M,YW.UNIDAD POR EL APRUEBO PS PPD E INDEPENDIENTES,310. JORGE ANDRES CALFUEQUE MARILLANCA,PS,4.0,False
556566,CURARREHUE,CURARREHUE,COMPLEJO EDUCACIONAL MONSEÑOR FRANCISCO VALDÉS SUBERCASEAUX,3M,YW.UNIDAD POR EL APRUEBO PS PPD E INDEPENDIENTES,311. ANA MARISOL MARILLANCA SEPULVEDA,IND,9.0,True
556567,CURARREHUE,CURARREHUE,COMPLEJO EDUCACIONAL MONSEÑOR FRANCISCO VALDÉS SUBERCASEAUX,3M,YW.UNIDAD POR EL APRUEBO PS PPD E INDEPENDIENTES,312. BEATRIZ UBERLINDA CARINAO QUINTONAHUEL,PPD,16.0,True
556568,CURARREHUE,CURARREHUE,COMPLEJO EDUCACIONAL MONSEÑOR FRANCISCO VALDÉS SUBERCASEAUX,3M,YW.UNIDAD POR EL APRUEBO PS PPD E INDEPENDIENTES,313. LUIS GREGORIO CARES APABLAZA,PPD,2.0,False
556569,CURARREHUE,CURARREHUE,COMPLEJO EDUCACIONAL MONSEÑOR FRANCISCO VALDÉS SUBERCASEAUX,3M,YW.UNIDAD POR EL APRUEBO PS PPD E INDEPENDIENTES,314. DANIEL PARRA CALABRANO,PPD,16.0,True
556570,CURARREHUE,CURARREHUE,COMPLEJO EDUCACIONAL MONSEÑOR FRANCISCO VALDÉS SUBERCASEAUX,3M,ZG.CHILE VAMOS EVOPOLI - INDEPENDIENTES,315. TOMAS BREVIS MORALES,EVOPOLI,10.0,False
556571,CURARREHUE,CURARREHUE,COMPLEJO EDUCACIONAL MONSEÑOR FRANCISCO VALDÉS SUBERCASEAUX,3M,ZG.CHILE VAMOS EVOPOLI - INDEPENDIENTES,316. JUAN CARLOS DONOSO OVANDO,IND,1.0,False
556572,CURARREHUE,CURARREHUE,COMPLEJO EDUCACIONAL MONSEÑOR FRANCISCO VALDÉS SUBERCASEAUX,4M,XK.CHILE VAMOS RENOVACION NACIONAL - INDEPENDIENTES,300. CESAR CARRASCO JIMENEZ,RN,18.0,True
556573,CURARREHUE,CURARREHUE,COMPLEJO EDUCACIONAL MONSEÑOR FRANCISCO VALDÉS SUBERCASEAUX,4M,XK.CHILE VAMOS RENOVACION NACIONAL - INDEPENDIENTES,301. NAYADETH VERONICA CONTRERAS JARAMILLO,RN,10.0,True
556574,CURARREHUE,CURARREHUE,COMPLEJO EDUCACIONAL MONSEÑOR FRANCISCO VALDÉS SUBERCASEAUX,4M,XK.CHILE VAMOS RENOVACION NACIONAL - INDEPENDIENTES,302. ALEX ANTILEF PEÑA,RN,10.0,False
556575,CURARREHUE,CURARREHUE,COMPLEJO EDUCACIONAL MONSEÑOR FRANCISCO VALDÉS SUBERCASEAUX,4M,XK.CHILE VAMOS RENOVACION NACIONAL - INDEPENDIENTES,303. MARIA PAMELA MILLAN BURDILES,RN,0.0,False
556576,CURARREHUE,CURARREHUE,COMPLEJO EDUCACIONAL MONSEÑOR FRANCISCO VALDÉS SUBERCASEAUX,4M,XK.CHILE VAMOS RENOVACION NACIONAL - INDEPENDIENTES,304. SONIA MIRIAM SABUGAL SALDAÑA,RN,11.0,True
556577,CURARREHUE,CURARREHUE,COMPLEJO EDUCACIONAL MONSEÑOR FRANCISCO VALDÉS SUBERCASEAUX,4M,XK.CHILE VAMOS RENOVACION NACIONAL - INDEPENDIENTES,305. BERNARDITA QUINTONAHUEL QUINTONAHUEL,IND,3.0,False
556578,CURARREHUE,CURARREHUE,COMPLEJO EDUCACIONAL MONSEÑOR FRANCISCO VALDÉS SUBERCASEAUX,4M,XY.DIGNIDAD AHORA,306. SANDRA FABIOLA RODRIGUEZ ANTIPICHUN,PH,4.0,False
556579,CURARREHUE,CURARREHUE,COMPLEJO EDUCACIONAL MONSEÑOR FRANCISCO VALDÉS SUBERCASEAUX,4M,XY.DIGNIDAD AHORA,307. LUIS DAVID LEFIMAN MONTERO,PH,3.0,False
556580,CURARREHUE,CURARREHUE,COMPLEJO EDUCACIONAL MONSEÑOR FRANCISCO VALDÉS SUBERCASEAUX,4M,YM.CHILE VAMOS - PRI E INDEPENDIENTES,308. LUIS ANDRES PAREDES PAREDES,IND,5.0,False
556581,CURARREHUE,CURARREHUE,COMPLEJO EDUCACIONAL MONSEÑOR FRANCISCO VALDÉS SUBERCASEAUX,4M,YW.UNIDAD POR EL APRUEBO PS PPD E INDEPENDIENTES,309. VERONICA QUINTONAHUEL QUINTONAHUEL,PS,1.0,False
556582,CURARREHUE,CURARREHUE,COMPLEJO EDUCACIONAL MONSEÑOR FRANCISCO VALDÉS SUBERCASEAUX,4M,YW.UNIDAD POR EL APRUEBO PS PPD E INDEPENDIENTES,310. JORGE ANDRES CALFUEQUE MARILLANCA,PS,5.0,False
556583,CURARREHUE,CURARREHUE,COMPLEJO EDUCACIONAL MONSEÑOR FRANCISCO VALDÉS SUBERCASEAUX,4M,YW.UNIDAD POR EL APRUEBO PS PPD E INDEPENDIENTES,311. ANA MARISOL MARILLANCA SEPULVEDA,IND,7.0,True
556584,CURARREHUE,CURARREHUE,COMPLEJO EDUCACIONAL MONSEÑOR FRANCISCO VALDÉS SUBERCASEAUX,4M,YW.UNIDAD POR EL APRUEBO PS PPD E INDEPENDIENTES,312. BEATRIZ UBERLINDA CARINAO QUINTONAHUEL,PPD,10.0,True
556585,CURARREHUE,CURARREHUE,COMPLEJO EDUCACIONAL MONSEÑOR FRANCISCO VALDÉS SUBERCASEAUX,4M,YW.UNIDAD POR EL APRUEBO PS PPD E INDEPENDIENTES,313. LUIS GREGORIO CARES APABLAZA,PPD,2.0,False
556586,CURARREHUE,CURARREHUE,COMPLEJO EDUCACIONAL MONSEÑOR FRANCISCO VALDÉS SUBERCASEAUX,4M,YW.UNIDAD POR EL APRUEBO PS PPD E INDEPENDIENTES,314. DANIEL PARRA CALABRANO,PPD,24.0,True
556587,CURARREHUE,CURARREHUE,COMPLEJO EDUCACIONAL MONSEÑOR FRANCISCO VALDÉS SUBERCASEAUX,4M,ZG.CHILE VAMOS EVOPOLI - INDEPENDIENTES,315. TOMAS BREVIS MORALES,EVOPOLI,9.0,False
556588,CURARREHUE,CURARREHUE,COMPLEJO EDUCACIONAL MONSEÑOR FRANCISCO VALDÉS SUBERCASEAUX,4M,ZG.CHILE VAMOS EVOPOLI - INDEPENDIENTES,316. JUAN CARLOS DONOSO OVANDO,IND,2.0,False
556589,CURARREHUE,CURARREHUE,COMPLEJO EDUCACIONAL MONSEÑOR FRANCISCO VALDÉS SUBERCASEAUX,5M,XK.CHILE VAMOS RENOVACION NACIONAL - INDEPENDIENTES,300. CESAR CARRASCO JIMENEZ,RN,17.0,True
556590,CURARREHUE,CURARREHUE,COMPLEJO EDUCACIONAL MONSEÑOR FRANCISCO VALDÉS SUBERCASEAUX,5M,XK.CHILE VAMOS RENOVACION NACIONAL - INDEPENDIENTES,301. NAYADETH VERONICA CONTRERAS JARAMILLO,RN,16.0,True
556591,CURARREHUE,CURARREHUE,COMPLEJO EDUCACIONAL MONSEÑOR FRANCISCO VALDÉS SUBERCASEAUX,5M,XK.CHILE VAMOS RENOVACION NACIONAL - INDEPENDIENTES,302. ALEX ANTILEF PEÑA,RN,11.0,False
556592,CURARREHUE,CURARREHUE,COMPLEJO EDUCACIONAL MONSEÑOR FRANCISCO VALDÉS SUBERCASEAUX,5M,XK.CHILE VAMOS RENOVACION NACIONAL - INDEPENDIENTES,303. MARIA PAMELA MILLAN BURDILES,RN,4.0,False
556593,CURARREHUE,CURARREHUE,COMPLEJO EDUCACIONAL MONSEÑOR FRANCISCO VALDÉS SUBERCASEAUX,5M,XK.CHILE VAMOS RENOVACION NACIONAL - INDEPENDIENTES,304. SONIA MIRIAM SABUGAL SALDAÑA,RN,19.0,True
556594,CURARREHUE,CURARREHUE,COMPLEJO EDUCACIONAL MONSEÑOR FRANCISCO VALDÉS SUBERCASEAUX,5M,XK.CHILE VAMOS RENOVACION NACIONAL - INDEPENDIENTES,305. BERNARDITA QUINTONAHUEL QUINTONAHUEL,IND,3.0,False
556595,CURARREHUE,CURARREHUE,COMPLEJO EDUCACIONAL MONSEÑOR FRANCISCO VALDÉS SUBERCASEAUX,5M,XY.DIGNIDAD AHORA,306. SANDRA FABIOLA RODRIGUEZ ANTIPICHUN,PH,0.0,False
556596,CURARREHUE,CURARREHUE,COMPLEJO EDUCACIONAL MONSEÑOR FRANCISCO VALDÉS SUBERCASEAUX,5M,XY.DIGNIDAD AHORA,307. LUIS DAVID LEFIMAN MONTERO,PH,0.0,False
556597,CURARREHUE,CURARREHUE,COMPLEJO EDUCACIONAL MONSEÑOR FRANCISCO VALDÉS SUBERCASEAUX,5M,YM.CHILE VAMOS - PRI E INDEPENDIENTES,308. LUIS ANDRES PAREDES PAREDES,IND,2.0,False
556598,CURARREHUE,CURARREHUE,COMPLEJO EDUCACIONAL MONSEÑOR FRANCISCO VALDÉS SUBERCASEAUX,5M,YW.UNIDAD POR EL APRUEBO PS PPD E INDEPENDIENTES,309. VERONICA QUINTONAHUEL QUINTONAHUEL,PS,3.0,False
556599,CURARREHUE,CURARREHUE,COMPLEJO EDUCACIONAL MONSEÑOR FRANCISCO VALDÉS SUBERCASEAUX,5M,YW.UNIDAD POR EL APRUEBO PS PPD E INDEPENDIENTES,310. JORGE ANDRES CALFUEQUE MARILLANCA,PS,7.0,False
556600,CURARREHUE,CURARREHUE,COMPLEJO EDUCACIONAL MONSEÑOR FRANCISCO VALDÉS SUBERCASEAUX,5M,YW.UNIDAD POR EL APRUEBO PS PPD E INDEPENDIENTES,311. ANA MARISOL MARILLANCA SEPULVEDA,IND,10.0,True
556601,CURARREHUE,CURARREHUE,COMPLEJO EDUCACIONAL MONSEÑOR FRANCISCO VALDÉS SUBERCASEAUX,5M,YW.UNIDAD POR EL APRUEBO PS PPD E INDEPENDIENTES,312. BEATRIZ UBERLINDA CARINAO QUINTONAHUEL,PPD,13.0,True
556602,CURARREHUE,CURARREHUE,COMPLEJO EDUCACIONAL MONSEÑOR FRANCISCO VALDÉS SUBERCASEAUX,5M,YW.UNIDAD POR EL APRUEBO PS PPD E INDEPENDIENTES,313. LUIS GREGORIO CARES APABLAZA,PPD,0.0,False
556603,CURARREHUE,CURARREHUE,COMPLEJO EDUCACIONAL MONSEÑOR FRANCISCO VALDÉS SUBERCASEAUX,5M,YW.UNIDAD POR EL APRUEBO PS PPD E INDEPENDIENTES,314. DANIEL PARRA CALABRANO,PPD,0.0,True
556604,CURARREHUE,CURARREHUE,COMPLEJO EDUCACIONAL MONSEÑOR FRANCISCO VALDÉS SUBERCASEAUX,5M,ZG.CHILE VAMOS EVOPOLI - INDEPENDIENTES,315. TOMAS BREVIS MORALES,EVOPOLI,12.0,False
556605,CURARREHUE,CURARREHUE,COMPLEJO EDUCACIONAL MONSEÑOR FRANCISCO VALDÉS SUBERCASEAUX,5M,ZG.CHILE VAMOS EVOPOLI - INDEPENDIENTES,316. JUAN CARLOS DONOSO OVANDO,IND,3.0,False
556606,CURARREHUE,CURARREHUE,COMPLEJO EDUCACIONAL MONSEÑOR FRANCISCO VALDÉS SUBERCASEAUX,6M,XK.CHILE VAMOS RENOVACION NACIONAL - INDEPENDIENTES,300. CESAR CARRASCO JIMENEZ,RN,18.0,True
556607,CURARREHUE,CURARREHUE,COMPLEJO EDUCACIONAL MONSEÑOR FRANCISCO VALDÉS SUBERCASEAUX,6M,XK.CHILE VAMOS RENOVACION NACIONAL - INDEPENDIENTES,301. NAYADETH VERONICA CONTRERAS JARAMILLO,RN,18.0,True
556608,CURARREHUE,CURARREHUE,COMPLEJO EDUCACIONAL MONSEÑOR FRANCISCO VALDÉS SUBERCASEAUX,6M,XK.CHILE VAMOS RENOVACION NACIONAL - INDEPENDIENTES,302. ALEX ANTILEF PEÑA,RN,5.0,False
556609,CURARREHUE,CURARREHUE,COMPLEJO EDUCACIONAL MONSEÑOR FRANCISCO VALDÉS SUBERCASEAUX,6M,XK.CHILE VAMOS RENOVACION NACIONAL - INDEPENDIENTES,303. MARIA PAMELA MILLAN BURDILES,RN,5.0,False
556610,CURARREHUE,CURARREHUE,COMPLEJO EDUCACIONAL MONSEÑOR FRANCISCO VALDÉS SUBERCASEAUX,6M,XK.CHILE VAMOS RENOVACION NACIONAL - INDEPENDIENTES,304. SONIA MIRIAM SABUGAL SALDAÑA,RN,21.0,True
556611,CURARREHUE,CURARREHUE,COMPLEJO EDUCACIONAL MONSEÑOR FRANCISCO VALDÉS SUBERCASEAUX,6M,XK.CHILE VAMOS RENOVACION NACIONAL - INDEPENDIENTES,305. BERNARDITA QUINTONAHUEL QUINTONAHUEL,IND,2.0,False
556612,CURARREHUE,CURARREHUE,COMPLEJO EDUCACIONAL MONSEÑOR FRANCISCO VALDÉS SUBERCASEAUX,6M,XY.DIGNIDAD AHORA,306. SANDRA FABIOLA RODRIGUEZ ANTIPICHUN,PH,3.0,False
556613,CURARREHUE,CURARREHUE,COMPLEJO EDUCACIONAL MONSEÑOR FRANCISCO VALDÉS SUBERCASEAUX,6M,XY.DIGNIDAD AHORA,307. LUIS DAVID LEFIMAN MONTERO,PH,6.0,False
556614,CURARREHUE,CURARREHUE,COMPLEJO EDUCACIONAL MONSEÑOR FRANCISCO VALDÉS SUBERCASEAUX,6M,YM.CHILE VAMOS - PRI E INDEPENDIENTES,308. LUIS ANDRES PAREDES PAREDES,IND,4.0,False
556615,CURARREHUE,CURARREHUE,COMPLEJO EDUCACIONAL MONSEÑOR FRANCISCO VALDÉS SUBERCASEAUX,6M,YW.UNIDAD POR EL APRUEBO PS PPD E INDEPENDIENTES,309. VERONICA QUINTONAHUEL QUINTONAHUEL,PS,6.0,False
556616,CURARREHUE,CURARREHUE,COMPLEJO EDUCACIONAL MONSEÑOR FRANCISCO VALDÉS SUBERCASEAUX,6M,YW.UNIDAD POR EL APRUEBO PS PPD E INDEPENDIENTES,310. JORGE ANDRES CALFUEQUE MARILLANCA,PS,9.0,False
556617,CURARREHUE,CURARREHUE,COMPLEJO EDUCACIONAL MONSEÑOR FRANCISCO VALDÉS SUBERCASEAUX,6M,YW.UNIDAD POR EL APRUEBO PS PPD E INDEPENDIENTES,311. ANA MARISOL MARILLANCA SEPULVEDA,IND,17.0,True
556618,CURARREHUE,CURARREHUE,COMPLEJO EDUCACIONAL MONSEÑOR FRANCISCO VALDÉS SUBERCASEAUX,6M,YW.UNIDAD POR EL APRUEBO PS PPD E INDEPENDIENTES,312. BEATRIZ UBERLINDA CARINAO QUINTONAHUEL,PPD,13.0,True
556619,CURARREHUE,CURARREHUE,COMPLEJO EDUCACIONAL MONSEÑOR FRANCISCO VALDÉS SUBERCASEAUX,6M,YW.UNIDAD POR EL APRUEBO PS PPD E INDEPENDIENTES,313. LUIS GREGORIO CARES APABLAZA,PPD,3.0,False
556620,CURARREHUE,CURARREHUE,COMPLEJO EDUCACIONAL MONSEÑOR FRANCISCO VALDÉS SUBERCASEAUX,6M,YW.UNIDAD POR EL APRUEBO PS PPD E INDEPENDIENTES,314. DANIEL PARRA CALABRANO,PPD,31.0,True
556621,CURARREHUE,CURARREHUE,COMPLEJO EDUCACIONAL MONSEÑOR FRANCISCO VALDÉS SUBERCASEAUX,6M,ZG.CHILE VAMOS EVOPOLI - INDEPENDIENTES,315. TOMAS BREVIS MORALES,EVOPOLI,8.0,False
556622,CURARREHUE,CURARREHUE,COMPLEJO EDUCACIONAL MONSEÑOR FRANCISCO VALDÉS SUBERCASEAUX,6M,ZG.CHILE VAMOS EVOPOLI - INDEPENDIENTES,316. JUAN CARLOS DONOSO OVANDO,IND,1.0,False
556623,CURARREHUE,CURARREHUE,COMPLEJO EDUCACIONAL MONSEÑOR FRANCISCO VALDÉS SUBERCASEAUX,7M,XK.CHILE VAMOS RENOVACION NACIONAL - INDEPENDIENTES,300. CESAR CARRASCO JIMENEZ,RN,13.0,True
556624,CURARREHUE,CURARREHUE,COMPLEJO EDUCACIONAL MONSEÑOR FRANCISCO VALDÉS SUBERCASEAUX,7M,XK.CHILE VAMOS RENOVACION NACIONAL - INDEPENDIENTES,301. NAYADETH VERONICA CONTRERAS JARAMILLO,RN,19.0,True
556625,CURARREHUE,CURARREHUE,COMPLEJO EDUCACIONAL MONSEÑOR FRANCISCO VALDÉS SUBERCASEAUX,7M,XK.CHILE VAMOS RENOVACION NACIONAL - INDEPENDIENTES,302. ALEX ANTILEF PEÑA,RN,6.0,False
556626,CURARREHUE,CURARREHUE,COMPLEJO EDUCACIONAL MONSEÑOR FRANCISCO VALDÉS SUBERCASEAUX,7M,XK.CHILE VAMOS RENOVACION NACIONAL - INDEPENDIENTES,303. MARIA PAMELA MILLAN BURDILES,RN,4.0,False
556627,CURARREHUE,CURARREHUE,COMPLEJO EDUCACIONAL MONSEÑOR FRANCISCO VALDÉS SUBERCASEAUX,7M,XK.CHILE VAMOS RENOVACION NACIONAL - INDEPENDIENTES,304. SONIA MIRIAM SABUGAL SALDAÑA,RN,24.0,True
556628,CURARREHUE,CURARREHUE,COMPLEJO EDUCACIONAL MONSEÑOR FRANCISCO VALDÉS SUBERCASEAUX,7M,XK.CHILE VAMOS RENOVACION NACIONAL - INDEPENDIENTES,305. BERNARDITA QUINTONAHUEL QUINTONAHUEL,IND,9.0,False
556629,CURARREHUE,CURARREHUE,COMPLEJO EDUCACIONAL MONSEÑOR FRANCISCO VALDÉS SUBERCASEAUX,7M,XY.DIGNIDAD AHORA,306. SANDRA FABIOLA RODRIGUEZ ANTIPICHUN,PH,4.0,False
556630,CURARREHUE,CURARREHUE,COMPLEJO EDUCACIONAL MONSEÑOR FRANCISCO VALDÉS SUBERCASEAUX,7M,XY.DIGNIDAD AHORA,307. LUIS DAVID LEFIMAN MONTERO,PH,3.0,False
556631,CURARREHUE,CURARREHUE,COMPLEJO EDUCACIONAL MONSEÑOR FRANCISCO VALDÉS SUBERCASEAUX,7M,YM.CHILE VAMOS - PRI E INDEPENDIENTES,308. LUIS ANDRES PAREDES PAREDES,IND,3.0,False
556632,CURARREHUE,CURARREHUE,COMPLEJO EDUCACIONAL MONSEÑOR FRANCISCO VALDÉS SUBERCASEAUX,7M,YW.UNIDAD POR EL APRUEBO PS PPD E INDEPENDIENTES,309. VERONICA QUINTONAHUEL QUINTONAHUEL,PS,5.0,False
556633,CURARREHUE,CURARREHUE,COMPLEJO EDUCACIONAL MONSEÑOR FRANCISCO VALDÉS SUBERCASEAUX,7M,YW.UNIDAD POR EL APRUEBO PS PPD E INDEPENDIENTES,310. JORGE ANDRES CALFUEQUE MARILLANCA,PS,6.0,False
556634,CURARREHUE,CURARREHUE,COMPLEJO EDUCACIONAL MONSEÑOR FRANCISCO VALDÉS SUBERCASEAUX,7M,YW.UNIDAD POR EL APRUEBO PS PPD E INDEPENDIENTES,311. ANA MARISOL MARILLANCA SEPULVEDA,IND,8.0,True
556635,CURARREHUE,CURARREHUE,COMPLEJO EDUCACIONAL MONSEÑOR FRANCISCO VALDÉS SUBERCASEAUX,7M,YW.UNIDAD POR EL APRUEBO PS PPD E INDEPENDIENTES,312. BEATRIZ UBERLINDA CARINAO QUINTONAHUEL,PPD,19.0,True
556636,CURARREHUE,CURARREHUE,COMPLEJO EDUCACIONAL MONSEÑOR FRANCISCO VALDÉS SUBERCASEAUX,7M,YW.UNIDAD POR EL APRUEBO PS PPD E INDEPENDIENTES,313. LUIS GREGORIO CARES APABLAZA,PPD,3.0,False
556637,CURARREHUE,CURARREHUE,COMPLEJO EDUCACIONAL MONSEÑOR FRANCISCO VALDÉS SUBERCASEAUX,7M,YW.UNIDAD POR EL APRUEBO PS PPD E INDEPENDIENTES,314. DANIEL PARRA CALABRANO,PPD,22.0,True
556638,CURARREHUE,CURARREHUE,COMPLEJO EDUCACIONAL MONSEÑOR FRANCISCO VALDÉS SUBERCASEAUX,7M,ZG.CHILE VAMOS EVOPOLI - INDEPENDIENTES,315. TOMAS BREVIS MORALES,EVOPOLI,5.0,False
556639,CURARREHUE,CURARREHUE,COMPLEJO EDUCACIONAL MONSEÑOR FRANCISCO VALDÉS SUBERCASEAUX,7M,ZG.CHILE VAMOS EVOPOLI - INDEPENDIENTES,316. JUAN CARLOS DONOSO OVANDO,IND,3.0,False
556640,CURARREHUE,CURARREHUE,COMPLEJO EDUCACIONAL MONSEÑOR FRANCISCO VALDÉS SUBERCASEAUX,8M,XK.CHILE VAMOS RENOVACION NACIONAL - INDEPENDIENTES,300. CESAR CARRASCO JIMENEZ,RN,20.0,True
556641,CURARREHUE,CURARREHUE,COMPLEJO EDUCACIONAL MONSEÑOR FRANCISCO VALDÉS SUBERCASEAUX,8M,XK.CHILE VAMOS RENOVACION NACIONAL - INDEPENDIENTES,301. NAYADETH VERONICA CONTRERAS JARAMILLO,RN,18.0,True
556642,CURARREHUE,CURARREHUE,COMPLEJO EDUCACIONAL MONSEÑOR FRANCISCO VALDÉS SUBERCASEAUX,8M,XK.CHILE VAMOS RENOVACION NACIONAL - INDEPENDIENTES,302. ALEX ANTILEF PEÑA,RN,3.0,False
556643,CURARREHUE,CURARREHUE,COMPLEJO EDUCACIONAL MONSEÑOR FRANCISCO VALDÉS SUBERCASEAUX,8M,XK.CHILE VAMOS RENOVACION NACIONAL - INDEPENDIENTES,303. MARIA PAMELA MILLAN BURDILES,RN,2.0,False
556644,CURARREHUE,CURARREHUE,COMPLEJO EDUCACIONAL MONSEÑOR FRANCISCO VALDÉS SUBERCASEAUX,8M,XK.CHILE VAMOS RENOVACION NACIONAL - INDEPENDIENTES,304. SONIA MIRIAM SABUGAL SALDAÑA,RN,16.0,True
556645,CURARREHUE,CURARREHUE,COMPLEJO EDUCACIONAL MONSEÑOR FRANCISCO VALDÉS SUBERCASEAUX,8M,XK.CHILE VAMOS RENOVACION NACIONAL - INDEPENDIENTES,305. BERNARDITA QUINTONAHUEL QUINTONAHUEL,IND,4.0,False
556646,CURARREHUE,CURARREHUE,COMPLEJO EDUCACIONAL MONSEÑOR FRANCISCO VALDÉS SUBERCASEAUX,8M,XY.DIGNIDAD AHORA,306. SANDRA FABIOLA RODRIGUEZ ANTIPICHUN,PH,5.0,False
556647,CURARREHUE,CURARREHUE,COMPLEJO EDUCACIONAL MONSEÑOR FRANCISCO VALDÉS SUBERCASEAUX,8M,XY.DIGNIDAD AHORA,307. LUIS DAVID LEFIMAN MONTERO,PH,4.0,False
556648,CURARREHUE,CURARREHUE,COMPLEJO EDUCACIONAL MONSEÑOR FRANCISCO VALDÉS SUBERCASEAUX,8M,YM.CHILE VAMOS - PRI E INDEPENDIENTES,308. LUIS ANDRES PAREDES PAREDES,IND,2.0,False
556649,CURARREHUE,CURARREHUE,COMPLEJO EDUCACIONAL MONSEÑOR FRANCISCO VALDÉS SUBERCASEAUX,8M,YW.UNIDAD POR EL APRUEBO PS PPD E INDEPENDIENTES,309. VERONICA QUINTONAHUEL QUINTONAHUEL,PS,6.0,False
556650,CURARREHUE,CURARREHUE,COMPLEJO EDUCACIONAL MONSEÑOR FRANCISCO VALDÉS SUBERCASEAUX,8M,YW.UNIDAD POR EL APRUEBO PS PPD E INDEPENDIENTES,310. JORGE ANDRES CALFUEQUE MARILLANCA,PS,6.0,False
556651,CURARREHUE,CURARREHUE,COMPLEJO EDUCACIONAL MONSEÑOR FRANCISCO VALDÉS SUBERCASEAUX,8M,YW.UNIDAD POR EL APRUEBO PS PPD E INDEPENDIENTES,311. ANA MARISOL MARILLANCA SEPULVEDA,IND,11.0,True
556652,CURARREHUE,CURARREHUE,COMPLEJO EDUCACIONAL MONSEÑOR FRANCISCO VALDÉS SUBERCASEAUX,8M,YW.UNIDAD POR EL APRUEBO PS PPD E INDEPENDIENTES,312. BEATRIZ UBERLINDA CARINAO QUINTONAHUEL,PPD,18.0,True
556653,CURARREHUE,CURARREHUE,COMPLEJO EDUCACIONAL MONSEÑOR FRANCISCO VALDÉS SUBERCASEAUX,8M,YW.UNIDAD POR EL APRUEBO PS PPD E INDEPENDIENTES,313. LUIS GREGORIO CARES APABLAZA,PPD,1.0,False
556654,CURARREHUE,CURARREHUE,COMPLEJO EDUCACIONAL MONSEÑOR FRANCISCO VALDÉS SUBERCASEAUX,8M,YW.UNIDAD POR EL APRUEBO PS PPD E INDEPENDIENTES,314. DANIEL PARRA CALABRANO,PPD,42.0,True
556655,CURARREHUE,CURARREHUE,COMPLEJO EDUCACIONAL MONSEÑOR FRANCISCO VALDÉS SUBERCASEAUX,8M,ZG.CHILE VAMOS EVOPOLI - INDEPENDIENTES,315. TOMAS BREVIS MORALES,EVOPOLI,8.0,False
556656,CURARREHUE,CURARREHUE,COMPLEJO EDUCACIONAL MONSEÑOR FRANCISCO VALDÉS SUBERCASEAUX,8M,ZG.CHILE VAMOS EVOPOLI - INDEPENDIENTES,316. JUAN CARLOS DONOSO OVANDO,IND,3.0,False
556657,CURARREHUE,CURARREHUE,COMPLEJO EDUCACIONAL MONSEÑOR FRANCISCO VALDÉS SUBERCASEAUX,9M,XK.CHILE VAMOS RENOVACION NACIONAL - INDEPENDIENTES,300. CESAR CARRASCO JIMENEZ,RN,12.0,True
556658,CURARREHUE,CURARREHUE,COMPLEJO EDUCACIONAL MONSEÑOR FRANCISCO VALDÉS SUBERCASEAUX,9M,XK.CHILE VAMOS RENOVACION NACIONAL - INDEPENDIENTES,301. NAYADETH VERONICA CONTRERAS JARAMILLO,RN,27.0,True
556659,CURARREHUE,CURARREHUE,COMPLEJO EDUCACIONAL MONSEÑOR FRANCISCO VALDÉS SUBERCASEAUX,9M,XK.CHILE VAMOS RENOVACION NACIONAL - INDEPENDIENTES,302. ALEX ANTILEF PEÑA,RN,8.0,False
556660,CURARREHUE,CURARREHUE,COMPLEJO EDUCACIONAL MONSEÑOR FRANCISCO VALDÉS SUBERCASEAUX,9M,XK.CHILE VAMOS RENOVACION NACIONAL - INDEPENDIENTES,303. MARIA PAMELA MILLAN BURDILES,RN,3.0,False
556661,CURARREHUE,CURARREHUE,COMPLEJO EDUCACIONAL MONSEÑOR FRANCISCO VALDÉS SUBERCASEAUX,9M,XK.CHILE VAMOS RENOVACION NACIONAL - INDEPENDIENTES,304. SONIA MIRIAM SABUGAL SALDAÑA,RN,16.0,True
556662,CURARREHUE,CURARREHUE,COMPLEJO EDUCACIONAL MONSEÑOR FRANCISCO VALDÉS SUBERCASEAUX,9M,XK.CHILE VAMOS RENOVACION NACIONAL - INDEPENDIENTES,305. BERNARDITA QUINTONAHUEL QUINTONAHUEL,IND,9.0,False
556663,CURARREHUE,CURARREHUE,COMPLEJO EDUCACIONAL MONSEÑOR FRANCISCO VALDÉS SUBERCASEAUX,9M,XY.DIGNIDAD AHORA,306. SANDRA FABIOLA RODRIGUEZ ANTIPICHUN,PH,3.0,False
556664,CURARREHUE,CURARREHUE,COMPLEJO EDUCACIONAL MONSEÑOR FRANCISCO VALDÉS SUBERCASEAUX,9M,XY.DIGNIDAD AHORA,307. LUIS DAVID LEFIMAN MONTERO,PH,5.0,False
556665,CURARREHUE,CURARREHUE,COMPLEJO EDUCACIONAL MONSEÑOR FRANCISCO VALDÉS SUBERCASEAUX,9M,YM.CHILE VAMOS - PRI E INDEPENDIENTES,308. LUIS ANDRES PAREDES PAREDES,IND,11.0,False
556666,CURARREHUE,CURARREHUE,COMPLEJO EDUCACIONAL MONSEÑOR FRANCISCO VALDÉS SUBERCASEAUX,9M,YW.UNIDAD POR EL APRUEBO PS PPD E INDEPENDIENTES,309. VERONICA QUINTONAHUEL QUINTONAHUEL,PS,2.0,False
556667,CURARREHUE,CURARREHUE,COMPLEJO EDUCACIONAL MONSEÑOR FRANCISCO VALDÉS SUBERCASEAUX,9M,YW.UNIDAD POR EL APRUEBO PS PPD E INDEPENDIENTES,310. JORGE ANDRES CALFUEQUE MARILLANCA,PS,8.0,False
556668,CURARREHUE,CURARREHUE,COMPLEJO EDUCACIONAL MONSEÑOR FRANCISCO VALDÉS SUBERCASEAUX,9M,YW.UNIDAD POR EL APRUEBO PS PPD E INDEPENDIENTES,311. ANA MARISOL MARILLANCA SEPULVEDA,IND,14.0,True
556669,CURARREHUE,CURARREHUE,COMPLEJO EDUCACIONAL MONSEÑOR FRANCISCO VALDÉS SUBERCASEAUX,9M,YW.UNIDAD POR EL APRUEBO PS PPD E INDEPENDIENTES,312. BEATRIZ UBERLINDA CARINAO QUINTONAHUEL,PPD,29.0,True
556670,CURARREHUE,CURARREHUE,COMPLEJO EDUCACIONAL MONSEÑOR FRANCISCO VALDÉS SUBERCASEAUX,9M,YW.UNIDAD POR EL APRUEBO PS PPD E INDEPENDIENTES,313. LUIS GREGORIO CARES APABLAZA,PPD,2.0,False
556671,CURARREHUE,CURARREHUE,COMPLEJO EDUCACIONAL MONSEÑOR FRANCISCO VALDÉS SUBERCASEAUX,9M,YW.UNIDAD POR EL APRUEBO PS PPD E INDEPENDIENTES,314. DANIEL PARRA CALABRANO,PPD,22.0,True
556672,CURARREHUE,CURARREHUE,COMPLEJO EDUCACIONAL MONSEÑOR FRANCISCO VALDÉS SUBERCASEAUX,9M,ZG.CHILE VAMOS EVOPOLI - INDEPENDIENTES,315. TOMAS BREVIS MORALES,EVOPOLI,15.0,False
556673,CURARREHUE,CURARREHUE,COMPLEJO EDUCACIONAL MONSEÑOR FRANCISCO VALDÉS SUBERCASEAUX,9M,ZG.CHILE VAMOS EVOPOLI - INDEPENDIENTES,316. JUAN CARLOS DONOSO OVANDO,IND,4.0,False
556674,CURARREHUE,CURARREHUE,COMPLEJO EDUCACIONAL MONSEÑOR FRANCISCO VALDÉS SUBERCASEAUX,10M,XK.CHILE VAMOS RENOVACION NACIONAL - INDEPENDIENTES,300. CESAR CARRASCO JIMENEZ,RN,21.0,True
556675,CURARREHUE,CURARREHUE,COMPLEJO EDUCACIONAL MONSEÑOR FRANCISCO VALDÉS SUBERCASEAUX,10M,XK.CHILE VAMOS RENOVACION NACIONAL - INDEPENDIENTES,301. NAYADETH VERONICA CONTRERAS JARAMILLO,RN,19.0,True
556676,CURARREHUE,CURARREHUE,COMPLEJO EDUCACIONAL MONSEÑOR FRANCISCO VALDÉS SUBERCASEAUX,10M,XK.CHILE VAMOS RENOVACION NACIONAL - INDEPENDIENTES,302. ALEX ANTILEF PEÑA,RN,4.0,False
556677,CURARREHUE,CURARREHUE,COMPLEJO EDUCACIONAL MONSEÑOR FRANCISCO VALDÉS SUBERCASEAUX,10M,XK.CHILE VAMOS RENOVACION NACIONAL - INDEPENDIENTES,303. MARIA PAMELA MILLAN BURDILES,RN,2.0,False
556678,CURARREHUE,CURARREHUE,COMPLEJO EDUCACIONAL MONSEÑOR FRANCISCO VALDÉS SUBERCASEAUX,10M,XK.CHILE VAMOS RENOVACION NACIONAL - INDEPENDIENTES,304. SONIA MIRIAM SABUGAL SALDAÑA,RN,15.0,True
556679,CURARREHUE,CURARREHUE,COMPLEJO EDUCACIONAL MONSEÑOR FRANCISCO VALDÉS SUBERCASEAUX,10M,XK.CHILE VAMOS RENOVACION NACIONAL - INDEPENDIENTES,305. BERNARDITA QUINTONAHUEL QUINTONAHUEL,IND,8.0,False
556680,CURARREHUE,CURARREHUE,COMPLEJO EDUCACIONAL MONSEÑOR FRANCISCO VALDÉS SUBERCASEAUX,10M,XY.DIGNIDAD AHORA,306. SANDRA FABIOLA RODRIGUEZ ANTIPICHUN,PH,6.0,False
556681,CURARREHUE,CURARREHUE,COMPLEJO EDUCACIONAL MONSEÑOR FRANCISCO VALDÉS SUBERCASEAUX,10M,XY.DIGNIDAD AHORA,307. LUIS DAVID LEFIMAN MONTERO,PH,10.0,False
556682,CURARREHUE,CURARREHUE,COMPLEJO EDUCACIONAL MONSEÑOR FRANCISCO VALDÉS SUBERCASEAUX,10M,YM.CHILE VAMOS - PRI E INDEPENDIENTES,308. LUIS ANDRES PAREDES PAREDES,IND,0.0,False
556683,CURARREHUE,CURARREHUE,COMPLEJO EDUCACIONAL MONSEÑOR FRANCISCO VALDÉS SUBERCASEAUX,10M,YW.UNIDAD POR EL APRUEBO PS PPD E INDEPENDIENTES,309. VERONICA QUINTONAHUEL QUINTONAHUEL,PS,6.0,False
556684,CURARREHUE,CURARREHUE,COMPLEJO EDUCACIONAL MONSEÑOR FRANCISCO VALDÉS SUBERCASEAUX,10M,YW.UNIDAD POR EL APRUEBO PS PPD E INDEPENDIENTES,310. JORGE ANDRES CALFUEQUE MARILLANCA,PS,4.0,False
556685,CURARREHUE,CURARREHUE,COMPLEJO EDUCACIONAL MONSEÑOR FRANCISCO VALDÉS SUBERCASEAUX,10M,YW.UNIDAD POR EL APRUEBO PS PPD E INDEPENDIENTES,311. ANA MARISOL MARILLANCA SEPULVEDA,IND,4.0,True
556686,CURARREHUE,CURARREHUE,COMPLEJO EDUCACIONAL MONSEÑOR FRANCISCO VALDÉS SUBERCASEAUX,10M,YW.UNIDAD POR EL APRUEBO PS PPD E INDEPENDIENTES,312. BEATRIZ UBERLINDA CARINAO QUINTONAHUEL,PPD,19.0,True
556687,CURARREHUE,CURARREHUE,COMPLEJO EDUCACIONAL MONSEÑOR FRANCISCO VALDÉS SUBERCASEAUX,10M,YW.UNIDAD POR EL APRUEBO PS PPD E INDEPENDIENTES,313. LUIS GREGORIO CARES APABLAZA,PPD,1.0,False
556688,CURARREHUE,CURARREHUE,COMPLEJO EDUCACIONAL MONSEÑOR FRANCISCO VALDÉS SUBERCASEAUX,10M,YW.UNIDAD POR EL APRUEBO PS PPD E INDEPENDIENTES,314. DANIEL PARRA CALABRANO,PPD,47.0,True
556689,CURARREHUE,CURARREHUE,COMPLEJO EDUCACIONAL MONSEÑOR FRANCISCO VALDÉS SUBERCASEAUX,10M,ZG.CHILE VAMOS EVOPOLI - INDEPENDIENTES,315. TOMAS BREVIS MORALES,EVOPOLI,8.0,False
556690,CURARREHUE,CURARREHUE,COMPLEJO EDUCACIONAL MONSEÑOR FRANCISCO VALDÉS SUBERCASEAUX,10M,ZG.CHILE VAMOS EVOPOLI - INDEPENDIENTES,316. JUAN CARLOS DONOSO OVANDO,IND,2.0,False
556691,CURARREHUE,CURARREHUE,COMPLEJO EDUCACIONAL MONSEÑOR FRANCISCO VALDÉS SUBERCASEAUX,13,XK.CHILE VAMOS RENOVACION NACIONAL - INDEPENDIENTES,300. CESAR CARRASCO JIMENEZ,RN,16.0,True
556692,CURARREHUE,CURARREHUE,COMPLEJO EDUCACIONAL MONSEÑOR FRANCISCO VALDÉS SUBERCASEAUX,13,XK.CHILE VAMOS RENOVACION NACIONAL - INDEPENDIENTES,301. NAYADETH VERONICA CONTRERAS JARAMILLO,RN,8.0,True
556693,CURARREHUE,CURARREHUE,COMPLEJO EDUCACIONAL MONSEÑOR FRANCISCO VALDÉS SUBERCASEAUX,13,XK.CHILE VAMOS RENOVACION NACIONAL - INDEPENDIENTES,302. ALEX ANTILEF PEÑA,RN,6.0,False
556694,CURARREHUE,CURARREHUE,COMPLEJO EDUCACIONAL MONSEÑOR FRANCISCO VALDÉS SUBERCASEAUX,13,XK.CHILE VAMOS RENOVACION NACIONAL - INDEPENDIENTES,303. MARIA PAMELA MILLAN BURDILES,RN,2.0,False
556695,CURARREHUE,CURARREHUE,COMPLEJO EDUCACIONAL MONSEÑOR FRANCISCO VALDÉS SUBERCASEAUX,13,XK.CHILE VAMOS RENOVACION NACIONAL - INDEPENDIENTES,304. SONIA MIRIAM SABUGAL SALDAÑA,RN,2.0,True
556696,CURARREHUE,CURARREHUE,COMPLEJO EDUCACIONAL MONSEÑOR FRANCISCO VALDÉS SUBERCASEAUX,13,XK.CHILE VAMOS RENOVACION NACIONAL - INDEPENDIENTES,305. BERNARDITA QUINTONAHUEL QUINTONAHUEL,IND,6.0,False
556697,CURARREHUE,CURARREHUE,COMPLEJO EDUCACIONAL MONSEÑOR FRANCISCO VALDÉS SUBERCASEAUX,13,XY.DIGNIDAD AHORA,306. SANDRA FABIOLA RODRIGUEZ ANTIPICHUN,PH,0.0,False
556698,CURARREHUE,CURARREHUE,COMPLEJO EDUCACIONAL MONSEÑOR FRANCISCO VALDÉS SUBERCASEAUX,13,XY.DIGNIDAD AHORA,307. LUIS DAVID LEFIMAN MONTERO,PH,8.0,False
556699,CURARREHUE,CURARREHUE,COMPLEJO EDUCACIONAL MONSEÑOR FRANCISCO VALDÉS SUBERCASEAUX,13,YM.CHILE VAMOS - PRI E INDEPENDIENTES,308. LUIS ANDRES PAREDES PAREDES,IND,3.0,False
556700,CURARREHUE,CURARREHUE,COMPLEJO EDUCACIONAL MONSEÑOR FRANCISCO VALDÉS SUBERCASEAUX,13,YW.UNIDAD POR EL APRUEBO PS PPD E INDEPENDIENTES,309. VERONICA QUINTONAHUEL QUINTONAHUEL,PS,1.0,False
556701,CURARREHUE,CURARREHUE,COMPLEJO EDUCACIONAL MONSEÑOR FRANCISCO VALDÉS SUBERCASEAUX,13,YW.UNIDAD POR EL APRUEBO PS PPD E INDEPENDIENTES,310. JORGE ANDRES CALFUEQUE MARILLANCA,PS,9.0,False
556702,CURARREHUE,CURARREHUE,COMPLEJO EDUCACIONAL MONSEÑOR FRANCISCO VALDÉS SUBERCASEAUX,13,YW.UNIDAD POR EL APRUEBO PS PPD E INDEPENDIENTES,311. ANA MARISOL MARILLANCA SEPULVEDA,IND,6.0,True
556703,CURARREHUE,CURARREHUE,COMPLEJO EDUCACIONAL MONSEÑOR FRANCISCO VALDÉS SUBERCASEAUX,13,YW.UNIDAD POR EL APRUEBO PS PPD E INDEPENDIENTES,312. BEATRIZ UBERLINDA CARINAO QUINTONAHUEL,PPD,6.0,True
556704,CURARREHUE,CURARREHUE,COMPLEJO EDUCACIONAL MONSEÑOR FRANCISCO VALDÉS SUBERCASEAUX,13,YW.UNIDAD POR EL APRUEBO PS PPD E INDEPENDIENTES,313. LUIS GREGORIO CARES APABLAZA,PPD,3.0,False
556705,CURARREHUE,CURARREHUE,COMPLEJO EDUCACIONAL MONSEÑOR FRANCISCO VALDÉS SUBERCASEAUX,13,YW.UNIDAD POR EL APRUEBO PS PPD E INDEPENDIENTES,314. DANIEL PARRA CALABRANO,PPD,39.0,True
556706,CURARREHUE,CURARREHUE,COMPLEJO EDUCACIONAL MONSEÑOR FRANCISCO VALDÉS SUBERCASEAUX,13,ZG.CHILE VAMOS EVOPOLI - INDEPENDIENTES,315. TOMAS BREVIS MORALES,EVOPOLI,6.0,False
556707,CURARREHUE,CURARREHUE,COMPLEJO EDUCACIONAL MONSEÑOR FRANCISCO VALDÉS SUBERCASEAUX,13,ZG.CHILE VAMOS EVOPOLI - INDEPENDIENTES,316. JUAN CARLOS DONOSO OVANDO,IND,2.0,False
556708,CURARREHUE,CURARREHUE,COMPLEJO EDUCACIONAL MONSEÑOR FRANCISCO VALDÉS SUBERCASEAUX,14,XK.CHILE VAMOS RENOVACION NACIONAL - INDEPENDIENTES,300. CESAR CARRASCO JIMENEZ,RN,7.0,True
556709,CURARREHUE,CURARREHUE,COMPLEJO EDUCACIONAL MONSEÑOR FRANCISCO VALDÉS SUBERCASEAUX,14,XK.CHILE VAMOS RENOVACION NACIONAL - INDEPENDIENTES,301. NAYADETH VERONICA CONTRERAS JARAMILLO,RN,12.0,True
556710,CURARREHUE,CURARREHUE,COMPLEJO EDUCACIONAL MONSEÑOR FRANCISCO VALDÉS SUBERCASEAUX,14,XK.CHILE VAMOS RENOVACION NACIONAL - INDEPENDIENTES,302. ALEX ANTILEF PEÑA,RN,7.0,False
556711,CURARREHUE,CURARREHUE,COMPLEJO EDUCACIONAL MONSEÑOR FRANCISCO VALDÉS SUBERCASEAUX,14,XK.CHILE VAMOS RENOVACION NACIONAL - INDEPENDIENTES,303. MARIA PAMELA MILLAN BURDILES,RN,3.0,False
556712,CURARREHUE,CURARREHUE,COMPLEJO EDUCACIONAL MONSEÑOR FRANCISCO VALDÉS SUBERCASEAUX,14,XK.CHILE VAMOS RENOVACION NACIONAL - INDEPENDIENTES,304. SONIA MIRIAM SABUGAL SALDAÑA,RN,14.0,True
556713,CURARREHUE,CURARREHUE,COMPLEJO EDUCACIONAL MONSEÑOR FRANCISCO VALDÉS SUBERCASEAUX,14,XK.CHILE VAMOS RENOVACION NACIONAL - INDEPENDIENTES,305. BERNARDITA QUINTONAHUEL QUINTONAHUEL,IND,3.0,False
556714,CURARREHUE,CURARREHUE,COMPLEJO EDUCACIONAL MONSEÑOR FRANCISCO VALDÉS SUBERCASEAUX,14,XY.DIGNIDAD AHORA,306. SANDRA FABIOLA RODRIGUEZ ANTIPICHUN,PH,6.0,False
556715,CURARREHUE,CURARREHUE,COMPLEJO EDUCACIONAL MONSEÑOR FRANCISCO VALDÉS SUBERCASEAUX,14,XY.DIGNIDAD AHORA,307. LUIS DAVID LEFIMAN MONTERO,PH,4.0,False
556716,CURARREHUE,CURARREHUE,COMPLEJO EDUCACIONAL MONSEÑOR FRANCISCO VALDÉS SUBERCASEAUX,14,YM.CHILE VAMOS - PRI E INDEPENDIENTES,308. LUIS ANDRES PAREDES PAREDES,IND,2.0,False
556717,CURARREHUE,CURARREHUE,COMPLEJO EDUCACIONAL MONSEÑOR FRANCISCO VALDÉS SUBERCASEAUX,14,YW.UNIDAD POR EL APRUEBO PS PPD E INDEPENDIENTES,309. VERONICA QUINTONAHUEL QUINTONAHUEL,PS,7.0,False
556718,CURARREHUE,CURARREHUE,COMPLEJO EDUCACIONAL MONSEÑOR FRANCISCO VALDÉS SUBERCASEAUX,14,YW.UNIDAD POR EL APRUEBO PS PPD E INDEPENDIENTES,310. JORGE ANDRES CALFUEQUE MARILLANCA,PS,6.0,False
556719,CURARREHUE,CURARREHUE,COMPLEJO EDUCACIONAL MONSEÑOR FRANCISCO VALDÉS SUBERCASEAUX,14,YW.UNIDAD POR EL APRUEBO PS PPD E INDEPENDIENTES,311. ANA MARISOL MARILLANCA SEPULVEDA,IND,11.0,True
556720,CURARREHUE,CURARREHUE,COMPLEJO EDUCACIONAL MONSEÑOR FRANCISCO VALDÉS SUBERCASEAUX,14,YW.UNIDAD POR EL APRUEBO PS PPD E INDEPENDIENTES,312. BEATRIZ UBERLINDA CARINAO QUINTONAHUEL,PPD,19.0,True
556721,CURARREHUE,CURARREHUE,COMPLEJO EDUCACIONAL MONSEÑOR FRANCISCO VALDÉS SUBERCASEAUX,14,YW.UNIDAD POR EL APRUEBO PS PPD E INDEPENDIENTES,313. LUIS GREGORIO CARES APABLAZA,PPD,0.0,False
556722,CURARREHUE,CURARREHUE,COMPLEJO EDUCACIONAL MONSEÑOR FRANCISCO VALDÉS SUBERCASEAUX,14,YW.UNIDAD POR EL APRUEBO PS PPD E INDEPENDIENTES,314. DANIEL PARRA CALABRANO,PPD,24.0,True
556723,CURARREHUE,CURARREHUE,COMPLEJO EDUCACIONAL MONSEÑOR FRANCISCO VALDÉS SUBERCASEAUX,14,ZG.CHILE VAMOS EVOPOLI - INDEPENDIENTES,315. TOMAS BREVIS MORALES,EVOPOLI,13.0,False
556724,CURARREHUE,CURARREHUE,COMPLEJO EDUCACIONAL MONSEÑOR FRANCISCO VALDÉS SUBERCASEAUX,14,ZG.CHILE VAMOS EVOPOLI - INDEPENDIENTES,316. JUAN CARLOS DONOSO OVANDO,IND,3.0,False
556725,CURARREHUE,CURARREHUE,COMPLEJO EDUCACIONAL MONSEÑOR FRANCISCO VALDÉS SUBERCASEAUX,15,XK.CHILE VAMOS RENOVACION NACIONAL - INDEPENDIENTES,300. CESAR CARRASCO JIMENEZ,RN,8.0,True
556726,CURARREHUE,CURARREHUE,COMPLEJO EDUCACIONAL MONSEÑOR FRANCISCO VALDÉS SUBERCASEAUX,15,XK.CHILE VAMOS RENOVACION NACIONAL - INDEPENDIENTES,301. NAYADETH VERONICA CONTRERAS JARAMILLO,RN,15.0,True
556727,CURARREHUE,CURARREHUE,COMPLEJO EDUCACIONAL MONSEÑOR FRANCISCO VALDÉS SUBERCASEAUX,15,XK.CHILE VAMOS RENOVACION NACIONAL - INDEPENDIENTES,302. ALEX ANTILEF PEÑA,RN,8.0,False
556728,CURARREHUE,CURARREHUE,COMPLEJO EDUCACIONAL MONSEÑOR FRANCISCO VALDÉS SUBERCASEAUX,15,XK.CHILE VAMOS RENOVACION NACIONAL - INDEPENDIENTES,303. MARIA PAMELA MILLAN BURDILES,RN,1.0,False
556729,CURARREHUE,CURARREHUE,COMPLEJO EDUCACIONAL MONSEÑOR FRANCISCO VALDÉS SUBERCASEAUX,15,XK.CHILE VAMOS RENOVACION NACIONAL - INDEPENDIENTES,304. SONIA MIRIAM SABUGAL SALDAÑA,RN,10.0,True
556730,CURARREHUE,CURARREHUE,COMPLEJO EDUCACIONAL MONSEÑOR FRANCISCO VALDÉS SUBERCASEAUX,15,XK.CHILE VAMOS RENOVACION NACIONAL - INDEPENDIENTES,305. BERNARDITA QUINTONAHUEL QUINTONAHUEL,IND,2.0,False
556731,CURARREHUE,CURARREHUE,COMPLEJO EDUCACIONAL MONSEÑOR FRANCISCO VALDÉS SUBERCASEAUX,15,XY.DIGNIDAD AHORA,306. SANDRA FABIOLA RODRIGUEZ ANTIPICHUN,PH,10.0,False
556732,CURARREHUE,CURARREHUE,COMPLEJO EDUCACIONAL MONSEÑOR FRANCISCO VALDÉS SUBERCASEAUX,15,XY.DIGNIDAD AHORA,307. LUIS DAVID LEFIMAN MONTERO,PH,5.0,False
556733,CURARREHUE,CURARREHUE,COMPLEJO EDUCACIONAL MONSEÑOR FRANCISCO VALDÉS SUBERCASEAUX,15,YM.CHILE VAMOS - PRI E INDEPENDIENTES,308. LUIS ANDRES PAREDES PAREDES,IND,5.0,False
556734,CURARREHUE,CURARREHUE,COMPLEJO EDUCACIONAL MONSEÑOR FRANCISCO VALDÉS SUBERCASEAUX,15,YW.UNIDAD POR EL APRUEBO PS PPD E INDEPENDIENTES,309. VERONICA QUINTONAHUEL QUINTONAHUEL,PS,8.0,False
556735,CURARREHUE,CURARREHUE,COMPLEJO EDUCACIONAL MONSEÑOR FRANCISCO VALDÉS SUBERCASEAUX,15,YW.UNIDAD POR EL APRUEBO PS PPD E INDEPENDIENTES,310. JORGE ANDRES CALFUEQUE MARILLANCA,PS,1.0,False
556736,CURARREHUE,CURARREHUE,COMPLEJO EDUCACIONAL MONSEÑOR FRANCISCO VALDÉS SUBERCASEAUX,15,YW.UNIDAD POR EL APRUEBO PS PPD E INDEPENDIENTES,311. ANA MARISOL MARILLANCA SEPULVEDA,IND,14.0,True
556737,CURARREHUE,CURARREHUE,COMPLEJO EDUCACIONAL MONSEÑOR FRANCISCO VALDÉS SUBERCASEAUX,15,YW.UNIDAD POR EL APRUEBO PS PPD E INDEPENDIENTES,312. BEATRIZ UBERLINDA CARINAO QUINTONAHUEL,PPD,9.0,True
556738,CURARREHUE,CURARREHUE,COMPLEJO EDUCACIONAL MONSEÑOR FRANCISCO VALDÉS SUBERCASEAUX,15,YW.UNIDAD POR EL APRUEBO PS PPD E INDEPENDIENTES,313. LUIS GREGORIO CARES APABLAZA,PPD,0.0,False
556739,CURARREHUE,CURARREHUE,COMPLEJO EDUCACIONAL MONSEÑOR FRANCISCO VALDÉS SUBERCASEAUX,15,YW.UNIDAD POR EL APRUEBO PS PPD E INDEPENDIENTES,314. DANIEL PARRA CALABRANO,PPD,22.0,True
556740,CURARREHUE,CURARREHUE,COMPLEJO EDUCACIONAL MONSEÑOR FRANCISCO VALDÉS SUBERCASEAUX,15,ZG.CHILE VAMOS EVOPOLI - INDEPENDIENTES,315. TOMAS BREVIS MORALES,EVOPOLI,16.0,False
556741,CURARREHUE,CURARREHUE,COMPLEJO EDUCACIONAL MONSEÑOR FRANCISCO VALDÉS SUBERCASEAUX,15,ZG.CHILE VAMOS EVOPOLI - INDEPENDIENTES,316. JUAN CARLOS DONOSO OVANDO,IND,2.0,False
556742,CURARREHUE,CURARREHUE,COMPLEJO EDUCACIONAL RUKA NGEN,1V,XK.CHILE VAMOS RENOVACION NACIONAL - INDEPENDIENTES,300. CESAR CARRASCO JIMENEZ,RN,10.0,True
556743,CURARREHUE,CURARREHUE,COMPLEJO EDUCACIONAL RUKA NGEN,1V,XK.CHILE VAMOS RENOVACION NACIONAL - INDEPENDIENTES,301. NAYADETH VERONICA CONTRERAS JARAMILLO,RN,10.0,True
556744,CURARREHUE,CURARREHUE,COMPLEJO EDUCACIONAL RUKA NGEN,1V,XK.CHILE VAMOS RENOVACION NACIONAL - INDEPENDIENTES,302. ALEX ANTILEF PEÑA,RN,4.0,False
556745,CURARREHUE,CURARREHUE,COMPLEJO EDUCACIONAL RUKA NGEN,1V,XK.CHILE VAMOS RENOVACION NACIONAL - INDEPENDIENTES,303. MARIA PAMELA MILLAN BURDILES,RN,4.0,False
556746,CURARREHUE,CURARREHUE,COMPLEJO EDUCACIONAL RUKA NGEN,1V,XK.CHILE VAMOS RENOVACION NACIONAL - INDEPENDIENTES,304. SONIA MIRIAM SABUGAL SALDAÑA,RN,11.0,True
556747,CURARREHUE,CURARREHUE,COMPLEJO EDUCACIONAL RUKA NGEN,1V,XK.CHILE VAMOS RENOVACION NACIONAL - INDEPENDIENTES,305. BERNARDITA QUINTONAHUEL QUINTONAHUEL,IND,4.0,False
556748,CURARREHUE,CURARREHUE,COMPLEJO EDUCACIONAL RUKA NGEN,1V,XY.DIGNIDAD AHORA,306. SANDRA FABIOLA RODRIGUEZ ANTIPICHUN,PH,2.0,False
556749,CURARREHUE,CURARREHUE,COMPLEJO EDUCACIONAL RUKA NGEN,1V,XY.DIGNIDAD AHORA,307. LUIS DAVID LEFIMAN MONTERO,PH,4.0,False
556750,CURARREHUE,CURARREHUE,COMPLEJO EDUCACIONAL RUKA NGEN,1V,YM.CHILE VAMOS - PRI E INDEPENDIENTES,308. LUIS ANDRES PAREDES PAREDES,IND,6.0,False
556751,CURARREHUE,CURARREHUE,COMPLEJO EDUCACIONAL RUKA NGEN,1V,YW.UNIDAD POR EL APRUEBO PS PPD E INDEPENDIENTES,309. VERONICA QUINTONAHUEL QUINTONAHUEL,PS,3.0,False
556752,CURARREHUE,CURARREHUE,COMPLEJO EDUCACIONAL RUKA NGEN,1V,YW.UNIDAD POR EL APRUEBO PS PPD E INDEPENDIENTES,310. JORGE ANDRES CALFUEQUE MARILLANCA,PS,4.0,False
556753,CURARREHUE,CURARREHUE,COMPLEJO EDUCACIONAL RUKA NGEN,1V,YW.UNIDAD POR EL APRUEBO PS PPD E INDEPENDIENTES,311. ANA MARISOL MARILLANCA SEPULVEDA,IND,6.0,True
556754,CURARREHUE,CURARREHUE,COMPLEJO EDUCACIONAL RUKA NGEN,1V,YW.UNIDAD POR EL APRUEBO PS PPD E INDEPENDIENTES,312. BEATRIZ UBERLINDA CARINAO QUINTONAHUEL,PPD,8.0,True
556755,CURARREHUE,CURARREHUE,COMPLEJO EDUCACIONAL RUKA NGEN,1V,YW.UNIDAD POR EL APRUEBO PS PPD E INDEPENDIENTES,313. LUIS GREGORIO CARES APABLAZA,PPD,0.0,False
556756,CURARREHUE,CURARREHUE,COMPLEJO EDUCACIONAL RUKA NGEN,1V,YW.UNIDAD POR EL APRUEBO PS PPD E INDEPENDIENTES,314. DANIEL PARRA CALABRANO,PPD,13.0,True
556757,CURARREHUE,CURARREHUE,COMPLEJO EDUCACIONAL RUKA NGEN,1V,ZG.CHILE VAMOS EVOPOLI - INDEPENDIENTES,315. TOMAS BREVIS MORALES,EVOPOLI,6.0,False
556758,CURARREHUE,CURARREHUE,COMPLEJO EDUCACIONAL RUKA NGEN,1V,ZG.CHILE VAMOS EVOPOLI - INDEPENDIENTES,316. JUAN CARLOS DONOSO OVANDO,IND,1.0,False
556759,CURARREHUE,CURARREHUE,COMPLEJO EDUCACIONAL RUKA NGEN,2V,XK.CHILE VAMOS RENOVACION NACIONAL - INDEPENDIENTES,300. CESAR CARRASCO JIMENEZ,RN,18.0,True
556760,CURARREHUE,CURARREHUE,COMPLEJO EDUCACIONAL RUKA NGEN,2V,XK.CHILE VAMOS RENOVACION NACIONAL - INDEPENDIENTES,301. NAYADETH VERONICA CONTRERAS JARAMILLO,RN,10.0,True
556761,CURARREHUE,CURARREHUE,COMPLEJO EDUCACIONAL RUKA NGEN,2V,XK.CHILE VAMOS RENOVACION NACIONAL - INDEPENDIENTES,302. ALEX ANTILEF PEÑA,RN,12.0,False
556762,CURARREHUE,CURARREHUE,COMPLEJO EDUCACIONAL RUKA NGEN,2V,XK.CHILE VAMOS RENOVACION NACIONAL - INDEPENDIENTES,303. MARIA PAMELA MILLAN BURDILES,RN,2.0,False
556763,CURARREHUE,CURARREHUE,COMPLEJO EDUCACIONAL RUKA NGEN,2V,XK.CHILE VAMOS RENOVACION NACIONAL - INDEPENDIENTES,304. SONIA MIRIAM SABUGAL SALDAÑA,RN,7.0,True
556764,CURARREHUE,CURARREHUE,COMPLEJO EDUCACIONAL RUKA NGEN,2V,XK.CHILE VAMOS RENOVACION NACIONAL - INDEPENDIENTES,305. BERNARDITA QUINTONAHUEL QUINTONAHUEL,IND,3.0,False
556765,CURARREHUE,CURARREHUE,COMPLEJO EDUCACIONAL RUKA NGEN,2V,XY.DIGNIDAD AHORA,306. SANDRA FABIOLA RODRIGUEZ ANTIPICHUN,PH,3.0,False
556766,CURARREHUE,CURARREHUE,COMPLEJO EDUCACIONAL RUKA NGEN,2V,XY.DIGNIDAD AHORA,307. LUIS DAVID LEFIMAN MONTERO,PH,1.0,False
556767,CURARREHUE,CURARREHUE,COMPLEJO EDUCACIONAL RUKA NGEN,2V,YM.CHILE VAMOS - PRI E INDEPENDIENTES,308. LUIS ANDRES PAREDES PAREDES,IND,3.0,False
556768,CURARREHUE,CURARREHUE,COMPLEJO EDUCACIONAL RUKA NGEN,2V,YW.UNIDAD POR EL APRUEBO PS PPD E INDEPENDIENTES,309. VERONICA QUINTONAHUEL QUINTONAHUEL,PS,4.0,False
556769,CURARREHUE,CURARREHUE,COMPLEJO EDUCACIONAL RUKA NGEN,2V,YW.UNIDAD POR EL APRUEBO PS PPD E INDEPENDIENTES,310. JORGE ANDRES CALFUEQUE MARILLANCA,PS,6.0,False
556770,CURARREHUE,CURARREHUE,COMPLEJO EDUCACIONAL RUKA NGEN,2V,YW.UNIDAD POR EL APRUEBO PS PPD E INDEPENDIENTES,311. ANA MARISOL MARILLANCA SEPULVEDA,IND,12.0,True
556771,CURARREHUE,CURARREHUE,COMPLEJO EDUCACIONAL RUKA NGEN,2V,YW.UNIDAD POR EL APRUEBO PS PPD E INDEPENDIENTES,312. BEATRIZ UBERLINDA CARINAO QUINTONAHUEL,PPD,11.0,True
556772,CURARREHUE,CURARREHUE,COMPLEJO EDUCACIONAL RUKA NGEN,2V,YW.UNIDAD POR EL APRUEBO PS PPD E INDEPENDIENTES,313. LUIS GREGORIO CARES APABLAZA,PPD,0.0,False
556773,CURARREHUE,CURARREHUE,COMPLEJO EDUCACIONAL RUKA NGEN,2V,YW.UNIDAD POR EL APRUEBO PS PPD E INDEPENDIENTES,314. DANIEL PARRA CALABRANO,PPD,17.0,True
556774,CURARREHUE,CURARREHUE,COMPLEJO EDUCACIONAL RUKA NGEN,2V,ZG.CHILE VAMOS EVOPOLI - INDEPENDIENTES,315. TOMAS BREVIS MORALES,EVOPOLI,7.0,False
556775,CURARREHUE,CURARREHUE,COMPLEJO EDUCACIONAL RUKA NGEN,2V,ZG.CHILE VAMOS EVOPOLI - INDEPENDIENTES,316. JUAN CARLOS DONOSO OVANDO,IND,2.0,False
556776,CURARREHUE,CURARREHUE,COMPLEJO EDUCACIONAL RUKA NGEN,3V,XK.CHILE VAMOS RENOVACION NACIONAL - INDEPENDIENTES,300. CESAR CARRASCO JIMENEZ,RN,20.0,True
556777,CURARREHUE,CURARREHUE,COMPLEJO EDUCACIONAL RUKA NGEN,3V,XK.CHILE VAMOS RENOVACION NACIONAL - INDEPENDIENTES,301. NAYADETH VERONICA CONTRERAS JARAMILLO,RN,6.0,True
556778,CURARREHUE,CURARREHUE,COMPLEJO EDUCACIONAL RUKA NGEN,3V,XK.CHILE VAMOS RENOVACION NACIONAL - INDEPENDIENTES,302. ALEX ANTILEF PEÑA,RN,11.0,False
556779,CURARREHUE,CURARREHUE,COMPLEJO EDUCACIONAL RUKA NGEN,3V,XK.CHILE VAMOS RENOVACION NACIONAL - INDEPENDIENTES,303. MARIA PAMELA MILLAN BURDILES,RN,2.0,False
556780,CURARREHUE,CURARREHUE,COMPLEJO EDUCACIONAL RUKA NGEN,3V,XK.CHILE VAMOS RENOVACION NACIONAL - INDEPENDIENTES,304. SONIA MIRIAM SABUGAL SALDAÑA,RN,9.0,True
556781,CURARREHUE,CURARREHUE,COMPLEJO EDUCACIONAL RUKA NGEN,3V,XK.CHILE VAMOS RENOVACION NACIONAL - INDEPENDIENTES,305. BERNARDITA QUINTONAHUEL QUINTONAHUEL,IND,3.0,False
556782,CURARREHUE,CURARREHUE,COMPLEJO EDUCACIONAL RUKA NGEN,3V,XY.DIGNIDAD AHORA,306. SANDRA FABIOLA RODRIGUEZ ANTIPICHUN,PH,5.0,False
556783,CURARREHUE,CURARREHUE,COMPLEJO EDUCACIONAL RUKA NGEN,3V,XY.DIGNIDAD AHORA,307. LUIS DAVID LEFIMAN MONTERO,PH,3.0,False
556784,CURARREHUE,CURARREHUE,COMPLEJO EDUCACIONAL RUKA NGEN,3V,YM.CHILE VAMOS - PRI E INDEPENDIENTES,308. LUIS ANDRES PAREDES PAREDES,IND,2.0,False
556785,CURARREHUE,CURARREHUE,COMPLEJO EDUCACIONAL RUKA NGEN,3V,YW.UNIDAD POR EL APRUEBO PS PPD E INDEPENDIENTES,309. VERONICA QUINTONAHUEL QUINTONAHUEL,PS,4.0,False
556786,CURARREHUE,CURARREHUE,COMPLEJO EDUCACIONAL RUKA NGEN,3V,YW.UNIDAD POR EL APRUEBO PS PPD E INDEPENDIENTES,310. JORGE ANDRES CALFUEQUE MARILLANCA,PS,14.0,False
556787,CURARREHUE,CURARREHUE,COMPLEJO EDUCACIONAL RUKA NGEN,3V,YW.UNIDAD POR EL APRUEBO PS PPD E INDEPENDIENTES,311. ANA MARISOL MARILLANCA SEPULVEDA,IND,5.0,True
556788,CURARREHUE,CURARREHUE,COMPLEJO EDUCACIONAL RUKA NGEN,3V,YW.UNIDAD POR EL APRUEBO PS PPD E INDEPENDIENTES,312. BEATRIZ UBERLINDA CARINAO QUINTONAHUEL,PPD,10.0,True
556789,CURARREHUE,CURARREHUE,COMPLEJO EDUCACIONAL RUKA NGEN,3V,YW.UNIDAD POR EL APRUEBO PS PPD E INDEPENDIENTES,313. LUIS GREGORIO CARES APABLAZA,PPD,2.0,False
556790,CURARREHUE,CURARREHUE,COMPLEJO EDUCACIONAL RUKA NGEN,3V,YW.UNIDAD POR EL APRUEBO PS PPD E INDEPENDIENTES,314. DANIEL PARRA CALABRANO,PPD,12.0,True
556791,CURARREHUE,CURARREHUE,COMPLEJO EDUCACIONAL RUKA NGEN,3V,ZG.CHILE VAMOS EVOPOLI - INDEPENDIENTES,315. TOMAS BREVIS MORALES,EVOPOLI,4.0,False
556792,CURARREHUE,CURARREHUE,COMPLEJO EDUCACIONAL RUKA NGEN,3V,ZG.CHILE VAMOS EVOPOLI - INDEPENDIENTES,316. JUAN CARLOS DONOSO OVANDO,IND,0.0,False
556793,CURARREHUE,CURARREHUE,COMPLEJO EDUCACIONAL RUKA NGEN,4V,XK.CHILE VAMOS RENOVACION NACIONAL - INDEPENDIENTES,300. CESAR CARRASCO JIMENEZ,RN,20.0,True
556794,CURARREHUE,CURARREHUE,COMPLEJO EDUCACIONAL RUKA NGEN,4V,XK.CHILE VAMOS RENOVACION NACIONAL - INDEPENDIENTES,301. NAYADETH VERONICA CONTRERAS JARAMILLO,RN,14.0,True
556795,CURARREHUE,CURARREHUE,COMPLEJO EDUCACIONAL RUKA NGEN,4V,XK.CHILE VAMOS RENOVACION NACIONAL - INDEPENDIENTES,302. ALEX ANTILEF PEÑA,RN,9.0,False
556796,CURARREHUE,CURARREHUE,COMPLEJO EDUCACIONAL RUKA NGEN,4V,XK.CHILE VAMOS RENOVACION NACIONAL - INDEPENDIENTES,303. MARIA PAMELA MILLAN BURDILES,RN,2.0,False
556797,CURARREHUE,CURARREHUE,COMPLEJO EDUCACIONAL RUKA NGEN,4V,XK.CHILE VAMOS RENOVACION NACIONAL - INDEPENDIENTES,304. SONIA MIRIAM SABUGAL SALDAÑA,RN,15.0,True
556798,CURARREHUE,CURARREHUE,COMPLEJO EDUCACIONAL RUKA NGEN,4V,XK.CHILE VAMOS RENOVACION NACIONAL - INDEPENDIENTES,305. BERNARDITA QUINTONAHUEL QUINTONAHUEL,IND,3.0,False
556799,CURARREHUE,CURARREHUE,COMPLEJO EDUCACIONAL RUKA NGEN,4V,XY.DIGNIDAD AHORA,306. SANDRA FABIOLA RODRIGUEZ ANTIPICHUN,PH,1.0,False
556800,CURARREHUE,CURARREHUE,COMPLEJO EDUCACIONAL RUKA NGEN,4V,XY.DIGNIDAD AHORA,307. LUIS DAVID LEFIMAN MONTERO,PH,2.0,False
556801,CURARREHUE,CURARREHUE,COMPLEJO EDUCACIONAL RUKA NGEN,4V,YM.CHILE VAMOS - PRI E INDEPENDIENTES,308. LUIS ANDRES PAREDES PAREDES,IND,4.0,False
556802,CURARREHUE,CURARREHUE,COMPLEJO EDUCACIONAL RUKA NGEN,4V,YW.UNIDAD POR EL APRUEBO PS PPD E INDEPENDIENTES,309. VERONICA QUINTONAHUEL QUINTONAHUEL,PS,1.0,False
556803,CURARREHUE,CURARREHUE,COMPLEJO EDUCACIONAL RUKA NGEN,4V,YW.UNIDAD POR EL APRUEBO PS PPD E INDEPENDIENTES,310. JORGE ANDRES CALFUEQUE MARILLANCA,PS,8.0,False
556804,CURARREHUE,CURARREHUE,COMPLEJO EDUCACIONAL RUKA NGEN,4V,YW.UNIDAD POR EL APRUEBO PS PPD E INDEPENDIENTES,311. ANA MARISOL MARILLANCA SEPULVEDA,IND,6.0,True
556805,CURARREHUE,CURARREHUE,COMPLEJO EDUCACIONAL RUKA NGEN,4V,YW.UNIDAD POR EL APRUEBO PS PPD E INDEPENDIENTES,312. BEATRIZ UBERLINDA CARINAO QUINTONAHUEL,PPD,17.0,True
556806,CURARREHUE,CURARREHUE,COMPLEJO EDUCACIONAL RUKA NGEN,4V,YW.UNIDAD POR EL APRUEBO PS PPD E INDEPENDIENTES,313. LUIS GREGORIO CARES APABLAZA,PPD,5.0,False
556807,CURARREHUE,CURARREHUE,COMPLEJO EDUCACIONAL RUKA NGEN,4V,YW.UNIDAD POR EL APRUEBO PS PPD E INDEPENDIENTES,314. DANIEL PARRA CALABRANO,PPD,13.0,True
556808,CURARREHUE,CURARREHUE,COMPLEJO EDUCACIONAL RUKA NGEN,4V,ZG.CHILE VAMOS EVOPOLI - INDEPENDIENTES,315. TOMAS BREVIS MORALES,EVOPOLI,8.0,False
556809,CURARREHUE,CURARREHUE,COMPLEJO EDUCACIONAL RUKA NGEN,4V,ZG.CHILE VAMOS EVOPOLI - INDEPENDIENTES,316. JUAN CARLOS DONOSO OVANDO,IND,2.0,False
556810,CURARREHUE,CURARREHUE,COMPLEJO EDUCACIONAL RUKA NGEN,5V,XK.CHILE VAMOS RENOVACION NACIONAL - INDEPENDIENTES,300. CESAR CARRASCO JIMENEZ,RN,19.0,True
556811,CURARREHUE,CURARREHUE,COMPLEJO EDUCACIONAL RUKA NGEN,5V,XK.CHILE VAMOS RENOVACION NACIONAL - INDEPENDIENTES,301. NAYADETH VERONICA CONTRERAS JARAMILLO,RN,13.0,True
556812,CURARREHUE,CURARREHUE,COMPLEJO EDUCACIONAL RUKA NGEN,5V,XK.CHILE VAMOS RENOVACION NACIONAL - INDEPENDIENTES,302. ALEX ANTILEF PEÑA,RN,6.0,False
556813,CURARREHUE,CURARREHUE,COMPLEJO EDUCACIONAL RUKA NGEN,5V,XK.CHILE VAMOS RENOVACION NACIONAL - INDEPENDIENTES,303. MARIA PAMELA MILLAN BURDILES,RN,6.0,False
556814,CURARREHUE,CURARREHUE,COMPLEJO EDUCACIONAL RUKA NGEN,5V,XK.CHILE VAMOS RENOVACION NACIONAL - INDEPENDIENTES,304. SONIA MIRIAM SABUGAL SALDAÑA,RN,14.0,True
556815,CURARREHUE,CURARREHUE,COMPLEJO EDUCACIONAL RUKA NGEN,5V,XK.CHILE VAMOS RENOVACION NACIONAL - INDEPENDIENTES,305. BERNARDITA QUINTONAHUEL QUINTONAHUEL,IND,5.0,False
556816,CURARREHUE,CURARREHUE,COMPLEJO EDUCACIONAL RUKA NGEN,5V,XY.DIGNIDAD AHORA,306. SANDRA FABIOLA RODRIGUEZ ANTIPICHUN,PH,2.0,False
556817,CURARREHUE,CURARREHUE,COMPLEJO EDUCACIONAL RUKA NGEN,5V,XY.DIGNIDAD AHORA,307. LUIS DAVID LEFIMAN MONTERO,PH,1.0,False
556818,CURARREHUE,CURARREHUE,COMPLEJO EDUCACIONAL RUKA NGEN,5V,YM.CHILE VAMOS - PRI E INDEPENDIENTES,308. LUIS ANDRES PAREDES PAREDES,IND,3.0,False
556819,CURARREHUE,CURARREHUE,COMPLEJO EDUCACIONAL RUKA NGEN,5V,YW.UNIDAD POR EL APRUEBO PS PPD E INDEPENDIENTES,309. VERONICA QUINTONAHUEL QUINTONAHUEL,PS,4.0,False
556820,CURARREHUE,CURARREHUE,COMPLEJO EDUCACIONAL RUKA NGEN,5V,YW.UNIDAD POR EL APRUEBO PS PPD E INDEPENDIENTES,310. JORGE ANDRES CALFUEQUE MARILLANCA,PS,4.0,False
556821,CURARREHUE,CURARREHUE,COMPLEJO EDUCACIONAL RUKA NGEN,5V,YW.UNIDAD POR EL APRUEBO PS PPD E INDEPENDIENTES,311. ANA MARISOL MARILLANCA SEPULVEDA,IND,9.0,True
556822,CURARREHUE,CURARREHUE,COMPLEJO EDUCACIONAL RUKA NGEN,5V,YW.UNIDAD POR EL APRUEBO PS PPD E INDEPENDIENTES,312. BEATRIZ UBERLINDA CARINAO QUINTONAHUEL,PPD,22.0,True
556823,CURARREHUE,CURARREHUE,COMPLEJO EDUCACIONAL RUKA NGEN,5V,YW.UNIDAD POR EL APRUEBO PS PPD E INDEPENDIENTES,313. LUIS GREGORIO CARES APABLAZA,PPD,3.0,False
556824,CURARREHUE,CURARREHUE,COMPLEJO EDUCACIONAL RUKA NGEN,5V,YW.UNIDAD POR EL APRUEBO PS PPD E INDEPENDIENTES,314. DANIEL PARRA CALABRANO,PPD,21.0,True
556825,CURARREHUE,CURARREHUE,COMPLEJO EDUCACIONAL RUKA NGEN,5V,ZG.CHILE VAMOS EVOPOLI - INDEPENDIENTES,315. TOMAS BREVIS MORALES,EVOPOLI,8.0,False
556826,CURARREHUE,CURARREHUE,COMPLEJO EDUCACIONAL RUKA NGEN,5V,ZG.CHILE VAMOS EVOPOLI - INDEPENDIENTES,316. JUAN CARLOS DONOSO OVANDO,IND,3.0,False
556827,CURARREHUE,CURARREHUE,COMPLEJO EDUCACIONAL RUKA NGEN,6V,XK.CHILE VAMOS RENOVACION NACIONAL - INDEPENDIENTES,300. CESAR CARRASCO JIMENEZ,RN,28.0,True
556828,CURARREHUE,CURARREHUE,COMPLEJO EDUCACIONAL RUKA NGEN,6V,XK.CHILE VAMOS RENOVACION NACIONAL - INDEPENDIENTES,301. NAYADETH VERONICA CONTRERAS JARAMILLO,RN,10.0,True
556829,CURARREHUE,CURARREHUE,COMPLEJO EDUCACIONAL RUKA NGEN,6V,XK.CHILE VAMOS RENOVACION NACIONAL - INDEPENDIENTES,302. ALEX ANTILEF PEÑA,RN,11.0,False
556830,CURARREHUE,CURARREHUE,COMPLEJO EDUCACIONAL RUKA NGEN,6V,XK.CHILE VAMOS RENOVACION NACIONAL - INDEPENDIENTES,303. MARIA PAMELA MILLAN BURDILES,RN,1.0,False
556831,CURARREHUE,CURARREHUE,COMPLEJO EDUCACIONAL RUKA NGEN,6V,XK.CHILE VAMOS RENOVACION NACIONAL - INDEPENDIENTES,304. SONIA MIRIAM SABUGAL SALDAÑA,RN,16.0,True
556832,CURARREHUE,CURARREHUE,COMPLEJO EDUCACIONAL RUKA NGEN,6V,XK.CHILE VAMOS RENOVACION NACIONAL - INDEPENDIENTES,305. BERNARDITA QUINTONAHUEL QUINTONAHUEL,IND,4.0,False
556833,CURARREHUE,CURARREHUE,COMPLEJO EDUCACIONAL RUKA NGEN,6V,XY.DIGNIDAD AHORA,306. SANDRA FABIOLA RODRIGUEZ ANTIPICHUN,PH,3.0,False
556834,CURARREHUE,CURARREHUE,COMPLEJO EDUCACIONAL RUKA NGEN,6V,XY.DIGNIDAD AHORA,307. LUIS DAVID LEFIMAN MONTERO,PH,1.0,False
556835,CURARREHUE,CURARREHUE,COMPLEJO EDUCACIONAL RUKA NGEN,6V,YM.CHILE VAMOS - PRI E INDEPENDIENTES,308. LUIS ANDRES PAREDES PAREDES,IND,4.0,False
556836,CURARREHUE,CURARREHUE,COMPLEJO EDUCACIONAL RUKA NGEN,6V,YW.UNIDAD POR EL APRUEBO PS PPD E INDEPENDIENTES,309. VERONICA QUINTONAHUEL QUINTONAHUEL,PS,9.0,False
556837,CURARREHUE,CURARREHUE,COMPLEJO EDUCACIONAL RUKA NGEN,6V,YW.UNIDAD POR EL APRUEBO PS PPD E INDEPENDIENTES,310. JORGE ANDRES CALFUEQUE MARILLANCA,PS,6.0,False
556838,CURARREHUE,CURARREHUE,COMPLEJO EDUCACIONAL RUKA NGEN,6V,YW.UNIDAD POR EL APRUEBO PS PPD E INDEPENDIENTES,311. ANA MARISOL MARILLANCA SEPULVEDA,IND,11.0,True
556839,CURARREHUE,CURARREHUE,COMPLEJO EDUCACIONAL RUKA NGEN,6V,YW.UNIDAD POR EL APRUEBO PS PPD E INDEPENDIENTES,312. BEATRIZ UBERLINDA CARINAO QUINTONAHUEL,PPD,15.0,True
556840,CURARREHUE,CURARREHUE,COMPLEJO EDUCACIONAL RUKA NGEN,6V,YW.UNIDAD POR EL APRUEBO PS PPD E INDEPENDIENTES,313. LUIS GREGORIO CARES APABLAZA,PPD,3.0,False
556841,CURARREHUE,CURARREHUE,COMPLEJO EDUCACIONAL RUKA NGEN,6V,YW.UNIDAD POR EL APRUEBO PS PPD E INDEPENDIENTES,314. DANIEL PARRA CALABRANO,PPD,35.0,True
556842,CURARREHUE,CURARREHUE,COMPLEJO EDUCACIONAL RUKA NGEN,6V,ZG.CHILE VAMOS EVOPOLI - INDEPENDIENTES,315. TOMAS BREVIS MORALES,EVOPOLI,10.0,False
556843,CURARREHUE,CURARREHUE,COMPLEJO EDUCACIONAL RUKA NGEN,6V,ZG.CHILE VAMOS EVOPOLI - INDEPENDIENTES,316. JUAN CARLOS DONOSO OVANDO,IND,4.0,False
556844,CURARREHUE,CURARREHUE,COMPLEJO EDUCACIONAL RUKA NGEN,7V,XK.CHILE VAMOS RENOVACION NACIONAL - INDEPENDIENTES,300. CESAR CARRASCO JIMENEZ,RN,31.0,True
556845,CURARREHUE,CURARREHUE,COMPLEJO EDUCACIONAL RUKA NGEN,7V,XK.CHILE VAMOS RENOVACION NACIONAL - INDEPENDIENTES,301. NAYADETH VERONICA CONTRERAS JARAMILLO,RN,21.0,True
556846,CURARREHUE,CURARREHUE,COMPLEJO EDUCACIONAL RUKA NGEN,7V,XK.CHILE VAMOS RENOVACION NACIONAL - INDEPENDIENTES,302. ALEX ANTILEF PEÑA,RN,10.0,False
556847,CURARREHUE,CURARREHUE,COMPLEJO EDUCACIONAL RUKA NGEN,7V,XK.CHILE VAMOS RENOVACION NACIONAL - INDEPENDIENTES,303. MARIA PAMELA MILLAN BURDILES,RN,2.0,False
556848,CURARREHUE,CURARREHUE,COMPLEJO EDUCACIONAL RUKA NGEN,7V,XK.CHILE VAMOS RENOVACION NACIONAL - INDEPENDIENTES,304. SONIA MIRIAM SABUGAL SALDAÑA,RN,9.0,True
556849,CURARREHUE,CURARREHUE,COMPLEJO EDUCACIONAL RUKA NGEN,7V,XK.CHILE VAMOS RENOVACION NACIONAL - INDEPENDIENTES,305. BERNARDITA QUINTONAHUEL QUINTONAHUEL,IND,10.0,False
556850,CURARREHUE,CURARREHUE,COMPLEJO EDUCACIONAL RUKA NGEN,7V,XY.DIGNIDAD AHORA,306. SANDRA FABIOLA RODRIGUEZ ANTIPICHUN,PH,5.0,False
556851,CURARREHUE,CURARREHUE,COMPLEJO EDUCACIONAL RUKA NGEN,7V,XY.DIGNIDAD AHORA,307. LUIS DAVID LEFIMAN MONTERO,PH,2.0,False
556852,CURARREHUE,CURARREHUE,COMPLEJO EDUCACIONAL RUKA NGEN,7V,YM.CHILE VAMOS - PRI E INDEPENDIENTES,308. LUIS ANDRES PAREDES PAREDES,IND,5.0,False
556853,CURARREHUE,CURARREHUE,COMPLEJO EDUCACIONAL RUKA NGEN,7V,YW.UNIDAD POR EL APRUEBO PS PPD E INDEPENDIENTES,309. VERONICA QUINTONAHUEL QUINTONAHUEL,PS,7.0,False
556854,CURARREHUE,CURARREHUE,COMPLEJO EDUCACIONAL RUKA NGEN,7V,YW.UNIDAD POR EL APRUEBO PS PPD E INDEPENDIENTES,310. JORGE ANDRES CALFUEQUE MARILLANCA,PS,3.0,False
556855,CURARREHUE,CURARREHUE,COMPLEJO EDUCACIONAL RUKA NGEN,7V,YW.UNIDAD POR EL APRUEBO PS PPD E INDEPENDIENTES,311. ANA MARISOL MARILLANCA SEPULVEDA,IND,9.0,True
556856,CURARREHUE,CURARREHUE,COMPLEJO EDUCACIONAL RUKA NGEN,7V,YW.UNIDAD POR EL APRUEBO PS PPD E INDEPENDIENTES,312. BEATRIZ UBERLINDA CARINAO QUINTONAHUEL,PPD,13.0,True
556857,CURARREHUE,CURARREHUE,COMPLEJO EDUCACIONAL RUKA NGEN,7V,YW.UNIDAD POR EL APRUEBO PS PPD E INDEPENDIENTES,313. LUIS GREGORIO CARES APABLAZA,PPD,1.0,False
556858,CURARREHUE,CURARREHUE,COMPLEJO EDUCACIONAL RUKA NGEN,7V,YW.UNIDAD POR EL APRUEBO PS PPD E INDEPENDIENTES,314. DANIEL PARRA CALABRANO,PPD,32.0,True
556859,CURARREHUE,CURARREHUE,COMPLEJO EDUCACIONAL RUKA NGEN,7V,ZG.CHILE VAMOS EVOPOLI - INDEPENDIENTES,315. TOMAS BREVIS MORALES,EVOPOLI,7.0,False
556860,CURARREHUE,CURARREHUE,COMPLEJO EDUCACIONAL RUKA NGEN,7V,ZG.CHILE VAMOS EVOPOLI - INDEPENDIENTES,316. JUAN CARLOS DONOSO OVANDO,IND,2.0,False
556861,CURARREHUE,CURARREHUE,COMPLEJO EDUCACIONAL RUKA NGEN,8V,XK.CHILE VAMOS RENOVACION NACIONAL - INDEPENDIENTES,300. CESAR CARRASCO JIMENEZ,RN,29.0,True
556862,CURARREHUE,CURARREHUE,COMPLEJO EDUCACIONAL RUKA NGEN,8V,XK.CHILE VAMOS RENOVACION NACIONAL - INDEPENDIENTES,301. NAYADETH VERONICA CONTRERAS JARAMILLO,RN,25.0,True
556863,CURARREHUE,CURARREHUE,COMPLEJO EDUCACIONAL RUKA NGEN,8V,XK.CHILE VAMOS RENOVACION NACIONAL - INDEPENDIENTES,302. ALEX ANTILEF PEÑA,RN,8.0,False
556864,CURARREHUE,CURARREHUE,COMPLEJO EDUCACIONAL RUKA NGEN,8V,XK.CHILE VAMOS RENOVACION NACIONAL - INDEPENDIENTES,303. MARIA PAMELA MILLAN BURDILES,RN,0.0,False
556865,CURARREHUE,CURARREHUE,COMPLEJO EDUCACIONAL RUKA NGEN,8V,XK.CHILE VAMOS RENOVACION NACIONAL - INDEPENDIENTES,304. SONIA MIRIAM SABUGAL SALDAÑA,RN,9.0,True
556866,CURARREHUE,CURARREHUE,COMPLEJO EDUCACIONAL RUKA NGEN,8V,XK.CHILE VAMOS RENOVACION NACIONAL - INDEPENDIENTES,305. BERNARDITA QUINTONAHUEL QUINTONAHUEL,IND,8.0,False
556867,CURARREHUE,CURARREHUE,COMPLEJO EDUCACIONAL RUKA NGEN,8V,XY.DIGNIDAD AHORA,306. SANDRA FABIOLA RODRIGUEZ ANTIPICHUN,PH,4.0,False
556868,CURARREHUE,CURARREHUE,COMPLEJO EDUCACIONAL RUKA NGEN,8V,XY.DIGNIDAD AHORA,307. LUIS DAVID LEFIMAN MONTERO,PH,7.0,False
556869,CURARREHUE,CURARREHUE,COMPLEJO EDUCACIONAL RUKA NGEN,8V,YM.CHILE VAMOS - PRI E INDEPENDIENTES,308. LUIS ANDRES PAREDES PAREDES,IND,2.0,False
556870,CURARREHUE,CURARREHUE,COMPLEJO EDUCACIONAL RUKA NGEN,8V,YW.UNIDAD POR EL APRUEBO PS PPD E INDEPENDIENTES,309. VERONICA QUINTONAHUEL QUINTONAHUEL,PS,7.0,False
556871,CURARREHUE,CURARREHUE,COMPLEJO EDUCACIONAL RUKA NGEN,8V,YW.UNIDAD POR EL APRUEBO PS PPD E INDEPENDIENTES,310. JORGE ANDRES CALFUEQUE MARILLANCA,PS,6.0,False
556872,CURARREHUE,CURARREHUE,COMPLEJO EDUCACIONAL RUKA NGEN,8V,YW.UNIDAD POR EL APRUEBO PS PPD E INDEPENDIENTES,311. ANA MARISOL MARILLANCA SEPULVEDA,IND,11.0,True
556873,CURARREHUE,CURARREHUE,COMPLEJO EDUCACIONAL RUKA NGEN,8V,YW.UNIDAD POR EL APRUEBO PS PPD E INDEPENDIENTES,312. BEATRIZ UBERLINDA CARINAO QUINTONAHUEL,PPD,18.0,True
556874,CURARREHUE,CURARREHUE,COMPLEJO EDUCACIONAL RUKA NGEN,8V,YW.UNIDAD POR EL APRUEBO PS PPD E INDEPENDIENTES,313. LUIS GREGORIO CARES APABLAZA,PPD,2.0,False
556875,CURARREHUE,CURARREHUE,COMPLEJO EDUCACIONAL RUKA NGEN,8V,YW.UNIDAD POR EL APRUEBO PS PPD E INDEPENDIENTES,314. DANIEL PARRA CALABRANO,PPD,31.0,True
556876,CURARREHUE,CURARREHUE,COMPLEJO EDUCACIONAL RUKA NGEN,8V,ZG.CHILE VAMOS EVOPOLI - INDEPENDIENTES,315. TOMAS BREVIS MORALES,EVOPOLI,5.0,False
556877,CURARREHUE,CURARREHUE,COMPLEJO EDUCACIONAL RUKA NGEN,8V,ZG.CHILE VAMOS EVOPOLI - INDEPENDIENTES,316. JUAN CARLOS DONOSO OVANDO,IND,5.0,False
556878,CURARREHUE,CURARREHUE,COMPLEJO EDUCACIONAL RUKA NGEN,9V,XK.CHILE VAMOS RENOVACION NACIONAL - INDEPENDIENTES,300. CESAR CARRASCO JIMENEZ,RN,20.0,True
556879,CURARREHUE,CURARREHUE,COMPLEJO EDUCACIONAL RUKA NGEN,9V,XK.CHILE VAMOS RENOVACION NACIONAL - INDEPENDIENTES,301. NAYADETH VERONICA CONTRERAS JARAMILLO,RN,13.0,True
556880,CURARREHUE,CURARREHUE,COMPLEJO EDUCACIONAL RUKA NGEN,9V,XK.CHILE VAMOS RENOVACION NACIONAL - INDEPENDIENTES,302. ALEX ANTILEF PEÑA,RN,11.0,False
556881,CURARREHUE,CURARREHUE,COMPLEJO EDUCACIONAL RUKA NGEN,9V,XK.CHILE VAMOS RENOVACION NACIONAL - INDEPENDIENTES,303. MARIA PAMELA MILLAN BURDILES,RN,2.0,False
556882,CURARREHUE,CURARREHUE,COMPLEJO EDUCACIONAL RUKA NGEN,9V,XK.CHILE VAMOS RENOVACION NACIONAL - INDEPENDIENTES,304. SONIA MIRIAM SABUGAL SALDAÑA,RN,9.0,True
556883,CURARREHUE,CURARREHUE,COMPLEJO EDUCACIONAL RUKA NGEN,9V,XK.CHILE VAMOS RENOVACION NACIONAL - INDEPENDIENTES,305. BERNARDITA QUINTONAHUEL QUINTONAHUEL,IND,8.0,False
556884,CURARREHUE,CURARREHUE,COMPLEJO EDUCACIONAL RUKA NGEN,9V,XY.DIGNIDAD AHORA,306. SANDRA FABIOLA RODRIGUEZ ANTIPICHUN,PH,7.0,False
556885,CURARREHUE,CURARREHUE,COMPLEJO EDUCACIONAL RUKA NGEN,9V,XY.DIGNIDAD AHORA,307. LUIS DAVID LEFIMAN MONTERO,PH,7.0,False
556886,CURARREHUE,CURARREHUE,COMPLEJO EDUCACIONAL RUKA NGEN,9V,YM.CHILE VAMOS - PRI E INDEPENDIENTES,308. LUIS ANDRES PAREDES PAREDES,IND,10.0,False
556887,CURARREHUE,CURARREHUE,COMPLEJO EDUCACIONAL RUKA NGEN,9V,YW.UNIDAD POR EL APRUEBO PS PPD E INDEPENDIENTES,309. VERONICA QUINTONAHUEL QUINTONAHUEL,PS,8.0,False
556888,CURARREHUE,CURARREHUE,COMPLEJO EDUCACIONAL RUKA NGEN,9V,YW.UNIDAD POR EL APRUEBO PS PPD E INDEPENDIENTES,310. JORGE ANDRES CALFUEQUE MARILLANCA,PS,4.0,False
556889,CURARREHUE,CURARREHUE,COMPLEJO EDUCACIONAL RUKA NGEN,9V,YW.UNIDAD POR EL APRUEBO PS PPD E INDEPENDIENTES,311. ANA MARISOL MARILLANCA SEPULVEDA,IND,6.0,True
556890,CURARREHUE,CURARREHUE,COMPLEJO EDUCACIONAL RUKA NGEN,9V,YW.UNIDAD POR EL APRUEBO PS PPD E INDEPENDIENTES,312. BEATRIZ UBERLINDA CARINAO QUINTONAHUEL,PPD,14.0,True
556891,CURARREHUE,CURARREHUE,COMPLEJO EDUCACIONAL RUKA NGEN,9V,YW.UNIDAD POR EL APRUEBO PS PPD E INDEPENDIENTES,313. LUIS GREGORIO CARES APABLAZA,PPD,4.0,False
556892,CURARREHUE,CURARREHUE,COMPLEJO EDUCACIONAL RUKA NGEN,9V,YW.UNIDAD POR EL APRUEBO PS PPD E INDEPENDIENTES,314. DANIEL PARRA CALABRANO,PPD,38.0,True
556893,CURARREHUE,CURARREHUE,COMPLEJO EDUCACIONAL RUKA NGEN,9V,ZG.CHILE VAMOS EVOPOLI - INDEPENDIENTES,315. TOMAS BREVIS MORALES,EVOPOLI,11.0,False
556894,CURARREHUE,CURARREHUE,COMPLEJO EDUCACIONAL RUKA NGEN,9V,ZG.CHILE VAMOS EVOPOLI - INDEPENDIENTES,316. JUAN CARLOS DONOSO OVANDO,IND,4.0,False
556895,CURARREHUE,CURARREHUE,COMPLEJO EDUCACIONAL RUKA NGEN,10V,XK.CHILE VAMOS RENOVACION NACIONAL - INDEPENDIENTES,300. CESAR CARRASCO JIMENEZ,RN,18.0,True
556896,CURARREHUE,CURARREHUE,COMPLEJO EDUCACIONAL RUKA NGEN,10V,XK.CHILE VAMOS RENOVACION NACIONAL - INDEPENDIENTES,301. NAYADETH VERONICA CONTRERAS JARAMILLO,RN,20.0,True
556897,CURARREHUE,CURARREHUE,COMPLEJO EDUCACIONAL RUKA NGEN,10V,XK.CHILE VAMOS RENOVACION NACIONAL - INDEPENDIENTES,302. ALEX ANTILEF PEÑA,RN,4.0,False
556898,CURARREHUE,CURARREHUE,COMPLEJO EDUCACIONAL RUKA NGEN,10V,XK.CHILE VAMOS RENOVACION NACIONAL - INDEPENDIENTES,303. MARIA PAMELA MILLAN BURDILES,RN,4.0,False
556899,CURARREHUE,CURARREHUE,COMPLEJO EDUCACIONAL RUKA NGEN,10V,XK.CHILE VAMOS RENOVACION NACIONAL - INDEPENDIENTES,304. SONIA MIRIAM SABUGAL SALDAÑA,RN,14.0,True
556900,CURARREHUE,CURARREHUE,COMPLEJO EDUCACIONAL RUKA NGEN,10V,XK.CHILE VAMOS RENOVACION NACIONAL - INDEPENDIENTES,305. BERNARDITA QUINTONAHUEL QUINTONAHUEL,IND,10.0,False
556901,CURARREHUE,CURARREHUE,COMPLEJO EDUCACIONAL RUKA NGEN,10V,XY.DIGNIDAD AHORA,306. SANDRA FABIOLA RODRIGUEZ ANTIPICHUN,PH,2.0,False
556902,CURARREHUE,CURARREHUE,COMPLEJO EDUCACIONAL RUKA NGEN,10V,XY.DIGNIDAD AHORA,307. LUIS DAVID LEFIMAN MONTERO,PH,7.0,False
556903,CURARREHUE,CURARREHUE,COMPLEJO EDUCACIONAL RUKA NGEN,10V,YM.CHILE VAMOS - PRI E INDEPENDIENTES,308. LUIS ANDRES PAREDES PAREDES,IND,4.0,False
556904,CURARREHUE,CURARREHUE,COMPLEJO EDUCACIONAL RUKA NGEN,10V,YW.UNIDAD POR EL APRUEBO PS PPD E INDEPENDIENTES,309. VERONICA QUINTONAHUEL QUINTONAHUEL,PS,6.0,False
556905,CURARREHUE,CURARREHUE,COMPLEJO EDUCACIONAL RUKA NGEN,10V,YW.UNIDAD POR EL APRUEBO PS PPD E INDEPENDIENTES,310. JORGE ANDRES CALFUEQUE MARILLANCA,PS,12.0,False
556906,CURARREHUE,CURARREHUE,COMPLEJO EDUCACIONAL RUKA NGEN,10V,YW.UNIDAD POR EL APRUEBO PS PPD E INDEPENDIENTES,311. ANA MARISOL MARILLANCA SEPULVEDA,IND,11.0,True
556907,CURARREHUE,CURARREHUE,COMPLEJO EDUCACIONAL RUKA NGEN,10V,YW.UNIDAD POR EL APRUEBO PS PPD E INDEPENDIENTES,312. BEATRIZ UBERLINDA CARINAO QUINTONAHUEL,PPD,13.0,True
556908,CURARREHUE,CURARREHUE,COMPLEJO EDUCACIONAL RUKA NGEN,10V,YW.UNIDAD POR EL APRUEBO PS PPD E INDEPENDIENTES,313. LUIS GREGORIO CARES APABLAZA,PPD,2.0,False
556909,CURARREHUE,CURARREHUE,COMPLEJO EDUCACIONAL RUKA NGEN,10V,YW.UNIDAD POR EL APRUEBO PS PPD E INDEPENDIENTES,314. DANIEL PARRA CALABRANO,PPD,41.0,True
556910,CURARREHUE,CURARREHUE,COMPLEJO EDUCACIONAL RUKA NGEN,10V,ZG.CHILE VAMOS EVOPOLI - INDEPENDIENTES,315. TOMAS BREVIS MORALES,EVOPOLI,13.0,False
556911,CURARREHUE,CURARREHUE,COMPLEJO EDUCACIONAL RUKA NGEN,10V,ZG.CHILE VAMOS EVOPOLI - INDEPENDIENTES,316. JUAN CARLOS DONOSO OVANDO,IND,3.0,False
556912,CURARREHUE,CURARREHUE,COMPLEJO EDUCACIONAL RUKA NGEN,11V,XK.CHILE VAMOS RENOVACION NACIONAL - INDEPENDIENTES,300. CESAR CARRASCO JIMENEZ,RN,34.0,True
556913,CURARREHUE,CURARREHUE,COMPLEJO EDUCACIONAL RUKA NGEN,11V,XK.CHILE VAMOS RENOVACION NACIONAL - INDEPENDIENTES,301. NAYADETH VERONICA CONTRERAS JARAMILLO,RN,16.0,True
556914,CURARREHUE,CURARREHUE,COMPLEJO EDUCACIONAL RUKA NGEN,11V,XK.CHILE VAMOS RENOVACION NACIONAL - INDEPENDIENTES,302. ALEX ANTILEF PEÑA,RN,9.0,False
556915,CURARREHUE,CURARREHUE,COMPLEJO EDUCACIONAL RUKA NGEN,11V,XK.CHILE VAMOS RENOVACION NACIONAL - INDEPENDIENTES,303. MARIA PAMELA MILLAN BURDILES,RN,1.0,False
556916,CURARREHUE,CURARREHUE,COMPLEJO EDUCACIONAL RUKA NGEN,11V,XK.CHILE VAMOS RENOVACION NACIONAL - INDEPENDIENTES,304. SONIA MIRIAM SABUGAL SALDAÑA,RN,16.0,True
556917,CURARREHUE,CURARREHUE,COMPLEJO EDUCACIONAL RUKA NGEN,11V,XK.CHILE VAMOS RENOVACION NACIONAL - INDEPENDIENTES,305. BERNARDITA QUINTONAHUEL QUINTONAHUEL,IND,7.0,False
556918,CURARREHUE,CURARREHUE,COMPLEJO EDUCACIONAL RUKA NGEN,11V,XY.DIGNIDAD AHORA,306. SANDRA FABIOLA RODRIGUEZ ANTIPICHUN,PH,1.0,False
556919,CURARREHUE,CURARREHUE,COMPLEJO EDUCACIONAL RUKA NGEN,11V,XY.DIGNIDAD AHORA,307. LUIS DAVID LEFIMAN MONTERO,PH,9.0,False
556920,CURARREHUE,CURARREHUE,COMPLEJO EDUCACIONAL RUKA NGEN,11V,YM.CHILE VAMOS - PRI E INDEPENDIENTES,308. LUIS ANDRES PAREDES PAREDES,IND,4.0,False
556921,CURARREHUE,CURARREHUE,COMPLEJO EDUCACIONAL RUKA NGEN,11V,YW.UNIDAD POR EL APRUEBO PS PPD E INDEPENDIENTES,309. VERONICA QUINTONAHUEL QUINTONAHUEL,PS,4.0,False
556922,CURARREHUE,CURARREHUE,COMPLEJO EDUCACIONAL RUKA NGEN,11V,YW.UNIDAD POR EL APRUEBO PS PPD E INDEPENDIENTES,310. JORGE ANDRES CALFUEQUE MARILLANCA,PS,6.0,False
556923,CURARREHUE,CURARREHUE,COMPLEJO EDUCACIONAL RUKA NGEN,11V,YW.UNIDAD POR EL APRUEBO PS PPD E INDEPENDIENTES,311. ANA MARISOL MARILLANCA SEPULVEDA,IND,8.0,True
556924,CURARREHUE,CURARREHUE,COMPLEJO EDUCACIONAL RUKA NGEN,11V,YW.UNIDAD POR EL APRUEBO PS PPD E INDEPENDIENTES,312. BEATRIZ UBERLINDA CARINAO QUINTONAHUEL,PPD,19.0,True
556925,CURARREHUE,CURARREHUE,COMPLEJO EDUCACIONAL RUKA NGEN,11V,YW.UNIDAD POR EL APRUEBO PS PPD E INDEPENDIENTES,313. LUIS GREGORIO CARES APABLAZA,PPD,3.0,False
556926,CURARREHUE,CURARREHUE,COMPLEJO EDUCACIONAL RUKA NGEN,11V,YW.UNIDAD POR EL APRUEBO PS PPD E INDEPENDIENTES,314. DANIEL PARRA CALABRANO,PPD,40.0,True
556927,CURARREHUE,CURARREHUE,COMPLEJO EDUCACIONAL RUKA NGEN,11V,ZG.CHILE VAMOS EVOPOLI - INDEPENDIENTES,315. TOMAS BREVIS MORALES,EVOPOLI,4.0,False
556928,CURARREHUE,CURARREHUE,COMPLEJO EDUCACIONAL RUKA NGEN,11V,ZG.CHILE VAMOS EVOPOLI - INDEPENDIENTES,316. JUAN CARLOS DONOSO OVANDO,IND,5.0,False
556929,CURARREHUE,CURARREHUE,COMPLEJO EDUCACIONAL RUKA NGEN,12V,XK.CHILE VAMOS RENOVACION NACIONAL - INDEPENDIENTES,300. CESAR CARRASCO JIMENEZ,RN,12.0,True
556930,CURARREHUE,CURARREHUE,COMPLEJO EDUCACIONAL RUKA NGEN,12V,XK.CHILE VAMOS RENOVACION NACIONAL - INDEPENDIENTES,301. NAYADETH VERONICA CONTRERAS JARAMILLO,RN,13.0,True
556931,CURARREHUE,CURARREHUE,COMPLEJO EDUCACIONAL RUKA NGEN,12V,XK.CHILE VAMOS RENOVACION NACIONAL - INDEPENDIENTES,302. ALEX ANTILEF PEÑA,RN,5.0,False
556932,CURARREHUE,CURARREHUE,COMPLEJO EDUCACIONAL RUKA NGEN,12V,XK.CHILE VAMOS RENOVACION NACIONAL - INDEPENDIENTES,303. MARIA PAMELA MILLAN BURDILES,RN,3.0,False
556933,CURARREHUE,CURARREHUE,COMPLEJO EDUCACIONAL RUKA NGEN,12V,XK.CHILE VAMOS RENOVACION NACIONAL - INDEPENDIENTES,304. SONIA MIRIAM SABUGAL SALDAÑA,RN,9.0,True
556934,CURARREHUE,CURARREHUE,COMPLEJO EDUCACIONAL RUKA NGEN,12V,XK.CHILE VAMOS RENOVACION NACIONAL - INDEPENDIENTES,305. BERNARDITA QUINTONAHUEL QUINTONAHUEL,IND,2.0,False
556935,CURARREHUE,CURARREHUE,COMPLEJO EDUCACIONAL RUKA NGEN,12V,XY.DIGNIDAD AHORA,306. SANDRA FABIOLA RODRIGUEZ ANTIPICHUN,PH,4.0,False
556936,CURARREHUE,CURARREHUE,COMPLEJO EDUCACIONAL RUKA NGEN,12V,XY.DIGNIDAD AHORA,307. LUIS DAVID LEFIMAN MONTERO,PH,8.0,False
556937,CURARREHUE,CURARREHUE,COMPLEJO EDUCACIONAL RUKA NGEN,12V,YM.CHILE VAMOS - PRI E INDEPENDIENTES,308. LUIS ANDRES PAREDES PAREDES,IND,2.0,False
556938,CURARREHUE,CURARREHUE,COMPLEJO EDUCACIONAL RUKA NGEN,12V,YW.UNIDAD POR EL APRUEBO PS PPD E INDEPENDIENTES,309. VERONICA QUINTONAHUEL QUINTONAHUEL,PS,6.0,False
556939,CURARREHUE,CURARREHUE,COMPLEJO EDUCACIONAL RUKA NGEN,12V,YW.UNIDAD POR EL APRUEBO PS PPD E INDEPENDIENTES,310. JORGE ANDRES CALFUEQUE MARILLANCA,PS,4.0,False
556940,CURARREHUE,CURARREHUE,COMPLEJO EDUCACIONAL RUKA NGEN,12V,YW.UNIDAD POR EL APRUEBO PS PPD E INDEPENDIENTES,311. ANA MARISOL MARILLANCA SEPULVEDA,IND,14.0,True
556941,CURARREHUE,CURARREHUE,COMPLEJO EDUCACIONAL RUKA NGEN,12V,YW.UNIDAD POR EL APRUEBO PS PPD E INDEPENDIENTES,312. BEATRIZ UBERLINDA CARINAO QUINTONAHUEL,PPD,14.0,True
556942,CURARREHUE,CURARREHUE,COMPLEJO EDUCACIONAL RUKA NGEN,12V,YW.UNIDAD POR EL APRUEBO PS PPD E INDEPENDIENTES,313. LUIS GREGORIO CARES APABLAZA,PPD,1.0,False
556943,CURARREHUE,CURARREHUE,COMPLEJO EDUCACIONAL RUKA NGEN,12V,YW.UNIDAD POR EL APRUEBO PS PPD E INDEPENDIENTES,314. DANIEL PARRA CALABRANO,PPD,31.0,True
556944,CURARREHUE,CURARREHUE,COMPLEJO EDUCACIONAL RUKA NGEN,12V,ZG.CHILE VAMOS EVOPOLI - INDEPENDIENTES,315. TOMAS BREVIS MORALES,EVOPOLI,9.0,False
556945,CURARREHUE,CURARREHUE,COMPLEJO EDUCACIONAL RUKA NGEN,12V,ZG.CHILE VAMOS EVOPOLI - INDEPENDIENTES,316. JUAN CARLOS DONOSO OVANDO,IND,0.0,False
