,COMUNA,CIRC_ELEC,LOCAL,MESA,LISTA,CANDIDATX,PARTIDO,VOTOS,ELECTX
623141,EMPEDRADO,EMPEDRADO,LICEO SAN IGNACIO,1M,M.CHILE DIGNO VERDE Y SOBERANO,300. RAIMUNDO ENRIQUE PEÑAILILLO CARTER,IND,7.0,False
623142,EMPEDRADO,EMPEDRADO,LICEO SAN IGNACIO,1M,XK.CHILE VAMOS RENOVACION NACIONAL - INDEPENDIENTES,301. MARIO DEL CARMEN VILLANUEVA VALDIVIA,IND,16.0,True
623143,EMPEDRADO,EMPEDRADO,LICEO SAN IGNACIO,1M,XK.CHILE VAMOS RENOVACION NACIONAL - INDEPENDIENTES,302. FLORICELA DEL CARMEN BRAVO SEPULVEDA,IND,0.0,False
623144,EMPEDRADO,EMPEDRADO,LICEO SAN IGNACIO,1M,XK.CHILE VAMOS RENOVACION NACIONAL - INDEPENDIENTES,303. FRANCO ALEJANDRO SCAPPATICCIO BORDON,IND,24.0,True
623145,EMPEDRADO,EMPEDRADO,LICEO SAN IGNACIO,1M,XU.UNIDOS POR LA DIGNIDAD,304. LEONARDO ANTONIO PARRA MUÑOZ,PDC,3.0,False
623146,EMPEDRADO,EMPEDRADO,LICEO SAN IGNACIO,1M,XU.UNIDOS POR LA DIGNIDAD,305. JAIME ALEJANDRO BRAVO MARTINEZ,IND,0.0,False
623147,EMPEDRADO,EMPEDRADO,LICEO SAN IGNACIO,1M,XY.DIGNIDAD AHORA,306. IGNACIO ANDRES ARAVENA SANDOVAL,PH,3.0,False
623148,EMPEDRADO,EMPEDRADO,LICEO SAN IGNACIO,1M,XY.DIGNIDAD AHORA,307. DANIEL ELISEO OPAZO MEDEL,IND,1.0,False
623149,EMPEDRADO,EMPEDRADO,LICEO SAN IGNACIO,1M,XY.DIGNIDAD AHORA,308. ROSA INES PAINEMIL BUSTOS,IND,4.0,False
623150,EMPEDRADO,EMPEDRADO,LICEO SAN IGNACIO,1M,XY.DIGNIDAD AHORA,309. YESENIA BEATRIZ SEGURA NUÑEZ,IND,2.0,False
623151,EMPEDRADO,EMPEDRADO,LICEO SAN IGNACIO,1M,YW.UNIDAD POR EL APRUEBO PS PPD E INDEPENDIENTES,310. MIREYA DE LAS MERCEDES CARRASCO JARA,PPD,18.0,True
623152,EMPEDRADO,EMPEDRADO,LICEO SAN IGNACIO,1M,YW.UNIDAD POR EL APRUEBO PS PPD E INDEPENDIENTES,311. VICTOR MANUEL ARTURO RODRIGUEZ ULLOA,PPD,10.0,False
623153,EMPEDRADO,EMPEDRADO,LICEO SAN IGNACIO,1M,YW.UNIDAD POR EL APRUEBO PS PPD E INDEPENDIENTES,312. MARCELINO DEL CARMEN ZAPATA GOMEZ,PPD,1.0,False
623154,EMPEDRADO,EMPEDRADO,LICEO SAN IGNACIO,1M,ZG.CHILE VAMOS EVOPOLI - INDEPENDIENTES,313. GONZALO ISAIAS MUÑOZ SOLAR,EVOPOLI,4.0,False
623155,EMPEDRADO,EMPEDRADO,LICEO SAN IGNACIO,1M,ZG.CHILE VAMOS EVOPOLI - INDEPENDIENTES,314. EVELYN OPAZO FAUNDEZ,IND,5.0,False
623156,EMPEDRADO,EMPEDRADO,LICEO SAN IGNACIO,1M,ZG.CHILE VAMOS EVOPOLI - INDEPENDIENTES,315. CLAUDIO JAVIER TEJOS ESPINOZA,IND,26.0,True
623157,EMPEDRADO,EMPEDRADO,LICEO SAN IGNACIO,1M,ZG.CHILE VAMOS EVOPOLI - INDEPENDIENTES,316. ALAN MATIAS SOTO GAJARDO,IND,1.0,False
623158,EMPEDRADO,EMPEDRADO,LICEO SAN IGNACIO,1M,ZJ.CHILE VAMOS UDI - INDEPENDIENTES,317. MARIA GRACIELA GONZALEZ VALDES,IND,7.0,False
623159,EMPEDRADO,EMPEDRADO,LICEO SAN IGNACIO,1M,ZJ.CHILE VAMOS UDI - INDEPENDIENTES,318. CAROLINA DEL PILAR MUÑOZ TEJOS,IND,3.0,True
623160,EMPEDRADO,EMPEDRADO,LICEO SAN IGNACIO,1M,ZJ.CHILE VAMOS UDI - INDEPENDIENTES,319. JAVIER EDUARDO ESPINOZA TEJOS,IND,9.0,False
623161,EMPEDRADO,EMPEDRADO,LICEO SAN IGNACIO,1M,ZJ.CHILE VAMOS UDI - INDEPENDIENTES,320. VIVIANA DIAZ ORELLANA,IND,3.0,False
623162,EMPEDRADO,EMPEDRADO,LICEO SAN IGNACIO,1M,ZJ.CHILE VAMOS UDI - INDEPENDIENTES,321. ROSA OPAZO ROJAS,IND,19.0,True
623163,EMPEDRADO,EMPEDRADO,LICEO SAN IGNACIO,1M,ZU.RADICALES E INDEPENDIENTES,322. PATRICIO PEÑAILILLO CHAMORRO,PR,12.0,False
623164,EMPEDRADO,EMPEDRADO,LICEO SAN IGNACIO,2M,M.CHILE DIGNO VERDE Y SOBERANO,300. RAIMUNDO ENRIQUE PEÑAILILLO CARTER,IND,8.0,False
623165,EMPEDRADO,EMPEDRADO,LICEO SAN IGNACIO,2M,XK.CHILE VAMOS RENOVACION NACIONAL - INDEPENDIENTES,301. MARIO DEL CARMEN VILLANUEVA VALDIVIA,IND,6.0,True
623166,EMPEDRADO,EMPEDRADO,LICEO SAN IGNACIO,2M,XK.CHILE VAMOS RENOVACION NACIONAL - INDEPENDIENTES,302. FLORICELA DEL CARMEN BRAVO SEPULVEDA,IND,0.0,False
623167,EMPEDRADO,EMPEDRADO,LICEO SAN IGNACIO,2M,XK.CHILE VAMOS RENOVACION NACIONAL - INDEPENDIENTES,303. FRANCO ALEJANDRO SCAPPATICCIO BORDON,IND,30.0,True
623168,EMPEDRADO,EMPEDRADO,LICEO SAN IGNACIO,2M,XU.UNIDOS POR LA DIGNIDAD,304. LEONARDO ANTONIO PARRA MUÑOZ,PDC,3.0,False
623169,EMPEDRADO,EMPEDRADO,LICEO SAN IGNACIO,2M,XU.UNIDOS POR LA DIGNIDAD,305. JAIME ALEJANDRO BRAVO MARTINEZ,IND,0.0,False
623170,EMPEDRADO,EMPEDRADO,LICEO SAN IGNACIO,2M,XY.DIGNIDAD AHORA,306. IGNACIO ANDRES ARAVENA SANDOVAL,PH,0.0,False
623171,EMPEDRADO,EMPEDRADO,LICEO SAN IGNACIO,2M,XY.DIGNIDAD AHORA,307. DANIEL ELISEO OPAZO MEDEL,IND,0.0,False
623172,EMPEDRADO,EMPEDRADO,LICEO SAN IGNACIO,2M,XY.DIGNIDAD AHORA,308. ROSA INES PAINEMIL BUSTOS,IND,3.0,False
623173,EMPEDRADO,EMPEDRADO,LICEO SAN IGNACIO,2M,XY.DIGNIDAD AHORA,309. YESENIA BEATRIZ SEGURA NUÑEZ,IND,2.0,False
623174,EMPEDRADO,EMPEDRADO,LICEO SAN IGNACIO,2M,YW.UNIDAD POR EL APRUEBO PS PPD E INDEPENDIENTES,310. MIREYA DE LAS MERCEDES CARRASCO JARA,PPD,14.0,True
623175,EMPEDRADO,EMPEDRADO,LICEO SAN IGNACIO,2M,YW.UNIDAD POR EL APRUEBO PS PPD E INDEPENDIENTES,311. VICTOR MANUEL ARTURO RODRIGUEZ ULLOA,PPD,5.0,False
623176,EMPEDRADO,EMPEDRADO,LICEO SAN IGNACIO,2M,YW.UNIDAD POR EL APRUEBO PS PPD E INDEPENDIENTES,312. MARCELINO DEL CARMEN ZAPATA GOMEZ,PPD,4.0,False
623177,EMPEDRADO,EMPEDRADO,LICEO SAN IGNACIO,2M,ZG.CHILE VAMOS EVOPOLI - INDEPENDIENTES,313. GONZALO ISAIAS MUÑOZ SOLAR,EVOPOLI,5.0,False
623178,EMPEDRADO,EMPEDRADO,LICEO SAN IGNACIO,2M,ZG.CHILE VAMOS EVOPOLI - INDEPENDIENTES,314. EVELYN OPAZO FAUNDEZ,IND,5.0,False
623179,EMPEDRADO,EMPEDRADO,LICEO SAN IGNACIO,2M,ZG.CHILE VAMOS EVOPOLI - INDEPENDIENTES,315. CLAUDIO JAVIER TEJOS ESPINOZA,IND,32.0,True
623180,EMPEDRADO,EMPEDRADO,LICEO SAN IGNACIO,2M,ZG.CHILE VAMOS EVOPOLI - INDEPENDIENTES,316. ALAN MATIAS SOTO GAJARDO,IND,0.0,False
623181,EMPEDRADO,EMPEDRADO,LICEO SAN IGNACIO,2M,ZJ.CHILE VAMOS UDI - INDEPENDIENTES,317. MARIA GRACIELA GONZALEZ VALDES,IND,9.0,False
623182,EMPEDRADO,EMPEDRADO,LICEO SAN IGNACIO,2M,ZJ.CHILE VAMOS UDI - INDEPENDIENTES,318. CAROLINA DEL PILAR MUÑOZ TEJOS,IND,3.0,True
623183,EMPEDRADO,EMPEDRADO,LICEO SAN IGNACIO,2M,ZJ.CHILE VAMOS UDI - INDEPENDIENTES,319. JAVIER EDUARDO ESPINOZA TEJOS,IND,7.0,False
623184,EMPEDRADO,EMPEDRADO,LICEO SAN IGNACIO,2M,ZJ.CHILE VAMOS UDI - INDEPENDIENTES,320. VIVIANA DIAZ ORELLANA,IND,5.0,False
623185,EMPEDRADO,EMPEDRADO,LICEO SAN IGNACIO,2M,ZJ.CHILE VAMOS UDI - INDEPENDIENTES,321. ROSA OPAZO ROJAS,IND,18.0,True
623186,EMPEDRADO,EMPEDRADO,LICEO SAN IGNACIO,2M,ZU.RADICALES E INDEPENDIENTES,322. PATRICIO PEÑAILILLO CHAMORRO,PR,8.0,False
623187,EMPEDRADO,EMPEDRADO,LICEO SAN IGNACIO,3M,M.CHILE DIGNO VERDE Y SOBERANO,300. RAIMUNDO ENRIQUE PEÑAILILLO CARTER,IND,9.0,False
623188,EMPEDRADO,EMPEDRADO,LICEO SAN IGNACIO,3M,XK.CHILE VAMOS RENOVACION NACIONAL - INDEPENDIENTES,301. MARIO DEL CARMEN VILLANUEVA VALDIVIA,IND,18.0,True
623189,EMPEDRADO,EMPEDRADO,LICEO SAN IGNACIO,3M,XK.CHILE VAMOS RENOVACION NACIONAL - INDEPENDIENTES,302. FLORICELA DEL CARMEN BRAVO SEPULVEDA,IND,3.0,False
623190,EMPEDRADO,EMPEDRADO,LICEO SAN IGNACIO,3M,XK.CHILE VAMOS RENOVACION NACIONAL - INDEPENDIENTES,303. FRANCO ALEJANDRO SCAPPATICCIO BORDON,IND,26.0,True
623191,EMPEDRADO,EMPEDRADO,LICEO SAN IGNACIO,3M,XU.UNIDOS POR LA DIGNIDAD,304. LEONARDO ANTONIO PARRA MUÑOZ,PDC,2.0,False
623192,EMPEDRADO,EMPEDRADO,LICEO SAN IGNACIO,3M,XU.UNIDOS POR LA DIGNIDAD,305. JAIME ALEJANDRO BRAVO MARTINEZ,IND,0.0,False
623193,EMPEDRADO,EMPEDRADO,LICEO SAN IGNACIO,3M,XY.DIGNIDAD AHORA,306. IGNACIO ANDRES ARAVENA SANDOVAL,PH,2.0,False
623194,EMPEDRADO,EMPEDRADO,LICEO SAN IGNACIO,3M,XY.DIGNIDAD AHORA,307. DANIEL ELISEO OPAZO MEDEL,IND,5.0,False
623195,EMPEDRADO,EMPEDRADO,LICEO SAN IGNACIO,3M,XY.DIGNIDAD AHORA,308. ROSA INES PAINEMIL BUSTOS,IND,5.0,False
623196,EMPEDRADO,EMPEDRADO,LICEO SAN IGNACIO,3M,XY.DIGNIDAD AHORA,309. YESENIA BEATRIZ SEGURA NUÑEZ,IND,3.0,False
623197,EMPEDRADO,EMPEDRADO,LICEO SAN IGNACIO,3M,YW.UNIDAD POR EL APRUEBO PS PPD E INDEPENDIENTES,310. MIREYA DE LAS MERCEDES CARRASCO JARA,PPD,2.0,True
623198,EMPEDRADO,EMPEDRADO,LICEO SAN IGNACIO,3M,YW.UNIDAD POR EL APRUEBO PS PPD E INDEPENDIENTES,311. VICTOR MANUEL ARTURO RODRIGUEZ ULLOA,PPD,10.0,False
623199,EMPEDRADO,EMPEDRADO,LICEO SAN IGNACIO,3M,YW.UNIDAD POR EL APRUEBO PS PPD E INDEPENDIENTES,312. MARCELINO DEL CARMEN ZAPATA GOMEZ,PPD,4.0,False
623200,EMPEDRADO,EMPEDRADO,LICEO SAN IGNACIO,3M,ZG.CHILE VAMOS EVOPOLI - INDEPENDIENTES,313. GONZALO ISAIAS MUÑOZ SOLAR,EVOPOLI,5.0,False
623201,EMPEDRADO,EMPEDRADO,LICEO SAN IGNACIO,3M,ZG.CHILE VAMOS EVOPOLI - INDEPENDIENTES,314. EVELYN OPAZO FAUNDEZ,IND,7.0,False
623202,EMPEDRADO,EMPEDRADO,LICEO SAN IGNACIO,3M,ZG.CHILE VAMOS EVOPOLI - INDEPENDIENTES,315. CLAUDIO JAVIER TEJOS ESPINOZA,IND,28.0,True
623203,EMPEDRADO,EMPEDRADO,LICEO SAN IGNACIO,3M,ZG.CHILE VAMOS EVOPOLI - INDEPENDIENTES,316. ALAN MATIAS SOTO GAJARDO,IND,0.0,False
623204,EMPEDRADO,EMPEDRADO,LICEO SAN IGNACIO,3M,ZJ.CHILE VAMOS UDI - INDEPENDIENTES,317. MARIA GRACIELA GONZALEZ VALDES,IND,5.0,False
623205,EMPEDRADO,EMPEDRADO,LICEO SAN IGNACIO,3M,ZJ.CHILE VAMOS UDI - INDEPENDIENTES,318. CAROLINA DEL PILAR MUÑOZ TEJOS,IND,8.0,True
623206,EMPEDRADO,EMPEDRADO,LICEO SAN IGNACIO,3M,ZJ.CHILE VAMOS UDI - INDEPENDIENTES,319. JAVIER EDUARDO ESPINOZA TEJOS,IND,4.0,False
623207,EMPEDRADO,EMPEDRADO,LICEO SAN IGNACIO,3M,ZJ.CHILE VAMOS UDI - INDEPENDIENTES,320. VIVIANA DIAZ ORELLANA,IND,4.0,False
623208,EMPEDRADO,EMPEDRADO,LICEO SAN IGNACIO,3M,ZJ.CHILE VAMOS UDI - INDEPENDIENTES,321. ROSA OPAZO ROJAS,IND,12.0,True
623209,EMPEDRADO,EMPEDRADO,LICEO SAN IGNACIO,3M,ZU.RADICALES E INDEPENDIENTES,322. PATRICIO PEÑAILILLO CHAMORRO,PR,11.0,False
623210,EMPEDRADO,EMPEDRADO,LICEO SAN IGNACIO,4M,M.CHILE DIGNO VERDE Y SOBERANO,300. RAIMUNDO ENRIQUE PEÑAILILLO CARTER,IND,13.0,False
623211,EMPEDRADO,EMPEDRADO,LICEO SAN IGNACIO,4M,XK.CHILE VAMOS RENOVACION NACIONAL - INDEPENDIENTES,301. MARIO DEL CARMEN VILLANUEVA VALDIVIA,IND,18.0,True
623212,EMPEDRADO,EMPEDRADO,LICEO SAN IGNACIO,4M,XK.CHILE VAMOS RENOVACION NACIONAL - INDEPENDIENTES,302. FLORICELA DEL CARMEN BRAVO SEPULVEDA,IND,3.0,False
623213,EMPEDRADO,EMPEDRADO,LICEO SAN IGNACIO,4M,XK.CHILE VAMOS RENOVACION NACIONAL - INDEPENDIENTES,303. FRANCO ALEJANDRO SCAPPATICCIO BORDON,IND,32.0,True
623214,EMPEDRADO,EMPEDRADO,LICEO SAN IGNACIO,4M,XU.UNIDOS POR LA DIGNIDAD,304. LEONARDO ANTONIO PARRA MUÑOZ,PDC,2.0,False
623215,EMPEDRADO,EMPEDRADO,LICEO SAN IGNACIO,4M,XU.UNIDOS POR LA DIGNIDAD,305. JAIME ALEJANDRO BRAVO MARTINEZ,IND,1.0,False
623216,EMPEDRADO,EMPEDRADO,LICEO SAN IGNACIO,4M,XY.DIGNIDAD AHORA,306. IGNACIO ANDRES ARAVENA SANDOVAL,PH,3.0,False
623217,EMPEDRADO,EMPEDRADO,LICEO SAN IGNACIO,4M,XY.DIGNIDAD AHORA,307. DANIEL ELISEO OPAZO MEDEL,IND,3.0,False
623218,EMPEDRADO,EMPEDRADO,LICEO SAN IGNACIO,4M,XY.DIGNIDAD AHORA,308. ROSA INES PAINEMIL BUSTOS,IND,6.0,False
623219,EMPEDRADO,EMPEDRADO,LICEO SAN IGNACIO,4M,XY.DIGNIDAD AHORA,309. YESENIA BEATRIZ SEGURA NUÑEZ,IND,4.0,False
623220,EMPEDRADO,EMPEDRADO,LICEO SAN IGNACIO,4M,YW.UNIDAD POR EL APRUEBO PS PPD E INDEPENDIENTES,310. MIREYA DE LAS MERCEDES CARRASCO JARA,PPD,16.0,True
623221,EMPEDRADO,EMPEDRADO,LICEO SAN IGNACIO,4M,YW.UNIDAD POR EL APRUEBO PS PPD E INDEPENDIENTES,311. VICTOR MANUEL ARTURO RODRIGUEZ ULLOA,PPD,3.0,False
623222,EMPEDRADO,EMPEDRADO,LICEO SAN IGNACIO,4M,YW.UNIDAD POR EL APRUEBO PS PPD E INDEPENDIENTES,312. MARCELINO DEL CARMEN ZAPATA GOMEZ,PPD,9.0,False
623223,EMPEDRADO,EMPEDRADO,LICEO SAN IGNACIO,4M,ZG.CHILE VAMOS EVOPOLI - INDEPENDIENTES,313. GONZALO ISAIAS MUÑOZ SOLAR,EVOPOLI,13.0,False
623224,EMPEDRADO,EMPEDRADO,LICEO SAN IGNACIO,4M,ZG.CHILE VAMOS EVOPOLI - INDEPENDIENTES,314. EVELYN OPAZO FAUNDEZ,IND,5.0,False
623225,EMPEDRADO,EMPEDRADO,LICEO SAN IGNACIO,4M,ZG.CHILE VAMOS EVOPOLI - INDEPENDIENTES,315. CLAUDIO JAVIER TEJOS ESPINOZA,IND,44.0,True
623226,EMPEDRADO,EMPEDRADO,LICEO SAN IGNACIO,4M,ZG.CHILE VAMOS EVOPOLI - INDEPENDIENTES,316. ALAN MATIAS SOTO GAJARDO,IND,1.0,False
623227,EMPEDRADO,EMPEDRADO,LICEO SAN IGNACIO,4M,ZJ.CHILE VAMOS UDI - INDEPENDIENTES,317. MARIA GRACIELA GONZALEZ VALDES,IND,8.0,False
623228,EMPEDRADO,EMPEDRADO,LICEO SAN IGNACIO,4M,ZJ.CHILE VAMOS UDI - INDEPENDIENTES,318. CAROLINA DEL PILAR MUÑOZ TEJOS,IND,10.0,True
623229,EMPEDRADO,EMPEDRADO,LICEO SAN IGNACIO,4M,ZJ.CHILE VAMOS UDI - INDEPENDIENTES,319. JAVIER EDUARDO ESPINOZA TEJOS,IND,13.0,False
623230,EMPEDRADO,EMPEDRADO,LICEO SAN IGNACIO,4M,ZJ.CHILE VAMOS UDI - INDEPENDIENTES,320. VIVIANA DIAZ ORELLANA,IND,7.0,False
623231,EMPEDRADO,EMPEDRADO,LICEO SAN IGNACIO,4M,ZJ.CHILE VAMOS UDI - INDEPENDIENTES,321. ROSA OPAZO ROJAS,IND,22.0,True
623232,EMPEDRADO,EMPEDRADO,LICEO SAN IGNACIO,4M,ZU.RADICALES E INDEPENDIENTES,322. PATRICIO PEÑAILILLO CHAMORRO,PR,7.0,False
623233,EMPEDRADO,EMPEDRADO,LICEO SAN IGNACIO,5M,M.CHILE DIGNO VERDE Y SOBERANO,300. RAIMUNDO ENRIQUE PEÑAILILLO CARTER,IND,5.0,False
623234,EMPEDRADO,EMPEDRADO,LICEO SAN IGNACIO,5M,XK.CHILE VAMOS RENOVACION NACIONAL - INDEPENDIENTES,301. MARIO DEL CARMEN VILLANUEVA VALDIVIA,IND,17.0,True
623235,EMPEDRADO,EMPEDRADO,LICEO SAN IGNACIO,5M,XK.CHILE VAMOS RENOVACION NACIONAL - INDEPENDIENTES,302. FLORICELA DEL CARMEN BRAVO SEPULVEDA,IND,4.0,False
623236,EMPEDRADO,EMPEDRADO,LICEO SAN IGNACIO,5M,XK.CHILE VAMOS RENOVACION NACIONAL - INDEPENDIENTES,303. FRANCO ALEJANDRO SCAPPATICCIO BORDON,IND,35.0,True
623237,EMPEDRADO,EMPEDRADO,LICEO SAN IGNACIO,5M,XU.UNIDOS POR LA DIGNIDAD,304. LEONARDO ANTONIO PARRA MUÑOZ,PDC,3.0,False
623238,EMPEDRADO,EMPEDRADO,LICEO SAN IGNACIO,5M,XU.UNIDOS POR LA DIGNIDAD,305. JAIME ALEJANDRO BRAVO MARTINEZ,IND,1.0,False
623239,EMPEDRADO,EMPEDRADO,LICEO SAN IGNACIO,5M,XY.DIGNIDAD AHORA,306. IGNACIO ANDRES ARAVENA SANDOVAL,PH,1.0,False
623240,EMPEDRADO,EMPEDRADO,LICEO SAN IGNACIO,5M,XY.DIGNIDAD AHORA,307. DANIEL ELISEO OPAZO MEDEL,IND,2.0,False
623241,EMPEDRADO,EMPEDRADO,LICEO SAN IGNACIO,5M,XY.DIGNIDAD AHORA,308. ROSA INES PAINEMIL BUSTOS,IND,5.0,False
623242,EMPEDRADO,EMPEDRADO,LICEO SAN IGNACIO,5M,XY.DIGNIDAD AHORA,309. YESENIA BEATRIZ SEGURA NUÑEZ,IND,3.0,False
623243,EMPEDRADO,EMPEDRADO,LICEO SAN IGNACIO,5M,YW.UNIDAD POR EL APRUEBO PS PPD E INDEPENDIENTES,310. MIREYA DE LAS MERCEDES CARRASCO JARA,PPD,24.0,True
623244,EMPEDRADO,EMPEDRADO,LICEO SAN IGNACIO,5M,YW.UNIDAD POR EL APRUEBO PS PPD E INDEPENDIENTES,311. VICTOR MANUEL ARTURO RODRIGUEZ ULLOA,PPD,7.0,False
623245,EMPEDRADO,EMPEDRADO,LICEO SAN IGNACIO,5M,YW.UNIDAD POR EL APRUEBO PS PPD E INDEPENDIENTES,312. MARCELINO DEL CARMEN ZAPATA GOMEZ,PPD,3.0,False
623246,EMPEDRADO,EMPEDRADO,LICEO SAN IGNACIO,5M,ZG.CHILE VAMOS EVOPOLI - INDEPENDIENTES,313. GONZALO ISAIAS MUÑOZ SOLAR,EVOPOLI,4.0,False
623247,EMPEDRADO,EMPEDRADO,LICEO SAN IGNACIO,5M,ZG.CHILE VAMOS EVOPOLI - INDEPENDIENTES,314. EVELYN OPAZO FAUNDEZ,IND,5.0,False
623248,EMPEDRADO,EMPEDRADO,LICEO SAN IGNACIO,5M,ZG.CHILE VAMOS EVOPOLI - INDEPENDIENTES,315. CLAUDIO JAVIER TEJOS ESPINOZA,IND,30.0,True
623249,EMPEDRADO,EMPEDRADO,LICEO SAN IGNACIO,5M,ZG.CHILE VAMOS EVOPOLI - INDEPENDIENTES,316. ALAN MATIAS SOTO GAJARDO,IND,0.0,False
623250,EMPEDRADO,EMPEDRADO,LICEO SAN IGNACIO,5M,ZJ.CHILE VAMOS UDI - INDEPENDIENTES,317. MARIA GRACIELA GONZALEZ VALDES,IND,5.0,False
623251,EMPEDRADO,EMPEDRADO,LICEO SAN IGNACIO,5M,ZJ.CHILE VAMOS UDI - INDEPENDIENTES,318. CAROLINA DEL PILAR MUÑOZ TEJOS,IND,11.0,True
623252,EMPEDRADO,EMPEDRADO,LICEO SAN IGNACIO,5M,ZJ.CHILE VAMOS UDI - INDEPENDIENTES,319. JAVIER EDUARDO ESPINOZA TEJOS,IND,4.0,False
623253,EMPEDRADO,EMPEDRADO,LICEO SAN IGNACIO,5M,ZJ.CHILE VAMOS UDI - INDEPENDIENTES,320. VIVIANA DIAZ ORELLANA,IND,8.0,False
623254,EMPEDRADO,EMPEDRADO,LICEO SAN IGNACIO,5M,ZJ.CHILE VAMOS UDI - INDEPENDIENTES,321. ROSA OPAZO ROJAS,IND,21.0,True
623255,EMPEDRADO,EMPEDRADO,LICEO SAN IGNACIO,5M,ZU.RADICALES E INDEPENDIENTES,322. PATRICIO PEÑAILILLO CHAMORRO,PR,6.0,False
623256,EMPEDRADO,EMPEDRADO,LICEO SAN IGNACIO,6M,M.CHILE DIGNO VERDE Y SOBERANO,300. RAIMUNDO ENRIQUE PEÑAILILLO CARTER,IND,12.0,False
623257,EMPEDRADO,EMPEDRADO,LICEO SAN IGNACIO,6M,XK.CHILE VAMOS RENOVACION NACIONAL - INDEPENDIENTES,301. MARIO DEL CARMEN VILLANUEVA VALDIVIA,IND,18.0,True
623258,EMPEDRADO,EMPEDRADO,LICEO SAN IGNACIO,6M,XK.CHILE VAMOS RENOVACION NACIONAL - INDEPENDIENTES,302. FLORICELA DEL CARMEN BRAVO SEPULVEDA,IND,9.0,False
623259,EMPEDRADO,EMPEDRADO,LICEO SAN IGNACIO,6M,XK.CHILE VAMOS RENOVACION NACIONAL - INDEPENDIENTES,303. FRANCO ALEJANDRO SCAPPATICCIO BORDON,IND,26.0,True
623260,EMPEDRADO,EMPEDRADO,LICEO SAN IGNACIO,6M,XU.UNIDOS POR LA DIGNIDAD,304. LEONARDO ANTONIO PARRA MUÑOZ,PDC,2.0,False
623261,EMPEDRADO,EMPEDRADO,LICEO SAN IGNACIO,6M,XU.UNIDOS POR LA DIGNIDAD,305. JAIME ALEJANDRO BRAVO MARTINEZ,IND,,False
623262,EMPEDRADO,EMPEDRADO,LICEO SAN IGNACIO,6M,XY.DIGNIDAD AHORA,306. IGNACIO ANDRES ARAVENA SANDOVAL,PH,2.0,False
623263,EMPEDRADO,EMPEDRADO,LICEO SAN IGNACIO,6M,XY.DIGNIDAD AHORA,307. DANIEL ELISEO OPAZO MEDEL,IND,,False
623264,EMPEDRADO,EMPEDRADO,LICEO SAN IGNACIO,6M,XY.DIGNIDAD AHORA,308. ROSA INES PAINEMIL BUSTOS,IND,4.0,False
623265,EMPEDRADO,EMPEDRADO,LICEO SAN IGNACIO,6M,XY.DIGNIDAD AHORA,309. YESENIA BEATRIZ SEGURA NUÑEZ,IND,1.0,False
623266,EMPEDRADO,EMPEDRADO,LICEO SAN IGNACIO,6M,YW.UNIDAD POR EL APRUEBO PS PPD E INDEPENDIENTES,310. MIREYA DE LAS MERCEDES CARRASCO JARA,PPD,16.0,True
623267,EMPEDRADO,EMPEDRADO,LICEO SAN IGNACIO,6M,YW.UNIDAD POR EL APRUEBO PS PPD E INDEPENDIENTES,311. VICTOR MANUEL ARTURO RODRIGUEZ ULLOA,PPD,2.0,False
623268,EMPEDRADO,EMPEDRADO,LICEO SAN IGNACIO,6M,YW.UNIDAD POR EL APRUEBO PS PPD E INDEPENDIENTES,312. MARCELINO DEL CARMEN ZAPATA GOMEZ,PPD,8.0,False
623269,EMPEDRADO,EMPEDRADO,LICEO SAN IGNACIO,6M,ZG.CHILE VAMOS EVOPOLI - INDEPENDIENTES,313. GONZALO ISAIAS MUÑOZ SOLAR,EVOPOLI,4.0,False
623270,EMPEDRADO,EMPEDRADO,LICEO SAN IGNACIO,6M,ZG.CHILE VAMOS EVOPOLI - INDEPENDIENTES,314. EVELYN OPAZO FAUNDEZ,IND,2.0,False
623271,EMPEDRADO,EMPEDRADO,LICEO SAN IGNACIO,6M,ZG.CHILE VAMOS EVOPOLI - INDEPENDIENTES,315. CLAUDIO JAVIER TEJOS ESPINOZA,IND,27.0,True
623272,EMPEDRADO,EMPEDRADO,LICEO SAN IGNACIO,6M,ZG.CHILE VAMOS EVOPOLI - INDEPENDIENTES,316. ALAN MATIAS SOTO GAJARDO,IND,,False
623273,EMPEDRADO,EMPEDRADO,LICEO SAN IGNACIO,6M,ZJ.CHILE VAMOS UDI - INDEPENDIENTES,317. MARIA GRACIELA GONZALEZ VALDES,IND,3.0,False
623274,EMPEDRADO,EMPEDRADO,LICEO SAN IGNACIO,6M,ZJ.CHILE VAMOS UDI - INDEPENDIENTES,318. CAROLINA DEL PILAR MUÑOZ TEJOS,IND,5.0,True
623275,EMPEDRADO,EMPEDRADO,LICEO SAN IGNACIO,6M,ZJ.CHILE VAMOS UDI - INDEPENDIENTES,319. JAVIER EDUARDO ESPINOZA TEJOS,IND,6.0,False
623276,EMPEDRADO,EMPEDRADO,LICEO SAN IGNACIO,6M,ZJ.CHILE VAMOS UDI - INDEPENDIENTES,320. VIVIANA DIAZ ORELLANA,IND,7.0,False
623277,EMPEDRADO,EMPEDRADO,LICEO SAN IGNACIO,6M,ZJ.CHILE VAMOS UDI - INDEPENDIENTES,321. ROSA OPAZO ROJAS,IND,20.0,True
623278,EMPEDRADO,EMPEDRADO,LICEO SAN IGNACIO,6M,ZU.RADICALES E INDEPENDIENTES,322. PATRICIO PEÑAILILLO CHAMORRO,PR,3.0,False
623279,EMPEDRADO,EMPEDRADO,LICEO SAN IGNACIO,7M,M.CHILE DIGNO VERDE Y SOBERANO,300. RAIMUNDO ENRIQUE PEÑAILILLO CARTER,IND,9.0,False
623280,EMPEDRADO,EMPEDRADO,LICEO SAN IGNACIO,7M,XK.CHILE VAMOS RENOVACION NACIONAL - INDEPENDIENTES,301. MARIO DEL CARMEN VILLANUEVA VALDIVIA,IND,14.0,True
623281,EMPEDRADO,EMPEDRADO,LICEO SAN IGNACIO,7M,XK.CHILE VAMOS RENOVACION NACIONAL - INDEPENDIENTES,302. FLORICELA DEL CARMEN BRAVO SEPULVEDA,IND,9.0,False
623282,EMPEDRADO,EMPEDRADO,LICEO SAN IGNACIO,7M,XK.CHILE VAMOS RENOVACION NACIONAL - INDEPENDIENTES,303. FRANCO ALEJANDRO SCAPPATICCIO BORDON,IND,24.0,True
623283,EMPEDRADO,EMPEDRADO,LICEO SAN IGNACIO,7M,XU.UNIDOS POR LA DIGNIDAD,304. LEONARDO ANTONIO PARRA MUÑOZ,PDC,6.0,False
623284,EMPEDRADO,EMPEDRADO,LICEO SAN IGNACIO,7M,XU.UNIDOS POR LA DIGNIDAD,305. JAIME ALEJANDRO BRAVO MARTINEZ,IND,0.0,False
623285,EMPEDRADO,EMPEDRADO,LICEO SAN IGNACIO,7M,XY.DIGNIDAD AHORA,306. IGNACIO ANDRES ARAVENA SANDOVAL,PH,2.0,False
623286,EMPEDRADO,EMPEDRADO,LICEO SAN IGNACIO,7M,XY.DIGNIDAD AHORA,307. DANIEL ELISEO OPAZO MEDEL,IND,0.0,False
623287,EMPEDRADO,EMPEDRADO,LICEO SAN IGNACIO,7M,XY.DIGNIDAD AHORA,308. ROSA INES PAINEMIL BUSTOS,IND,7.0,False
623288,EMPEDRADO,EMPEDRADO,LICEO SAN IGNACIO,7M,XY.DIGNIDAD AHORA,309. YESENIA BEATRIZ SEGURA NUÑEZ,IND,6.0,False
623289,EMPEDRADO,EMPEDRADO,LICEO SAN IGNACIO,7M,YW.UNIDAD POR EL APRUEBO PS PPD E INDEPENDIENTES,310. MIREYA DE LAS MERCEDES CARRASCO JARA,PPD,21.0,True
623290,EMPEDRADO,EMPEDRADO,LICEO SAN IGNACIO,7M,YW.UNIDAD POR EL APRUEBO PS PPD E INDEPENDIENTES,311. VICTOR MANUEL ARTURO RODRIGUEZ ULLOA,PPD,7.0,False
623291,EMPEDRADO,EMPEDRADO,LICEO SAN IGNACIO,7M,YW.UNIDAD POR EL APRUEBO PS PPD E INDEPENDIENTES,312. MARCELINO DEL CARMEN ZAPATA GOMEZ,PPD,17.0,False
623292,EMPEDRADO,EMPEDRADO,LICEO SAN IGNACIO,7M,ZG.CHILE VAMOS EVOPOLI - INDEPENDIENTES,313. GONZALO ISAIAS MUÑOZ SOLAR,EVOPOLI,0.0,False
623293,EMPEDRADO,EMPEDRADO,LICEO SAN IGNACIO,7M,ZG.CHILE VAMOS EVOPOLI - INDEPENDIENTES,314. EVELYN OPAZO FAUNDEZ,IND,5.0,False
623294,EMPEDRADO,EMPEDRADO,LICEO SAN IGNACIO,7M,ZG.CHILE VAMOS EVOPOLI - INDEPENDIENTES,315. CLAUDIO JAVIER TEJOS ESPINOZA,IND,19.0,True
623295,EMPEDRADO,EMPEDRADO,LICEO SAN IGNACIO,7M,ZG.CHILE VAMOS EVOPOLI - INDEPENDIENTES,316. ALAN MATIAS SOTO GAJARDO,IND,0.0,False
623296,EMPEDRADO,EMPEDRADO,LICEO SAN IGNACIO,7M,ZJ.CHILE VAMOS UDI - INDEPENDIENTES,317. MARIA GRACIELA GONZALEZ VALDES,IND,10.0,False
623297,EMPEDRADO,EMPEDRADO,LICEO SAN IGNACIO,7M,ZJ.CHILE VAMOS UDI - INDEPENDIENTES,318. CAROLINA DEL PILAR MUÑOZ TEJOS,IND,7.0,True
623298,EMPEDRADO,EMPEDRADO,LICEO SAN IGNACIO,7M,ZJ.CHILE VAMOS UDI - INDEPENDIENTES,319. JAVIER EDUARDO ESPINOZA TEJOS,IND,4.0,False
623299,EMPEDRADO,EMPEDRADO,LICEO SAN IGNACIO,7M,ZJ.CHILE VAMOS UDI - INDEPENDIENTES,320. VIVIANA DIAZ ORELLANA,IND,21.0,False
623300,EMPEDRADO,EMPEDRADO,LICEO SAN IGNACIO,7M,ZJ.CHILE VAMOS UDI - INDEPENDIENTES,321. ROSA OPAZO ROJAS,IND,30.0,True
623301,EMPEDRADO,EMPEDRADO,LICEO SAN IGNACIO,7M,ZU.RADICALES E INDEPENDIENTES,322. PATRICIO PEÑAILILLO CHAMORRO,PR,8.0,False
623302,EMPEDRADO,EMPEDRADO,LICEO SAN IGNACIO,1V,M.CHILE DIGNO VERDE Y SOBERANO,300. RAIMUNDO ENRIQUE PEÑAILILLO CARTER,IND,8.0,False
623303,EMPEDRADO,EMPEDRADO,LICEO SAN IGNACIO,1V,XK.CHILE VAMOS RENOVACION NACIONAL - INDEPENDIENTES,301. MARIO DEL CARMEN VILLANUEVA VALDIVIA,IND,16.0,True
623304,EMPEDRADO,EMPEDRADO,LICEO SAN IGNACIO,1V,XK.CHILE VAMOS RENOVACION NACIONAL - INDEPENDIENTES,302. FLORICELA DEL CARMEN BRAVO SEPULVEDA,IND,1.0,False
623305,EMPEDRADO,EMPEDRADO,LICEO SAN IGNACIO,1V,XK.CHILE VAMOS RENOVACION NACIONAL - INDEPENDIENTES,303. FRANCO ALEJANDRO SCAPPATICCIO BORDON,IND,30.0,True
623306,EMPEDRADO,EMPEDRADO,LICEO SAN IGNACIO,1V,XU.UNIDOS POR LA DIGNIDAD,304. LEONARDO ANTONIO PARRA MUÑOZ,PDC,4.0,False
623307,EMPEDRADO,EMPEDRADO,LICEO SAN IGNACIO,1V,XU.UNIDOS POR LA DIGNIDAD,305. JAIME ALEJANDRO BRAVO MARTINEZ,IND,,False
623308,EMPEDRADO,EMPEDRADO,LICEO SAN IGNACIO,1V,XY.DIGNIDAD AHORA,306. IGNACIO ANDRES ARAVENA SANDOVAL,PH,,False
623309,EMPEDRADO,EMPEDRADO,LICEO SAN IGNACIO,1V,XY.DIGNIDAD AHORA,307. DANIEL ELISEO OPAZO MEDEL,IND,,False
623310,EMPEDRADO,EMPEDRADO,LICEO SAN IGNACIO,1V,XY.DIGNIDAD AHORA,308. ROSA INES PAINEMIL BUSTOS,IND,3.0,False
623311,EMPEDRADO,EMPEDRADO,LICEO SAN IGNACIO,1V,XY.DIGNIDAD AHORA,309. YESENIA BEATRIZ SEGURA NUÑEZ,IND,1.0,False
623312,EMPEDRADO,EMPEDRADO,LICEO SAN IGNACIO,1V,YW.UNIDAD POR EL APRUEBO PS PPD E INDEPENDIENTES,310. MIREYA DE LAS MERCEDES CARRASCO JARA,PPD,28.0,True
623313,EMPEDRADO,EMPEDRADO,LICEO SAN IGNACIO,1V,YW.UNIDAD POR EL APRUEBO PS PPD E INDEPENDIENTES,311. VICTOR MANUEL ARTURO RODRIGUEZ ULLOA,PPD,11.0,False
623314,EMPEDRADO,EMPEDRADO,LICEO SAN IGNACIO,1V,YW.UNIDAD POR EL APRUEBO PS PPD E INDEPENDIENTES,312. MARCELINO DEL CARMEN ZAPATA GOMEZ,PPD,2.0,False
623315,EMPEDRADO,EMPEDRADO,LICEO SAN IGNACIO,1V,ZG.CHILE VAMOS EVOPOLI - INDEPENDIENTES,313. GONZALO ISAIAS MUÑOZ SOLAR,EVOPOLI,7.0,False
623316,EMPEDRADO,EMPEDRADO,LICEO SAN IGNACIO,1V,ZG.CHILE VAMOS EVOPOLI - INDEPENDIENTES,314. EVELYN OPAZO FAUNDEZ,IND,4.0,False
623317,EMPEDRADO,EMPEDRADO,LICEO SAN IGNACIO,1V,ZG.CHILE VAMOS EVOPOLI - INDEPENDIENTES,315. CLAUDIO JAVIER TEJOS ESPINOZA,IND,30.0,True
623318,EMPEDRADO,EMPEDRADO,LICEO SAN IGNACIO,1V,ZG.CHILE VAMOS EVOPOLI - INDEPENDIENTES,316. ALAN MATIAS SOTO GAJARDO,IND,,False
623319,EMPEDRADO,EMPEDRADO,LICEO SAN IGNACIO,1V,ZJ.CHILE VAMOS UDI - INDEPENDIENTES,317. MARIA GRACIELA GONZALEZ VALDES,IND,5.0,False
623320,EMPEDRADO,EMPEDRADO,LICEO SAN IGNACIO,1V,ZJ.CHILE VAMOS UDI - INDEPENDIENTES,318. CAROLINA DEL PILAR MUÑOZ TEJOS,IND,10.0,True
623321,EMPEDRADO,EMPEDRADO,LICEO SAN IGNACIO,1V,ZJ.CHILE VAMOS UDI - INDEPENDIENTES,319. JAVIER EDUARDO ESPINOZA TEJOS,IND,8.0,False
623322,EMPEDRADO,EMPEDRADO,LICEO SAN IGNACIO,1V,ZJ.CHILE VAMOS UDI - INDEPENDIENTES,320. VIVIANA DIAZ ORELLANA,IND,6.0,False
623323,EMPEDRADO,EMPEDRADO,LICEO SAN IGNACIO,1V,ZJ.CHILE VAMOS UDI - INDEPENDIENTES,321. ROSA OPAZO ROJAS,IND,24.0,True
623324,EMPEDRADO,EMPEDRADO,LICEO SAN IGNACIO,1V,ZU.RADICALES E INDEPENDIENTES,322. PATRICIO PEÑAILILLO CHAMORRO,PR,9.0,False
623325,EMPEDRADO,EMPEDRADO,LICEO SAN IGNACIO,2V,M.CHILE DIGNO VERDE Y SOBERANO,300. RAIMUNDO ENRIQUE PEÑAILILLO CARTER,IND,8.0,False
623326,EMPEDRADO,EMPEDRADO,LICEO SAN IGNACIO,2V,XK.CHILE VAMOS RENOVACION NACIONAL - INDEPENDIENTES,301. MARIO DEL CARMEN VILLANUEVA VALDIVIA,IND,9.0,True
623327,EMPEDRADO,EMPEDRADO,LICEO SAN IGNACIO,2V,XK.CHILE VAMOS RENOVACION NACIONAL - INDEPENDIENTES,302. FLORICELA DEL CARMEN BRAVO SEPULVEDA,IND,2.0,False
623328,EMPEDRADO,EMPEDRADO,LICEO SAN IGNACIO,2V,XK.CHILE VAMOS RENOVACION NACIONAL - INDEPENDIENTES,303. FRANCO ALEJANDRO SCAPPATICCIO BORDON,IND,31.0,True
623329,EMPEDRADO,EMPEDRADO,LICEO SAN IGNACIO,2V,XU.UNIDOS POR LA DIGNIDAD,304. LEONARDO ANTONIO PARRA MUÑOZ,PDC,8.0,False
623330,EMPEDRADO,EMPEDRADO,LICEO SAN IGNACIO,2V,XU.UNIDOS POR LA DIGNIDAD,305. JAIME ALEJANDRO BRAVO MARTINEZ,IND,1.0,False
623331,EMPEDRADO,EMPEDRADO,LICEO SAN IGNACIO,2V,XY.DIGNIDAD AHORA,306. IGNACIO ANDRES ARAVENA SANDOVAL,PH,1.0,False
623332,EMPEDRADO,EMPEDRADO,LICEO SAN IGNACIO,2V,XY.DIGNIDAD AHORA,307. DANIEL ELISEO OPAZO MEDEL,IND,5.0,False
623333,EMPEDRADO,EMPEDRADO,LICEO SAN IGNACIO,2V,XY.DIGNIDAD AHORA,308. ROSA INES PAINEMIL BUSTOS,IND,6.0,False
623334,EMPEDRADO,EMPEDRADO,LICEO SAN IGNACIO,2V,XY.DIGNIDAD AHORA,309. YESENIA BEATRIZ SEGURA NUÑEZ,IND,5.0,False
623335,EMPEDRADO,EMPEDRADO,LICEO SAN IGNACIO,2V,YW.UNIDAD POR EL APRUEBO PS PPD E INDEPENDIENTES,310. MIREYA DE LAS MERCEDES CARRASCO JARA,PPD,37.0,True
623336,EMPEDRADO,EMPEDRADO,LICEO SAN IGNACIO,2V,YW.UNIDAD POR EL APRUEBO PS PPD E INDEPENDIENTES,311. VICTOR MANUEL ARTURO RODRIGUEZ ULLOA,PPD,9.0,False
623337,EMPEDRADO,EMPEDRADO,LICEO SAN IGNACIO,2V,YW.UNIDAD POR EL APRUEBO PS PPD E INDEPENDIENTES,312. MARCELINO DEL CARMEN ZAPATA GOMEZ,PPD,5.0,False
623338,EMPEDRADO,EMPEDRADO,LICEO SAN IGNACIO,2V,ZG.CHILE VAMOS EVOPOLI - INDEPENDIENTES,313. GONZALO ISAIAS MUÑOZ SOLAR,EVOPOLI,6.0,False
623339,EMPEDRADO,EMPEDRADO,LICEO SAN IGNACIO,2V,ZG.CHILE VAMOS EVOPOLI - INDEPENDIENTES,314. EVELYN OPAZO FAUNDEZ,IND,4.0,False
623340,EMPEDRADO,EMPEDRADO,LICEO SAN IGNACIO,2V,ZG.CHILE VAMOS EVOPOLI - INDEPENDIENTES,315. CLAUDIO JAVIER TEJOS ESPINOZA,IND,32.0,True
623341,EMPEDRADO,EMPEDRADO,LICEO SAN IGNACIO,2V,ZG.CHILE VAMOS EVOPOLI - INDEPENDIENTES,316. ALAN MATIAS SOTO GAJARDO,IND,1.0,False
623342,EMPEDRADO,EMPEDRADO,LICEO SAN IGNACIO,2V,ZJ.CHILE VAMOS UDI - INDEPENDIENTES,317. MARIA GRACIELA GONZALEZ VALDES,IND,8.0,False
623343,EMPEDRADO,EMPEDRADO,LICEO SAN IGNACIO,2V,ZJ.CHILE VAMOS UDI - INDEPENDIENTES,318. CAROLINA DEL PILAR MUÑOZ TEJOS,IND,10.0,True
623344,EMPEDRADO,EMPEDRADO,LICEO SAN IGNACIO,2V,ZJ.CHILE VAMOS UDI - INDEPENDIENTES,319. JAVIER EDUARDO ESPINOZA TEJOS,IND,12.0,False
623345,EMPEDRADO,EMPEDRADO,LICEO SAN IGNACIO,2V,ZJ.CHILE VAMOS UDI - INDEPENDIENTES,320. VIVIANA DIAZ ORELLANA,IND,6.0,False
623346,EMPEDRADO,EMPEDRADO,LICEO SAN IGNACIO,2V,ZJ.CHILE VAMOS UDI - INDEPENDIENTES,321. ROSA OPAZO ROJAS,IND,22.0,True
623347,EMPEDRADO,EMPEDRADO,LICEO SAN IGNACIO,2V,ZU.RADICALES E INDEPENDIENTES,322. PATRICIO PEÑAILILLO CHAMORRO,PR,9.0,False
623348,EMPEDRADO,EMPEDRADO,LICEO SAN IGNACIO,3V,M.CHILE DIGNO VERDE Y SOBERANO,300. RAIMUNDO ENRIQUE PEÑAILILLO CARTER,IND,12.0,False
623349,EMPEDRADO,EMPEDRADO,LICEO SAN IGNACIO,3V,XK.CHILE VAMOS RENOVACION NACIONAL - INDEPENDIENTES,301. MARIO DEL CARMEN VILLANUEVA VALDIVIA,IND,6.0,True
623350,EMPEDRADO,EMPEDRADO,LICEO SAN IGNACIO,3V,XK.CHILE VAMOS RENOVACION NACIONAL - INDEPENDIENTES,302. FLORICELA DEL CARMEN BRAVO SEPULVEDA,IND,2.0,False
623351,EMPEDRADO,EMPEDRADO,LICEO SAN IGNACIO,3V,XK.CHILE VAMOS RENOVACION NACIONAL - INDEPENDIENTES,303. FRANCO ALEJANDRO SCAPPATICCIO BORDON,IND,21.0,True
623352,EMPEDRADO,EMPEDRADO,LICEO SAN IGNACIO,3V,XU.UNIDOS POR LA DIGNIDAD,304. LEONARDO ANTONIO PARRA MUÑOZ,PDC,4.0,False
623353,EMPEDRADO,EMPEDRADO,LICEO SAN IGNACIO,3V,XU.UNIDOS POR LA DIGNIDAD,305. JAIME ALEJANDRO BRAVO MARTINEZ,IND,2.0,False
623354,EMPEDRADO,EMPEDRADO,LICEO SAN IGNACIO,3V,XY.DIGNIDAD AHORA,306. IGNACIO ANDRES ARAVENA SANDOVAL,PH,2.0,False
623355,EMPEDRADO,EMPEDRADO,LICEO SAN IGNACIO,3V,XY.DIGNIDAD AHORA,307. DANIEL ELISEO OPAZO MEDEL,IND,1.0,False
623356,EMPEDRADO,EMPEDRADO,LICEO SAN IGNACIO,3V,XY.DIGNIDAD AHORA,308. ROSA INES PAINEMIL BUSTOS,IND,3.0,False
623357,EMPEDRADO,EMPEDRADO,LICEO SAN IGNACIO,3V,XY.DIGNIDAD AHORA,309. YESENIA BEATRIZ SEGURA NUÑEZ,IND,7.0,False
623358,EMPEDRADO,EMPEDRADO,LICEO SAN IGNACIO,3V,YW.UNIDAD POR EL APRUEBO PS PPD E INDEPENDIENTES,310. MIREYA DE LAS MERCEDES CARRASCO JARA,PPD,20.0,True
623359,EMPEDRADO,EMPEDRADO,LICEO SAN IGNACIO,3V,YW.UNIDAD POR EL APRUEBO PS PPD E INDEPENDIENTES,311. VICTOR MANUEL ARTURO RODRIGUEZ ULLOA,PPD,9.0,False
623360,EMPEDRADO,EMPEDRADO,LICEO SAN IGNACIO,3V,YW.UNIDAD POR EL APRUEBO PS PPD E INDEPENDIENTES,312. MARCELINO DEL CARMEN ZAPATA GOMEZ,PPD,1.0,False
623361,EMPEDRADO,EMPEDRADO,LICEO SAN IGNACIO,3V,ZG.CHILE VAMOS EVOPOLI - INDEPENDIENTES,313. GONZALO ISAIAS MUÑOZ SOLAR,EVOPOLI,6.0,False
623362,EMPEDRADO,EMPEDRADO,LICEO SAN IGNACIO,3V,ZG.CHILE VAMOS EVOPOLI - INDEPENDIENTES,314. EVELYN OPAZO FAUNDEZ,IND,11.0,False
623363,EMPEDRADO,EMPEDRADO,LICEO SAN IGNACIO,3V,ZG.CHILE VAMOS EVOPOLI - INDEPENDIENTES,315. CLAUDIO JAVIER TEJOS ESPINOZA,IND,24.0,True
623364,EMPEDRADO,EMPEDRADO,LICEO SAN IGNACIO,3V,ZG.CHILE VAMOS EVOPOLI - INDEPENDIENTES,316. ALAN MATIAS SOTO GAJARDO,IND,1.0,False
623365,EMPEDRADO,EMPEDRADO,LICEO SAN IGNACIO,3V,ZJ.CHILE VAMOS UDI - INDEPENDIENTES,317. MARIA GRACIELA GONZALEZ VALDES,IND,11.0,False
623366,EMPEDRADO,EMPEDRADO,LICEO SAN IGNACIO,3V,ZJ.CHILE VAMOS UDI - INDEPENDIENTES,318. CAROLINA DEL PILAR MUÑOZ TEJOS,IND,9.0,True
623367,EMPEDRADO,EMPEDRADO,LICEO SAN IGNACIO,3V,ZJ.CHILE VAMOS UDI - INDEPENDIENTES,319. JAVIER EDUARDO ESPINOZA TEJOS,IND,5.0,False
623368,EMPEDRADO,EMPEDRADO,LICEO SAN IGNACIO,3V,ZJ.CHILE VAMOS UDI - INDEPENDIENTES,320. VIVIANA DIAZ ORELLANA,IND,5.0,False
623369,EMPEDRADO,EMPEDRADO,LICEO SAN IGNACIO,3V,ZJ.CHILE VAMOS UDI - INDEPENDIENTES,321. ROSA OPAZO ROJAS,IND,10.0,True
623370,EMPEDRADO,EMPEDRADO,LICEO SAN IGNACIO,3V,ZU.RADICALES E INDEPENDIENTES,322. PATRICIO PEÑAILILLO CHAMORRO,PR,13.0,False
623371,EMPEDRADO,EMPEDRADO,LICEO SAN IGNACIO,4V,M.CHILE DIGNO VERDE Y SOBERANO,300. RAIMUNDO ENRIQUE PEÑAILILLO CARTER,IND,8.0,False
623372,EMPEDRADO,EMPEDRADO,LICEO SAN IGNACIO,4V,XK.CHILE VAMOS RENOVACION NACIONAL - INDEPENDIENTES,301. MARIO DEL CARMEN VILLANUEVA VALDIVIA,IND,12.0,True
623373,EMPEDRADO,EMPEDRADO,LICEO SAN IGNACIO,4V,XK.CHILE VAMOS RENOVACION NACIONAL - INDEPENDIENTES,302. FLORICELA DEL CARMEN BRAVO SEPULVEDA,IND,1.0,False
623374,EMPEDRADO,EMPEDRADO,LICEO SAN IGNACIO,4V,XK.CHILE VAMOS RENOVACION NACIONAL - INDEPENDIENTES,303. FRANCO ALEJANDRO SCAPPATICCIO BORDON,IND,21.0,True
623375,EMPEDRADO,EMPEDRADO,LICEO SAN IGNACIO,4V,XU.UNIDOS POR LA DIGNIDAD,304. LEONARDO ANTONIO PARRA MUÑOZ,PDC,3.0,False
623376,EMPEDRADO,EMPEDRADO,LICEO SAN IGNACIO,4V,XU.UNIDOS POR LA DIGNIDAD,305. JAIME ALEJANDRO BRAVO MARTINEZ,IND,2.0,False
623377,EMPEDRADO,EMPEDRADO,LICEO SAN IGNACIO,4V,XY.DIGNIDAD AHORA,306. IGNACIO ANDRES ARAVENA SANDOVAL,PH,1.0,False
623378,EMPEDRADO,EMPEDRADO,LICEO SAN IGNACIO,4V,XY.DIGNIDAD AHORA,307. DANIEL ELISEO OPAZO MEDEL,IND,2.0,False
623379,EMPEDRADO,EMPEDRADO,LICEO SAN IGNACIO,4V,XY.DIGNIDAD AHORA,308. ROSA INES PAINEMIL BUSTOS,IND,3.0,False
623380,EMPEDRADO,EMPEDRADO,LICEO SAN IGNACIO,4V,XY.DIGNIDAD AHORA,309. YESENIA BEATRIZ SEGURA NUÑEZ,IND,1.0,False
623381,EMPEDRADO,EMPEDRADO,LICEO SAN IGNACIO,4V,YW.UNIDAD POR EL APRUEBO PS PPD E INDEPENDIENTES,310. MIREYA DE LAS MERCEDES CARRASCO JARA,PPD,15.0,True
623382,EMPEDRADO,EMPEDRADO,LICEO SAN IGNACIO,4V,YW.UNIDAD POR EL APRUEBO PS PPD E INDEPENDIENTES,311. VICTOR MANUEL ARTURO RODRIGUEZ ULLOA,PPD,13.0,False
623383,EMPEDRADO,EMPEDRADO,LICEO SAN IGNACIO,4V,YW.UNIDAD POR EL APRUEBO PS PPD E INDEPENDIENTES,312. MARCELINO DEL CARMEN ZAPATA GOMEZ,PPD,6.0,False
623384,EMPEDRADO,EMPEDRADO,LICEO SAN IGNACIO,4V,ZG.CHILE VAMOS EVOPOLI - INDEPENDIENTES,313. GONZALO ISAIAS MUÑOZ SOLAR,EVOPOLI,5.0,False
623385,EMPEDRADO,EMPEDRADO,LICEO SAN IGNACIO,4V,ZG.CHILE VAMOS EVOPOLI - INDEPENDIENTES,314. EVELYN OPAZO FAUNDEZ,IND,3.0,False
623386,EMPEDRADO,EMPEDRADO,LICEO SAN IGNACIO,4V,ZG.CHILE VAMOS EVOPOLI - INDEPENDIENTES,315. CLAUDIO JAVIER TEJOS ESPINOZA,IND,27.0,True
623387,EMPEDRADO,EMPEDRADO,LICEO SAN IGNACIO,4V,ZG.CHILE VAMOS EVOPOLI - INDEPENDIENTES,316. ALAN MATIAS SOTO GAJARDO,IND,1.0,False
623388,EMPEDRADO,EMPEDRADO,LICEO SAN IGNACIO,4V,ZJ.CHILE VAMOS UDI - INDEPENDIENTES,317. MARIA GRACIELA GONZALEZ VALDES,IND,2.0,False
623389,EMPEDRADO,EMPEDRADO,LICEO SAN IGNACIO,4V,ZJ.CHILE VAMOS UDI - INDEPENDIENTES,318. CAROLINA DEL PILAR MUÑOZ TEJOS,IND,5.0,True
623390,EMPEDRADO,EMPEDRADO,LICEO SAN IGNACIO,4V,ZJ.CHILE VAMOS UDI - INDEPENDIENTES,319. JAVIER EDUARDO ESPINOZA TEJOS,IND,7.0,False
623391,EMPEDRADO,EMPEDRADO,LICEO SAN IGNACIO,4V,ZJ.CHILE VAMOS UDI - INDEPENDIENTES,320. VIVIANA DIAZ ORELLANA,IND,5.0,False
623392,EMPEDRADO,EMPEDRADO,LICEO SAN IGNACIO,4V,ZJ.CHILE VAMOS UDI - INDEPENDIENTES,321. ROSA OPAZO ROJAS,IND,23.0,True
623393,EMPEDRADO,EMPEDRADO,LICEO SAN IGNACIO,4V,ZU.RADICALES E INDEPENDIENTES,322. PATRICIO PEÑAILILLO CHAMORRO,PR,7.0,False
623394,EMPEDRADO,EMPEDRADO,LICEO SAN IGNACIO,5V,M.CHILE DIGNO VERDE Y SOBERANO,300. RAIMUNDO ENRIQUE PEÑAILILLO CARTER,IND,14.0,False
623395,EMPEDRADO,EMPEDRADO,LICEO SAN IGNACIO,5V,XK.CHILE VAMOS RENOVACION NACIONAL - INDEPENDIENTES,301. MARIO DEL CARMEN VILLANUEVA VALDIVIA,IND,14.0,True
623396,EMPEDRADO,EMPEDRADO,LICEO SAN IGNACIO,5V,XK.CHILE VAMOS RENOVACION NACIONAL - INDEPENDIENTES,302. FLORICELA DEL CARMEN BRAVO SEPULVEDA,IND,5.0,False
623397,EMPEDRADO,EMPEDRADO,LICEO SAN IGNACIO,5V,XK.CHILE VAMOS RENOVACION NACIONAL - INDEPENDIENTES,303. FRANCO ALEJANDRO SCAPPATICCIO BORDON,IND,40.0,True
623398,EMPEDRADO,EMPEDRADO,LICEO SAN IGNACIO,5V,XU.UNIDOS POR LA DIGNIDAD,304. LEONARDO ANTONIO PARRA MUÑOZ,PDC,8.0,False
623399,EMPEDRADO,EMPEDRADO,LICEO SAN IGNACIO,5V,XU.UNIDOS POR LA DIGNIDAD,305. JAIME ALEJANDRO BRAVO MARTINEZ,IND,2.0,False
623400,EMPEDRADO,EMPEDRADO,LICEO SAN IGNACIO,5V,XY.DIGNIDAD AHORA,306. IGNACIO ANDRES ARAVENA SANDOVAL,PH,1.0,False
623401,EMPEDRADO,EMPEDRADO,LICEO SAN IGNACIO,5V,XY.DIGNIDAD AHORA,307. DANIEL ELISEO OPAZO MEDEL,IND,2.0,False
623402,EMPEDRADO,EMPEDRADO,LICEO SAN IGNACIO,5V,XY.DIGNIDAD AHORA,308. ROSA INES PAINEMIL BUSTOS,IND,7.0,False
623403,EMPEDRADO,EMPEDRADO,LICEO SAN IGNACIO,5V,XY.DIGNIDAD AHORA,309. YESENIA BEATRIZ SEGURA NUÑEZ,IND,3.0,False
623404,EMPEDRADO,EMPEDRADO,LICEO SAN IGNACIO,5V,YW.UNIDAD POR EL APRUEBO PS PPD E INDEPENDIENTES,310. MIREYA DE LAS MERCEDES CARRASCO JARA,PPD,17.0,True
623405,EMPEDRADO,EMPEDRADO,LICEO SAN IGNACIO,5V,YW.UNIDAD POR EL APRUEBO PS PPD E INDEPENDIENTES,311. VICTOR MANUEL ARTURO RODRIGUEZ ULLOA,PPD,8.0,False
623406,EMPEDRADO,EMPEDRADO,LICEO SAN IGNACIO,5V,YW.UNIDAD POR EL APRUEBO PS PPD E INDEPENDIENTES,312. MARCELINO DEL CARMEN ZAPATA GOMEZ,PPD,6.0,False
623407,EMPEDRADO,EMPEDRADO,LICEO SAN IGNACIO,5V,ZG.CHILE VAMOS EVOPOLI - INDEPENDIENTES,313. GONZALO ISAIAS MUÑOZ SOLAR,EVOPOLI,12.0,False
623408,EMPEDRADO,EMPEDRADO,LICEO SAN IGNACIO,5V,ZG.CHILE VAMOS EVOPOLI - INDEPENDIENTES,314. EVELYN OPAZO FAUNDEZ,IND,7.0,False
623409,EMPEDRADO,EMPEDRADO,LICEO SAN IGNACIO,5V,ZG.CHILE VAMOS EVOPOLI - INDEPENDIENTES,315. CLAUDIO JAVIER TEJOS ESPINOZA,IND,27.0,True
623410,EMPEDRADO,EMPEDRADO,LICEO SAN IGNACIO,5V,ZG.CHILE VAMOS EVOPOLI - INDEPENDIENTES,316. ALAN MATIAS SOTO GAJARDO,IND,0.0,False
623411,EMPEDRADO,EMPEDRADO,LICEO SAN IGNACIO,5V,ZJ.CHILE VAMOS UDI - INDEPENDIENTES,317. MARIA GRACIELA GONZALEZ VALDES,IND,4.0,False
623412,EMPEDRADO,EMPEDRADO,LICEO SAN IGNACIO,5V,ZJ.CHILE VAMOS UDI - INDEPENDIENTES,318. CAROLINA DEL PILAR MUÑOZ TEJOS,IND,11.0,True
623413,EMPEDRADO,EMPEDRADO,LICEO SAN IGNACIO,5V,ZJ.CHILE VAMOS UDI - INDEPENDIENTES,319. JAVIER EDUARDO ESPINOZA TEJOS,IND,9.0,False
623414,EMPEDRADO,EMPEDRADO,LICEO SAN IGNACIO,5V,ZJ.CHILE VAMOS UDI - INDEPENDIENTES,320. VIVIANA DIAZ ORELLANA,IND,6.0,False
623415,EMPEDRADO,EMPEDRADO,LICEO SAN IGNACIO,5V,ZJ.CHILE VAMOS UDI - INDEPENDIENTES,321. ROSA OPAZO ROJAS,IND,21.0,True
623416,EMPEDRADO,EMPEDRADO,LICEO SAN IGNACIO,5V,ZU.RADICALES E INDEPENDIENTES,322. PATRICIO PEÑAILILLO CHAMORRO,PR,19.0,False
623417,EMPEDRADO,EMPEDRADO,LICEO SAN IGNACIO,6V,M.CHILE DIGNO VERDE Y SOBERANO,300. RAIMUNDO ENRIQUE PEÑAILILLO CARTER,IND,9.0,False
623418,EMPEDRADO,EMPEDRADO,LICEO SAN IGNACIO,6V,XK.CHILE VAMOS RENOVACION NACIONAL - INDEPENDIENTES,301. MARIO DEL CARMEN VILLANUEVA VALDIVIA,IND,6.0,True
623419,EMPEDRADO,EMPEDRADO,LICEO SAN IGNACIO,6V,XK.CHILE VAMOS RENOVACION NACIONAL - INDEPENDIENTES,302. FLORICELA DEL CARMEN BRAVO SEPULVEDA,IND,4.0,False
623420,EMPEDRADO,EMPEDRADO,LICEO SAN IGNACIO,6V,XK.CHILE VAMOS RENOVACION NACIONAL - INDEPENDIENTES,303. FRANCO ALEJANDRO SCAPPATICCIO BORDON,IND,34.0,True
623421,EMPEDRADO,EMPEDRADO,LICEO SAN IGNACIO,6V,XU.UNIDOS POR LA DIGNIDAD,304. LEONARDO ANTONIO PARRA MUÑOZ,PDC,1.0,False
623422,EMPEDRADO,EMPEDRADO,LICEO SAN IGNACIO,6V,XU.UNIDOS POR LA DIGNIDAD,305. JAIME ALEJANDRO BRAVO MARTINEZ,IND,1.0,False
623423,EMPEDRADO,EMPEDRADO,LICEO SAN IGNACIO,6V,XY.DIGNIDAD AHORA,306. IGNACIO ANDRES ARAVENA SANDOVAL,PH,2.0,False
623424,EMPEDRADO,EMPEDRADO,LICEO SAN IGNACIO,6V,XY.DIGNIDAD AHORA,307. DANIEL ELISEO OPAZO MEDEL,IND,,False
623425,EMPEDRADO,EMPEDRADO,LICEO SAN IGNACIO,6V,XY.DIGNIDAD AHORA,308. ROSA INES PAINEMIL BUSTOS,IND,3.0,False
623426,EMPEDRADO,EMPEDRADO,LICEO SAN IGNACIO,6V,XY.DIGNIDAD AHORA,309. YESENIA BEATRIZ SEGURA NUÑEZ,IND,1.0,False
623427,EMPEDRADO,EMPEDRADO,LICEO SAN IGNACIO,6V,YW.UNIDAD POR EL APRUEBO PS PPD E INDEPENDIENTES,310. MIREYA DE LAS MERCEDES CARRASCO JARA,PPD,17.0,True
623428,EMPEDRADO,EMPEDRADO,LICEO SAN IGNACIO,6V,YW.UNIDAD POR EL APRUEBO PS PPD E INDEPENDIENTES,311. VICTOR MANUEL ARTURO RODRIGUEZ ULLOA,PPD,4.0,False
623429,EMPEDRADO,EMPEDRADO,LICEO SAN IGNACIO,6V,YW.UNIDAD POR EL APRUEBO PS PPD E INDEPENDIENTES,312. MARCELINO DEL CARMEN ZAPATA GOMEZ,PPD,4.0,False
623430,EMPEDRADO,EMPEDRADO,LICEO SAN IGNACIO,6V,ZG.CHILE VAMOS EVOPOLI - INDEPENDIENTES,313. GONZALO ISAIAS MUÑOZ SOLAR,EVOPOLI,5.0,False
623431,EMPEDRADO,EMPEDRADO,LICEO SAN IGNACIO,6V,ZG.CHILE VAMOS EVOPOLI - INDEPENDIENTES,314. EVELYN OPAZO FAUNDEZ,IND,2.0,False
623432,EMPEDRADO,EMPEDRADO,LICEO SAN IGNACIO,6V,ZG.CHILE VAMOS EVOPOLI - INDEPENDIENTES,315. CLAUDIO JAVIER TEJOS ESPINOZA,IND,11.0,True
623433,EMPEDRADO,EMPEDRADO,LICEO SAN IGNACIO,6V,ZG.CHILE VAMOS EVOPOLI - INDEPENDIENTES,316. ALAN MATIAS SOTO GAJARDO,IND,2.0,False
623434,EMPEDRADO,EMPEDRADO,LICEO SAN IGNACIO,6V,ZJ.CHILE VAMOS UDI - INDEPENDIENTES,317. MARIA GRACIELA GONZALEZ VALDES,IND,11.0,False
623435,EMPEDRADO,EMPEDRADO,LICEO SAN IGNACIO,6V,ZJ.CHILE VAMOS UDI - INDEPENDIENTES,318. CAROLINA DEL PILAR MUÑOZ TEJOS,IND,3.0,True
623436,EMPEDRADO,EMPEDRADO,LICEO SAN IGNACIO,6V,ZJ.CHILE VAMOS UDI - INDEPENDIENTES,319. JAVIER EDUARDO ESPINOZA TEJOS,IND,7.0,False
623437,EMPEDRADO,EMPEDRADO,LICEO SAN IGNACIO,6V,ZJ.CHILE VAMOS UDI - INDEPENDIENTES,320. VIVIANA DIAZ ORELLANA,IND,6.0,False
623438,EMPEDRADO,EMPEDRADO,LICEO SAN IGNACIO,6V,ZJ.CHILE VAMOS UDI - INDEPENDIENTES,321. ROSA OPAZO ROJAS,IND,20.0,True
623439,EMPEDRADO,EMPEDRADO,LICEO SAN IGNACIO,6V,ZU.RADICALES E INDEPENDIENTES,322. PATRICIO PEÑAILILLO CHAMORRO,PR,5.0,False
623440,EMPEDRADO,EMPEDRADO,LICEO SAN IGNACIO,7V,M.CHILE DIGNO VERDE Y SOBERANO,300. RAIMUNDO ENRIQUE PEÑAILILLO CARTER,IND,10.0,False
623441,EMPEDRADO,EMPEDRADO,LICEO SAN IGNACIO,7V,XK.CHILE VAMOS RENOVACION NACIONAL - INDEPENDIENTES,301. MARIO DEL CARMEN VILLANUEVA VALDIVIA,IND,10.0,True
623442,EMPEDRADO,EMPEDRADO,LICEO SAN IGNACIO,7V,XK.CHILE VAMOS RENOVACION NACIONAL - INDEPENDIENTES,302. FLORICELA DEL CARMEN BRAVO SEPULVEDA,IND,7.0,False
623443,EMPEDRADO,EMPEDRADO,LICEO SAN IGNACIO,7V,XK.CHILE VAMOS RENOVACION NACIONAL - INDEPENDIENTES,303. FRANCO ALEJANDRO SCAPPATICCIO BORDON,IND,30.0,True
623444,EMPEDRADO,EMPEDRADO,LICEO SAN IGNACIO,7V,XU.UNIDOS POR LA DIGNIDAD,304. LEONARDO ANTONIO PARRA MUÑOZ,PDC,2.0,False
623445,EMPEDRADO,EMPEDRADO,LICEO SAN IGNACIO,7V,XU.UNIDOS POR LA DIGNIDAD,305. JAIME ALEJANDRO BRAVO MARTINEZ,IND,2.0,False
623446,EMPEDRADO,EMPEDRADO,LICEO SAN IGNACIO,7V,XY.DIGNIDAD AHORA,306. IGNACIO ANDRES ARAVENA SANDOVAL,PH,6.0,False
623447,EMPEDRADO,EMPEDRADO,LICEO SAN IGNACIO,7V,XY.DIGNIDAD AHORA,307. DANIEL ELISEO OPAZO MEDEL,IND,3.0,False
623448,EMPEDRADO,EMPEDRADO,LICEO SAN IGNACIO,7V,XY.DIGNIDAD AHORA,308. ROSA INES PAINEMIL BUSTOS,IND,7.0,False
623449,EMPEDRADO,EMPEDRADO,LICEO SAN IGNACIO,7V,XY.DIGNIDAD AHORA,309. YESENIA BEATRIZ SEGURA NUÑEZ,IND,5.0,False
623450,EMPEDRADO,EMPEDRADO,LICEO SAN IGNACIO,7V,YW.UNIDAD POR EL APRUEBO PS PPD E INDEPENDIENTES,310. MIREYA DE LAS MERCEDES CARRASCO JARA,PPD,15.0,True
623451,EMPEDRADO,EMPEDRADO,LICEO SAN IGNACIO,7V,YW.UNIDAD POR EL APRUEBO PS PPD E INDEPENDIENTES,311. VICTOR MANUEL ARTURO RODRIGUEZ ULLOA,PPD,4.0,False
623452,EMPEDRADO,EMPEDRADO,LICEO SAN IGNACIO,7V,YW.UNIDAD POR EL APRUEBO PS PPD E INDEPENDIENTES,312. MARCELINO DEL CARMEN ZAPATA GOMEZ,PPD,1.0,False
623453,EMPEDRADO,EMPEDRADO,LICEO SAN IGNACIO,7V,ZG.CHILE VAMOS EVOPOLI - INDEPENDIENTES,313. GONZALO ISAIAS MUÑOZ SOLAR,EVOPOLI,5.0,False
623454,EMPEDRADO,EMPEDRADO,LICEO SAN IGNACIO,7V,ZG.CHILE VAMOS EVOPOLI - INDEPENDIENTES,314. EVELYN OPAZO FAUNDEZ,IND,1.0,False
623455,EMPEDRADO,EMPEDRADO,LICEO SAN IGNACIO,7V,ZG.CHILE VAMOS EVOPOLI - INDEPENDIENTES,315. CLAUDIO JAVIER TEJOS ESPINOZA,IND,14.0,True
623456,EMPEDRADO,EMPEDRADO,LICEO SAN IGNACIO,7V,ZG.CHILE VAMOS EVOPOLI - INDEPENDIENTES,316. ALAN MATIAS SOTO GAJARDO,IND,0.0,False
623457,EMPEDRADO,EMPEDRADO,LICEO SAN IGNACIO,7V,ZJ.CHILE VAMOS UDI - INDEPENDIENTES,317. MARIA GRACIELA GONZALEZ VALDES,IND,9.0,False
623458,EMPEDRADO,EMPEDRADO,LICEO SAN IGNACIO,7V,ZJ.CHILE VAMOS UDI - INDEPENDIENTES,318. CAROLINA DEL PILAR MUÑOZ TEJOS,IND,13.0,True
623459,EMPEDRADO,EMPEDRADO,LICEO SAN IGNACIO,7V,ZJ.CHILE VAMOS UDI - INDEPENDIENTES,319. JAVIER EDUARDO ESPINOZA TEJOS,IND,8.0,False
623460,EMPEDRADO,EMPEDRADO,LICEO SAN IGNACIO,7V,ZJ.CHILE VAMOS UDI - INDEPENDIENTES,320. VIVIANA DIAZ ORELLANA,IND,9.0,False
623461,EMPEDRADO,EMPEDRADO,LICEO SAN IGNACIO,7V,ZJ.CHILE VAMOS UDI - INDEPENDIENTES,321. ROSA OPAZO ROJAS,IND,16.0,True
623462,EMPEDRADO,EMPEDRADO,LICEO SAN IGNACIO,7V,ZU.RADICALES E INDEPENDIENTES,322. PATRICIO PEÑAILILLO CHAMORRO,PR,10.0,False
623463,EMPEDRADO,EMPEDRADO,LICEO SAN IGNACIO,8V-9,M.CHILE DIGNO VERDE Y SOBERANO,300. RAIMUNDO ENRIQUE PEÑAILILLO CARTER,IND,10.0,False
623464,EMPEDRADO,EMPEDRADO,LICEO SAN IGNACIO,8V-9,XK.CHILE VAMOS RENOVACION NACIONAL - INDEPENDIENTES,301. MARIO DEL CARMEN VILLANUEVA VALDIVIA,IND,9.0,True
623465,EMPEDRADO,EMPEDRADO,LICEO SAN IGNACIO,8V-9,XK.CHILE VAMOS RENOVACION NACIONAL - INDEPENDIENTES,302. FLORICELA DEL CARMEN BRAVO SEPULVEDA,IND,3.0,False
623466,EMPEDRADO,EMPEDRADO,LICEO SAN IGNACIO,8V-9,XK.CHILE VAMOS RENOVACION NACIONAL - INDEPENDIENTES,303. FRANCO ALEJANDRO SCAPPATICCIO BORDON,IND,25.0,True
623467,EMPEDRADO,EMPEDRADO,LICEO SAN IGNACIO,8V-9,XU.UNIDOS POR LA DIGNIDAD,304. LEONARDO ANTONIO PARRA MUÑOZ,PDC,2.0,False
623468,EMPEDRADO,EMPEDRADO,LICEO SAN IGNACIO,8V-9,XU.UNIDOS POR LA DIGNIDAD,305. JAIME ALEJANDRO BRAVO MARTINEZ,IND,3.0,False
623469,EMPEDRADO,EMPEDRADO,LICEO SAN IGNACIO,8V-9,XY.DIGNIDAD AHORA,306. IGNACIO ANDRES ARAVENA SANDOVAL,PH,3.0,False
623470,EMPEDRADO,EMPEDRADO,LICEO SAN IGNACIO,8V-9,XY.DIGNIDAD AHORA,307. DANIEL ELISEO OPAZO MEDEL,IND,1.0,False
623471,EMPEDRADO,EMPEDRADO,LICEO SAN IGNACIO,8V-9,XY.DIGNIDAD AHORA,308. ROSA INES PAINEMIL BUSTOS,IND,4.0,False
623472,EMPEDRADO,EMPEDRADO,LICEO SAN IGNACIO,8V-9,XY.DIGNIDAD AHORA,309. YESENIA BEATRIZ SEGURA NUÑEZ,IND,5.0,False
623473,EMPEDRADO,EMPEDRADO,LICEO SAN IGNACIO,8V-9,YW.UNIDAD POR EL APRUEBO PS PPD E INDEPENDIENTES,310. MIREYA DE LAS MERCEDES CARRASCO JARA,PPD,16.0,True
623474,EMPEDRADO,EMPEDRADO,LICEO SAN IGNACIO,8V-9,YW.UNIDAD POR EL APRUEBO PS PPD E INDEPENDIENTES,311. VICTOR MANUEL ARTURO RODRIGUEZ ULLOA,PPD,7.0,False
623475,EMPEDRADO,EMPEDRADO,LICEO SAN IGNACIO,8V-9,YW.UNIDAD POR EL APRUEBO PS PPD E INDEPENDIENTES,312. MARCELINO DEL CARMEN ZAPATA GOMEZ,PPD,15.0,False
623476,EMPEDRADO,EMPEDRADO,LICEO SAN IGNACIO,8V-9,ZG.CHILE VAMOS EVOPOLI - INDEPENDIENTES,313. GONZALO ISAIAS MUÑOZ SOLAR,EVOPOLI,2.0,False
623477,EMPEDRADO,EMPEDRADO,LICEO SAN IGNACIO,8V-9,ZG.CHILE VAMOS EVOPOLI - INDEPENDIENTES,314. EVELYN OPAZO FAUNDEZ,IND,7.0,False
623478,EMPEDRADO,EMPEDRADO,LICEO SAN IGNACIO,8V-9,ZG.CHILE VAMOS EVOPOLI - INDEPENDIENTES,315. CLAUDIO JAVIER TEJOS ESPINOZA,IND,15.0,True
623479,EMPEDRADO,EMPEDRADO,LICEO SAN IGNACIO,8V-9,ZG.CHILE VAMOS EVOPOLI - INDEPENDIENTES,316. ALAN MATIAS SOTO GAJARDO,IND,0.0,False
623480,EMPEDRADO,EMPEDRADO,LICEO SAN IGNACIO,8V-9,ZJ.CHILE VAMOS UDI - INDEPENDIENTES,317. MARIA GRACIELA GONZALEZ VALDES,IND,6.0,False
623481,EMPEDRADO,EMPEDRADO,LICEO SAN IGNACIO,8V-9,ZJ.CHILE VAMOS UDI - INDEPENDIENTES,318. CAROLINA DEL PILAR MUÑOZ TEJOS,IND,13.0,True
623482,EMPEDRADO,EMPEDRADO,LICEO SAN IGNACIO,8V-9,ZJ.CHILE VAMOS UDI - INDEPENDIENTES,319. JAVIER EDUARDO ESPINOZA TEJOS,IND,9.0,False
623483,EMPEDRADO,EMPEDRADO,LICEO SAN IGNACIO,8V-9,ZJ.CHILE VAMOS UDI - INDEPENDIENTES,320. VIVIANA DIAZ ORELLANA,IND,7.0,False
623484,EMPEDRADO,EMPEDRADO,LICEO SAN IGNACIO,8V-9,ZJ.CHILE VAMOS UDI - INDEPENDIENTES,321. ROSA OPAZO ROJAS,IND,15.0,True
623485,EMPEDRADO,EMPEDRADO,LICEO SAN IGNACIO,8V-9,ZU.RADICALES E INDEPENDIENTES,322. PATRICIO PEÑAILILLO CHAMORRO,PR,13.0,False
