,COMUNA,CIRC_ELEC,LOCAL,MESA,LISTA,CANDIDATX,PARTIDO,VOTOS,ELECTX
652951,FREIRINA,FREIRINA,ESCUELA BASICA ALEJANDRO NOEMI HUERTA,1M,M.CHILE DIGNO VERDE Y SOBERANO,300. CLAUDIO ALFREDO LAZCANO ROJAS,PCCH,9.0,True
652952,FREIRINA,FREIRINA,ESCUELA BASICA ALEJANDRO NOEMI HUERTA,1M,M.CHILE DIGNO VERDE Y SOBERANO,301. MAURICIO DELZO SOLIZ,PCCH,5.0,False
652953,FREIRINA,FREIRINA,ESCUELA BASICA ALEJANDRO NOEMI HUERTA,1M,M.CHILE DIGNO VERDE Y SOBERANO,302. MANUEL ALCIDES CASTILLO ZAMARCA,PCCH,5.0,False
652954,FREIRINA,FREIRINA,ESCUELA BASICA ALEJANDRO NOEMI HUERTA,1M,M.CHILE DIGNO VERDE Y SOBERANO,303. MALLALENES AMERICA MORALES ORDENES,FREVS,3.0,False
652955,FREIRINA,FREIRINA,ESCUELA BASICA ALEJANDRO NOEMI HUERTA,1M,M.CHILE DIGNO VERDE Y SOBERANO,304. PEDRO EDMUNDO HIRTZ NEIRA,FREVS,5.0,False
652956,FREIRINA,FREIRINA,ESCUELA BASICA ALEJANDRO NOEMI HUERTA,1M,M.CHILE DIGNO VERDE Y SOBERANO,305. HUGO MANUEL RAMOS CORTES,FREVS,5.0,False
652957,FREIRINA,FREIRINA,ESCUELA BASICA ALEJANDRO NOEMI HUERTA,1M,XK.CHILE VAMOS RENOVACION NACIONAL - INDEPENDIENTES,306. LUIS ALEJANDRO ARAYA PAEZ,RN,2.0,False
652958,FREIRINA,FREIRINA,ESCUELA BASICA ALEJANDRO NOEMI HUERTA,1M,XK.CHILE VAMOS RENOVACION NACIONAL - INDEPENDIENTES,307. ERIKA ESTER ESPINOZA OLIVARES,RN,0.0,False
652959,FREIRINA,FREIRINA,ESCUELA BASICA ALEJANDRO NOEMI HUERTA,1M,XU.UNIDOS POR LA DIGNIDAD,308. ROXANA ANDREA IBARRA SOTO,PDC,5.0,False
652960,FREIRINA,FREIRINA,ESCUELA BASICA ALEJANDRO NOEMI HUERTA,1M,XU.UNIDOS POR LA DIGNIDAD,309. DONALD NICOLAS ESBRY RAMIREZ,PDC,16.0,True
652961,FREIRINA,FREIRINA,ESCUELA BASICA ALEJANDRO NOEMI HUERTA,1M,XU.UNIDOS POR LA DIGNIDAD,310. LEOPOLDO DE JESUS ALTAMIRANO URRUTIA,PDC,2.0,False
652962,FREIRINA,FREIRINA,ESCUELA BASICA ALEJANDRO NOEMI HUERTA,1M,XU.UNIDOS POR LA DIGNIDAD,311. YANINA MAKARENA RIVERA CARVAJAL,PDC,2.0,False
652963,FREIRINA,FREIRINA,ESCUELA BASICA ALEJANDRO NOEMI HUERTA,1M,XU.UNIDOS POR LA DIGNIDAD,312. JUAN HECTOR VEGA CASTILLO,PDC,11.0,True
652964,FREIRINA,FREIRINA,ESCUELA BASICA ALEJANDRO NOEMI HUERTA,1M,XU.UNIDOS POR LA DIGNIDAD,313. NIBALDO ANTONIO YAÑEZ REYES,IND,1.0,False
652965,FREIRINA,FREIRINA,ESCUELA BASICA ALEJANDRO NOEMI HUERTA,1M,XY.DIGNIDAD AHORA,314. LILIAN NERY VILLALOBOS VILLALOBOS,IND,2.0,False
652966,FREIRINA,FREIRINA,ESCUELA BASICA ALEJANDRO NOEMI HUERTA,1M,XY.DIGNIDAD AHORA,315. CARMEN GLORIA ALVAREZ CALLEJAS,IND,11.0,True
652967,FREIRINA,FREIRINA,ESCUELA BASICA ALEJANDRO NOEMI HUERTA,1M,XY.DIGNIDAD AHORA,316. MANUEL ENRIQUE MARCOLETA PALACIOS,IND,2.0,False
652968,FREIRINA,FREIRINA,ESCUELA BASICA ALEJANDRO NOEMI HUERTA,1M,YW.UNIDAD POR EL APRUEBO PS PPD E INDEPENDIENTES,317. JOSE MANUEL ARAYA GONZALEZ,PS,14.0,True
652969,FREIRINA,FREIRINA,ESCUELA BASICA ALEJANDRO NOEMI HUERTA,1M,YW.UNIDAD POR EL APRUEBO PS PPD E INDEPENDIENTES,318. JENNY TAMBLAY CORTES,PS,5.0,False
652970,FREIRINA,FREIRINA,ESCUELA BASICA ALEJANDRO NOEMI HUERTA,1M,YW.UNIDAD POR EL APRUEBO PS PPD E INDEPENDIENTES,319. LIBBY CRISTINA OSORIO CALLEJAS,IND,17.0,True
652971,FREIRINA,FREIRINA,ESCUELA BASICA ALEJANDRO NOEMI HUERTA,1M,YW.UNIDAD POR EL APRUEBO PS PPD E INDEPENDIENTES,320. SERGIO ALDO TABILO TORREJON,PPD,0.0,False
652972,FREIRINA,FREIRINA,ESCUELA BASICA ALEJANDRO NOEMI HUERTA,1M,YW.UNIDAD POR EL APRUEBO PS PPD E INDEPENDIENTES,321. JUAN ERNESTO VALENZUELA VALENZUELA,PPD,1.0,False
652973,FREIRINA,FREIRINA,ESCUELA BASICA ALEJANDRO NOEMI HUERTA,1M,YW.UNIDAD POR EL APRUEBO PS PPD E INDEPENDIENTES,322. ANDREA ALEJANDRA PAEZ MENDOZA,IND,1.0,False
652974,FREIRINA,FREIRINA,ESCUELA BASICA ALEJANDRO NOEMI HUERTA,1M,ZJ.CHILE VAMOS UDI - INDEPENDIENTES,323. LUIS GEOBEL FLORES BARRAZA,UDI,3.0,False
652975,FREIRINA,FREIRINA,ESCUELA BASICA ALEJANDRO NOEMI HUERTA,1M,ZJ.CHILE VAMOS UDI - INDEPENDIENTES,324. FLORA INES SIMUNOVIC ZULETA,UDI,8.0,False
652976,FREIRINA,FREIRINA,ESCUELA BASICA ALEJANDRO NOEMI HUERTA,1M,ZJ.CHILE VAMOS UDI - INDEPENDIENTES,325. ROSA GENOVEVA FUENTES VERA,UDI,0.0,False
652977,FREIRINA,FREIRINA,ESCUELA BASICA ALEJANDRO NOEMI HUERTA,1M,ZJ.CHILE VAMOS UDI - INDEPENDIENTES,326. DANTON ROBINSON GODOY CISTERNAS,UDI,0.0,False
652978,FREIRINA,FREIRINA,ESCUELA BASICA ALEJANDRO NOEMI HUERTA,1M,ZJ.CHILE VAMOS UDI - INDEPENDIENTES,327. HANS ANDRES RIARTE DUBO,UDI,3.0,False
652979,FREIRINA,FREIRINA,ESCUELA BASICA ALEJANDRO NOEMI HUERTA,1M,ZJ.CHILE VAMOS UDI - INDEPENDIENTES,328. JOSE LUIS ALVARADO AVALOS,IND,0.0,False
652980,FREIRINA,FREIRINA,ESCUELA BASICA ALEJANDRO NOEMI HUERTA,1M,ZU.RADICALES E INDEPENDIENTES,329. FERNANDO ALBERTO RUHL PEREZ,PR,15.0,False
652981,FREIRINA,FREIRINA,ESCUELA BASICA ALEJANDRO NOEMI HUERTA,1M,ZU.RADICALES E INDEPENDIENTES,330. MARCELO ISMAEL RUIZ TAGLE ESCOBAR,PR,0.0,False
652982,FREIRINA,FREIRINA,ESCUELA BASICA ALEJANDRO NOEMI HUERTA,1M,ZU.RADICALES E INDEPENDIENTES,331. CAROLINA ANDREA VILLEGAS CUELLO,IND,0.0,False
652983,FREIRINA,FREIRINA,ESCUELA BASICA ALEJANDRO NOEMI HUERTA,1M,ZU.RADICALES E INDEPENDIENTES,332. MIGUEL ANGEL RIVERA MARQUES,IND,0.0,False
652984,FREIRINA,FREIRINA,ESCUELA BASICA ALEJANDRO NOEMI HUERTA,2M,M.CHILE DIGNO VERDE Y SOBERANO,300. CLAUDIO ALFREDO LAZCANO ROJAS,PCCH,9.0,True
652985,FREIRINA,FREIRINA,ESCUELA BASICA ALEJANDRO NOEMI HUERTA,2M,M.CHILE DIGNO VERDE Y SOBERANO,301. MAURICIO DELZO SOLIZ,PCCH,4.0,False
652986,FREIRINA,FREIRINA,ESCUELA BASICA ALEJANDRO NOEMI HUERTA,2M,M.CHILE DIGNO VERDE Y SOBERANO,302. MANUEL ALCIDES CASTILLO ZAMARCA,PCCH,4.0,False
652987,FREIRINA,FREIRINA,ESCUELA BASICA ALEJANDRO NOEMI HUERTA,2M,M.CHILE DIGNO VERDE Y SOBERANO,303. MALLALENES AMERICA MORALES ORDENES,FREVS,2.0,False
652988,FREIRINA,FREIRINA,ESCUELA BASICA ALEJANDRO NOEMI HUERTA,2M,M.CHILE DIGNO VERDE Y SOBERANO,304. PEDRO EDMUNDO HIRTZ NEIRA,FREVS,3.0,False
652989,FREIRINA,FREIRINA,ESCUELA BASICA ALEJANDRO NOEMI HUERTA,2M,M.CHILE DIGNO VERDE Y SOBERANO,305. HUGO MANUEL RAMOS CORTES,FREVS,6.0,False
652990,FREIRINA,FREIRINA,ESCUELA BASICA ALEJANDRO NOEMI HUERTA,2M,XK.CHILE VAMOS RENOVACION NACIONAL - INDEPENDIENTES,306. LUIS ALEJANDRO ARAYA PAEZ,RN,7.0,False
652991,FREIRINA,FREIRINA,ESCUELA BASICA ALEJANDRO NOEMI HUERTA,2M,XK.CHILE VAMOS RENOVACION NACIONAL - INDEPENDIENTES,307. ERIKA ESTER ESPINOZA OLIVARES,RN,2.0,False
652992,FREIRINA,FREIRINA,ESCUELA BASICA ALEJANDRO NOEMI HUERTA,2M,XU.UNIDOS POR LA DIGNIDAD,308. ROXANA ANDREA IBARRA SOTO,PDC,6.0,False
652993,FREIRINA,FREIRINA,ESCUELA BASICA ALEJANDRO NOEMI HUERTA,2M,XU.UNIDOS POR LA DIGNIDAD,309. DONALD NICOLAS ESBRY RAMIREZ,PDC,18.0,True
652994,FREIRINA,FREIRINA,ESCUELA BASICA ALEJANDRO NOEMI HUERTA,2M,XU.UNIDOS POR LA DIGNIDAD,310. LEOPOLDO DE JESUS ALTAMIRANO URRUTIA,PDC,5.0,False
652995,FREIRINA,FREIRINA,ESCUELA BASICA ALEJANDRO NOEMI HUERTA,2M,XU.UNIDOS POR LA DIGNIDAD,311. YANINA MAKARENA RIVERA CARVAJAL,PDC,0.0,False
652996,FREIRINA,FREIRINA,ESCUELA BASICA ALEJANDRO NOEMI HUERTA,2M,XU.UNIDOS POR LA DIGNIDAD,312. JUAN HECTOR VEGA CASTILLO,PDC,12.0,True
652997,FREIRINA,FREIRINA,ESCUELA BASICA ALEJANDRO NOEMI HUERTA,2M,XU.UNIDOS POR LA DIGNIDAD,313. NIBALDO ANTONIO YAÑEZ REYES,IND,0.0,False
652998,FREIRINA,FREIRINA,ESCUELA BASICA ALEJANDRO NOEMI HUERTA,2M,XY.DIGNIDAD AHORA,314. LILIAN NERY VILLALOBOS VILLALOBOS,IND,3.0,False
652999,FREIRINA,FREIRINA,ESCUELA BASICA ALEJANDRO NOEMI HUERTA,2M,XY.DIGNIDAD AHORA,315. CARMEN GLORIA ALVAREZ CALLEJAS,IND,17.0,True
653000,FREIRINA,FREIRINA,ESCUELA BASICA ALEJANDRO NOEMI HUERTA,2M,XY.DIGNIDAD AHORA,316. MANUEL ENRIQUE MARCOLETA PALACIOS,IND,3.0,False
653001,FREIRINA,FREIRINA,ESCUELA BASICA ALEJANDRO NOEMI HUERTA,2M,YW.UNIDAD POR EL APRUEBO PS PPD E INDEPENDIENTES,317. JOSE MANUEL ARAYA GONZALEZ,PS,14.0,True
653002,FREIRINA,FREIRINA,ESCUELA BASICA ALEJANDRO NOEMI HUERTA,2M,YW.UNIDAD POR EL APRUEBO PS PPD E INDEPENDIENTES,318. JENNY TAMBLAY CORTES,PS,4.0,False
653003,FREIRINA,FREIRINA,ESCUELA BASICA ALEJANDRO NOEMI HUERTA,2M,YW.UNIDAD POR EL APRUEBO PS PPD E INDEPENDIENTES,319. LIBBY CRISTINA OSORIO CALLEJAS,IND,9.0,True
653004,FREIRINA,FREIRINA,ESCUELA BASICA ALEJANDRO NOEMI HUERTA,2M,YW.UNIDAD POR EL APRUEBO PS PPD E INDEPENDIENTES,320. SERGIO ALDO TABILO TORREJON,PPD,0.0,False
653005,FREIRINA,FREIRINA,ESCUELA BASICA ALEJANDRO NOEMI HUERTA,2M,YW.UNIDAD POR EL APRUEBO PS PPD E INDEPENDIENTES,321. JUAN ERNESTO VALENZUELA VALENZUELA,PPD,0.0,False
653006,FREIRINA,FREIRINA,ESCUELA BASICA ALEJANDRO NOEMI HUERTA,2M,YW.UNIDAD POR EL APRUEBO PS PPD E INDEPENDIENTES,322. ANDREA ALEJANDRA PAEZ MENDOZA,IND,1.0,False
653007,FREIRINA,FREIRINA,ESCUELA BASICA ALEJANDRO NOEMI HUERTA,2M,ZJ.CHILE VAMOS UDI - INDEPENDIENTES,323. LUIS GEOBEL FLORES BARRAZA,UDI,8.0,False
653008,FREIRINA,FREIRINA,ESCUELA BASICA ALEJANDRO NOEMI HUERTA,2M,ZJ.CHILE VAMOS UDI - INDEPENDIENTES,324. FLORA INES SIMUNOVIC ZULETA,UDI,1.0,False
653009,FREIRINA,FREIRINA,ESCUELA BASICA ALEJANDRO NOEMI HUERTA,2M,ZJ.CHILE VAMOS UDI - INDEPENDIENTES,325. ROSA GENOVEVA FUENTES VERA,UDI,0.0,False
653010,FREIRINA,FREIRINA,ESCUELA BASICA ALEJANDRO NOEMI HUERTA,2M,ZJ.CHILE VAMOS UDI - INDEPENDIENTES,326. DANTON ROBINSON GODOY CISTERNAS,UDI,3.0,False
653011,FREIRINA,FREIRINA,ESCUELA BASICA ALEJANDRO NOEMI HUERTA,2M,ZJ.CHILE VAMOS UDI - INDEPENDIENTES,327. HANS ANDRES RIARTE DUBO,UDI,2.0,False
653012,FREIRINA,FREIRINA,ESCUELA BASICA ALEJANDRO NOEMI HUERTA,2M,ZJ.CHILE VAMOS UDI - INDEPENDIENTES,328. JOSE LUIS ALVARADO AVALOS,IND,3.0,False
653013,FREIRINA,FREIRINA,ESCUELA BASICA ALEJANDRO NOEMI HUERTA,2M,ZU.RADICALES E INDEPENDIENTES,329. FERNANDO ALBERTO RUHL PEREZ,PR,11.0,False
653014,FREIRINA,FREIRINA,ESCUELA BASICA ALEJANDRO NOEMI HUERTA,2M,ZU.RADICALES E INDEPENDIENTES,330. MARCELO ISMAEL RUIZ TAGLE ESCOBAR,PR,0.0,False
653015,FREIRINA,FREIRINA,ESCUELA BASICA ALEJANDRO NOEMI HUERTA,2M,ZU.RADICALES E INDEPENDIENTES,331. CAROLINA ANDREA VILLEGAS CUELLO,IND,0.0,False
653016,FREIRINA,FREIRINA,ESCUELA BASICA ALEJANDRO NOEMI HUERTA,2M,ZU.RADICALES E INDEPENDIENTES,332. MIGUEL ANGEL RIVERA MARQUES,IND,0.0,False
653017,FREIRINA,FREIRINA,ESCUELA BASICA ALEJANDRO NOEMI HUERTA,3M,M.CHILE DIGNO VERDE Y SOBERANO,300. CLAUDIO ALFREDO LAZCANO ROJAS,PCCH,11.0,True
653018,FREIRINA,FREIRINA,ESCUELA BASICA ALEJANDRO NOEMI HUERTA,3M,M.CHILE DIGNO VERDE Y SOBERANO,301. MAURICIO DELZO SOLIZ,PCCH,3.0,False
653019,FREIRINA,FREIRINA,ESCUELA BASICA ALEJANDRO NOEMI HUERTA,3M,M.CHILE DIGNO VERDE Y SOBERANO,302. MANUEL ALCIDES CASTILLO ZAMARCA,PCCH,9.0,False
653020,FREIRINA,FREIRINA,ESCUELA BASICA ALEJANDRO NOEMI HUERTA,3M,M.CHILE DIGNO VERDE Y SOBERANO,303. MALLALENES AMERICA MORALES ORDENES,FREVS,3.0,False
653021,FREIRINA,FREIRINA,ESCUELA BASICA ALEJANDRO NOEMI HUERTA,3M,M.CHILE DIGNO VERDE Y SOBERANO,304. PEDRO EDMUNDO HIRTZ NEIRA,FREVS,5.0,False
653022,FREIRINA,FREIRINA,ESCUELA BASICA ALEJANDRO NOEMI HUERTA,3M,M.CHILE DIGNO VERDE Y SOBERANO,305. HUGO MANUEL RAMOS CORTES,FREVS,3.0,False
653023,FREIRINA,FREIRINA,ESCUELA BASICA ALEJANDRO NOEMI HUERTA,3M,XK.CHILE VAMOS RENOVACION NACIONAL - INDEPENDIENTES,306. LUIS ALEJANDRO ARAYA PAEZ,RN,5.0,False
653024,FREIRINA,FREIRINA,ESCUELA BASICA ALEJANDRO NOEMI HUERTA,3M,XK.CHILE VAMOS RENOVACION NACIONAL - INDEPENDIENTES,307. ERIKA ESTER ESPINOZA OLIVARES,RN,1.0,False
653025,FREIRINA,FREIRINA,ESCUELA BASICA ALEJANDRO NOEMI HUERTA,3M,XU.UNIDOS POR LA DIGNIDAD,308. ROXANA ANDREA IBARRA SOTO,PDC,2.0,False
653026,FREIRINA,FREIRINA,ESCUELA BASICA ALEJANDRO NOEMI HUERTA,3M,XU.UNIDOS POR LA DIGNIDAD,309. DONALD NICOLAS ESBRY RAMIREZ,PDC,15.0,True
653027,FREIRINA,FREIRINA,ESCUELA BASICA ALEJANDRO NOEMI HUERTA,3M,XU.UNIDOS POR LA DIGNIDAD,310. LEOPOLDO DE JESUS ALTAMIRANO URRUTIA,PDC,5.0,False
653028,FREIRINA,FREIRINA,ESCUELA BASICA ALEJANDRO NOEMI HUERTA,3M,XU.UNIDOS POR LA DIGNIDAD,311. YANINA MAKARENA RIVERA CARVAJAL,PDC,0.0,False
653029,FREIRINA,FREIRINA,ESCUELA BASICA ALEJANDRO NOEMI HUERTA,3M,XU.UNIDOS POR LA DIGNIDAD,312. JUAN HECTOR VEGA CASTILLO,PDC,14.0,True
653030,FREIRINA,FREIRINA,ESCUELA BASICA ALEJANDRO NOEMI HUERTA,3M,XU.UNIDOS POR LA DIGNIDAD,313. NIBALDO ANTONIO YAÑEZ REYES,IND,1.0,False
653031,FREIRINA,FREIRINA,ESCUELA BASICA ALEJANDRO NOEMI HUERTA,3M,XY.DIGNIDAD AHORA,314. LILIAN NERY VILLALOBOS VILLALOBOS,IND,4.0,False
653032,FREIRINA,FREIRINA,ESCUELA BASICA ALEJANDRO NOEMI HUERTA,3M,XY.DIGNIDAD AHORA,315. CARMEN GLORIA ALVAREZ CALLEJAS,IND,14.0,True
653033,FREIRINA,FREIRINA,ESCUELA BASICA ALEJANDRO NOEMI HUERTA,3M,XY.DIGNIDAD AHORA,316. MANUEL ENRIQUE MARCOLETA PALACIOS,IND,4.0,False
653034,FREIRINA,FREIRINA,ESCUELA BASICA ALEJANDRO NOEMI HUERTA,3M,YW.UNIDAD POR EL APRUEBO PS PPD E INDEPENDIENTES,317. JOSE MANUEL ARAYA GONZALEZ,PS,13.0,True
653035,FREIRINA,FREIRINA,ESCUELA BASICA ALEJANDRO NOEMI HUERTA,3M,YW.UNIDAD POR EL APRUEBO PS PPD E INDEPENDIENTES,318. JENNY TAMBLAY CORTES,PS,5.0,False
653036,FREIRINA,FREIRINA,ESCUELA BASICA ALEJANDRO NOEMI HUERTA,3M,YW.UNIDAD POR EL APRUEBO PS PPD E INDEPENDIENTES,319. LIBBY CRISTINA OSORIO CALLEJAS,IND,19.0,True
653037,FREIRINA,FREIRINA,ESCUELA BASICA ALEJANDRO NOEMI HUERTA,3M,YW.UNIDAD POR EL APRUEBO PS PPD E INDEPENDIENTES,320. SERGIO ALDO TABILO TORREJON,PPD,0.0,False
653038,FREIRINA,FREIRINA,ESCUELA BASICA ALEJANDRO NOEMI HUERTA,3M,YW.UNIDAD POR EL APRUEBO PS PPD E INDEPENDIENTES,321. JUAN ERNESTO VALENZUELA VALENZUELA,PPD,2.0,False
653039,FREIRINA,FREIRINA,ESCUELA BASICA ALEJANDRO NOEMI HUERTA,3M,YW.UNIDAD POR EL APRUEBO PS PPD E INDEPENDIENTES,322. ANDREA ALEJANDRA PAEZ MENDOZA,IND,0.0,False
653040,FREIRINA,FREIRINA,ESCUELA BASICA ALEJANDRO NOEMI HUERTA,3M,ZJ.CHILE VAMOS UDI - INDEPENDIENTES,323. LUIS GEOBEL FLORES BARRAZA,UDI,6.0,False
653041,FREIRINA,FREIRINA,ESCUELA BASICA ALEJANDRO NOEMI HUERTA,3M,ZJ.CHILE VAMOS UDI - INDEPENDIENTES,324. FLORA INES SIMUNOVIC ZULETA,UDI,6.0,False
653042,FREIRINA,FREIRINA,ESCUELA BASICA ALEJANDRO NOEMI HUERTA,3M,ZJ.CHILE VAMOS UDI - INDEPENDIENTES,325. ROSA GENOVEVA FUENTES VERA,UDI,0.0,False
653043,FREIRINA,FREIRINA,ESCUELA BASICA ALEJANDRO NOEMI HUERTA,3M,ZJ.CHILE VAMOS UDI - INDEPENDIENTES,326. DANTON ROBINSON GODOY CISTERNAS,UDI,2.0,False
653044,FREIRINA,FREIRINA,ESCUELA BASICA ALEJANDRO NOEMI HUERTA,3M,ZJ.CHILE VAMOS UDI - INDEPENDIENTES,327. HANS ANDRES RIARTE DUBO,UDI,2.0,False
653045,FREIRINA,FREIRINA,ESCUELA BASICA ALEJANDRO NOEMI HUERTA,3M,ZJ.CHILE VAMOS UDI - INDEPENDIENTES,328. JOSE LUIS ALVARADO AVALOS,IND,0.0,False
653046,FREIRINA,FREIRINA,ESCUELA BASICA ALEJANDRO NOEMI HUERTA,3M,ZU.RADICALES E INDEPENDIENTES,329. FERNANDO ALBERTO RUHL PEREZ,PR,21.0,False
653047,FREIRINA,FREIRINA,ESCUELA BASICA ALEJANDRO NOEMI HUERTA,3M,ZU.RADICALES E INDEPENDIENTES,330. MARCELO ISMAEL RUIZ TAGLE ESCOBAR,PR,1.0,False
653048,FREIRINA,FREIRINA,ESCUELA BASICA ALEJANDRO NOEMI HUERTA,3M,ZU.RADICALES E INDEPENDIENTES,331. CAROLINA ANDREA VILLEGAS CUELLO,IND,0.0,False
653049,FREIRINA,FREIRINA,ESCUELA BASICA ALEJANDRO NOEMI HUERTA,3M,ZU.RADICALES E INDEPENDIENTES,332. MIGUEL ANGEL RIVERA MARQUES,IND,0.0,False
653050,FREIRINA,FREIRINA,ESCUELA BASICA ALEJANDRO NOEMI HUERTA,4M,M.CHILE DIGNO VERDE Y SOBERANO,300. CLAUDIO ALFREDO LAZCANO ROJAS,PCCH,7.0,True
653051,FREIRINA,FREIRINA,ESCUELA BASICA ALEJANDRO NOEMI HUERTA,4M,M.CHILE DIGNO VERDE Y SOBERANO,301. MAURICIO DELZO SOLIZ,PCCH,3.0,False
653052,FREIRINA,FREIRINA,ESCUELA BASICA ALEJANDRO NOEMI HUERTA,4M,M.CHILE DIGNO VERDE Y SOBERANO,302. MANUEL ALCIDES CASTILLO ZAMARCA,PCCH,7.0,False
653053,FREIRINA,FREIRINA,ESCUELA BASICA ALEJANDRO NOEMI HUERTA,4M,M.CHILE DIGNO VERDE Y SOBERANO,303. MALLALENES AMERICA MORALES ORDENES,FREVS,2.0,False
653054,FREIRINA,FREIRINA,ESCUELA BASICA ALEJANDRO NOEMI HUERTA,4M,M.CHILE DIGNO VERDE Y SOBERANO,304. PEDRO EDMUNDO HIRTZ NEIRA,FREVS,3.0,False
653055,FREIRINA,FREIRINA,ESCUELA BASICA ALEJANDRO NOEMI HUERTA,4M,M.CHILE DIGNO VERDE Y SOBERANO,305. HUGO MANUEL RAMOS CORTES,FREVS,2.0,False
653056,FREIRINA,FREIRINA,ESCUELA BASICA ALEJANDRO NOEMI HUERTA,4M,XK.CHILE VAMOS RENOVACION NACIONAL - INDEPENDIENTES,306. LUIS ALEJANDRO ARAYA PAEZ,RN,2.0,False
653057,FREIRINA,FREIRINA,ESCUELA BASICA ALEJANDRO NOEMI HUERTA,4M,XK.CHILE VAMOS RENOVACION NACIONAL - INDEPENDIENTES,307. ERIKA ESTER ESPINOZA OLIVARES,RN,1.0,False
653058,FREIRINA,FREIRINA,ESCUELA BASICA ALEJANDRO NOEMI HUERTA,4M,XU.UNIDOS POR LA DIGNIDAD,308. ROXANA ANDREA IBARRA SOTO,PDC,6.0,False
653059,FREIRINA,FREIRINA,ESCUELA BASICA ALEJANDRO NOEMI HUERTA,4M,XU.UNIDOS POR LA DIGNIDAD,309. DONALD NICOLAS ESBRY RAMIREZ,PDC,17.0,True
653060,FREIRINA,FREIRINA,ESCUELA BASICA ALEJANDRO NOEMI HUERTA,4M,XU.UNIDOS POR LA DIGNIDAD,310. LEOPOLDO DE JESUS ALTAMIRANO URRUTIA,PDC,1.0,False
653061,FREIRINA,FREIRINA,ESCUELA BASICA ALEJANDRO NOEMI HUERTA,4M,XU.UNIDOS POR LA DIGNIDAD,311. YANINA MAKARENA RIVERA CARVAJAL,PDC,2.0,False
653062,FREIRINA,FREIRINA,ESCUELA BASICA ALEJANDRO NOEMI HUERTA,4M,XU.UNIDOS POR LA DIGNIDAD,312. JUAN HECTOR VEGA CASTILLO,PDC,10.0,True
653063,FREIRINA,FREIRINA,ESCUELA BASICA ALEJANDRO NOEMI HUERTA,4M,XU.UNIDOS POR LA DIGNIDAD,313. NIBALDO ANTONIO YAÑEZ REYES,IND,2.0,False
653064,FREIRINA,FREIRINA,ESCUELA BASICA ALEJANDRO NOEMI HUERTA,4M,XY.DIGNIDAD AHORA,314. LILIAN NERY VILLALOBOS VILLALOBOS,IND,4.0,False
653065,FREIRINA,FREIRINA,ESCUELA BASICA ALEJANDRO NOEMI HUERTA,4M,XY.DIGNIDAD AHORA,315. CARMEN GLORIA ALVAREZ CALLEJAS,IND,23.0,True
653066,FREIRINA,FREIRINA,ESCUELA BASICA ALEJANDRO NOEMI HUERTA,4M,XY.DIGNIDAD AHORA,316. MANUEL ENRIQUE MARCOLETA PALACIOS,IND,3.0,False
653067,FREIRINA,FREIRINA,ESCUELA BASICA ALEJANDRO NOEMI HUERTA,4M,YW.UNIDAD POR EL APRUEBO PS PPD E INDEPENDIENTES,317. JOSE MANUEL ARAYA GONZALEZ,PS,24.0,True
653068,FREIRINA,FREIRINA,ESCUELA BASICA ALEJANDRO NOEMI HUERTA,4M,YW.UNIDAD POR EL APRUEBO PS PPD E INDEPENDIENTES,318. JENNY TAMBLAY CORTES,PS,6.0,False
653069,FREIRINA,FREIRINA,ESCUELA BASICA ALEJANDRO NOEMI HUERTA,4M,YW.UNIDAD POR EL APRUEBO PS PPD E INDEPENDIENTES,319. LIBBY CRISTINA OSORIO CALLEJAS,IND,17.0,True
653070,FREIRINA,FREIRINA,ESCUELA BASICA ALEJANDRO NOEMI HUERTA,4M,YW.UNIDAD POR EL APRUEBO PS PPD E INDEPENDIENTES,320. SERGIO ALDO TABILO TORREJON,PPD,0.0,False
653071,FREIRINA,FREIRINA,ESCUELA BASICA ALEJANDRO NOEMI HUERTA,4M,YW.UNIDAD POR EL APRUEBO PS PPD E INDEPENDIENTES,321. JUAN ERNESTO VALENZUELA VALENZUELA,PPD,0.0,False
653072,FREIRINA,FREIRINA,ESCUELA BASICA ALEJANDRO NOEMI HUERTA,4M,YW.UNIDAD POR EL APRUEBO PS PPD E INDEPENDIENTES,322. ANDREA ALEJANDRA PAEZ MENDOZA,IND,0.0,False
653073,FREIRINA,FREIRINA,ESCUELA BASICA ALEJANDRO NOEMI HUERTA,4M,ZJ.CHILE VAMOS UDI - INDEPENDIENTES,323. LUIS GEOBEL FLORES BARRAZA,UDI,4.0,False
653074,FREIRINA,FREIRINA,ESCUELA BASICA ALEJANDRO NOEMI HUERTA,4M,ZJ.CHILE VAMOS UDI - INDEPENDIENTES,324. FLORA INES SIMUNOVIC ZULETA,UDI,2.0,False
653075,FREIRINA,FREIRINA,ESCUELA BASICA ALEJANDRO NOEMI HUERTA,4M,ZJ.CHILE VAMOS UDI - INDEPENDIENTES,325. ROSA GENOVEVA FUENTES VERA,UDI,0.0,False
653076,FREIRINA,FREIRINA,ESCUELA BASICA ALEJANDRO NOEMI HUERTA,4M,ZJ.CHILE VAMOS UDI - INDEPENDIENTES,326. DANTON ROBINSON GODOY CISTERNAS,UDI,1.0,False
653077,FREIRINA,FREIRINA,ESCUELA BASICA ALEJANDRO NOEMI HUERTA,4M,ZJ.CHILE VAMOS UDI - INDEPENDIENTES,327. HANS ANDRES RIARTE DUBO,UDI,1.0,False
653078,FREIRINA,FREIRINA,ESCUELA BASICA ALEJANDRO NOEMI HUERTA,4M,ZJ.CHILE VAMOS UDI - INDEPENDIENTES,328. JOSE LUIS ALVARADO AVALOS,IND,1.0,False
653079,FREIRINA,FREIRINA,ESCUELA BASICA ALEJANDRO NOEMI HUERTA,4M,ZU.RADICALES E INDEPENDIENTES,329. FERNANDO ALBERTO RUHL PEREZ,PR,17.0,False
653080,FREIRINA,FREIRINA,ESCUELA BASICA ALEJANDRO NOEMI HUERTA,4M,ZU.RADICALES E INDEPENDIENTES,330. MARCELO ISMAEL RUIZ TAGLE ESCOBAR,PR,0.0,False
653081,FREIRINA,FREIRINA,ESCUELA BASICA ALEJANDRO NOEMI HUERTA,4M,ZU.RADICALES E INDEPENDIENTES,331. CAROLINA ANDREA VILLEGAS CUELLO,IND,1.0,False
653082,FREIRINA,FREIRINA,ESCUELA BASICA ALEJANDRO NOEMI HUERTA,4M,ZU.RADICALES E INDEPENDIENTES,332. MIGUEL ANGEL RIVERA MARQUES,IND,1.0,False
653083,FREIRINA,FREIRINA,ESCUELA BASICA ALEJANDRO NOEMI HUERTA,5M,M.CHILE DIGNO VERDE Y SOBERANO,300. CLAUDIO ALFREDO LAZCANO ROJAS,PCCH,13.0,True
653084,FREIRINA,FREIRINA,ESCUELA BASICA ALEJANDRO NOEMI HUERTA,5M,M.CHILE DIGNO VERDE Y SOBERANO,301. MAURICIO DELZO SOLIZ,PCCH,3.0,False
653085,FREIRINA,FREIRINA,ESCUELA BASICA ALEJANDRO NOEMI HUERTA,5M,M.CHILE DIGNO VERDE Y SOBERANO,302. MANUEL ALCIDES CASTILLO ZAMARCA,PCCH,4.0,False
653086,FREIRINA,FREIRINA,ESCUELA BASICA ALEJANDRO NOEMI HUERTA,5M,M.CHILE DIGNO VERDE Y SOBERANO,303. MALLALENES AMERICA MORALES ORDENES,FREVS,2.0,False
653087,FREIRINA,FREIRINA,ESCUELA BASICA ALEJANDRO NOEMI HUERTA,5M,M.CHILE DIGNO VERDE Y SOBERANO,304. PEDRO EDMUNDO HIRTZ NEIRA,FREVS,4.0,False
653088,FREIRINA,FREIRINA,ESCUELA BASICA ALEJANDRO NOEMI HUERTA,5M,M.CHILE DIGNO VERDE Y SOBERANO,305. HUGO MANUEL RAMOS CORTES,FREVS,2.0,False
653089,FREIRINA,FREIRINA,ESCUELA BASICA ALEJANDRO NOEMI HUERTA,5M,XK.CHILE VAMOS RENOVACION NACIONAL - INDEPENDIENTES,306. LUIS ALEJANDRO ARAYA PAEZ,RN,4.0,False
653090,FREIRINA,FREIRINA,ESCUELA BASICA ALEJANDRO NOEMI HUERTA,5M,XK.CHILE VAMOS RENOVACION NACIONAL - INDEPENDIENTES,307. ERIKA ESTER ESPINOZA OLIVARES,RN,7.0,False
653091,FREIRINA,FREIRINA,ESCUELA BASICA ALEJANDRO NOEMI HUERTA,5M,XU.UNIDOS POR LA DIGNIDAD,308. ROXANA ANDREA IBARRA SOTO,PDC,5.0,False
653092,FREIRINA,FREIRINA,ESCUELA BASICA ALEJANDRO NOEMI HUERTA,5M,XU.UNIDOS POR LA DIGNIDAD,309. DONALD NICOLAS ESBRY RAMIREZ,PDC,17.0,True
653093,FREIRINA,FREIRINA,ESCUELA BASICA ALEJANDRO NOEMI HUERTA,5M,XU.UNIDOS POR LA DIGNIDAD,310. LEOPOLDO DE JESUS ALTAMIRANO URRUTIA,PDC,2.0,False
653094,FREIRINA,FREIRINA,ESCUELA BASICA ALEJANDRO NOEMI HUERTA,5M,XU.UNIDOS POR LA DIGNIDAD,311. YANINA MAKARENA RIVERA CARVAJAL,PDC,2.0,False
653095,FREIRINA,FREIRINA,ESCUELA BASICA ALEJANDRO NOEMI HUERTA,5M,XU.UNIDOS POR LA DIGNIDAD,312. JUAN HECTOR VEGA CASTILLO,PDC,22.0,True
653096,FREIRINA,FREIRINA,ESCUELA BASICA ALEJANDRO NOEMI HUERTA,5M,XU.UNIDOS POR LA DIGNIDAD,313. NIBALDO ANTONIO YAÑEZ REYES,IND,0.0,False
653097,FREIRINA,FREIRINA,ESCUELA BASICA ALEJANDRO NOEMI HUERTA,5M,XY.DIGNIDAD AHORA,314. LILIAN NERY VILLALOBOS VILLALOBOS,IND,4.0,False
653098,FREIRINA,FREIRINA,ESCUELA BASICA ALEJANDRO NOEMI HUERTA,5M,XY.DIGNIDAD AHORA,315. CARMEN GLORIA ALVAREZ CALLEJAS,IND,18.0,True
653099,FREIRINA,FREIRINA,ESCUELA BASICA ALEJANDRO NOEMI HUERTA,5M,XY.DIGNIDAD AHORA,316. MANUEL ENRIQUE MARCOLETA PALACIOS,IND,2.0,False
653100,FREIRINA,FREIRINA,ESCUELA BASICA ALEJANDRO NOEMI HUERTA,5M,YW.UNIDAD POR EL APRUEBO PS PPD E INDEPENDIENTES,317. JOSE MANUEL ARAYA GONZALEZ,PS,9.0,True
653101,FREIRINA,FREIRINA,ESCUELA BASICA ALEJANDRO NOEMI HUERTA,5M,YW.UNIDAD POR EL APRUEBO PS PPD E INDEPENDIENTES,318. JENNY TAMBLAY CORTES,PS,3.0,False
653102,FREIRINA,FREIRINA,ESCUELA BASICA ALEJANDRO NOEMI HUERTA,5M,YW.UNIDAD POR EL APRUEBO PS PPD E INDEPENDIENTES,319. LIBBY CRISTINA OSORIO CALLEJAS,IND,25.0,True
653103,FREIRINA,FREIRINA,ESCUELA BASICA ALEJANDRO NOEMI HUERTA,5M,YW.UNIDAD POR EL APRUEBO PS PPD E INDEPENDIENTES,320. SERGIO ALDO TABILO TORREJON,PPD,0.0,False
653104,FREIRINA,FREIRINA,ESCUELA BASICA ALEJANDRO NOEMI HUERTA,5M,YW.UNIDAD POR EL APRUEBO PS PPD E INDEPENDIENTES,321. JUAN ERNESTO VALENZUELA VALENZUELA,PPD,1.0,False
653105,FREIRINA,FREIRINA,ESCUELA BASICA ALEJANDRO NOEMI HUERTA,5M,YW.UNIDAD POR EL APRUEBO PS PPD E INDEPENDIENTES,322. ANDREA ALEJANDRA PAEZ MENDOZA,IND,0.0,False
653106,FREIRINA,FREIRINA,ESCUELA BASICA ALEJANDRO NOEMI HUERTA,5M,ZJ.CHILE VAMOS UDI - INDEPENDIENTES,323. LUIS GEOBEL FLORES BARRAZA,UDI,7.0,False
653107,FREIRINA,FREIRINA,ESCUELA BASICA ALEJANDRO NOEMI HUERTA,5M,ZJ.CHILE VAMOS UDI - INDEPENDIENTES,324. FLORA INES SIMUNOVIC ZULETA,UDI,2.0,False
653108,FREIRINA,FREIRINA,ESCUELA BASICA ALEJANDRO NOEMI HUERTA,5M,ZJ.CHILE VAMOS UDI - INDEPENDIENTES,325. ROSA GENOVEVA FUENTES VERA,UDI,0.0,False
653109,FREIRINA,FREIRINA,ESCUELA BASICA ALEJANDRO NOEMI HUERTA,5M,ZJ.CHILE VAMOS UDI - INDEPENDIENTES,326. DANTON ROBINSON GODOY CISTERNAS,UDI,1.0,False
653110,FREIRINA,FREIRINA,ESCUELA BASICA ALEJANDRO NOEMI HUERTA,5M,ZJ.CHILE VAMOS UDI - INDEPENDIENTES,327. HANS ANDRES RIARTE DUBO,UDI,6.0,False
653111,FREIRINA,FREIRINA,ESCUELA BASICA ALEJANDRO NOEMI HUERTA,5M,ZJ.CHILE VAMOS UDI - INDEPENDIENTES,328. JOSE LUIS ALVARADO AVALOS,IND,1.0,False
653112,FREIRINA,FREIRINA,ESCUELA BASICA ALEJANDRO NOEMI HUERTA,5M,ZU.RADICALES E INDEPENDIENTES,329. FERNANDO ALBERTO RUHL PEREZ,PR,9.0,False
653113,FREIRINA,FREIRINA,ESCUELA BASICA ALEJANDRO NOEMI HUERTA,5M,ZU.RADICALES E INDEPENDIENTES,330. MARCELO ISMAEL RUIZ TAGLE ESCOBAR,PR,1.0,False
653114,FREIRINA,FREIRINA,ESCUELA BASICA ALEJANDRO NOEMI HUERTA,5M,ZU.RADICALES E INDEPENDIENTES,331. CAROLINA ANDREA VILLEGAS CUELLO,IND,1.0,False
653115,FREIRINA,FREIRINA,ESCUELA BASICA ALEJANDRO NOEMI HUERTA,5M,ZU.RADICALES E INDEPENDIENTES,332. MIGUEL ANGEL RIVERA MARQUES,IND,0.0,False
653116,FREIRINA,FREIRINA,ESCUELA BASICA ALEJANDRO NOEMI HUERTA,6M,M.CHILE DIGNO VERDE Y SOBERANO,300. CLAUDIO ALFREDO LAZCANO ROJAS,PCCH,17.0,True
653117,FREIRINA,FREIRINA,ESCUELA BASICA ALEJANDRO NOEMI HUERTA,6M,M.CHILE DIGNO VERDE Y SOBERANO,301. MAURICIO DELZO SOLIZ,PCCH,1.0,False
653118,FREIRINA,FREIRINA,ESCUELA BASICA ALEJANDRO NOEMI HUERTA,6M,M.CHILE DIGNO VERDE Y SOBERANO,302. MANUEL ALCIDES CASTILLO ZAMARCA,PCCH,9.0,False
653119,FREIRINA,FREIRINA,ESCUELA BASICA ALEJANDRO NOEMI HUERTA,6M,M.CHILE DIGNO VERDE Y SOBERANO,303. MALLALENES AMERICA MORALES ORDENES,FREVS,5.0,False
653120,FREIRINA,FREIRINA,ESCUELA BASICA ALEJANDRO NOEMI HUERTA,6M,M.CHILE DIGNO VERDE Y SOBERANO,304. PEDRO EDMUNDO HIRTZ NEIRA,FREVS,5.0,False
653121,FREIRINA,FREIRINA,ESCUELA BASICA ALEJANDRO NOEMI HUERTA,6M,M.CHILE DIGNO VERDE Y SOBERANO,305. HUGO MANUEL RAMOS CORTES,FREVS,3.0,False
653122,FREIRINA,FREIRINA,ESCUELA BASICA ALEJANDRO NOEMI HUERTA,6M,XK.CHILE VAMOS RENOVACION NACIONAL - INDEPENDIENTES,306. LUIS ALEJANDRO ARAYA PAEZ,RN,4.0,False
653123,FREIRINA,FREIRINA,ESCUELA BASICA ALEJANDRO NOEMI HUERTA,6M,XK.CHILE VAMOS RENOVACION NACIONAL - INDEPENDIENTES,307. ERIKA ESTER ESPINOZA OLIVARES,RN,5.0,False
653124,FREIRINA,FREIRINA,ESCUELA BASICA ALEJANDRO NOEMI HUERTA,6M,XU.UNIDOS POR LA DIGNIDAD,308. ROXANA ANDREA IBARRA SOTO,PDC,5.0,False
653125,FREIRINA,FREIRINA,ESCUELA BASICA ALEJANDRO NOEMI HUERTA,6M,XU.UNIDOS POR LA DIGNIDAD,309. DONALD NICOLAS ESBRY RAMIREZ,PDC,23.0,True
653126,FREIRINA,FREIRINA,ESCUELA BASICA ALEJANDRO NOEMI HUERTA,6M,XU.UNIDOS POR LA DIGNIDAD,310. LEOPOLDO DE JESUS ALTAMIRANO URRUTIA,PDC,4.0,False
653127,FREIRINA,FREIRINA,ESCUELA BASICA ALEJANDRO NOEMI HUERTA,6M,XU.UNIDOS POR LA DIGNIDAD,311. YANINA MAKARENA RIVERA CARVAJAL,PDC,0.0,False
653128,FREIRINA,FREIRINA,ESCUELA BASICA ALEJANDRO NOEMI HUERTA,6M,XU.UNIDOS POR LA DIGNIDAD,312. JUAN HECTOR VEGA CASTILLO,PDC,14.0,True
653129,FREIRINA,FREIRINA,ESCUELA BASICA ALEJANDRO NOEMI HUERTA,6M,XU.UNIDOS POR LA DIGNIDAD,313. NIBALDO ANTONIO YAÑEZ REYES,IND,0.0,False
653130,FREIRINA,FREIRINA,ESCUELA BASICA ALEJANDRO NOEMI HUERTA,6M,XY.DIGNIDAD AHORA,314. LILIAN NERY VILLALOBOS VILLALOBOS,IND,6.0,False
653131,FREIRINA,FREIRINA,ESCUELA BASICA ALEJANDRO NOEMI HUERTA,6M,XY.DIGNIDAD AHORA,315. CARMEN GLORIA ALVAREZ CALLEJAS,IND,7.0,True
653132,FREIRINA,FREIRINA,ESCUELA BASICA ALEJANDRO NOEMI HUERTA,6M,XY.DIGNIDAD AHORA,316. MANUEL ENRIQUE MARCOLETA PALACIOS,IND,4.0,False
653133,FREIRINA,FREIRINA,ESCUELA BASICA ALEJANDRO NOEMI HUERTA,6M,YW.UNIDAD POR EL APRUEBO PS PPD E INDEPENDIENTES,317. JOSE MANUEL ARAYA GONZALEZ,PS,10.0,True
653134,FREIRINA,FREIRINA,ESCUELA BASICA ALEJANDRO NOEMI HUERTA,6M,YW.UNIDAD POR EL APRUEBO PS PPD E INDEPENDIENTES,318. JENNY TAMBLAY CORTES,PS,8.0,False
653135,FREIRINA,FREIRINA,ESCUELA BASICA ALEJANDRO NOEMI HUERTA,6M,YW.UNIDAD POR EL APRUEBO PS PPD E INDEPENDIENTES,319. LIBBY CRISTINA OSORIO CALLEJAS,IND,21.0,True
653136,FREIRINA,FREIRINA,ESCUELA BASICA ALEJANDRO NOEMI HUERTA,6M,YW.UNIDAD POR EL APRUEBO PS PPD E INDEPENDIENTES,320. SERGIO ALDO TABILO TORREJON,PPD,0.0,False
653137,FREIRINA,FREIRINA,ESCUELA BASICA ALEJANDRO NOEMI HUERTA,6M,YW.UNIDAD POR EL APRUEBO PS PPD E INDEPENDIENTES,321. JUAN ERNESTO VALENZUELA VALENZUELA,PPD,0.0,False
653138,FREIRINA,FREIRINA,ESCUELA BASICA ALEJANDRO NOEMI HUERTA,6M,YW.UNIDAD POR EL APRUEBO PS PPD E INDEPENDIENTES,322. ANDREA ALEJANDRA PAEZ MENDOZA,IND,0.0,False
653139,FREIRINA,FREIRINA,ESCUELA BASICA ALEJANDRO NOEMI HUERTA,6M,ZJ.CHILE VAMOS UDI - INDEPENDIENTES,323. LUIS GEOBEL FLORES BARRAZA,UDI,7.0,False
653140,FREIRINA,FREIRINA,ESCUELA BASICA ALEJANDRO NOEMI HUERTA,6M,ZJ.CHILE VAMOS UDI - INDEPENDIENTES,324. FLORA INES SIMUNOVIC ZULETA,UDI,4.0,False
653141,FREIRINA,FREIRINA,ESCUELA BASICA ALEJANDRO NOEMI HUERTA,6M,ZJ.CHILE VAMOS UDI - INDEPENDIENTES,325. ROSA GENOVEVA FUENTES VERA,UDI,1.0,False
653142,FREIRINA,FREIRINA,ESCUELA BASICA ALEJANDRO NOEMI HUERTA,6M,ZJ.CHILE VAMOS UDI - INDEPENDIENTES,326. DANTON ROBINSON GODOY CISTERNAS,UDI,2.0,False
653143,FREIRINA,FREIRINA,ESCUELA BASICA ALEJANDRO NOEMI HUERTA,6M,ZJ.CHILE VAMOS UDI - INDEPENDIENTES,327. HANS ANDRES RIARTE DUBO,UDI,1.0,False
653144,FREIRINA,FREIRINA,ESCUELA BASICA ALEJANDRO NOEMI HUERTA,6M,ZJ.CHILE VAMOS UDI - INDEPENDIENTES,328. JOSE LUIS ALVARADO AVALOS,IND,7.0,False
653145,FREIRINA,FREIRINA,ESCUELA BASICA ALEJANDRO NOEMI HUERTA,6M,ZU.RADICALES E INDEPENDIENTES,329. FERNANDO ALBERTO RUHL PEREZ,PR,8.0,False
653146,FREIRINA,FREIRINA,ESCUELA BASICA ALEJANDRO NOEMI HUERTA,6M,ZU.RADICALES E INDEPENDIENTES,330. MARCELO ISMAEL RUIZ TAGLE ESCOBAR,PR,1.0,False
653147,FREIRINA,FREIRINA,ESCUELA BASICA ALEJANDRO NOEMI HUERTA,6M,ZU.RADICALES E INDEPENDIENTES,331. CAROLINA ANDREA VILLEGAS CUELLO,IND,3.0,False
653148,FREIRINA,FREIRINA,ESCUELA BASICA ALEJANDRO NOEMI HUERTA,6M,ZU.RADICALES E INDEPENDIENTES,332. MIGUEL ANGEL RIVERA MARQUES,IND,0.0,False
653149,FREIRINA,FREIRINA,ESCUELA BASICA ALEJANDRO NOEMI HUERTA,7M,M.CHILE DIGNO VERDE Y SOBERANO,300. CLAUDIO ALFREDO LAZCANO ROJAS,PCCH,16.0,True
653150,FREIRINA,FREIRINA,ESCUELA BASICA ALEJANDRO NOEMI HUERTA,7M,M.CHILE DIGNO VERDE Y SOBERANO,301. MAURICIO DELZO SOLIZ,PCCH,0.0,False
653151,FREIRINA,FREIRINA,ESCUELA BASICA ALEJANDRO NOEMI HUERTA,7M,M.CHILE DIGNO VERDE Y SOBERANO,302. MANUEL ALCIDES CASTILLO ZAMARCA,PCCH,6.0,False
653152,FREIRINA,FREIRINA,ESCUELA BASICA ALEJANDRO NOEMI HUERTA,7M,M.CHILE DIGNO VERDE Y SOBERANO,303. MALLALENES AMERICA MORALES ORDENES,FREVS,2.0,False
653153,FREIRINA,FREIRINA,ESCUELA BASICA ALEJANDRO NOEMI HUERTA,7M,M.CHILE DIGNO VERDE Y SOBERANO,304. PEDRO EDMUNDO HIRTZ NEIRA,FREVS,7.0,False
653154,FREIRINA,FREIRINA,ESCUELA BASICA ALEJANDRO NOEMI HUERTA,7M,M.CHILE DIGNO VERDE Y SOBERANO,305. HUGO MANUEL RAMOS CORTES,FREVS,3.0,False
653155,FREIRINA,FREIRINA,ESCUELA BASICA ALEJANDRO NOEMI HUERTA,7M,XK.CHILE VAMOS RENOVACION NACIONAL - INDEPENDIENTES,306. LUIS ALEJANDRO ARAYA PAEZ,RN,8.0,False
653156,FREIRINA,FREIRINA,ESCUELA BASICA ALEJANDRO NOEMI HUERTA,7M,XK.CHILE VAMOS RENOVACION NACIONAL - INDEPENDIENTES,307. ERIKA ESTER ESPINOZA OLIVARES,RN,1.0,False
653157,FREIRINA,FREIRINA,ESCUELA BASICA ALEJANDRO NOEMI HUERTA,7M,XU.UNIDOS POR LA DIGNIDAD,308. ROXANA ANDREA IBARRA SOTO,PDC,6.0,False
653158,FREIRINA,FREIRINA,ESCUELA BASICA ALEJANDRO NOEMI HUERTA,7M,XU.UNIDOS POR LA DIGNIDAD,309. DONALD NICOLAS ESBRY RAMIREZ,PDC,16.0,True
653159,FREIRINA,FREIRINA,ESCUELA BASICA ALEJANDRO NOEMI HUERTA,7M,XU.UNIDOS POR LA DIGNIDAD,310. LEOPOLDO DE JESUS ALTAMIRANO URRUTIA,PDC,7.0,False
653160,FREIRINA,FREIRINA,ESCUELA BASICA ALEJANDRO NOEMI HUERTA,7M,XU.UNIDOS POR LA DIGNIDAD,311. YANINA MAKARENA RIVERA CARVAJAL,PDC,0.0,False
653161,FREIRINA,FREIRINA,ESCUELA BASICA ALEJANDRO NOEMI HUERTA,7M,XU.UNIDOS POR LA DIGNIDAD,312. JUAN HECTOR VEGA CASTILLO,PDC,10.0,True
653162,FREIRINA,FREIRINA,ESCUELA BASICA ALEJANDRO NOEMI HUERTA,7M,XU.UNIDOS POR LA DIGNIDAD,313. NIBALDO ANTONIO YAÑEZ REYES,IND,2.0,False
653163,FREIRINA,FREIRINA,ESCUELA BASICA ALEJANDRO NOEMI HUERTA,7M,XY.DIGNIDAD AHORA,314. LILIAN NERY VILLALOBOS VILLALOBOS,IND,2.0,False
653164,FREIRINA,FREIRINA,ESCUELA BASICA ALEJANDRO NOEMI HUERTA,7M,XY.DIGNIDAD AHORA,315. CARMEN GLORIA ALVAREZ CALLEJAS,IND,22.0,True
653165,FREIRINA,FREIRINA,ESCUELA BASICA ALEJANDRO NOEMI HUERTA,7M,XY.DIGNIDAD AHORA,316. MANUEL ENRIQUE MARCOLETA PALACIOS,IND,4.0,False
653166,FREIRINA,FREIRINA,ESCUELA BASICA ALEJANDRO NOEMI HUERTA,7M,YW.UNIDAD POR EL APRUEBO PS PPD E INDEPENDIENTES,317. JOSE MANUEL ARAYA GONZALEZ,PS,15.0,True
653167,FREIRINA,FREIRINA,ESCUELA BASICA ALEJANDRO NOEMI HUERTA,7M,YW.UNIDAD POR EL APRUEBO PS PPD E INDEPENDIENTES,318. JENNY TAMBLAY CORTES,PS,10.0,False
653168,FREIRINA,FREIRINA,ESCUELA BASICA ALEJANDRO NOEMI HUERTA,7M,YW.UNIDAD POR EL APRUEBO PS PPD E INDEPENDIENTES,319. LIBBY CRISTINA OSORIO CALLEJAS,IND,20.0,True
653169,FREIRINA,FREIRINA,ESCUELA BASICA ALEJANDRO NOEMI HUERTA,7M,YW.UNIDAD POR EL APRUEBO PS PPD E INDEPENDIENTES,320. SERGIO ALDO TABILO TORREJON,PPD,1.0,False
653170,FREIRINA,FREIRINA,ESCUELA BASICA ALEJANDRO NOEMI HUERTA,7M,YW.UNIDAD POR EL APRUEBO PS PPD E INDEPENDIENTES,321. JUAN ERNESTO VALENZUELA VALENZUELA,PPD,1.0,False
653171,FREIRINA,FREIRINA,ESCUELA BASICA ALEJANDRO NOEMI HUERTA,7M,YW.UNIDAD POR EL APRUEBO PS PPD E INDEPENDIENTES,322. ANDREA ALEJANDRA PAEZ MENDOZA,IND,1.0,False
653172,FREIRINA,FREIRINA,ESCUELA BASICA ALEJANDRO NOEMI HUERTA,7M,ZJ.CHILE VAMOS UDI - INDEPENDIENTES,323. LUIS GEOBEL FLORES BARRAZA,UDI,4.0,False
653173,FREIRINA,FREIRINA,ESCUELA BASICA ALEJANDRO NOEMI HUERTA,7M,ZJ.CHILE VAMOS UDI - INDEPENDIENTES,324. FLORA INES SIMUNOVIC ZULETA,UDI,2.0,False
653174,FREIRINA,FREIRINA,ESCUELA BASICA ALEJANDRO NOEMI HUERTA,7M,ZJ.CHILE VAMOS UDI - INDEPENDIENTES,325. ROSA GENOVEVA FUENTES VERA,UDI,1.0,False
653175,FREIRINA,FREIRINA,ESCUELA BASICA ALEJANDRO NOEMI HUERTA,7M,ZJ.CHILE VAMOS UDI - INDEPENDIENTES,326. DANTON ROBINSON GODOY CISTERNAS,UDI,1.0,False
653176,FREIRINA,FREIRINA,ESCUELA BASICA ALEJANDRO NOEMI HUERTA,7M,ZJ.CHILE VAMOS UDI - INDEPENDIENTES,327. HANS ANDRES RIARTE DUBO,UDI,3.0,False
653177,FREIRINA,FREIRINA,ESCUELA BASICA ALEJANDRO NOEMI HUERTA,7M,ZJ.CHILE VAMOS UDI - INDEPENDIENTES,328. JOSE LUIS ALVARADO AVALOS,IND,0.0,False
653178,FREIRINA,FREIRINA,ESCUELA BASICA ALEJANDRO NOEMI HUERTA,7M,ZU.RADICALES E INDEPENDIENTES,329. FERNANDO ALBERTO RUHL PEREZ,PR,20.0,False
653179,FREIRINA,FREIRINA,ESCUELA BASICA ALEJANDRO NOEMI HUERTA,7M,ZU.RADICALES E INDEPENDIENTES,330. MARCELO ISMAEL RUIZ TAGLE ESCOBAR,PR,0.0,False
653180,FREIRINA,FREIRINA,ESCUELA BASICA ALEJANDRO NOEMI HUERTA,7M,ZU.RADICALES E INDEPENDIENTES,331. CAROLINA ANDREA VILLEGAS CUELLO,IND,1.0,False
653181,FREIRINA,FREIRINA,ESCUELA BASICA ALEJANDRO NOEMI HUERTA,7M,ZU.RADICALES E INDEPENDIENTES,332. MIGUEL ANGEL RIVERA MARQUES,IND,0.0,False
653182,FREIRINA,FREIRINA,ESCUELA BASICA ALEJANDRO NOEMI HUERTA,8M,M.CHILE DIGNO VERDE Y SOBERANO,300. CLAUDIO ALFREDO LAZCANO ROJAS,PCCH,16.0,True
653183,FREIRINA,FREIRINA,ESCUELA BASICA ALEJANDRO NOEMI HUERTA,8M,M.CHILE DIGNO VERDE Y SOBERANO,301. MAURICIO DELZO SOLIZ,PCCH,2.0,False
653184,FREIRINA,FREIRINA,ESCUELA BASICA ALEJANDRO NOEMI HUERTA,8M,M.CHILE DIGNO VERDE Y SOBERANO,302. MANUEL ALCIDES CASTILLO ZAMARCA,PCCH,8.0,False
653185,FREIRINA,FREIRINA,ESCUELA BASICA ALEJANDRO NOEMI HUERTA,8M,M.CHILE DIGNO VERDE Y SOBERANO,303. MALLALENES AMERICA MORALES ORDENES,FREVS,5.0,False
653186,FREIRINA,FREIRINA,ESCUELA BASICA ALEJANDRO NOEMI HUERTA,8M,M.CHILE DIGNO VERDE Y SOBERANO,304. PEDRO EDMUNDO HIRTZ NEIRA,FREVS,13.0,False
653187,FREIRINA,FREIRINA,ESCUELA BASICA ALEJANDRO NOEMI HUERTA,8M,M.CHILE DIGNO VERDE Y SOBERANO,305. HUGO MANUEL RAMOS CORTES,FREVS,1.0,False
653188,FREIRINA,FREIRINA,ESCUELA BASICA ALEJANDRO NOEMI HUERTA,8M,XK.CHILE VAMOS RENOVACION NACIONAL - INDEPENDIENTES,306. LUIS ALEJANDRO ARAYA PAEZ,RN,7.0,False
653189,FREIRINA,FREIRINA,ESCUELA BASICA ALEJANDRO NOEMI HUERTA,8M,XK.CHILE VAMOS RENOVACION NACIONAL - INDEPENDIENTES,307. ERIKA ESTER ESPINOZA OLIVARES,RN,1.0,False
653190,FREIRINA,FREIRINA,ESCUELA BASICA ALEJANDRO NOEMI HUERTA,8M,XU.UNIDOS POR LA DIGNIDAD,308. ROXANA ANDREA IBARRA SOTO,PDC,3.0,False
653191,FREIRINA,FREIRINA,ESCUELA BASICA ALEJANDRO NOEMI HUERTA,8M,XU.UNIDOS POR LA DIGNIDAD,309. DONALD NICOLAS ESBRY RAMIREZ,PDC,13.0,True
653192,FREIRINA,FREIRINA,ESCUELA BASICA ALEJANDRO NOEMI HUERTA,8M,XU.UNIDOS POR LA DIGNIDAD,310. LEOPOLDO DE JESUS ALTAMIRANO URRUTIA,PDC,7.0,False
653193,FREIRINA,FREIRINA,ESCUELA BASICA ALEJANDRO NOEMI HUERTA,8M,XU.UNIDOS POR LA DIGNIDAD,311. YANINA MAKARENA RIVERA CARVAJAL,PDC,3.0,False
653194,FREIRINA,FREIRINA,ESCUELA BASICA ALEJANDRO NOEMI HUERTA,8M,XU.UNIDOS POR LA DIGNIDAD,312. JUAN HECTOR VEGA CASTILLO,PDC,10.0,True
653195,FREIRINA,FREIRINA,ESCUELA BASICA ALEJANDRO NOEMI HUERTA,8M,XU.UNIDOS POR LA DIGNIDAD,313. NIBALDO ANTONIO YAÑEZ REYES,IND,1.0,False
653196,FREIRINA,FREIRINA,ESCUELA BASICA ALEJANDRO NOEMI HUERTA,8M,XY.DIGNIDAD AHORA,314. LILIAN NERY VILLALOBOS VILLALOBOS,IND,3.0,False
653197,FREIRINA,FREIRINA,ESCUELA BASICA ALEJANDRO NOEMI HUERTA,8M,XY.DIGNIDAD AHORA,315. CARMEN GLORIA ALVAREZ CALLEJAS,IND,25.0,True
653198,FREIRINA,FREIRINA,ESCUELA BASICA ALEJANDRO NOEMI HUERTA,8M,XY.DIGNIDAD AHORA,316. MANUEL ENRIQUE MARCOLETA PALACIOS,IND,0.0,False
653199,FREIRINA,FREIRINA,ESCUELA BASICA ALEJANDRO NOEMI HUERTA,8M,YW.UNIDAD POR EL APRUEBO PS PPD E INDEPENDIENTES,317. JOSE MANUEL ARAYA GONZALEZ,PS,10.0,True
653200,FREIRINA,FREIRINA,ESCUELA BASICA ALEJANDRO NOEMI HUERTA,8M,YW.UNIDAD POR EL APRUEBO PS PPD E INDEPENDIENTES,318. JENNY TAMBLAY CORTES,PS,10.0,False
653201,FREIRINA,FREIRINA,ESCUELA BASICA ALEJANDRO NOEMI HUERTA,8M,YW.UNIDAD POR EL APRUEBO PS PPD E INDEPENDIENTES,319. LIBBY CRISTINA OSORIO CALLEJAS,IND,15.0,True
653202,FREIRINA,FREIRINA,ESCUELA BASICA ALEJANDRO NOEMI HUERTA,8M,YW.UNIDAD POR EL APRUEBO PS PPD E INDEPENDIENTES,320. SERGIO ALDO TABILO TORREJON,PPD,0.0,False
653203,FREIRINA,FREIRINA,ESCUELA BASICA ALEJANDRO NOEMI HUERTA,8M,YW.UNIDAD POR EL APRUEBO PS PPD E INDEPENDIENTES,321. JUAN ERNESTO VALENZUELA VALENZUELA,PPD,0.0,False
653204,FREIRINA,FREIRINA,ESCUELA BASICA ALEJANDRO NOEMI HUERTA,8M,YW.UNIDAD POR EL APRUEBO PS PPD E INDEPENDIENTES,322. ANDREA ALEJANDRA PAEZ MENDOZA,IND,3.0,False
653205,FREIRINA,FREIRINA,ESCUELA BASICA ALEJANDRO NOEMI HUERTA,8M,ZJ.CHILE VAMOS UDI - INDEPENDIENTES,323. LUIS GEOBEL FLORES BARRAZA,UDI,4.0,False
653206,FREIRINA,FREIRINA,ESCUELA BASICA ALEJANDRO NOEMI HUERTA,8M,ZJ.CHILE VAMOS UDI - INDEPENDIENTES,324. FLORA INES SIMUNOVIC ZULETA,UDI,1.0,False
653207,FREIRINA,FREIRINA,ESCUELA BASICA ALEJANDRO NOEMI HUERTA,8M,ZJ.CHILE VAMOS UDI - INDEPENDIENTES,325. ROSA GENOVEVA FUENTES VERA,UDI,2.0,False
653208,FREIRINA,FREIRINA,ESCUELA BASICA ALEJANDRO NOEMI HUERTA,8M,ZJ.CHILE VAMOS UDI - INDEPENDIENTES,326. DANTON ROBINSON GODOY CISTERNAS,UDI,3.0,False
653209,FREIRINA,FREIRINA,ESCUELA BASICA ALEJANDRO NOEMI HUERTA,8M,ZJ.CHILE VAMOS UDI - INDEPENDIENTES,327. HANS ANDRES RIARTE DUBO,UDI,3.0,False
653210,FREIRINA,FREIRINA,ESCUELA BASICA ALEJANDRO NOEMI HUERTA,8M,ZJ.CHILE VAMOS UDI - INDEPENDIENTES,328. JOSE LUIS ALVARADO AVALOS,IND,3.0,False
653211,FREIRINA,FREIRINA,ESCUELA BASICA ALEJANDRO NOEMI HUERTA,8M,ZU.RADICALES E INDEPENDIENTES,329. FERNANDO ALBERTO RUHL PEREZ,PR,4.0,False
653212,FREIRINA,FREIRINA,ESCUELA BASICA ALEJANDRO NOEMI HUERTA,8M,ZU.RADICALES E INDEPENDIENTES,330. MARCELO ISMAEL RUIZ TAGLE ESCOBAR,PR,0.0,False
653213,FREIRINA,FREIRINA,ESCUELA BASICA ALEJANDRO NOEMI HUERTA,8M,ZU.RADICALES E INDEPENDIENTES,331. CAROLINA ANDREA VILLEGAS CUELLO,IND,1.0,False
653214,FREIRINA,FREIRINA,ESCUELA BASICA ALEJANDRO NOEMI HUERTA,8M,ZU.RADICALES E INDEPENDIENTES,332. MIGUEL ANGEL RIVERA MARQUES,IND,0.0,False
653215,FREIRINA,FREIRINA,ESCUELA BASICA ALEJANDRO NOEMI HUERTA,1V,M.CHILE DIGNO VERDE Y SOBERANO,300. CLAUDIO ALFREDO LAZCANO ROJAS,PCCH,10.0,True
653216,FREIRINA,FREIRINA,ESCUELA BASICA ALEJANDRO NOEMI HUERTA,1V,M.CHILE DIGNO VERDE Y SOBERANO,301. MAURICIO DELZO SOLIZ,PCCH,1.0,False
653217,FREIRINA,FREIRINA,ESCUELA BASICA ALEJANDRO NOEMI HUERTA,1V,M.CHILE DIGNO VERDE Y SOBERANO,302. MANUEL ALCIDES CASTILLO ZAMARCA,PCCH,1.0,False
653218,FREIRINA,FREIRINA,ESCUELA BASICA ALEJANDRO NOEMI HUERTA,1V,M.CHILE DIGNO VERDE Y SOBERANO,303. MALLALENES AMERICA MORALES ORDENES,FREVS,4.0,False
653219,FREIRINA,FREIRINA,ESCUELA BASICA ALEJANDRO NOEMI HUERTA,1V,M.CHILE DIGNO VERDE Y SOBERANO,304. PEDRO EDMUNDO HIRTZ NEIRA,FREVS,1.0,False
653220,FREIRINA,FREIRINA,ESCUELA BASICA ALEJANDRO NOEMI HUERTA,1V,M.CHILE DIGNO VERDE Y SOBERANO,305. HUGO MANUEL RAMOS CORTES,FREVS,2.0,False
653221,FREIRINA,FREIRINA,ESCUELA BASICA ALEJANDRO NOEMI HUERTA,1V,XK.CHILE VAMOS RENOVACION NACIONAL - INDEPENDIENTES,306. LUIS ALEJANDRO ARAYA PAEZ,RN,3.0,False
653222,FREIRINA,FREIRINA,ESCUELA BASICA ALEJANDRO NOEMI HUERTA,1V,XK.CHILE VAMOS RENOVACION NACIONAL - INDEPENDIENTES,307. ERIKA ESTER ESPINOZA OLIVARES,RN,2.0,False
653223,FREIRINA,FREIRINA,ESCUELA BASICA ALEJANDRO NOEMI HUERTA,1V,XU.UNIDOS POR LA DIGNIDAD,308. ROXANA ANDREA IBARRA SOTO,PDC,8.0,False
653224,FREIRINA,FREIRINA,ESCUELA BASICA ALEJANDRO NOEMI HUERTA,1V,XU.UNIDOS POR LA DIGNIDAD,309. DONALD NICOLAS ESBRY RAMIREZ,PDC,19.0,True
653225,FREIRINA,FREIRINA,ESCUELA BASICA ALEJANDRO NOEMI HUERTA,1V,XU.UNIDOS POR LA DIGNIDAD,310. LEOPOLDO DE JESUS ALTAMIRANO URRUTIA,PDC,5.0,False
653226,FREIRINA,FREIRINA,ESCUELA BASICA ALEJANDRO NOEMI HUERTA,1V,XU.UNIDOS POR LA DIGNIDAD,311. YANINA MAKARENA RIVERA CARVAJAL,PDC,0.0,False
653227,FREIRINA,FREIRINA,ESCUELA BASICA ALEJANDRO NOEMI HUERTA,1V,XU.UNIDOS POR LA DIGNIDAD,312. JUAN HECTOR VEGA CASTILLO,PDC,14.0,True
653228,FREIRINA,FREIRINA,ESCUELA BASICA ALEJANDRO NOEMI HUERTA,1V,XU.UNIDOS POR LA DIGNIDAD,313. NIBALDO ANTONIO YAÑEZ REYES,IND,3.0,False
653229,FREIRINA,FREIRINA,ESCUELA BASICA ALEJANDRO NOEMI HUERTA,1V,XY.DIGNIDAD AHORA,314. LILIAN NERY VILLALOBOS VILLALOBOS,IND,3.0,False
653230,FREIRINA,FREIRINA,ESCUELA BASICA ALEJANDRO NOEMI HUERTA,1V,XY.DIGNIDAD AHORA,315. CARMEN GLORIA ALVAREZ CALLEJAS,IND,16.0,True
653231,FREIRINA,FREIRINA,ESCUELA BASICA ALEJANDRO NOEMI HUERTA,1V,XY.DIGNIDAD AHORA,316. MANUEL ENRIQUE MARCOLETA PALACIOS,IND,5.0,False
653232,FREIRINA,FREIRINA,ESCUELA BASICA ALEJANDRO NOEMI HUERTA,1V,YW.UNIDAD POR EL APRUEBO PS PPD E INDEPENDIENTES,317. JOSE MANUEL ARAYA GONZALEZ,PS,11.0,True
653233,FREIRINA,FREIRINA,ESCUELA BASICA ALEJANDRO NOEMI HUERTA,1V,YW.UNIDAD POR EL APRUEBO PS PPD E INDEPENDIENTES,318. JENNY TAMBLAY CORTES,PS,3.0,False
653234,FREIRINA,FREIRINA,ESCUELA BASICA ALEJANDRO NOEMI HUERTA,1V,YW.UNIDAD POR EL APRUEBO PS PPD E INDEPENDIENTES,319. LIBBY CRISTINA OSORIO CALLEJAS,IND,20.0,True
653235,FREIRINA,FREIRINA,ESCUELA BASICA ALEJANDRO NOEMI HUERTA,1V,YW.UNIDAD POR EL APRUEBO PS PPD E INDEPENDIENTES,320. SERGIO ALDO TABILO TORREJON,PPD,1.0,False
653236,FREIRINA,FREIRINA,ESCUELA BASICA ALEJANDRO NOEMI HUERTA,1V,YW.UNIDAD POR EL APRUEBO PS PPD E INDEPENDIENTES,321. JUAN ERNESTO VALENZUELA VALENZUELA,PPD,2.0,False
653237,FREIRINA,FREIRINA,ESCUELA BASICA ALEJANDRO NOEMI HUERTA,1V,YW.UNIDAD POR EL APRUEBO PS PPD E INDEPENDIENTES,322. ANDREA ALEJANDRA PAEZ MENDOZA,IND,0.0,False
653238,FREIRINA,FREIRINA,ESCUELA BASICA ALEJANDRO NOEMI HUERTA,1V,ZJ.CHILE VAMOS UDI - INDEPENDIENTES,323. LUIS GEOBEL FLORES BARRAZA,UDI,6.0,False
653239,FREIRINA,FREIRINA,ESCUELA BASICA ALEJANDRO NOEMI HUERTA,1V,ZJ.CHILE VAMOS UDI - INDEPENDIENTES,324. FLORA INES SIMUNOVIC ZULETA,UDI,2.0,False
653240,FREIRINA,FREIRINA,ESCUELA BASICA ALEJANDRO NOEMI HUERTA,1V,ZJ.CHILE VAMOS UDI - INDEPENDIENTES,325. ROSA GENOVEVA FUENTES VERA,UDI,0.0,False
653241,FREIRINA,FREIRINA,ESCUELA BASICA ALEJANDRO NOEMI HUERTA,1V,ZJ.CHILE VAMOS UDI - INDEPENDIENTES,326. DANTON ROBINSON GODOY CISTERNAS,UDI,1.0,False
653242,FREIRINA,FREIRINA,ESCUELA BASICA ALEJANDRO NOEMI HUERTA,1V,ZJ.CHILE VAMOS UDI - INDEPENDIENTES,327. HANS ANDRES RIARTE DUBO,UDI,3.0,False
653243,FREIRINA,FREIRINA,ESCUELA BASICA ALEJANDRO NOEMI HUERTA,1V,ZJ.CHILE VAMOS UDI - INDEPENDIENTES,328. JOSE LUIS ALVARADO AVALOS,IND,2.0,False
653244,FREIRINA,FREIRINA,ESCUELA BASICA ALEJANDRO NOEMI HUERTA,1V,ZU.RADICALES E INDEPENDIENTES,329. FERNANDO ALBERTO RUHL PEREZ,PR,22.0,False
653245,FREIRINA,FREIRINA,ESCUELA BASICA ALEJANDRO NOEMI HUERTA,1V,ZU.RADICALES E INDEPENDIENTES,330. MARCELO ISMAEL RUIZ TAGLE ESCOBAR,PR,0.0,False
653246,FREIRINA,FREIRINA,ESCUELA BASICA ALEJANDRO NOEMI HUERTA,1V,ZU.RADICALES E INDEPENDIENTES,331. CAROLINA ANDREA VILLEGAS CUELLO,IND,0.0,False
653247,FREIRINA,FREIRINA,ESCUELA BASICA ALEJANDRO NOEMI HUERTA,1V,ZU.RADICALES E INDEPENDIENTES,332. MIGUEL ANGEL RIVERA MARQUES,IND,0.0,False
653248,FREIRINA,FREIRINA,ESCUELA BASICA ALEJANDRO NOEMI HUERTA,2V,M.CHILE DIGNO VERDE Y SOBERANO,300. CLAUDIO ALFREDO LAZCANO ROJAS,PCCH,9.0,True
653249,FREIRINA,FREIRINA,ESCUELA BASICA ALEJANDRO NOEMI HUERTA,2V,M.CHILE DIGNO VERDE Y SOBERANO,301. MAURICIO DELZO SOLIZ,PCCH,2.0,False
653250,FREIRINA,FREIRINA,ESCUELA BASICA ALEJANDRO NOEMI HUERTA,2V,M.CHILE DIGNO VERDE Y SOBERANO,302. MANUEL ALCIDES CASTILLO ZAMARCA,PCCH,4.0,False
653251,FREIRINA,FREIRINA,ESCUELA BASICA ALEJANDRO NOEMI HUERTA,2V,M.CHILE DIGNO VERDE Y SOBERANO,303. MALLALENES AMERICA MORALES ORDENES,FREVS,3.0,False
653252,FREIRINA,FREIRINA,ESCUELA BASICA ALEJANDRO NOEMI HUERTA,2V,M.CHILE DIGNO VERDE Y SOBERANO,304. PEDRO EDMUNDO HIRTZ NEIRA,FREVS,3.0,False
653253,FREIRINA,FREIRINA,ESCUELA BASICA ALEJANDRO NOEMI HUERTA,2V,M.CHILE DIGNO VERDE Y SOBERANO,305. HUGO MANUEL RAMOS CORTES,FREVS,1.0,False
653254,FREIRINA,FREIRINA,ESCUELA BASICA ALEJANDRO NOEMI HUERTA,2V,XK.CHILE VAMOS RENOVACION NACIONAL - INDEPENDIENTES,306. LUIS ALEJANDRO ARAYA PAEZ,RN,8.0,False
653255,FREIRINA,FREIRINA,ESCUELA BASICA ALEJANDRO NOEMI HUERTA,2V,XK.CHILE VAMOS RENOVACION NACIONAL - INDEPENDIENTES,307. ERIKA ESTER ESPINOZA OLIVARES,RN,3.0,False
653256,FREIRINA,FREIRINA,ESCUELA BASICA ALEJANDRO NOEMI HUERTA,2V,XU.UNIDOS POR LA DIGNIDAD,308. ROXANA ANDREA IBARRA SOTO,PDC,5.0,False
653257,FREIRINA,FREIRINA,ESCUELA BASICA ALEJANDRO NOEMI HUERTA,2V,XU.UNIDOS POR LA DIGNIDAD,309. DONALD NICOLAS ESBRY RAMIREZ,PDC,19.0,True
653258,FREIRINA,FREIRINA,ESCUELA BASICA ALEJANDRO NOEMI HUERTA,2V,XU.UNIDOS POR LA DIGNIDAD,310. LEOPOLDO DE JESUS ALTAMIRANO URRUTIA,PDC,5.0,False
653259,FREIRINA,FREIRINA,ESCUELA BASICA ALEJANDRO NOEMI HUERTA,2V,XU.UNIDOS POR LA DIGNIDAD,311. YANINA MAKARENA RIVERA CARVAJAL,PDC,1.0,False
653260,FREIRINA,FREIRINA,ESCUELA BASICA ALEJANDRO NOEMI HUERTA,2V,XU.UNIDOS POR LA DIGNIDAD,312. JUAN HECTOR VEGA CASTILLO,PDC,10.0,True
653261,FREIRINA,FREIRINA,ESCUELA BASICA ALEJANDRO NOEMI HUERTA,2V,XU.UNIDOS POR LA DIGNIDAD,313. NIBALDO ANTONIO YAÑEZ REYES,IND,1.0,False
653262,FREIRINA,FREIRINA,ESCUELA BASICA ALEJANDRO NOEMI HUERTA,2V,XY.DIGNIDAD AHORA,314. LILIAN NERY VILLALOBOS VILLALOBOS,IND,3.0,False
653263,FREIRINA,FREIRINA,ESCUELA BASICA ALEJANDRO NOEMI HUERTA,2V,XY.DIGNIDAD AHORA,315. CARMEN GLORIA ALVAREZ CALLEJAS,IND,21.0,True
653264,FREIRINA,FREIRINA,ESCUELA BASICA ALEJANDRO NOEMI HUERTA,2V,XY.DIGNIDAD AHORA,316. MANUEL ENRIQUE MARCOLETA PALACIOS,IND,1.0,False
653265,FREIRINA,FREIRINA,ESCUELA BASICA ALEJANDRO NOEMI HUERTA,2V,YW.UNIDAD POR EL APRUEBO PS PPD E INDEPENDIENTES,317. JOSE MANUEL ARAYA GONZALEZ,PS,16.0,True
653266,FREIRINA,FREIRINA,ESCUELA BASICA ALEJANDRO NOEMI HUERTA,2V,YW.UNIDAD POR EL APRUEBO PS PPD E INDEPENDIENTES,318. JENNY TAMBLAY CORTES,PS,8.0,False
653267,FREIRINA,FREIRINA,ESCUELA BASICA ALEJANDRO NOEMI HUERTA,2V,YW.UNIDAD POR EL APRUEBO PS PPD E INDEPENDIENTES,319. LIBBY CRISTINA OSORIO CALLEJAS,IND,23.0,True
653268,FREIRINA,FREIRINA,ESCUELA BASICA ALEJANDRO NOEMI HUERTA,2V,YW.UNIDAD POR EL APRUEBO PS PPD E INDEPENDIENTES,320. SERGIO ALDO TABILO TORREJON,PPD,2.0,False
653269,FREIRINA,FREIRINA,ESCUELA BASICA ALEJANDRO NOEMI HUERTA,2V,YW.UNIDAD POR EL APRUEBO PS PPD E INDEPENDIENTES,321. JUAN ERNESTO VALENZUELA VALENZUELA,PPD,0.0,False
653270,FREIRINA,FREIRINA,ESCUELA BASICA ALEJANDRO NOEMI HUERTA,2V,YW.UNIDAD POR EL APRUEBO PS PPD E INDEPENDIENTES,322. ANDREA ALEJANDRA PAEZ MENDOZA,IND,0.0,False
653271,FREIRINA,FREIRINA,ESCUELA BASICA ALEJANDRO NOEMI HUERTA,2V,ZJ.CHILE VAMOS UDI - INDEPENDIENTES,323. LUIS GEOBEL FLORES BARRAZA,UDI,2.0,False
653272,FREIRINA,FREIRINA,ESCUELA BASICA ALEJANDRO NOEMI HUERTA,2V,ZJ.CHILE VAMOS UDI - INDEPENDIENTES,324. FLORA INES SIMUNOVIC ZULETA,UDI,5.0,False
653273,FREIRINA,FREIRINA,ESCUELA BASICA ALEJANDRO NOEMI HUERTA,2V,ZJ.CHILE VAMOS UDI - INDEPENDIENTES,325. ROSA GENOVEVA FUENTES VERA,UDI,0.0,False
653274,FREIRINA,FREIRINA,ESCUELA BASICA ALEJANDRO NOEMI HUERTA,2V,ZJ.CHILE VAMOS UDI - INDEPENDIENTES,326. DANTON ROBINSON GODOY CISTERNAS,UDI,2.0,False
653275,FREIRINA,FREIRINA,ESCUELA BASICA ALEJANDRO NOEMI HUERTA,2V,ZJ.CHILE VAMOS UDI - INDEPENDIENTES,327. HANS ANDRES RIARTE DUBO,UDI,2.0,False
653276,FREIRINA,FREIRINA,ESCUELA BASICA ALEJANDRO NOEMI HUERTA,2V,ZJ.CHILE VAMOS UDI - INDEPENDIENTES,328. JOSE LUIS ALVARADO AVALOS,IND,4.0,False
653277,FREIRINA,FREIRINA,ESCUELA BASICA ALEJANDRO NOEMI HUERTA,2V,ZU.RADICALES E INDEPENDIENTES,329. FERNANDO ALBERTO RUHL PEREZ,PR,18.0,False
653278,FREIRINA,FREIRINA,ESCUELA BASICA ALEJANDRO NOEMI HUERTA,2V,ZU.RADICALES E INDEPENDIENTES,330. MARCELO ISMAEL RUIZ TAGLE ESCOBAR,PR,0.0,False
653279,FREIRINA,FREIRINA,ESCUELA BASICA ALEJANDRO NOEMI HUERTA,2V,ZU.RADICALES E INDEPENDIENTES,331. CAROLINA ANDREA VILLEGAS CUELLO,IND,3.0,False
653280,FREIRINA,FREIRINA,ESCUELA BASICA ALEJANDRO NOEMI HUERTA,2V,ZU.RADICALES E INDEPENDIENTES,332. MIGUEL ANGEL RIVERA MARQUES,IND,1.0,False
653281,FREIRINA,FREIRINA,ESCUELA BASICA ALEJANDRO NOEMI HUERTA,3V,M.CHILE DIGNO VERDE Y SOBERANO,300. CLAUDIO ALFREDO LAZCANO ROJAS,PCCH,12.0,True
653282,FREIRINA,FREIRINA,ESCUELA BASICA ALEJANDRO NOEMI HUERTA,3V,M.CHILE DIGNO VERDE Y SOBERANO,301. MAURICIO DELZO SOLIZ,PCCH,3.0,False
653283,FREIRINA,FREIRINA,ESCUELA BASICA ALEJANDRO NOEMI HUERTA,3V,M.CHILE DIGNO VERDE Y SOBERANO,302. MANUEL ALCIDES CASTILLO ZAMARCA,PCCH,10.0,False
653284,FREIRINA,FREIRINA,ESCUELA BASICA ALEJANDRO NOEMI HUERTA,3V,M.CHILE DIGNO VERDE Y SOBERANO,303. MALLALENES AMERICA MORALES ORDENES,FREVS,4.0,False
653285,FREIRINA,FREIRINA,ESCUELA BASICA ALEJANDRO NOEMI HUERTA,3V,M.CHILE DIGNO VERDE Y SOBERANO,304. PEDRO EDMUNDO HIRTZ NEIRA,FREVS,9.0,False
653286,FREIRINA,FREIRINA,ESCUELA BASICA ALEJANDRO NOEMI HUERTA,3V,M.CHILE DIGNO VERDE Y SOBERANO,305. HUGO MANUEL RAMOS CORTES,FREVS,7.0,False
653287,FREIRINA,FREIRINA,ESCUELA BASICA ALEJANDRO NOEMI HUERTA,3V,XK.CHILE VAMOS RENOVACION NACIONAL - INDEPENDIENTES,306. LUIS ALEJANDRO ARAYA PAEZ,RN,5.0,False
653288,FREIRINA,FREIRINA,ESCUELA BASICA ALEJANDRO NOEMI HUERTA,3V,XK.CHILE VAMOS RENOVACION NACIONAL - INDEPENDIENTES,307. ERIKA ESTER ESPINOZA OLIVARES,RN,2.0,False
653289,FREIRINA,FREIRINA,ESCUELA BASICA ALEJANDRO NOEMI HUERTA,3V,XU.UNIDOS POR LA DIGNIDAD,308. ROXANA ANDREA IBARRA SOTO,PDC,5.0,False
653290,FREIRINA,FREIRINA,ESCUELA BASICA ALEJANDRO NOEMI HUERTA,3V,XU.UNIDOS POR LA DIGNIDAD,309. DONALD NICOLAS ESBRY RAMIREZ,PDC,18.0,True
653291,FREIRINA,FREIRINA,ESCUELA BASICA ALEJANDRO NOEMI HUERTA,3V,XU.UNIDOS POR LA DIGNIDAD,310. LEOPOLDO DE JESUS ALTAMIRANO URRUTIA,PDC,0.0,False
653292,FREIRINA,FREIRINA,ESCUELA BASICA ALEJANDRO NOEMI HUERTA,3V,XU.UNIDOS POR LA DIGNIDAD,311. YANINA MAKARENA RIVERA CARVAJAL,PDC,2.0,False
653293,FREIRINA,FREIRINA,ESCUELA BASICA ALEJANDRO NOEMI HUERTA,3V,XU.UNIDOS POR LA DIGNIDAD,312. JUAN HECTOR VEGA CASTILLO,PDC,11.0,True
653294,FREIRINA,FREIRINA,ESCUELA BASICA ALEJANDRO NOEMI HUERTA,3V,XU.UNIDOS POR LA DIGNIDAD,313. NIBALDO ANTONIO YAÑEZ REYES,IND,1.0,False
653295,FREIRINA,FREIRINA,ESCUELA BASICA ALEJANDRO NOEMI HUERTA,3V,XY.DIGNIDAD AHORA,314. LILIAN NERY VILLALOBOS VILLALOBOS,IND,4.0,False
653296,FREIRINA,FREIRINA,ESCUELA BASICA ALEJANDRO NOEMI HUERTA,3V,XY.DIGNIDAD AHORA,315. CARMEN GLORIA ALVAREZ CALLEJAS,IND,21.0,True
653297,FREIRINA,FREIRINA,ESCUELA BASICA ALEJANDRO NOEMI HUERTA,3V,XY.DIGNIDAD AHORA,316. MANUEL ENRIQUE MARCOLETA PALACIOS,IND,1.0,False
653298,FREIRINA,FREIRINA,ESCUELA BASICA ALEJANDRO NOEMI HUERTA,3V,YW.UNIDAD POR EL APRUEBO PS PPD E INDEPENDIENTES,317. JOSE MANUEL ARAYA GONZALEZ,PS,12.0,True
653299,FREIRINA,FREIRINA,ESCUELA BASICA ALEJANDRO NOEMI HUERTA,3V,YW.UNIDAD POR EL APRUEBO PS PPD E INDEPENDIENTES,318. JENNY TAMBLAY CORTES,PS,5.0,False
653300,FREIRINA,FREIRINA,ESCUELA BASICA ALEJANDRO NOEMI HUERTA,3V,YW.UNIDAD POR EL APRUEBO PS PPD E INDEPENDIENTES,319. LIBBY CRISTINA OSORIO CALLEJAS,IND,20.0,True
653301,FREIRINA,FREIRINA,ESCUELA BASICA ALEJANDRO NOEMI HUERTA,3V,YW.UNIDAD POR EL APRUEBO PS PPD E INDEPENDIENTES,320. SERGIO ALDO TABILO TORREJON,PPD,1.0,False
653302,FREIRINA,FREIRINA,ESCUELA BASICA ALEJANDRO NOEMI HUERTA,3V,YW.UNIDAD POR EL APRUEBO PS PPD E INDEPENDIENTES,321. JUAN ERNESTO VALENZUELA VALENZUELA,PPD,0.0,False
653303,FREIRINA,FREIRINA,ESCUELA BASICA ALEJANDRO NOEMI HUERTA,3V,YW.UNIDAD POR EL APRUEBO PS PPD E INDEPENDIENTES,322. ANDREA ALEJANDRA PAEZ MENDOZA,IND,4.0,False
653304,FREIRINA,FREIRINA,ESCUELA BASICA ALEJANDRO NOEMI HUERTA,3V,ZJ.CHILE VAMOS UDI - INDEPENDIENTES,323. LUIS GEOBEL FLORES BARRAZA,UDI,7.0,False
653305,FREIRINA,FREIRINA,ESCUELA BASICA ALEJANDRO NOEMI HUERTA,3V,ZJ.CHILE VAMOS UDI - INDEPENDIENTES,324. FLORA INES SIMUNOVIC ZULETA,UDI,1.0,False
653306,FREIRINA,FREIRINA,ESCUELA BASICA ALEJANDRO NOEMI HUERTA,3V,ZJ.CHILE VAMOS UDI - INDEPENDIENTES,325. ROSA GENOVEVA FUENTES VERA,UDI,0.0,False
653307,FREIRINA,FREIRINA,ESCUELA BASICA ALEJANDRO NOEMI HUERTA,3V,ZJ.CHILE VAMOS UDI - INDEPENDIENTES,326. DANTON ROBINSON GODOY CISTERNAS,UDI,4.0,False
653308,FREIRINA,FREIRINA,ESCUELA BASICA ALEJANDRO NOEMI HUERTA,3V,ZJ.CHILE VAMOS UDI - INDEPENDIENTES,327. HANS ANDRES RIARTE DUBO,UDI,3.0,False
653309,FREIRINA,FREIRINA,ESCUELA BASICA ALEJANDRO NOEMI HUERTA,3V,ZJ.CHILE VAMOS UDI - INDEPENDIENTES,328. JOSE LUIS ALVARADO AVALOS,IND,3.0,False
653310,FREIRINA,FREIRINA,ESCUELA BASICA ALEJANDRO NOEMI HUERTA,3V,ZU.RADICALES E INDEPENDIENTES,329. FERNANDO ALBERTO RUHL PEREZ,PR,18.0,False
653311,FREIRINA,FREIRINA,ESCUELA BASICA ALEJANDRO NOEMI HUERTA,3V,ZU.RADICALES E INDEPENDIENTES,330. MARCELO ISMAEL RUIZ TAGLE ESCOBAR,PR,2.0,False
653312,FREIRINA,FREIRINA,ESCUELA BASICA ALEJANDRO NOEMI HUERTA,3V,ZU.RADICALES E INDEPENDIENTES,331. CAROLINA ANDREA VILLEGAS CUELLO,IND,1.0,False
653313,FREIRINA,FREIRINA,ESCUELA BASICA ALEJANDRO NOEMI HUERTA,3V,ZU.RADICALES E INDEPENDIENTES,332. MIGUEL ANGEL RIVERA MARQUES,IND,0.0,False
653314,FREIRINA,FREIRINA,ESCUELA BASICA ALEJANDRO NOEMI HUERTA,4V,M.CHILE DIGNO VERDE Y SOBERANO,300. CLAUDIO ALFREDO LAZCANO ROJAS,PCCH,14.0,True
653315,FREIRINA,FREIRINA,ESCUELA BASICA ALEJANDRO NOEMI HUERTA,4V,M.CHILE DIGNO VERDE Y SOBERANO,301. MAURICIO DELZO SOLIZ,PCCH,1.0,False
653316,FREIRINA,FREIRINA,ESCUELA BASICA ALEJANDRO NOEMI HUERTA,4V,M.CHILE DIGNO VERDE Y SOBERANO,302. MANUEL ALCIDES CASTILLO ZAMARCA,PCCH,14.0,False
653317,FREIRINA,FREIRINA,ESCUELA BASICA ALEJANDRO NOEMI HUERTA,4V,M.CHILE DIGNO VERDE Y SOBERANO,303. MALLALENES AMERICA MORALES ORDENES,FREVS,4.0,False
653318,FREIRINA,FREIRINA,ESCUELA BASICA ALEJANDRO NOEMI HUERTA,4V,M.CHILE DIGNO VERDE Y SOBERANO,304. PEDRO EDMUNDO HIRTZ NEIRA,FREVS,3.0,False
653319,FREIRINA,FREIRINA,ESCUELA BASICA ALEJANDRO NOEMI HUERTA,4V,M.CHILE DIGNO VERDE Y SOBERANO,305. HUGO MANUEL RAMOS CORTES,FREVS,4.0,False
653320,FREIRINA,FREIRINA,ESCUELA BASICA ALEJANDRO NOEMI HUERTA,4V,XK.CHILE VAMOS RENOVACION NACIONAL - INDEPENDIENTES,306. LUIS ALEJANDRO ARAYA PAEZ,RN,1.0,False
653321,FREIRINA,FREIRINA,ESCUELA BASICA ALEJANDRO NOEMI HUERTA,4V,XK.CHILE VAMOS RENOVACION NACIONAL - INDEPENDIENTES,307. ERIKA ESTER ESPINOZA OLIVARES,RN,2.0,False
653322,FREIRINA,FREIRINA,ESCUELA BASICA ALEJANDRO NOEMI HUERTA,4V,XU.UNIDOS POR LA DIGNIDAD,308. ROXANA ANDREA IBARRA SOTO,PDC,4.0,False
653323,FREIRINA,FREIRINA,ESCUELA BASICA ALEJANDRO NOEMI HUERTA,4V,XU.UNIDOS POR LA DIGNIDAD,309. DONALD NICOLAS ESBRY RAMIREZ,PDC,16.0,True
653324,FREIRINA,FREIRINA,ESCUELA BASICA ALEJANDRO NOEMI HUERTA,4V,XU.UNIDOS POR LA DIGNIDAD,310. LEOPOLDO DE JESUS ALTAMIRANO URRUTIA,PDC,2.0,False
653325,FREIRINA,FREIRINA,ESCUELA BASICA ALEJANDRO NOEMI HUERTA,4V,XU.UNIDOS POR LA DIGNIDAD,311. YANINA MAKARENA RIVERA CARVAJAL,PDC,2.0,False
653326,FREIRINA,FREIRINA,ESCUELA BASICA ALEJANDRO NOEMI HUERTA,4V,XU.UNIDOS POR LA DIGNIDAD,312. JUAN HECTOR VEGA CASTILLO,PDC,8.0,True
653327,FREIRINA,FREIRINA,ESCUELA BASICA ALEJANDRO NOEMI HUERTA,4V,XU.UNIDOS POR LA DIGNIDAD,313. NIBALDO ANTONIO YAÑEZ REYES,IND,1.0,False
653328,FREIRINA,FREIRINA,ESCUELA BASICA ALEJANDRO NOEMI HUERTA,4V,XY.DIGNIDAD AHORA,314. LILIAN NERY VILLALOBOS VILLALOBOS,IND,3.0,False
653329,FREIRINA,FREIRINA,ESCUELA BASICA ALEJANDRO NOEMI HUERTA,4V,XY.DIGNIDAD AHORA,315. CARMEN GLORIA ALVAREZ CALLEJAS,IND,16.0,True
653330,FREIRINA,FREIRINA,ESCUELA BASICA ALEJANDRO NOEMI HUERTA,4V,XY.DIGNIDAD AHORA,316. MANUEL ENRIQUE MARCOLETA PALACIOS,IND,3.0,False
653331,FREIRINA,FREIRINA,ESCUELA BASICA ALEJANDRO NOEMI HUERTA,4V,YW.UNIDAD POR EL APRUEBO PS PPD E INDEPENDIENTES,317. JOSE MANUEL ARAYA GONZALEZ,PS,14.0,True
653332,FREIRINA,FREIRINA,ESCUELA BASICA ALEJANDRO NOEMI HUERTA,4V,YW.UNIDAD POR EL APRUEBO PS PPD E INDEPENDIENTES,318. JENNY TAMBLAY CORTES,PS,4.0,False
653333,FREIRINA,FREIRINA,ESCUELA BASICA ALEJANDRO NOEMI HUERTA,4V,YW.UNIDAD POR EL APRUEBO PS PPD E INDEPENDIENTES,319. LIBBY CRISTINA OSORIO CALLEJAS,IND,28.0,True
653334,FREIRINA,FREIRINA,ESCUELA BASICA ALEJANDRO NOEMI HUERTA,4V,YW.UNIDAD POR EL APRUEBO PS PPD E INDEPENDIENTES,320. SERGIO ALDO TABILO TORREJON,PPD,1.0,False
653335,FREIRINA,FREIRINA,ESCUELA BASICA ALEJANDRO NOEMI HUERTA,4V,YW.UNIDAD POR EL APRUEBO PS PPD E INDEPENDIENTES,321. JUAN ERNESTO VALENZUELA VALENZUELA,PPD,0.0,False
653336,FREIRINA,FREIRINA,ESCUELA BASICA ALEJANDRO NOEMI HUERTA,4V,YW.UNIDAD POR EL APRUEBO PS PPD E INDEPENDIENTES,322. ANDREA ALEJANDRA PAEZ MENDOZA,IND,1.0,False
653337,FREIRINA,FREIRINA,ESCUELA BASICA ALEJANDRO NOEMI HUERTA,4V,ZJ.CHILE VAMOS UDI - INDEPENDIENTES,323. LUIS GEOBEL FLORES BARRAZA,UDI,4.0,False
653338,FREIRINA,FREIRINA,ESCUELA BASICA ALEJANDRO NOEMI HUERTA,4V,ZJ.CHILE VAMOS UDI - INDEPENDIENTES,324. FLORA INES SIMUNOVIC ZULETA,UDI,1.0,False
653339,FREIRINA,FREIRINA,ESCUELA BASICA ALEJANDRO NOEMI HUERTA,4V,ZJ.CHILE VAMOS UDI - INDEPENDIENTES,325. ROSA GENOVEVA FUENTES VERA,UDI,1.0,False
653340,FREIRINA,FREIRINA,ESCUELA BASICA ALEJANDRO NOEMI HUERTA,4V,ZJ.CHILE VAMOS UDI - INDEPENDIENTES,326. DANTON ROBINSON GODOY CISTERNAS,UDI,2.0,False
653341,FREIRINA,FREIRINA,ESCUELA BASICA ALEJANDRO NOEMI HUERTA,4V,ZJ.CHILE VAMOS UDI - INDEPENDIENTES,327. HANS ANDRES RIARTE DUBO,UDI,2.0,False
653342,FREIRINA,FREIRINA,ESCUELA BASICA ALEJANDRO NOEMI HUERTA,4V,ZJ.CHILE VAMOS UDI - INDEPENDIENTES,328. JOSE LUIS ALVARADO AVALOS,IND,1.0,False
653343,FREIRINA,FREIRINA,ESCUELA BASICA ALEJANDRO NOEMI HUERTA,4V,ZU.RADICALES E INDEPENDIENTES,329. FERNANDO ALBERTO RUHL PEREZ,PR,14.0,False
653344,FREIRINA,FREIRINA,ESCUELA BASICA ALEJANDRO NOEMI HUERTA,4V,ZU.RADICALES E INDEPENDIENTES,330. MARCELO ISMAEL RUIZ TAGLE ESCOBAR,PR,0.0,False
653345,FREIRINA,FREIRINA,ESCUELA BASICA ALEJANDRO NOEMI HUERTA,4V,ZU.RADICALES E INDEPENDIENTES,331. CAROLINA ANDREA VILLEGAS CUELLO,IND,2.0,False
653346,FREIRINA,FREIRINA,ESCUELA BASICA ALEJANDRO NOEMI HUERTA,4V,ZU.RADICALES E INDEPENDIENTES,332. MIGUEL ANGEL RIVERA MARQUES,IND,0.0,False
653347,FREIRINA,FREIRINA,ESCUELA BASICA ALEJANDRO NOEMI HUERTA,5V,M.CHILE DIGNO VERDE Y SOBERANO,300. CLAUDIO ALFREDO LAZCANO ROJAS,PCCH,21.0,True
653348,FREIRINA,FREIRINA,ESCUELA BASICA ALEJANDRO NOEMI HUERTA,5V,M.CHILE DIGNO VERDE Y SOBERANO,301. MAURICIO DELZO SOLIZ,PCCH,1.0,False
653349,FREIRINA,FREIRINA,ESCUELA BASICA ALEJANDRO NOEMI HUERTA,5V,M.CHILE DIGNO VERDE Y SOBERANO,302. MANUEL ALCIDES CASTILLO ZAMARCA,PCCH,8.0,False
653350,FREIRINA,FREIRINA,ESCUELA BASICA ALEJANDRO NOEMI HUERTA,5V,M.CHILE DIGNO VERDE Y SOBERANO,303. MALLALENES AMERICA MORALES ORDENES,FREVS,2.0,False
653351,FREIRINA,FREIRINA,ESCUELA BASICA ALEJANDRO NOEMI HUERTA,5V,M.CHILE DIGNO VERDE Y SOBERANO,304. PEDRO EDMUNDO HIRTZ NEIRA,FREVS,2.0,False
653352,FREIRINA,FREIRINA,ESCUELA BASICA ALEJANDRO NOEMI HUERTA,5V,M.CHILE DIGNO VERDE Y SOBERANO,305. HUGO MANUEL RAMOS CORTES,FREVS,6.0,False
653353,FREIRINA,FREIRINA,ESCUELA BASICA ALEJANDRO NOEMI HUERTA,5V,XK.CHILE VAMOS RENOVACION NACIONAL - INDEPENDIENTES,306. LUIS ALEJANDRO ARAYA PAEZ,RN,0.0,False
653354,FREIRINA,FREIRINA,ESCUELA BASICA ALEJANDRO NOEMI HUERTA,5V,XK.CHILE VAMOS RENOVACION NACIONAL - INDEPENDIENTES,307. ERIKA ESTER ESPINOZA OLIVARES,RN,1.0,False
653355,FREIRINA,FREIRINA,ESCUELA BASICA ALEJANDRO NOEMI HUERTA,5V,XU.UNIDOS POR LA DIGNIDAD,308. ROXANA ANDREA IBARRA SOTO,PDC,5.0,False
653356,FREIRINA,FREIRINA,ESCUELA BASICA ALEJANDRO NOEMI HUERTA,5V,XU.UNIDOS POR LA DIGNIDAD,309. DONALD NICOLAS ESBRY RAMIREZ,PDC,13.0,True
653357,FREIRINA,FREIRINA,ESCUELA BASICA ALEJANDRO NOEMI HUERTA,5V,XU.UNIDOS POR LA DIGNIDAD,310. LEOPOLDO DE JESUS ALTAMIRANO URRUTIA,PDC,5.0,False
653358,FREIRINA,FREIRINA,ESCUELA BASICA ALEJANDRO NOEMI HUERTA,5V,XU.UNIDOS POR LA DIGNIDAD,311. YANINA MAKARENA RIVERA CARVAJAL,PDC,1.0,False
653359,FREIRINA,FREIRINA,ESCUELA BASICA ALEJANDRO NOEMI HUERTA,5V,XU.UNIDOS POR LA DIGNIDAD,312. JUAN HECTOR VEGA CASTILLO,PDC,12.0,True
653360,FREIRINA,FREIRINA,ESCUELA BASICA ALEJANDRO NOEMI HUERTA,5V,XU.UNIDOS POR LA DIGNIDAD,313. NIBALDO ANTONIO YAÑEZ REYES,IND,0.0,False
653361,FREIRINA,FREIRINA,ESCUELA BASICA ALEJANDRO NOEMI HUERTA,5V,XY.DIGNIDAD AHORA,314. LILIAN NERY VILLALOBOS VILLALOBOS,IND,3.0,False
653362,FREIRINA,FREIRINA,ESCUELA BASICA ALEJANDRO NOEMI HUERTA,5V,XY.DIGNIDAD AHORA,315. CARMEN GLORIA ALVAREZ CALLEJAS,IND,9.0,True
653363,FREIRINA,FREIRINA,ESCUELA BASICA ALEJANDRO NOEMI HUERTA,5V,XY.DIGNIDAD AHORA,316. MANUEL ENRIQUE MARCOLETA PALACIOS,IND,1.0,False
653364,FREIRINA,FREIRINA,ESCUELA BASICA ALEJANDRO NOEMI HUERTA,5V,YW.UNIDAD POR EL APRUEBO PS PPD E INDEPENDIENTES,317. JOSE MANUEL ARAYA GONZALEZ,PS,15.0,True
653365,FREIRINA,FREIRINA,ESCUELA BASICA ALEJANDRO NOEMI HUERTA,5V,YW.UNIDAD POR EL APRUEBO PS PPD E INDEPENDIENTES,318. JENNY TAMBLAY CORTES,PS,7.0,False
653366,FREIRINA,FREIRINA,ESCUELA BASICA ALEJANDRO NOEMI HUERTA,5V,YW.UNIDAD POR EL APRUEBO PS PPD E INDEPENDIENTES,319. LIBBY CRISTINA OSORIO CALLEJAS,IND,23.0,True
653367,FREIRINA,FREIRINA,ESCUELA BASICA ALEJANDRO NOEMI HUERTA,5V,YW.UNIDAD POR EL APRUEBO PS PPD E INDEPENDIENTES,320. SERGIO ALDO TABILO TORREJON,PPD,1.0,False
653368,FREIRINA,FREIRINA,ESCUELA BASICA ALEJANDRO NOEMI HUERTA,5V,YW.UNIDAD POR EL APRUEBO PS PPD E INDEPENDIENTES,321. JUAN ERNESTO VALENZUELA VALENZUELA,PPD,1.0,False
653369,FREIRINA,FREIRINA,ESCUELA BASICA ALEJANDRO NOEMI HUERTA,5V,YW.UNIDAD POR EL APRUEBO PS PPD E INDEPENDIENTES,322. ANDREA ALEJANDRA PAEZ MENDOZA,IND,0.0,False
653370,FREIRINA,FREIRINA,ESCUELA BASICA ALEJANDRO NOEMI HUERTA,5V,ZJ.CHILE VAMOS UDI - INDEPENDIENTES,323. LUIS GEOBEL FLORES BARRAZA,UDI,3.0,False
653371,FREIRINA,FREIRINA,ESCUELA BASICA ALEJANDRO NOEMI HUERTA,5V,ZJ.CHILE VAMOS UDI - INDEPENDIENTES,324. FLORA INES SIMUNOVIC ZULETA,UDI,3.0,False
653372,FREIRINA,FREIRINA,ESCUELA BASICA ALEJANDRO NOEMI HUERTA,5V,ZJ.CHILE VAMOS UDI - INDEPENDIENTES,325. ROSA GENOVEVA FUENTES VERA,UDI,0.0,False
653373,FREIRINA,FREIRINA,ESCUELA BASICA ALEJANDRO NOEMI HUERTA,5V,ZJ.CHILE VAMOS UDI - INDEPENDIENTES,326. DANTON ROBINSON GODOY CISTERNAS,UDI,3.0,False
653374,FREIRINA,FREIRINA,ESCUELA BASICA ALEJANDRO NOEMI HUERTA,5V,ZJ.CHILE VAMOS UDI - INDEPENDIENTES,327. HANS ANDRES RIARTE DUBO,UDI,2.0,False
653375,FREIRINA,FREIRINA,ESCUELA BASICA ALEJANDRO NOEMI HUERTA,5V,ZJ.CHILE VAMOS UDI - INDEPENDIENTES,328. JOSE LUIS ALVARADO AVALOS,IND,2.0,False
653376,FREIRINA,FREIRINA,ESCUELA BASICA ALEJANDRO NOEMI HUERTA,5V,ZU.RADICALES E INDEPENDIENTES,329. FERNANDO ALBERTO RUHL PEREZ,PR,14.0,False
653377,FREIRINA,FREIRINA,ESCUELA BASICA ALEJANDRO NOEMI HUERTA,5V,ZU.RADICALES E INDEPENDIENTES,330. MARCELO ISMAEL RUIZ TAGLE ESCOBAR,PR,1.0,False
653378,FREIRINA,FREIRINA,ESCUELA BASICA ALEJANDRO NOEMI HUERTA,5V,ZU.RADICALES E INDEPENDIENTES,331. CAROLINA ANDREA VILLEGAS CUELLO,IND,1.0,False
653379,FREIRINA,FREIRINA,ESCUELA BASICA ALEJANDRO NOEMI HUERTA,5V,ZU.RADICALES E INDEPENDIENTES,332. MIGUEL ANGEL RIVERA MARQUES,IND,0.0,False
653380,FREIRINA,FREIRINA,ESCUELA BASICA ALEJANDRO NOEMI HUERTA,6V,M.CHILE DIGNO VERDE Y SOBERANO,300. CLAUDIO ALFREDO LAZCANO ROJAS,PCCH,4.0,True
653381,FREIRINA,FREIRINA,ESCUELA BASICA ALEJANDRO NOEMI HUERTA,6V,M.CHILE DIGNO VERDE Y SOBERANO,301. MAURICIO DELZO SOLIZ,PCCH,4.0,False
653382,FREIRINA,FREIRINA,ESCUELA BASICA ALEJANDRO NOEMI HUERTA,6V,M.CHILE DIGNO VERDE Y SOBERANO,302. MANUEL ALCIDES CASTILLO ZAMARCA,PCCH,3.0,False
653383,FREIRINA,FREIRINA,ESCUELA BASICA ALEJANDRO NOEMI HUERTA,6V,M.CHILE DIGNO VERDE Y SOBERANO,303. MALLALENES AMERICA MORALES ORDENES,FREVS,6.0,False
653384,FREIRINA,FREIRINA,ESCUELA BASICA ALEJANDRO NOEMI HUERTA,6V,M.CHILE DIGNO VERDE Y SOBERANO,304. PEDRO EDMUNDO HIRTZ NEIRA,FREVS,9.0,False
653385,FREIRINA,FREIRINA,ESCUELA BASICA ALEJANDRO NOEMI HUERTA,6V,M.CHILE DIGNO VERDE Y SOBERANO,305. HUGO MANUEL RAMOS CORTES,FREVS,4.0,False
653386,FREIRINA,FREIRINA,ESCUELA BASICA ALEJANDRO NOEMI HUERTA,6V,XK.CHILE VAMOS RENOVACION NACIONAL - INDEPENDIENTES,306. LUIS ALEJANDRO ARAYA PAEZ,RN,7.0,False
653387,FREIRINA,FREIRINA,ESCUELA BASICA ALEJANDRO NOEMI HUERTA,6V,XK.CHILE VAMOS RENOVACION NACIONAL - INDEPENDIENTES,307. ERIKA ESTER ESPINOZA OLIVARES,RN,2.0,False
653388,FREIRINA,FREIRINA,ESCUELA BASICA ALEJANDRO NOEMI HUERTA,6V,XU.UNIDOS POR LA DIGNIDAD,308. ROXANA ANDREA IBARRA SOTO,PDC,6.0,False
653389,FREIRINA,FREIRINA,ESCUELA BASICA ALEJANDRO NOEMI HUERTA,6V,XU.UNIDOS POR LA DIGNIDAD,309. DONALD NICOLAS ESBRY RAMIREZ,PDC,17.0,True
653390,FREIRINA,FREIRINA,ESCUELA BASICA ALEJANDRO NOEMI HUERTA,6V,XU.UNIDOS POR LA DIGNIDAD,310. LEOPOLDO DE JESUS ALTAMIRANO URRUTIA,PDC,8.0,False
653391,FREIRINA,FREIRINA,ESCUELA BASICA ALEJANDRO NOEMI HUERTA,6V,XU.UNIDOS POR LA DIGNIDAD,311. YANINA MAKARENA RIVERA CARVAJAL,PDC,1.0,False
653392,FREIRINA,FREIRINA,ESCUELA BASICA ALEJANDRO NOEMI HUERTA,6V,XU.UNIDOS POR LA DIGNIDAD,312. JUAN HECTOR VEGA CASTILLO,PDC,15.0,True
653393,FREIRINA,FREIRINA,ESCUELA BASICA ALEJANDRO NOEMI HUERTA,6V,XU.UNIDOS POR LA DIGNIDAD,313. NIBALDO ANTONIO YAÑEZ REYES,IND,2.0,False
653394,FREIRINA,FREIRINA,ESCUELA BASICA ALEJANDRO NOEMI HUERTA,6V,XY.DIGNIDAD AHORA,314. LILIAN NERY VILLALOBOS VILLALOBOS,IND,4.0,False
653395,FREIRINA,FREIRINA,ESCUELA BASICA ALEJANDRO NOEMI HUERTA,6V,XY.DIGNIDAD AHORA,315. CARMEN GLORIA ALVAREZ CALLEJAS,IND,20.0,True
653396,FREIRINA,FREIRINA,ESCUELA BASICA ALEJANDRO NOEMI HUERTA,6V,XY.DIGNIDAD AHORA,316. MANUEL ENRIQUE MARCOLETA PALACIOS,IND,3.0,False
653397,FREIRINA,FREIRINA,ESCUELA BASICA ALEJANDRO NOEMI HUERTA,6V,YW.UNIDAD POR EL APRUEBO PS PPD E INDEPENDIENTES,317. JOSE MANUEL ARAYA GONZALEZ,PS,13.0,True
653398,FREIRINA,FREIRINA,ESCUELA BASICA ALEJANDRO NOEMI HUERTA,6V,YW.UNIDAD POR EL APRUEBO PS PPD E INDEPENDIENTES,318. JENNY TAMBLAY CORTES,PS,4.0,False
653399,FREIRINA,FREIRINA,ESCUELA BASICA ALEJANDRO NOEMI HUERTA,6V,YW.UNIDAD POR EL APRUEBO PS PPD E INDEPENDIENTES,319. LIBBY CRISTINA OSORIO CALLEJAS,IND,18.0,True
653400,FREIRINA,FREIRINA,ESCUELA BASICA ALEJANDRO NOEMI HUERTA,6V,YW.UNIDAD POR EL APRUEBO PS PPD E INDEPENDIENTES,320. SERGIO ALDO TABILO TORREJON,PPD,1.0,False
653401,FREIRINA,FREIRINA,ESCUELA BASICA ALEJANDRO NOEMI HUERTA,6V,YW.UNIDAD POR EL APRUEBO PS PPD E INDEPENDIENTES,321. JUAN ERNESTO VALENZUELA VALENZUELA,PPD,1.0,False
653402,FREIRINA,FREIRINA,ESCUELA BASICA ALEJANDRO NOEMI HUERTA,6V,YW.UNIDAD POR EL APRUEBO PS PPD E INDEPENDIENTES,322. ANDREA ALEJANDRA PAEZ MENDOZA,IND,1.0,False
653403,FREIRINA,FREIRINA,ESCUELA BASICA ALEJANDRO NOEMI HUERTA,6V,ZJ.CHILE VAMOS UDI - INDEPENDIENTES,323. LUIS GEOBEL FLORES BARRAZA,UDI,5.0,False
653404,FREIRINA,FREIRINA,ESCUELA BASICA ALEJANDRO NOEMI HUERTA,6V,ZJ.CHILE VAMOS UDI - INDEPENDIENTES,324. FLORA INES SIMUNOVIC ZULETA,UDI,3.0,False
653405,FREIRINA,FREIRINA,ESCUELA BASICA ALEJANDRO NOEMI HUERTA,6V,ZJ.CHILE VAMOS UDI - INDEPENDIENTES,325. ROSA GENOVEVA FUENTES VERA,UDI,0.0,False
653406,FREIRINA,FREIRINA,ESCUELA BASICA ALEJANDRO NOEMI HUERTA,6V,ZJ.CHILE VAMOS UDI - INDEPENDIENTES,326. DANTON ROBINSON GODOY CISTERNAS,UDI,0.0,False
653407,FREIRINA,FREIRINA,ESCUELA BASICA ALEJANDRO NOEMI HUERTA,6V,ZJ.CHILE VAMOS UDI - INDEPENDIENTES,327. HANS ANDRES RIARTE DUBO,UDI,3.0,False
653408,FREIRINA,FREIRINA,ESCUELA BASICA ALEJANDRO NOEMI HUERTA,6V,ZJ.CHILE VAMOS UDI - INDEPENDIENTES,328. JOSE LUIS ALVARADO AVALOS,IND,4.0,False
653409,FREIRINA,FREIRINA,ESCUELA BASICA ALEJANDRO NOEMI HUERTA,6V,ZU.RADICALES E INDEPENDIENTES,329. FERNANDO ALBERTO RUHL PEREZ,PR,10.0,False
653410,FREIRINA,FREIRINA,ESCUELA BASICA ALEJANDRO NOEMI HUERTA,6V,ZU.RADICALES E INDEPENDIENTES,330. MARCELO ISMAEL RUIZ TAGLE ESCOBAR,PR,0.0,False
653411,FREIRINA,FREIRINA,ESCUELA BASICA ALEJANDRO NOEMI HUERTA,6V,ZU.RADICALES E INDEPENDIENTES,331. CAROLINA ANDREA VILLEGAS CUELLO,IND,2.0,False
653412,FREIRINA,FREIRINA,ESCUELA BASICA ALEJANDRO NOEMI HUERTA,6V,ZU.RADICALES E INDEPENDIENTES,332. MIGUEL ANGEL RIVERA MARQUES,IND,0.0,False
653413,FREIRINA,FREIRINA,ESCUELA BASICA ALEJANDRO NOEMI HUERTA,7V,M.CHILE DIGNO VERDE Y SOBERANO,300. CLAUDIO ALFREDO LAZCANO ROJAS,PCCH,12.0,True
653414,FREIRINA,FREIRINA,ESCUELA BASICA ALEJANDRO NOEMI HUERTA,7V,M.CHILE DIGNO VERDE Y SOBERANO,301. MAURICIO DELZO SOLIZ,PCCH,2.0,False
653415,FREIRINA,FREIRINA,ESCUELA BASICA ALEJANDRO NOEMI HUERTA,7V,M.CHILE DIGNO VERDE Y SOBERANO,302. MANUEL ALCIDES CASTILLO ZAMARCA,PCCH,10.0,False
653416,FREIRINA,FREIRINA,ESCUELA BASICA ALEJANDRO NOEMI HUERTA,7V,M.CHILE DIGNO VERDE Y SOBERANO,303. MALLALENES AMERICA MORALES ORDENES,FREVS,1.0,False
653417,FREIRINA,FREIRINA,ESCUELA BASICA ALEJANDRO NOEMI HUERTA,7V,M.CHILE DIGNO VERDE Y SOBERANO,304. PEDRO EDMUNDO HIRTZ NEIRA,FREVS,6.0,False
653418,FREIRINA,FREIRINA,ESCUELA BASICA ALEJANDRO NOEMI HUERTA,7V,M.CHILE DIGNO VERDE Y SOBERANO,305. HUGO MANUEL RAMOS CORTES,FREVS,5.0,False
653419,FREIRINA,FREIRINA,ESCUELA BASICA ALEJANDRO NOEMI HUERTA,7V,XK.CHILE VAMOS RENOVACION NACIONAL - INDEPENDIENTES,306. LUIS ALEJANDRO ARAYA PAEZ,RN,9.0,False
653420,FREIRINA,FREIRINA,ESCUELA BASICA ALEJANDRO NOEMI HUERTA,7V,XK.CHILE VAMOS RENOVACION NACIONAL - INDEPENDIENTES,307. ERIKA ESTER ESPINOZA OLIVARES,RN,4.0,False
653421,FREIRINA,FREIRINA,ESCUELA BASICA ALEJANDRO NOEMI HUERTA,7V,XU.UNIDOS POR LA DIGNIDAD,308. ROXANA ANDREA IBARRA SOTO,PDC,7.0,False
653422,FREIRINA,FREIRINA,ESCUELA BASICA ALEJANDRO NOEMI HUERTA,7V,XU.UNIDOS POR LA DIGNIDAD,309. DONALD NICOLAS ESBRY RAMIREZ,PDC,16.0,True
653423,FREIRINA,FREIRINA,ESCUELA BASICA ALEJANDRO NOEMI HUERTA,7V,XU.UNIDOS POR LA DIGNIDAD,310. LEOPOLDO DE JESUS ALTAMIRANO URRUTIA,PDC,5.0,False
653424,FREIRINA,FREIRINA,ESCUELA BASICA ALEJANDRO NOEMI HUERTA,7V,XU.UNIDOS POR LA DIGNIDAD,311. YANINA MAKARENA RIVERA CARVAJAL,PDC,0.0,False
653425,FREIRINA,FREIRINA,ESCUELA BASICA ALEJANDRO NOEMI HUERTA,7V,XU.UNIDOS POR LA DIGNIDAD,312. JUAN HECTOR VEGA CASTILLO,PDC,6.0,True
653426,FREIRINA,FREIRINA,ESCUELA BASICA ALEJANDRO NOEMI HUERTA,7V,XU.UNIDOS POR LA DIGNIDAD,313. NIBALDO ANTONIO YAÑEZ REYES,IND,2.0,False
653427,FREIRINA,FREIRINA,ESCUELA BASICA ALEJANDRO NOEMI HUERTA,7V,XY.DIGNIDAD AHORA,314. LILIAN NERY VILLALOBOS VILLALOBOS,IND,6.0,False
653428,FREIRINA,FREIRINA,ESCUELA BASICA ALEJANDRO NOEMI HUERTA,7V,XY.DIGNIDAD AHORA,315. CARMEN GLORIA ALVAREZ CALLEJAS,IND,16.0,True
653429,FREIRINA,FREIRINA,ESCUELA BASICA ALEJANDRO NOEMI HUERTA,7V,XY.DIGNIDAD AHORA,316. MANUEL ENRIQUE MARCOLETA PALACIOS,IND,2.0,False
653430,FREIRINA,FREIRINA,ESCUELA BASICA ALEJANDRO NOEMI HUERTA,7V,YW.UNIDAD POR EL APRUEBO PS PPD E INDEPENDIENTES,317. JOSE MANUEL ARAYA GONZALEZ,PS,11.0,True
653431,FREIRINA,FREIRINA,ESCUELA BASICA ALEJANDRO NOEMI HUERTA,7V,YW.UNIDAD POR EL APRUEBO PS PPD E INDEPENDIENTES,318. JENNY TAMBLAY CORTES,PS,6.0,False
653432,FREIRINA,FREIRINA,ESCUELA BASICA ALEJANDRO NOEMI HUERTA,7V,YW.UNIDAD POR EL APRUEBO PS PPD E INDEPENDIENTES,319. LIBBY CRISTINA OSORIO CALLEJAS,IND,15.0,True
653433,FREIRINA,FREIRINA,ESCUELA BASICA ALEJANDRO NOEMI HUERTA,7V,YW.UNIDAD POR EL APRUEBO PS PPD E INDEPENDIENTES,320. SERGIO ALDO TABILO TORREJON,PPD,1.0,False
653434,FREIRINA,FREIRINA,ESCUELA BASICA ALEJANDRO NOEMI HUERTA,7V,YW.UNIDAD POR EL APRUEBO PS PPD E INDEPENDIENTES,321. JUAN ERNESTO VALENZUELA VALENZUELA,PPD,2.0,False
653435,FREIRINA,FREIRINA,ESCUELA BASICA ALEJANDRO NOEMI HUERTA,7V,YW.UNIDAD POR EL APRUEBO PS PPD E INDEPENDIENTES,322. ANDREA ALEJANDRA PAEZ MENDOZA,IND,0.0,False
653436,FREIRINA,FREIRINA,ESCUELA BASICA ALEJANDRO NOEMI HUERTA,7V,ZJ.CHILE VAMOS UDI - INDEPENDIENTES,323. LUIS GEOBEL FLORES BARRAZA,UDI,6.0,False
653437,FREIRINA,FREIRINA,ESCUELA BASICA ALEJANDRO NOEMI HUERTA,7V,ZJ.CHILE VAMOS UDI - INDEPENDIENTES,324. FLORA INES SIMUNOVIC ZULETA,UDI,3.0,False
653438,FREIRINA,FREIRINA,ESCUELA BASICA ALEJANDRO NOEMI HUERTA,7V,ZJ.CHILE VAMOS UDI - INDEPENDIENTES,325. ROSA GENOVEVA FUENTES VERA,UDI,2.0,False
653439,FREIRINA,FREIRINA,ESCUELA BASICA ALEJANDRO NOEMI HUERTA,7V,ZJ.CHILE VAMOS UDI - INDEPENDIENTES,326. DANTON ROBINSON GODOY CISTERNAS,UDI,4.0,False
653440,FREIRINA,FREIRINA,ESCUELA BASICA ALEJANDRO NOEMI HUERTA,7V,ZJ.CHILE VAMOS UDI - INDEPENDIENTES,327. HANS ANDRES RIARTE DUBO,UDI,2.0,False
653441,FREIRINA,FREIRINA,ESCUELA BASICA ALEJANDRO NOEMI HUERTA,7V,ZJ.CHILE VAMOS UDI - INDEPENDIENTES,328. JOSE LUIS ALVARADO AVALOS,IND,2.0,False
653442,FREIRINA,FREIRINA,ESCUELA BASICA ALEJANDRO NOEMI HUERTA,7V,ZU.RADICALES E INDEPENDIENTES,329. FERNANDO ALBERTO RUHL PEREZ,PR,14.0,False
653443,FREIRINA,FREIRINA,ESCUELA BASICA ALEJANDRO NOEMI HUERTA,7V,ZU.RADICALES E INDEPENDIENTES,330. MARCELO ISMAEL RUIZ TAGLE ESCOBAR,PR,0.0,False
653444,FREIRINA,FREIRINA,ESCUELA BASICA ALEJANDRO NOEMI HUERTA,7V,ZU.RADICALES E INDEPENDIENTES,331. CAROLINA ANDREA VILLEGAS CUELLO,IND,1.0,False
653445,FREIRINA,FREIRINA,ESCUELA BASICA ALEJANDRO NOEMI HUERTA,7V,ZU.RADICALES E INDEPENDIENTES,332. MIGUEL ANGEL RIVERA MARQUES,IND,1.0,False
653446,FREIRINA,FREIRINA,ESCUELA BASICA ALEJANDRO NOEMI HUERTA,8V,M.CHILE DIGNO VERDE Y SOBERANO,300. CLAUDIO ALFREDO LAZCANO ROJAS,PCCH,10.0,True
653447,FREIRINA,FREIRINA,ESCUELA BASICA ALEJANDRO NOEMI HUERTA,8V,M.CHILE DIGNO VERDE Y SOBERANO,301. MAURICIO DELZO SOLIZ,PCCH,2.0,False
653448,FREIRINA,FREIRINA,ESCUELA BASICA ALEJANDRO NOEMI HUERTA,8V,M.CHILE DIGNO VERDE Y SOBERANO,302. MANUEL ALCIDES CASTILLO ZAMARCA,PCCH,5.0,False
653449,FREIRINA,FREIRINA,ESCUELA BASICA ALEJANDRO NOEMI HUERTA,8V,M.CHILE DIGNO VERDE Y SOBERANO,303. MALLALENES AMERICA MORALES ORDENES,FREVS,4.0,False
653450,FREIRINA,FREIRINA,ESCUELA BASICA ALEJANDRO NOEMI HUERTA,8V,M.CHILE DIGNO VERDE Y SOBERANO,304. PEDRO EDMUNDO HIRTZ NEIRA,FREVS,10.0,False
653451,FREIRINA,FREIRINA,ESCUELA BASICA ALEJANDRO NOEMI HUERTA,8V,M.CHILE DIGNO VERDE Y SOBERANO,305. HUGO MANUEL RAMOS CORTES,FREVS,5.0,False
653452,FREIRINA,FREIRINA,ESCUELA BASICA ALEJANDRO NOEMI HUERTA,8V,XK.CHILE VAMOS RENOVACION NACIONAL - INDEPENDIENTES,306. LUIS ALEJANDRO ARAYA PAEZ,RN,11.0,False
653453,FREIRINA,FREIRINA,ESCUELA BASICA ALEJANDRO NOEMI HUERTA,8V,XK.CHILE VAMOS RENOVACION NACIONAL - INDEPENDIENTES,307. ERIKA ESTER ESPINOZA OLIVARES,RN,1.0,False
653454,FREIRINA,FREIRINA,ESCUELA BASICA ALEJANDRO NOEMI HUERTA,8V,XU.UNIDOS POR LA DIGNIDAD,308. ROXANA ANDREA IBARRA SOTO,PDC,3.0,False
653455,FREIRINA,FREIRINA,ESCUELA BASICA ALEJANDRO NOEMI HUERTA,8V,XU.UNIDOS POR LA DIGNIDAD,309. DONALD NICOLAS ESBRY RAMIREZ,PDC,9.0,True
653456,FREIRINA,FREIRINA,ESCUELA BASICA ALEJANDRO NOEMI HUERTA,8V,XU.UNIDOS POR LA DIGNIDAD,310. LEOPOLDO DE JESUS ALTAMIRANO URRUTIA,PDC,3.0,False
653457,FREIRINA,FREIRINA,ESCUELA BASICA ALEJANDRO NOEMI HUERTA,8V,XU.UNIDOS POR LA DIGNIDAD,311. YANINA MAKARENA RIVERA CARVAJAL,PDC,1.0,False
653458,FREIRINA,FREIRINA,ESCUELA BASICA ALEJANDRO NOEMI HUERTA,8V,XU.UNIDOS POR LA DIGNIDAD,312. JUAN HECTOR VEGA CASTILLO,PDC,11.0,True
653459,FREIRINA,FREIRINA,ESCUELA BASICA ALEJANDRO NOEMI HUERTA,8V,XU.UNIDOS POR LA DIGNIDAD,313. NIBALDO ANTONIO YAÑEZ REYES,IND,1.0,False
653460,FREIRINA,FREIRINA,ESCUELA BASICA ALEJANDRO NOEMI HUERTA,8V,XY.DIGNIDAD AHORA,314. LILIAN NERY VILLALOBOS VILLALOBOS,IND,5.0,False
653461,FREIRINA,FREIRINA,ESCUELA BASICA ALEJANDRO NOEMI HUERTA,8V,XY.DIGNIDAD AHORA,315. CARMEN GLORIA ALVAREZ CALLEJAS,IND,26.0,True
653462,FREIRINA,FREIRINA,ESCUELA BASICA ALEJANDRO NOEMI HUERTA,8V,XY.DIGNIDAD AHORA,316. MANUEL ENRIQUE MARCOLETA PALACIOS,IND,3.0,False
653463,FREIRINA,FREIRINA,ESCUELA BASICA ALEJANDRO NOEMI HUERTA,8V,YW.UNIDAD POR EL APRUEBO PS PPD E INDEPENDIENTES,317. JOSE MANUEL ARAYA GONZALEZ,PS,7.0,True
653464,FREIRINA,FREIRINA,ESCUELA BASICA ALEJANDRO NOEMI HUERTA,8V,YW.UNIDAD POR EL APRUEBO PS PPD E INDEPENDIENTES,318. JENNY TAMBLAY CORTES,PS,2.0,False
653465,FREIRINA,FREIRINA,ESCUELA BASICA ALEJANDRO NOEMI HUERTA,8V,YW.UNIDAD POR EL APRUEBO PS PPD E INDEPENDIENTES,319. LIBBY CRISTINA OSORIO CALLEJAS,IND,6.0,True
653466,FREIRINA,FREIRINA,ESCUELA BASICA ALEJANDRO NOEMI HUERTA,8V,YW.UNIDAD POR EL APRUEBO PS PPD E INDEPENDIENTES,320. SERGIO ALDO TABILO TORREJON,PPD,1.0,False
653467,FREIRINA,FREIRINA,ESCUELA BASICA ALEJANDRO NOEMI HUERTA,8V,YW.UNIDAD POR EL APRUEBO PS PPD E INDEPENDIENTES,321. JUAN ERNESTO VALENZUELA VALENZUELA,PPD,0.0,False
653468,FREIRINA,FREIRINA,ESCUELA BASICA ALEJANDRO NOEMI HUERTA,8V,YW.UNIDAD POR EL APRUEBO PS PPD E INDEPENDIENTES,322. ANDREA ALEJANDRA PAEZ MENDOZA,IND,3.0,False
653469,FREIRINA,FREIRINA,ESCUELA BASICA ALEJANDRO NOEMI HUERTA,8V,ZJ.CHILE VAMOS UDI - INDEPENDIENTES,323. LUIS GEOBEL FLORES BARRAZA,UDI,8.0,False
653470,FREIRINA,FREIRINA,ESCUELA BASICA ALEJANDRO NOEMI HUERTA,8V,ZJ.CHILE VAMOS UDI - INDEPENDIENTES,324. FLORA INES SIMUNOVIC ZULETA,UDI,3.0,False
653471,FREIRINA,FREIRINA,ESCUELA BASICA ALEJANDRO NOEMI HUERTA,8V,ZJ.CHILE VAMOS UDI - INDEPENDIENTES,325. ROSA GENOVEVA FUENTES VERA,UDI,1.0,False
653472,FREIRINA,FREIRINA,ESCUELA BASICA ALEJANDRO NOEMI HUERTA,8V,ZJ.CHILE VAMOS UDI - INDEPENDIENTES,326. DANTON ROBINSON GODOY CISTERNAS,UDI,2.0,False
653473,FREIRINA,FREIRINA,ESCUELA BASICA ALEJANDRO NOEMI HUERTA,8V,ZJ.CHILE VAMOS UDI - INDEPENDIENTES,327. HANS ANDRES RIARTE DUBO,UDI,1.0,False
653474,FREIRINA,FREIRINA,ESCUELA BASICA ALEJANDRO NOEMI HUERTA,8V,ZJ.CHILE VAMOS UDI - INDEPENDIENTES,328. JOSE LUIS ALVARADO AVALOS,IND,2.0,False
653475,FREIRINA,FREIRINA,ESCUELA BASICA ALEJANDRO NOEMI HUERTA,8V,ZU.RADICALES E INDEPENDIENTES,329. FERNANDO ALBERTO RUHL PEREZ,PR,19.0,False
653476,FREIRINA,FREIRINA,ESCUELA BASICA ALEJANDRO NOEMI HUERTA,8V,ZU.RADICALES E INDEPENDIENTES,330. MARCELO ISMAEL RUIZ TAGLE ESCOBAR,PR,0.0,False
653477,FREIRINA,FREIRINA,ESCUELA BASICA ALEJANDRO NOEMI HUERTA,8V,ZU.RADICALES E INDEPENDIENTES,331. CAROLINA ANDREA VILLEGAS CUELLO,IND,1.0,False
653478,FREIRINA,FREIRINA,ESCUELA BASICA ALEJANDRO NOEMI HUERTA,8V,ZU.RADICALES E INDEPENDIENTES,332. MIGUEL ANGEL RIVERA MARQUES,IND,0.0,False
653479,FREIRINA,FREIRINA,ESCUELA BASICA ALEJANDRO NOEMI HUERTA,9V,M.CHILE DIGNO VERDE Y SOBERANO,300. CLAUDIO ALFREDO LAZCANO ROJAS,PCCH,19.0,True
653480,FREIRINA,FREIRINA,ESCUELA BASICA ALEJANDRO NOEMI HUERTA,9V,M.CHILE DIGNO VERDE Y SOBERANO,301. MAURICIO DELZO SOLIZ,PCCH,1.0,False
653481,FREIRINA,FREIRINA,ESCUELA BASICA ALEJANDRO NOEMI HUERTA,9V,M.CHILE DIGNO VERDE Y SOBERANO,302. MANUEL ALCIDES CASTILLO ZAMARCA,PCCH,4.0,False
653482,FREIRINA,FREIRINA,ESCUELA BASICA ALEJANDRO NOEMI HUERTA,9V,M.CHILE DIGNO VERDE Y SOBERANO,303. MALLALENES AMERICA MORALES ORDENES,FREVS,1.0,False
653483,FREIRINA,FREIRINA,ESCUELA BASICA ALEJANDRO NOEMI HUERTA,9V,M.CHILE DIGNO VERDE Y SOBERANO,304. PEDRO EDMUNDO HIRTZ NEIRA,FREVS,5.0,False
653484,FREIRINA,FREIRINA,ESCUELA BASICA ALEJANDRO NOEMI HUERTA,9V,M.CHILE DIGNO VERDE Y SOBERANO,305. HUGO MANUEL RAMOS CORTES,FREVS,0.0,False
653485,FREIRINA,FREIRINA,ESCUELA BASICA ALEJANDRO NOEMI HUERTA,9V,XK.CHILE VAMOS RENOVACION NACIONAL - INDEPENDIENTES,306. LUIS ALEJANDRO ARAYA PAEZ,RN,2.0,False
653486,FREIRINA,FREIRINA,ESCUELA BASICA ALEJANDRO NOEMI HUERTA,9V,XK.CHILE VAMOS RENOVACION NACIONAL - INDEPENDIENTES,307. ERIKA ESTER ESPINOZA OLIVARES,RN,3.0,False
653487,FREIRINA,FREIRINA,ESCUELA BASICA ALEJANDRO NOEMI HUERTA,9V,XU.UNIDOS POR LA DIGNIDAD,308. ROXANA ANDREA IBARRA SOTO,PDC,2.0,False
653488,FREIRINA,FREIRINA,ESCUELA BASICA ALEJANDRO NOEMI HUERTA,9V,XU.UNIDOS POR LA DIGNIDAD,309. DONALD NICOLAS ESBRY RAMIREZ,PDC,11.0,True
653489,FREIRINA,FREIRINA,ESCUELA BASICA ALEJANDRO NOEMI HUERTA,9V,XU.UNIDOS POR LA DIGNIDAD,310. LEOPOLDO DE JESUS ALTAMIRANO URRUTIA,PDC,1.0,False
653490,FREIRINA,FREIRINA,ESCUELA BASICA ALEJANDRO NOEMI HUERTA,9V,XU.UNIDOS POR LA DIGNIDAD,311. YANINA MAKARENA RIVERA CARVAJAL,PDC,1.0,False
653491,FREIRINA,FREIRINA,ESCUELA BASICA ALEJANDRO NOEMI HUERTA,9V,XU.UNIDOS POR LA DIGNIDAD,312. JUAN HECTOR VEGA CASTILLO,PDC,6.0,True
653492,FREIRINA,FREIRINA,ESCUELA BASICA ALEJANDRO NOEMI HUERTA,9V,XU.UNIDOS POR LA DIGNIDAD,313. NIBALDO ANTONIO YAÑEZ REYES,IND,2.0,False
653493,FREIRINA,FREIRINA,ESCUELA BASICA ALEJANDRO NOEMI HUERTA,9V,XY.DIGNIDAD AHORA,314. LILIAN NERY VILLALOBOS VILLALOBOS,IND,3.0,False
653494,FREIRINA,FREIRINA,ESCUELA BASICA ALEJANDRO NOEMI HUERTA,9V,XY.DIGNIDAD AHORA,315. CARMEN GLORIA ALVAREZ CALLEJAS,IND,19.0,True
653495,FREIRINA,FREIRINA,ESCUELA BASICA ALEJANDRO NOEMI HUERTA,9V,XY.DIGNIDAD AHORA,316. MANUEL ENRIQUE MARCOLETA PALACIOS,IND,6.0,False
653496,FREIRINA,FREIRINA,ESCUELA BASICA ALEJANDRO NOEMI HUERTA,9V,YW.UNIDAD POR EL APRUEBO PS PPD E INDEPENDIENTES,317. JOSE MANUEL ARAYA GONZALEZ,PS,9.0,True
653497,FREIRINA,FREIRINA,ESCUELA BASICA ALEJANDRO NOEMI HUERTA,9V,YW.UNIDAD POR EL APRUEBO PS PPD E INDEPENDIENTES,318. JENNY TAMBLAY CORTES,PS,11.0,False
653498,FREIRINA,FREIRINA,ESCUELA BASICA ALEJANDRO NOEMI HUERTA,9V,YW.UNIDAD POR EL APRUEBO PS PPD E INDEPENDIENTES,319. LIBBY CRISTINA OSORIO CALLEJAS,IND,17.0,True
653499,FREIRINA,FREIRINA,ESCUELA BASICA ALEJANDRO NOEMI HUERTA,9V,YW.UNIDAD POR EL APRUEBO PS PPD E INDEPENDIENTES,320. SERGIO ALDO TABILO TORREJON,PPD,1.0,False
653500,FREIRINA,FREIRINA,ESCUELA BASICA ALEJANDRO NOEMI HUERTA,9V,YW.UNIDAD POR EL APRUEBO PS PPD E INDEPENDIENTES,321. JUAN ERNESTO VALENZUELA VALENZUELA,PPD,1.0,False
653501,FREIRINA,FREIRINA,ESCUELA BASICA ALEJANDRO NOEMI HUERTA,9V,YW.UNIDAD POR EL APRUEBO PS PPD E INDEPENDIENTES,322. ANDREA ALEJANDRA PAEZ MENDOZA,IND,1.0,False
653502,FREIRINA,FREIRINA,ESCUELA BASICA ALEJANDRO NOEMI HUERTA,9V,ZJ.CHILE VAMOS UDI - INDEPENDIENTES,323. LUIS GEOBEL FLORES BARRAZA,UDI,4.0,False
653503,FREIRINA,FREIRINA,ESCUELA BASICA ALEJANDRO NOEMI HUERTA,9V,ZJ.CHILE VAMOS UDI - INDEPENDIENTES,324. FLORA INES SIMUNOVIC ZULETA,UDI,2.0,False
653504,FREIRINA,FREIRINA,ESCUELA BASICA ALEJANDRO NOEMI HUERTA,9V,ZJ.CHILE VAMOS UDI - INDEPENDIENTES,325. ROSA GENOVEVA FUENTES VERA,UDI,1.0,False
653505,FREIRINA,FREIRINA,ESCUELA BASICA ALEJANDRO NOEMI HUERTA,9V,ZJ.CHILE VAMOS UDI - INDEPENDIENTES,326. DANTON ROBINSON GODOY CISTERNAS,UDI,2.0,False
653506,FREIRINA,FREIRINA,ESCUELA BASICA ALEJANDRO NOEMI HUERTA,9V,ZJ.CHILE VAMOS UDI - INDEPENDIENTES,327. HANS ANDRES RIARTE DUBO,UDI,2.0,False
653507,FREIRINA,FREIRINA,ESCUELA BASICA ALEJANDRO NOEMI HUERTA,9V,ZJ.CHILE VAMOS UDI - INDEPENDIENTES,328. JOSE LUIS ALVARADO AVALOS,IND,2.0,False
653508,FREIRINA,FREIRINA,ESCUELA BASICA ALEJANDRO NOEMI HUERTA,9V,ZU.RADICALES E INDEPENDIENTES,329. FERNANDO ALBERTO RUHL PEREZ,PR,10.0,False
653509,FREIRINA,FREIRINA,ESCUELA BASICA ALEJANDRO NOEMI HUERTA,9V,ZU.RADICALES E INDEPENDIENTES,330. MARCELO ISMAEL RUIZ TAGLE ESCOBAR,PR,0.0,False
653510,FREIRINA,FREIRINA,ESCUELA BASICA ALEJANDRO NOEMI HUERTA,9V,ZU.RADICALES E INDEPENDIENTES,331. CAROLINA ANDREA VILLEGAS CUELLO,IND,2.0,False
653511,FREIRINA,FREIRINA,ESCUELA BASICA ALEJANDRO NOEMI HUERTA,9V,ZU.RADICALES E INDEPENDIENTES,332. MIGUEL ANGEL RIVERA MARQUES,IND,6.0,False
653512,FREIRINA,FREIRINA,ESCUELA BASICA ALEJANDRO NOEMI HUERTA,10,M.CHILE DIGNO VERDE Y SOBERANO,300. CLAUDIO ALFREDO LAZCANO ROJAS,PCCH,8.0,True
653513,FREIRINA,FREIRINA,ESCUELA BASICA ALEJANDRO NOEMI HUERTA,10,M.CHILE DIGNO VERDE Y SOBERANO,301. MAURICIO DELZO SOLIZ,PCCH,0.0,False
653514,FREIRINA,FREIRINA,ESCUELA BASICA ALEJANDRO NOEMI HUERTA,10,M.CHILE DIGNO VERDE Y SOBERANO,302. MANUEL ALCIDES CASTILLO ZAMARCA,PCCH,1.0,False
653515,FREIRINA,FREIRINA,ESCUELA BASICA ALEJANDRO NOEMI HUERTA,10,M.CHILE DIGNO VERDE Y SOBERANO,303. MALLALENES AMERICA MORALES ORDENES,FREVS,2.0,False
653516,FREIRINA,FREIRINA,ESCUELA BASICA ALEJANDRO NOEMI HUERTA,10,M.CHILE DIGNO VERDE Y SOBERANO,304. PEDRO EDMUNDO HIRTZ NEIRA,FREVS,2.0,False
653517,FREIRINA,FREIRINA,ESCUELA BASICA ALEJANDRO NOEMI HUERTA,10,M.CHILE DIGNO VERDE Y SOBERANO,305. HUGO MANUEL RAMOS CORTES,FREVS,0.0,False
653518,FREIRINA,FREIRINA,ESCUELA BASICA ALEJANDRO NOEMI HUERTA,10,XK.CHILE VAMOS RENOVACION NACIONAL - INDEPENDIENTES,306. LUIS ALEJANDRO ARAYA PAEZ,RN,2.0,False
653519,FREIRINA,FREIRINA,ESCUELA BASICA ALEJANDRO NOEMI HUERTA,10,XK.CHILE VAMOS RENOVACION NACIONAL - INDEPENDIENTES,307. ERIKA ESTER ESPINOZA OLIVARES,RN,1.0,False
653520,FREIRINA,FREIRINA,ESCUELA BASICA ALEJANDRO NOEMI HUERTA,10,XU.UNIDOS POR LA DIGNIDAD,308. ROXANA ANDREA IBARRA SOTO,PDC,4.0,False
653521,FREIRINA,FREIRINA,ESCUELA BASICA ALEJANDRO NOEMI HUERTA,10,XU.UNIDOS POR LA DIGNIDAD,309. DONALD NICOLAS ESBRY RAMIREZ,PDC,6.0,True
653522,FREIRINA,FREIRINA,ESCUELA BASICA ALEJANDRO NOEMI HUERTA,10,XU.UNIDOS POR LA DIGNIDAD,310. LEOPOLDO DE JESUS ALTAMIRANO URRUTIA,PDC,6.0,False
653523,FREIRINA,FREIRINA,ESCUELA BASICA ALEJANDRO NOEMI HUERTA,10,XU.UNIDOS POR LA DIGNIDAD,311. YANINA MAKARENA RIVERA CARVAJAL,PDC,0.0,False
653524,FREIRINA,FREIRINA,ESCUELA BASICA ALEJANDRO NOEMI HUERTA,10,XU.UNIDOS POR LA DIGNIDAD,312. JUAN HECTOR VEGA CASTILLO,PDC,3.0,True
653525,FREIRINA,FREIRINA,ESCUELA BASICA ALEJANDRO NOEMI HUERTA,10,XU.UNIDOS POR LA DIGNIDAD,313. NIBALDO ANTONIO YAÑEZ REYES,IND,2.0,False
653526,FREIRINA,FREIRINA,ESCUELA BASICA ALEJANDRO NOEMI HUERTA,10,XY.DIGNIDAD AHORA,314. LILIAN NERY VILLALOBOS VILLALOBOS,IND,3.0,False
653527,FREIRINA,FREIRINA,ESCUELA BASICA ALEJANDRO NOEMI HUERTA,10,XY.DIGNIDAD AHORA,315. CARMEN GLORIA ALVAREZ CALLEJAS,IND,10.0,True
653528,FREIRINA,FREIRINA,ESCUELA BASICA ALEJANDRO NOEMI HUERTA,10,XY.DIGNIDAD AHORA,316. MANUEL ENRIQUE MARCOLETA PALACIOS,IND,0.0,False
653529,FREIRINA,FREIRINA,ESCUELA BASICA ALEJANDRO NOEMI HUERTA,10,YW.UNIDAD POR EL APRUEBO PS PPD E INDEPENDIENTES,317. JOSE MANUEL ARAYA GONZALEZ,PS,2.0,True
653530,FREIRINA,FREIRINA,ESCUELA BASICA ALEJANDRO NOEMI HUERTA,10,YW.UNIDAD POR EL APRUEBO PS PPD E INDEPENDIENTES,318. JENNY TAMBLAY CORTES,PS,2.0,False
653531,FREIRINA,FREIRINA,ESCUELA BASICA ALEJANDRO NOEMI HUERTA,10,YW.UNIDAD POR EL APRUEBO PS PPD E INDEPENDIENTES,319. LIBBY CRISTINA OSORIO CALLEJAS,IND,7.0,True
653532,FREIRINA,FREIRINA,ESCUELA BASICA ALEJANDRO NOEMI HUERTA,10,YW.UNIDAD POR EL APRUEBO PS PPD E INDEPENDIENTES,320. SERGIO ALDO TABILO TORREJON,PPD,1.0,False
653533,FREIRINA,FREIRINA,ESCUELA BASICA ALEJANDRO NOEMI HUERTA,10,YW.UNIDAD POR EL APRUEBO PS PPD E INDEPENDIENTES,321. JUAN ERNESTO VALENZUELA VALENZUELA,PPD,1.0,False
653534,FREIRINA,FREIRINA,ESCUELA BASICA ALEJANDRO NOEMI HUERTA,10,YW.UNIDAD POR EL APRUEBO PS PPD E INDEPENDIENTES,322. ANDREA ALEJANDRA PAEZ MENDOZA,IND,1.0,False
653535,FREIRINA,FREIRINA,ESCUELA BASICA ALEJANDRO NOEMI HUERTA,10,ZJ.CHILE VAMOS UDI - INDEPENDIENTES,323. LUIS GEOBEL FLORES BARRAZA,UDI,2.0,False
653536,FREIRINA,FREIRINA,ESCUELA BASICA ALEJANDRO NOEMI HUERTA,10,ZJ.CHILE VAMOS UDI - INDEPENDIENTES,324. FLORA INES SIMUNOVIC ZULETA,UDI,3.0,False
653537,FREIRINA,FREIRINA,ESCUELA BASICA ALEJANDRO NOEMI HUERTA,10,ZJ.CHILE VAMOS UDI - INDEPENDIENTES,325. ROSA GENOVEVA FUENTES VERA,UDI,1.0,False
653538,FREIRINA,FREIRINA,ESCUELA BASICA ALEJANDRO NOEMI HUERTA,10,ZJ.CHILE VAMOS UDI - INDEPENDIENTES,326. DANTON ROBINSON GODOY CISTERNAS,UDI,1.0,False
653539,FREIRINA,FREIRINA,ESCUELA BASICA ALEJANDRO NOEMI HUERTA,10,ZJ.CHILE VAMOS UDI - INDEPENDIENTES,327. HANS ANDRES RIARTE DUBO,UDI,2.0,False
653540,FREIRINA,FREIRINA,ESCUELA BASICA ALEJANDRO NOEMI HUERTA,10,ZJ.CHILE VAMOS UDI - INDEPENDIENTES,328. JOSE LUIS ALVARADO AVALOS,IND,1.0,False
653541,FREIRINA,FREIRINA,ESCUELA BASICA ALEJANDRO NOEMI HUERTA,10,ZU.RADICALES E INDEPENDIENTES,329. FERNANDO ALBERTO RUHL PEREZ,PR,9.0,False
653542,FREIRINA,FREIRINA,ESCUELA BASICA ALEJANDRO NOEMI HUERTA,10,ZU.RADICALES E INDEPENDIENTES,330. MARCELO ISMAEL RUIZ TAGLE ESCOBAR,PR,1.0,False
653543,FREIRINA,FREIRINA,ESCUELA BASICA ALEJANDRO NOEMI HUERTA,10,ZU.RADICALES E INDEPENDIENTES,331. CAROLINA ANDREA VILLEGAS CUELLO,IND,0.0,False
653544,FREIRINA,FREIRINA,ESCUELA BASICA ALEJANDRO NOEMI HUERTA,10,ZU.RADICALES E INDEPENDIENTES,332. MIGUEL ANGEL RIVERA MARQUES,IND,2.0,False
