,COMUNA,CIRC_ELEC,LOCAL,MESA,LISTA,CANDIDATX,PARTIDO,VOTOS,ELECTX
655738,FUTALEUFU,FUTALEUFU,ESCUELA FUTALEUFU,1M,XK.CHILE VAMOS RENOVACION NACIONAL - INDEPENDIENTES,300. HERIBERTO ANTONIO VALLEJOS CHACANO,RN,14.0,True
655739,FUTALEUFU,FUTALEUFU,ESCUELA FUTALEUFU,1M,XK.CHILE VAMOS RENOVACION NACIONAL - INDEPENDIENTES,301. VICTOR EUGENIO GARCES CABEZAS,IND,11.0,False
655740,FUTALEUFU,FUTALEUFU,ESCUELA FUTALEUFU,1M,XK.CHILE VAMOS RENOVACION NACIONAL - INDEPENDIENTES,302. JULIETA NICOLE SANHUEZA SANHUEZA,IND,8.0,False
655741,FUTALEUFU,FUTALEUFU,ESCUELA FUTALEUFU,1M,XS.FRENTE AMPLIO,303. CECILIA IVANA URIBE BAHAMONDE,RD,4.0,False
655742,FUTALEUFU,FUTALEUFU,ESCUELA FUTALEUFU,1M,XU.UNIDOS POR LA DIGNIDAD,304. JORGE IGNACIO BAEZA REDLICH,IND,2.0,False
655743,FUTALEUFU,FUTALEUFU,ESCUELA FUTALEUFU,1M,YM.CHILE VAMOS - PRI E INDEPENDIENTES,305. JUANA ISABEL ESPINOZA RUIZ,IND,1.0,False
655744,FUTALEUFU,FUTALEUFU,ESCUELA FUTALEUFU,1M,YM.CHILE VAMOS - PRI E INDEPENDIENTES,306. ALEJANDRA TORRES VASQUEZ,IND,21.0,True
655745,FUTALEUFU,FUTALEUFU,ESCUELA FUTALEUFU,1M,YM.CHILE VAMOS - PRI E INDEPENDIENTES,307. ANDRES FELIPE IBAÑEZ GALLARDO,IND,6.0,True
655746,FUTALEUFU,FUTALEUFU,ESCUELA FUTALEUFU,1M,YM.CHILE VAMOS - PRI E INDEPENDIENTES,308. LEONARDO JAVIER TRONCOSO ROSAS,IND,6.0,False
655747,FUTALEUFU,FUTALEUFU,ESCUELA FUTALEUFU,1M,YM.CHILE VAMOS - PRI E INDEPENDIENTES,309. MARITA IVON SAN MARTIN SAEZ,IND,4.0,False
655748,FUTALEUFU,FUTALEUFU,ESCUELA FUTALEUFU,1M,YM.CHILE VAMOS - PRI E INDEPENDIENTES,310. CAMILA ISABEL FUENTEALBA LOBOS,IND,1.0,False
655749,FUTALEUFU,FUTALEUFU,ESCUELA FUTALEUFU,1M,YW.UNIDAD POR EL APRUEBO PS PPD E INDEPENDIENTES,311. JUVENAL ENRIQUE GALLARDO DIOCARETS,PS,12.0,True
655750,FUTALEUFU,FUTALEUFU,ESCUELA FUTALEUFU,1M,YW.UNIDAD POR EL APRUEBO PS PPD E INDEPENDIENTES,312. CARMEN GLORIA URRA URRA,PS,23.0,True
655751,FUTALEUFU,FUTALEUFU,ESCUELA FUTALEUFU,1M,ZJ.CHILE VAMOS UDI - INDEPENDIENTES,313. JACINTO BELARMINO VERA VERA,UDI,16.0,False
655752,FUTALEUFU,FUTALEUFU,ESCUELA FUTALEUFU,1M,ZJ.CHILE VAMOS UDI - INDEPENDIENTES,314. JAVIERA BELEN BARRERA BARRERA,IND,10.0,True
655753,FUTALEUFU,FUTALEUFU,ESCUELA FUTALEUFU,1M,ZJ.CHILE VAMOS UDI - INDEPENDIENTES,315. DELMIRA ROSA SAN MARTIN FIGUEROA,IND,1.0,False
655754,FUTALEUFU,FUTALEUFU,ESCUELA FUTALEUFU,1M,ZU.RADICALES E INDEPENDIENTES,316. MARCELO FERNANDO OJEDA NAVARRO,PR,8.0,False
655755,FUTALEUFU,FUTALEUFU,ESCUELA FUTALEUFU,1M,ZU.RADICALES E INDEPENDIENTES,317. WALDO ARIEL CANALES RAMIREZ,PR,2.0,False
655756,FUTALEUFU,FUTALEUFU,ESCUELA FUTALEUFU,1M,ZU.RADICALES E INDEPENDIENTES,318. ERIKA MACARENA PAGUINAO FERNANDEZ,IND,2.0,False
655757,FUTALEUFU,FUTALEUFU,ESCUELA FUTALEUFU,1M,ZU.RADICALES E INDEPENDIENTES,319. EDELVEY ALEJANDRA MILLAHUEIQUE BASTIAS,IND,1.0,False
655758,FUTALEUFU,FUTALEUFU,ESCUELA FUTALEUFU,2M,XK.CHILE VAMOS RENOVACION NACIONAL - INDEPENDIENTES,300. HERIBERTO ANTONIO VALLEJOS CHACANO,RN,18.0,True
655759,FUTALEUFU,FUTALEUFU,ESCUELA FUTALEUFU,2M,XK.CHILE VAMOS RENOVACION NACIONAL - INDEPENDIENTES,301. VICTOR EUGENIO GARCES CABEZAS,IND,7.0,False
655760,FUTALEUFU,FUTALEUFU,ESCUELA FUTALEUFU,2M,XK.CHILE VAMOS RENOVACION NACIONAL - INDEPENDIENTES,302. JULIETA NICOLE SANHUEZA SANHUEZA,IND,1.0,False
655761,FUTALEUFU,FUTALEUFU,ESCUELA FUTALEUFU,2M,XS.FRENTE AMPLIO,303. CECILIA IVANA URIBE BAHAMONDE,RD,2.0,False
655762,FUTALEUFU,FUTALEUFU,ESCUELA FUTALEUFU,2M,XU.UNIDOS POR LA DIGNIDAD,304. JORGE IGNACIO BAEZA REDLICH,IND,3.0,False
655763,FUTALEUFU,FUTALEUFU,ESCUELA FUTALEUFU,2M,YM.CHILE VAMOS - PRI E INDEPENDIENTES,305. JUANA ISABEL ESPINOZA RUIZ,IND,2.0,False
655764,FUTALEUFU,FUTALEUFU,ESCUELA FUTALEUFU,2M,YM.CHILE VAMOS - PRI E INDEPENDIENTES,306. ALEJANDRA TORRES VASQUEZ,IND,18.0,True
655765,FUTALEUFU,FUTALEUFU,ESCUELA FUTALEUFU,2M,YM.CHILE VAMOS - PRI E INDEPENDIENTES,307. ANDRES FELIPE IBAÑEZ GALLARDO,IND,5.0,True
655766,FUTALEUFU,FUTALEUFU,ESCUELA FUTALEUFU,2M,YM.CHILE VAMOS - PRI E INDEPENDIENTES,308. LEONARDO JAVIER TRONCOSO ROSAS,IND,1.0,False
655767,FUTALEUFU,FUTALEUFU,ESCUELA FUTALEUFU,2M,YM.CHILE VAMOS - PRI E INDEPENDIENTES,309. MARITA IVON SAN MARTIN SAEZ,IND,10.0,False
655768,FUTALEUFU,FUTALEUFU,ESCUELA FUTALEUFU,2M,YM.CHILE VAMOS - PRI E INDEPENDIENTES,310. CAMILA ISABEL FUENTEALBA LOBOS,IND,7.0,False
655769,FUTALEUFU,FUTALEUFU,ESCUELA FUTALEUFU,2M,YW.UNIDAD POR EL APRUEBO PS PPD E INDEPENDIENTES,311. JUVENAL ENRIQUE GALLARDO DIOCARETS,PS,3.0,True
655770,FUTALEUFU,FUTALEUFU,ESCUELA FUTALEUFU,2M,YW.UNIDAD POR EL APRUEBO PS PPD E INDEPENDIENTES,312. CARMEN GLORIA URRA URRA,PS,29.0,True
655771,FUTALEUFU,FUTALEUFU,ESCUELA FUTALEUFU,2M,ZJ.CHILE VAMOS UDI - INDEPENDIENTES,313. JACINTO BELARMINO VERA VERA,UDI,7.0,False
655772,FUTALEUFU,FUTALEUFU,ESCUELA FUTALEUFU,2M,ZJ.CHILE VAMOS UDI - INDEPENDIENTES,314. JAVIERA BELEN BARRERA BARRERA,IND,6.0,True
655773,FUTALEUFU,FUTALEUFU,ESCUELA FUTALEUFU,2M,ZJ.CHILE VAMOS UDI - INDEPENDIENTES,315. DELMIRA ROSA SAN MARTIN FIGUEROA,IND,2.0,False
655774,FUTALEUFU,FUTALEUFU,ESCUELA FUTALEUFU,2M,ZU.RADICALES E INDEPENDIENTES,316. MARCELO FERNANDO OJEDA NAVARRO,PR,8.0,False
655775,FUTALEUFU,FUTALEUFU,ESCUELA FUTALEUFU,2M,ZU.RADICALES E INDEPENDIENTES,317. WALDO ARIEL CANALES RAMIREZ,PR,0.0,False
655776,FUTALEUFU,FUTALEUFU,ESCUELA FUTALEUFU,2M,ZU.RADICALES E INDEPENDIENTES,318. ERIKA MACARENA PAGUINAO FERNANDEZ,IND,3.0,False
655777,FUTALEUFU,FUTALEUFU,ESCUELA FUTALEUFU,2M,ZU.RADICALES E INDEPENDIENTES,319. EDELVEY ALEJANDRA MILLAHUEIQUE BASTIAS,IND,1.0,False
655778,FUTALEUFU,FUTALEUFU,ESCUELA FUTALEUFU,3M,XK.CHILE VAMOS RENOVACION NACIONAL - INDEPENDIENTES,300. HERIBERTO ANTONIO VALLEJOS CHACANO,RN,13.0,True
655779,FUTALEUFU,FUTALEUFU,ESCUELA FUTALEUFU,3M,XK.CHILE VAMOS RENOVACION NACIONAL - INDEPENDIENTES,301. VICTOR EUGENIO GARCES CABEZAS,IND,5.0,False
655780,FUTALEUFU,FUTALEUFU,ESCUELA FUTALEUFU,3M,XK.CHILE VAMOS RENOVACION NACIONAL - INDEPENDIENTES,302. JULIETA NICOLE SANHUEZA SANHUEZA,IND,8.0,False
655781,FUTALEUFU,FUTALEUFU,ESCUELA FUTALEUFU,3M,XS.FRENTE AMPLIO,303. CECILIA IVANA URIBE BAHAMONDE,RD,8.0,False
655782,FUTALEUFU,FUTALEUFU,ESCUELA FUTALEUFU,3M,XU.UNIDOS POR LA DIGNIDAD,304. JORGE IGNACIO BAEZA REDLICH,IND,1.0,False
655783,FUTALEUFU,FUTALEUFU,ESCUELA FUTALEUFU,3M,YM.CHILE VAMOS - PRI E INDEPENDIENTES,305. JUANA ISABEL ESPINOZA RUIZ,IND,1.0,False
655784,FUTALEUFU,FUTALEUFU,ESCUELA FUTALEUFU,3M,YM.CHILE VAMOS - PRI E INDEPENDIENTES,306. ALEJANDRA TORRES VASQUEZ,IND,18.0,True
655785,FUTALEUFU,FUTALEUFU,ESCUELA FUTALEUFU,3M,YM.CHILE VAMOS - PRI E INDEPENDIENTES,307. ANDRES FELIPE IBAÑEZ GALLARDO,IND,15.0,True
655786,FUTALEUFU,FUTALEUFU,ESCUELA FUTALEUFU,3M,YM.CHILE VAMOS - PRI E INDEPENDIENTES,308. LEONARDO JAVIER TRONCOSO ROSAS,IND,2.0,False
655787,FUTALEUFU,FUTALEUFU,ESCUELA FUTALEUFU,3M,YM.CHILE VAMOS - PRI E INDEPENDIENTES,309. MARITA IVON SAN MARTIN SAEZ,IND,10.0,False
655788,FUTALEUFU,FUTALEUFU,ESCUELA FUTALEUFU,3M,YM.CHILE VAMOS - PRI E INDEPENDIENTES,310. CAMILA ISABEL FUENTEALBA LOBOS,IND,6.0,False
655789,FUTALEUFU,FUTALEUFU,ESCUELA FUTALEUFU,3M,YW.UNIDAD POR EL APRUEBO PS PPD E INDEPENDIENTES,311. JUVENAL ENRIQUE GALLARDO DIOCARETS,PS,10.0,True
655790,FUTALEUFU,FUTALEUFU,ESCUELA FUTALEUFU,3M,YW.UNIDAD POR EL APRUEBO PS PPD E INDEPENDIENTES,312. CARMEN GLORIA URRA URRA,PS,15.0,True
655791,FUTALEUFU,FUTALEUFU,ESCUELA FUTALEUFU,3M,ZJ.CHILE VAMOS UDI - INDEPENDIENTES,313. JACINTO BELARMINO VERA VERA,UDI,7.0,False
655792,FUTALEUFU,FUTALEUFU,ESCUELA FUTALEUFU,3M,ZJ.CHILE VAMOS UDI - INDEPENDIENTES,314. JAVIERA BELEN BARRERA BARRERA,IND,8.0,True
655793,FUTALEUFU,FUTALEUFU,ESCUELA FUTALEUFU,3M,ZJ.CHILE VAMOS UDI - INDEPENDIENTES,315. DELMIRA ROSA SAN MARTIN FIGUEROA,IND,2.0,False
655794,FUTALEUFU,FUTALEUFU,ESCUELA FUTALEUFU,3M,ZU.RADICALES E INDEPENDIENTES,316. MARCELO FERNANDO OJEDA NAVARRO,PR,6.0,False
655795,FUTALEUFU,FUTALEUFU,ESCUELA FUTALEUFU,3M,ZU.RADICALES E INDEPENDIENTES,317. WALDO ARIEL CANALES RAMIREZ,PR,2.0,False
655796,FUTALEUFU,FUTALEUFU,ESCUELA FUTALEUFU,3M,ZU.RADICALES E INDEPENDIENTES,318. ERIKA MACARENA PAGUINAO FERNANDEZ,IND,3.0,False
655797,FUTALEUFU,FUTALEUFU,ESCUELA FUTALEUFU,3M,ZU.RADICALES E INDEPENDIENTES,319. EDELVEY ALEJANDRA MILLAHUEIQUE BASTIAS,IND,2.0,False
655798,FUTALEUFU,FUTALEUFU,ESCUELA FUTALEUFU,4M,XK.CHILE VAMOS RENOVACION NACIONAL - INDEPENDIENTES,300. HERIBERTO ANTONIO VALLEJOS CHACANO,RN,12.0,True
655799,FUTALEUFU,FUTALEUFU,ESCUELA FUTALEUFU,4M,XK.CHILE VAMOS RENOVACION NACIONAL - INDEPENDIENTES,301. VICTOR EUGENIO GARCES CABEZAS,IND,13.0,False
655800,FUTALEUFU,FUTALEUFU,ESCUELA FUTALEUFU,4M,XK.CHILE VAMOS RENOVACION NACIONAL - INDEPENDIENTES,302. JULIETA NICOLE SANHUEZA SANHUEZA,IND,3.0,False
655801,FUTALEUFU,FUTALEUFU,ESCUELA FUTALEUFU,4M,XS.FRENTE AMPLIO,303. CECILIA IVANA URIBE BAHAMONDE,RD,6.0,False
655802,FUTALEUFU,FUTALEUFU,ESCUELA FUTALEUFU,4M,XU.UNIDOS POR LA DIGNIDAD,304. JORGE IGNACIO BAEZA REDLICH,IND,2.0,False
655803,FUTALEUFU,FUTALEUFU,ESCUELA FUTALEUFU,4M,YM.CHILE VAMOS - PRI E INDEPENDIENTES,305. JUANA ISABEL ESPINOZA RUIZ,IND,1.0,False
655804,FUTALEUFU,FUTALEUFU,ESCUELA FUTALEUFU,4M,YM.CHILE VAMOS - PRI E INDEPENDIENTES,306. ALEJANDRA TORRES VASQUEZ,IND,18.0,True
655805,FUTALEUFU,FUTALEUFU,ESCUELA FUTALEUFU,4M,YM.CHILE VAMOS - PRI E INDEPENDIENTES,307. ANDRES FELIPE IBAÑEZ GALLARDO,IND,14.0,True
655806,FUTALEUFU,FUTALEUFU,ESCUELA FUTALEUFU,4M,YM.CHILE VAMOS - PRI E INDEPENDIENTES,308. LEONARDO JAVIER TRONCOSO ROSAS,IND,4.0,False
655807,FUTALEUFU,FUTALEUFU,ESCUELA FUTALEUFU,4M,YM.CHILE VAMOS - PRI E INDEPENDIENTES,309. MARITA IVON SAN MARTIN SAEZ,IND,10.0,False
655808,FUTALEUFU,FUTALEUFU,ESCUELA FUTALEUFU,4M,YM.CHILE VAMOS - PRI E INDEPENDIENTES,310. CAMILA ISABEL FUENTEALBA LOBOS,IND,3.0,False
655809,FUTALEUFU,FUTALEUFU,ESCUELA FUTALEUFU,4M,YW.UNIDAD POR EL APRUEBO PS PPD E INDEPENDIENTES,311. JUVENAL ENRIQUE GALLARDO DIOCARETS,PS,3.0,True
655810,FUTALEUFU,FUTALEUFU,ESCUELA FUTALEUFU,4M,YW.UNIDAD POR EL APRUEBO PS PPD E INDEPENDIENTES,312. CARMEN GLORIA URRA URRA,PS,26.0,True
655811,FUTALEUFU,FUTALEUFU,ESCUELA FUTALEUFU,4M,ZJ.CHILE VAMOS UDI - INDEPENDIENTES,313. JACINTO BELARMINO VERA VERA,UDI,3.0,False
655812,FUTALEUFU,FUTALEUFU,ESCUELA FUTALEUFU,4M,ZJ.CHILE VAMOS UDI - INDEPENDIENTES,314. JAVIERA BELEN BARRERA BARRERA,IND,8.0,True
655813,FUTALEUFU,FUTALEUFU,ESCUELA FUTALEUFU,4M,ZJ.CHILE VAMOS UDI - INDEPENDIENTES,315. DELMIRA ROSA SAN MARTIN FIGUEROA,IND,2.0,False
655814,FUTALEUFU,FUTALEUFU,ESCUELA FUTALEUFU,4M,ZU.RADICALES E INDEPENDIENTES,316. MARCELO FERNANDO OJEDA NAVARRO,PR,8.0,False
655815,FUTALEUFU,FUTALEUFU,ESCUELA FUTALEUFU,4M,ZU.RADICALES E INDEPENDIENTES,317. WALDO ARIEL CANALES RAMIREZ,PR,0.0,False
655816,FUTALEUFU,FUTALEUFU,ESCUELA FUTALEUFU,4M,ZU.RADICALES E INDEPENDIENTES,318. ERIKA MACARENA PAGUINAO FERNANDEZ,IND,4.0,False
655817,FUTALEUFU,FUTALEUFU,ESCUELA FUTALEUFU,4M,ZU.RADICALES E INDEPENDIENTES,319. EDELVEY ALEJANDRA MILLAHUEIQUE BASTIAS,IND,0.0,False
655818,FUTALEUFU,FUTALEUFU,ESCUELA FUTALEUFU,1V,XK.CHILE VAMOS RENOVACION NACIONAL - INDEPENDIENTES,300. HERIBERTO ANTONIO VALLEJOS CHACANO,RN,16.0,True
655819,FUTALEUFU,FUTALEUFU,ESCUELA FUTALEUFU,1V,XK.CHILE VAMOS RENOVACION NACIONAL - INDEPENDIENTES,301. VICTOR EUGENIO GARCES CABEZAS,IND,11.0,False
655820,FUTALEUFU,FUTALEUFU,ESCUELA FUTALEUFU,1V,XK.CHILE VAMOS RENOVACION NACIONAL - INDEPENDIENTES,302. JULIETA NICOLE SANHUEZA SANHUEZA,IND,9.0,False
655821,FUTALEUFU,FUTALEUFU,ESCUELA FUTALEUFU,1V,XS.FRENTE AMPLIO,303. CECILIA IVANA URIBE BAHAMONDE,RD,9.0,False
655822,FUTALEUFU,FUTALEUFU,ESCUELA FUTALEUFU,1V,XU.UNIDOS POR LA DIGNIDAD,304. JORGE IGNACIO BAEZA REDLICH,IND,1.0,False
655823,FUTALEUFU,FUTALEUFU,ESCUELA FUTALEUFU,1V,YM.CHILE VAMOS - PRI E INDEPENDIENTES,305. JUANA ISABEL ESPINOZA RUIZ,IND,2.0,False
655824,FUTALEUFU,FUTALEUFU,ESCUELA FUTALEUFU,1V,YM.CHILE VAMOS - PRI E INDEPENDIENTES,306. ALEJANDRA TORRES VASQUEZ,IND,15.0,True
655825,FUTALEUFU,FUTALEUFU,ESCUELA FUTALEUFU,1V,YM.CHILE VAMOS - PRI E INDEPENDIENTES,307. ANDRES FELIPE IBAÑEZ GALLARDO,IND,3.0,True
655826,FUTALEUFU,FUTALEUFU,ESCUELA FUTALEUFU,1V,YM.CHILE VAMOS - PRI E INDEPENDIENTES,308. LEONARDO JAVIER TRONCOSO ROSAS,IND,2.0,False
655827,FUTALEUFU,FUTALEUFU,ESCUELA FUTALEUFU,1V,YM.CHILE VAMOS - PRI E INDEPENDIENTES,309. MARITA IVON SAN MARTIN SAEZ,IND,6.0,False
655828,FUTALEUFU,FUTALEUFU,ESCUELA FUTALEUFU,1V,YM.CHILE VAMOS - PRI E INDEPENDIENTES,310. CAMILA ISABEL FUENTEALBA LOBOS,IND,3.0,False
655829,FUTALEUFU,FUTALEUFU,ESCUELA FUTALEUFU,1V,YW.UNIDAD POR EL APRUEBO PS PPD E INDEPENDIENTES,311. JUVENAL ENRIQUE GALLARDO DIOCARETS,PS,6.0,True
655830,FUTALEUFU,FUTALEUFU,ESCUELA FUTALEUFU,1V,YW.UNIDAD POR EL APRUEBO PS PPD E INDEPENDIENTES,312. CARMEN GLORIA URRA URRA,PS,15.0,True
655831,FUTALEUFU,FUTALEUFU,ESCUELA FUTALEUFU,1V,ZJ.CHILE VAMOS UDI - INDEPENDIENTES,313. JACINTO BELARMINO VERA VERA,UDI,8.0,False
655832,FUTALEUFU,FUTALEUFU,ESCUELA FUTALEUFU,1V,ZJ.CHILE VAMOS UDI - INDEPENDIENTES,314. JAVIERA BELEN BARRERA BARRERA,IND,9.0,True
655833,FUTALEUFU,FUTALEUFU,ESCUELA FUTALEUFU,1V,ZJ.CHILE VAMOS UDI - INDEPENDIENTES,315. DELMIRA ROSA SAN MARTIN FIGUEROA,IND,2.0,False
655834,FUTALEUFU,FUTALEUFU,ESCUELA FUTALEUFU,1V,ZU.RADICALES E INDEPENDIENTES,316. MARCELO FERNANDO OJEDA NAVARRO,PR,9.0,False
655835,FUTALEUFU,FUTALEUFU,ESCUELA FUTALEUFU,1V,ZU.RADICALES E INDEPENDIENTES,317. WALDO ARIEL CANALES RAMIREZ,PR,1.0,False
655836,FUTALEUFU,FUTALEUFU,ESCUELA FUTALEUFU,1V,ZU.RADICALES E INDEPENDIENTES,318. ERIKA MACARENA PAGUINAO FERNANDEZ,IND,3.0,False
655837,FUTALEUFU,FUTALEUFU,ESCUELA FUTALEUFU,1V,ZU.RADICALES E INDEPENDIENTES,319. EDELVEY ALEJANDRA MILLAHUEIQUE BASTIAS,IND,1.0,False
655838,FUTALEUFU,FUTALEUFU,ESCUELA FUTALEUFU,2V,XK.CHILE VAMOS RENOVACION NACIONAL - INDEPENDIENTES,300. HERIBERTO ANTONIO VALLEJOS CHACANO,RN,21.0,True
655839,FUTALEUFU,FUTALEUFU,ESCUELA FUTALEUFU,2V,XK.CHILE VAMOS RENOVACION NACIONAL - INDEPENDIENTES,301. VICTOR EUGENIO GARCES CABEZAS,IND,5.0,False
655840,FUTALEUFU,FUTALEUFU,ESCUELA FUTALEUFU,2V,XK.CHILE VAMOS RENOVACION NACIONAL - INDEPENDIENTES,302. JULIETA NICOLE SANHUEZA SANHUEZA,IND,4.0,False
655841,FUTALEUFU,FUTALEUFU,ESCUELA FUTALEUFU,2V,XS.FRENTE AMPLIO,303. CECILIA IVANA URIBE BAHAMONDE,RD,9.0,False
655842,FUTALEUFU,FUTALEUFU,ESCUELA FUTALEUFU,2V,XU.UNIDOS POR LA DIGNIDAD,304. JORGE IGNACIO BAEZA REDLICH,IND,0.0,False
655843,FUTALEUFU,FUTALEUFU,ESCUELA FUTALEUFU,2V,YM.CHILE VAMOS - PRI E INDEPENDIENTES,305. JUANA ISABEL ESPINOZA RUIZ,IND,0.0,False
655844,FUTALEUFU,FUTALEUFU,ESCUELA FUTALEUFU,2V,YM.CHILE VAMOS - PRI E INDEPENDIENTES,306. ALEJANDRA TORRES VASQUEZ,IND,20.0,True
655845,FUTALEUFU,FUTALEUFU,ESCUELA FUTALEUFU,2V,YM.CHILE VAMOS - PRI E INDEPENDIENTES,307. ANDRES FELIPE IBAÑEZ GALLARDO,IND,5.0,True
655846,FUTALEUFU,FUTALEUFU,ESCUELA FUTALEUFU,2V,YM.CHILE VAMOS - PRI E INDEPENDIENTES,308. LEONARDO JAVIER TRONCOSO ROSAS,IND,3.0,False
655847,FUTALEUFU,FUTALEUFU,ESCUELA FUTALEUFU,2V,YM.CHILE VAMOS - PRI E INDEPENDIENTES,309. MARITA IVON SAN MARTIN SAEZ,IND,5.0,False
655848,FUTALEUFU,FUTALEUFU,ESCUELA FUTALEUFU,2V,YM.CHILE VAMOS - PRI E INDEPENDIENTES,310. CAMILA ISABEL FUENTEALBA LOBOS,IND,2.0,False
655849,FUTALEUFU,FUTALEUFU,ESCUELA FUTALEUFU,2V,YW.UNIDAD POR EL APRUEBO PS PPD E INDEPENDIENTES,311. JUVENAL ENRIQUE GALLARDO DIOCARETS,PS,14.0,True
655850,FUTALEUFU,FUTALEUFU,ESCUELA FUTALEUFU,2V,YW.UNIDAD POR EL APRUEBO PS PPD E INDEPENDIENTES,312. CARMEN GLORIA URRA URRA,PS,16.0,True
655851,FUTALEUFU,FUTALEUFU,ESCUELA FUTALEUFU,2V,ZJ.CHILE VAMOS UDI - INDEPENDIENTES,313. JACINTO BELARMINO VERA VERA,UDI,2.0,False
655852,FUTALEUFU,FUTALEUFU,ESCUELA FUTALEUFU,2V,ZJ.CHILE VAMOS UDI - INDEPENDIENTES,314. JAVIERA BELEN BARRERA BARRERA,IND,5.0,True
655853,FUTALEUFU,FUTALEUFU,ESCUELA FUTALEUFU,2V,ZJ.CHILE VAMOS UDI - INDEPENDIENTES,315. DELMIRA ROSA SAN MARTIN FIGUEROA,IND,3.0,False
655854,FUTALEUFU,FUTALEUFU,ESCUELA FUTALEUFU,2V,ZU.RADICALES E INDEPENDIENTES,316. MARCELO FERNANDO OJEDA NAVARRO,PR,7.0,False
655855,FUTALEUFU,FUTALEUFU,ESCUELA FUTALEUFU,2V,ZU.RADICALES E INDEPENDIENTES,317. WALDO ARIEL CANALES RAMIREZ,PR,0.0,False
655856,FUTALEUFU,FUTALEUFU,ESCUELA FUTALEUFU,2V,ZU.RADICALES E INDEPENDIENTES,318. ERIKA MACARENA PAGUINAO FERNANDEZ,IND,3.0,False
655857,FUTALEUFU,FUTALEUFU,ESCUELA FUTALEUFU,2V,ZU.RADICALES E INDEPENDIENTES,319. EDELVEY ALEJANDRA MILLAHUEIQUE BASTIAS,IND,1.0,False
655858,FUTALEUFU,FUTALEUFU,ESCUELA FUTALEUFU,3V,XK.CHILE VAMOS RENOVACION NACIONAL - INDEPENDIENTES,300. HERIBERTO ANTONIO VALLEJOS CHACANO,RN,16.0,True
655859,FUTALEUFU,FUTALEUFU,ESCUELA FUTALEUFU,3V,XK.CHILE VAMOS RENOVACION NACIONAL - INDEPENDIENTES,301. VICTOR EUGENIO GARCES CABEZAS,IND,11.0,False
655860,FUTALEUFU,FUTALEUFU,ESCUELA FUTALEUFU,3V,XK.CHILE VAMOS RENOVACION NACIONAL - INDEPENDIENTES,302. JULIETA NICOLE SANHUEZA SANHUEZA,IND,4.0,False
655861,FUTALEUFU,FUTALEUFU,ESCUELA FUTALEUFU,3V,XS.FRENTE AMPLIO,303. CECILIA IVANA URIBE BAHAMONDE,RD,7.0,False
655862,FUTALEUFU,FUTALEUFU,ESCUELA FUTALEUFU,3V,XU.UNIDOS POR LA DIGNIDAD,304. JORGE IGNACIO BAEZA REDLICH,IND,1.0,False
655863,FUTALEUFU,FUTALEUFU,ESCUELA FUTALEUFU,3V,YM.CHILE VAMOS - PRI E INDEPENDIENTES,305. JUANA ISABEL ESPINOZA RUIZ,IND,0.0,False
655864,FUTALEUFU,FUTALEUFU,ESCUELA FUTALEUFU,3V,YM.CHILE VAMOS - PRI E INDEPENDIENTES,306. ALEJANDRA TORRES VASQUEZ,IND,9.0,True
655865,FUTALEUFU,FUTALEUFU,ESCUELA FUTALEUFU,3V,YM.CHILE VAMOS - PRI E INDEPENDIENTES,307. ANDRES FELIPE IBAÑEZ GALLARDO,IND,1.0,True
655866,FUTALEUFU,FUTALEUFU,ESCUELA FUTALEUFU,3V,YM.CHILE VAMOS - PRI E INDEPENDIENTES,308. LEONARDO JAVIER TRONCOSO ROSAS,IND,4.0,False
655867,FUTALEUFU,FUTALEUFU,ESCUELA FUTALEUFU,3V,YM.CHILE VAMOS - PRI E INDEPENDIENTES,309. MARITA IVON SAN MARTIN SAEZ,IND,6.0,False
655868,FUTALEUFU,FUTALEUFU,ESCUELA FUTALEUFU,3V,YM.CHILE VAMOS - PRI E INDEPENDIENTES,310. CAMILA ISABEL FUENTEALBA LOBOS,IND,5.0,False
655869,FUTALEUFU,FUTALEUFU,ESCUELA FUTALEUFU,3V,YW.UNIDAD POR EL APRUEBO PS PPD E INDEPENDIENTES,311. JUVENAL ENRIQUE GALLARDO DIOCARETS,PS,11.0,True
655870,FUTALEUFU,FUTALEUFU,ESCUELA FUTALEUFU,3V,YW.UNIDAD POR EL APRUEBO PS PPD E INDEPENDIENTES,312. CARMEN GLORIA URRA URRA,PS,14.0,True
655871,FUTALEUFU,FUTALEUFU,ESCUELA FUTALEUFU,3V,ZJ.CHILE VAMOS UDI - INDEPENDIENTES,313. JACINTO BELARMINO VERA VERA,UDI,5.0,False
655872,FUTALEUFU,FUTALEUFU,ESCUELA FUTALEUFU,3V,ZJ.CHILE VAMOS UDI - INDEPENDIENTES,314. JAVIERA BELEN BARRERA BARRERA,IND,14.0,True
655873,FUTALEUFU,FUTALEUFU,ESCUELA FUTALEUFU,3V,ZJ.CHILE VAMOS UDI - INDEPENDIENTES,315. DELMIRA ROSA SAN MARTIN FIGUEROA,IND,0.0,False
655874,FUTALEUFU,FUTALEUFU,ESCUELA FUTALEUFU,3V,ZU.RADICALES E INDEPENDIENTES,316. MARCELO FERNANDO OJEDA NAVARRO,PR,9.0,False
655875,FUTALEUFU,FUTALEUFU,ESCUELA FUTALEUFU,3V,ZU.RADICALES E INDEPENDIENTES,317. WALDO ARIEL CANALES RAMIREZ,PR,3.0,False
655876,FUTALEUFU,FUTALEUFU,ESCUELA FUTALEUFU,3V,ZU.RADICALES E INDEPENDIENTES,318. ERIKA MACARENA PAGUINAO FERNANDEZ,IND,1.0,False
655877,FUTALEUFU,FUTALEUFU,ESCUELA FUTALEUFU,3V,ZU.RADICALES E INDEPENDIENTES,319. EDELVEY ALEJANDRA MILLAHUEIQUE BASTIAS,IND,5.0,False
655878,FUTALEUFU,FUTALEUFU,ESCUELA FUTALEUFU,4V,XK.CHILE VAMOS RENOVACION NACIONAL - INDEPENDIENTES,300. HERIBERTO ANTONIO VALLEJOS CHACANO,RN,22.0,True
655879,FUTALEUFU,FUTALEUFU,ESCUELA FUTALEUFU,4V,XK.CHILE VAMOS RENOVACION NACIONAL - INDEPENDIENTES,301. VICTOR EUGENIO GARCES CABEZAS,IND,9.0,False
655880,FUTALEUFU,FUTALEUFU,ESCUELA FUTALEUFU,4V,XK.CHILE VAMOS RENOVACION NACIONAL - INDEPENDIENTES,302. JULIETA NICOLE SANHUEZA SANHUEZA,IND,4.0,False
655881,FUTALEUFU,FUTALEUFU,ESCUELA FUTALEUFU,4V,XS.FRENTE AMPLIO,303. CECILIA IVANA URIBE BAHAMONDE,RD,3.0,False
655882,FUTALEUFU,FUTALEUFU,ESCUELA FUTALEUFU,4V,XU.UNIDOS POR LA DIGNIDAD,304. JORGE IGNACIO BAEZA REDLICH,IND,2.0,False
655883,FUTALEUFU,FUTALEUFU,ESCUELA FUTALEUFU,4V,YM.CHILE VAMOS - PRI E INDEPENDIENTES,305. JUANA ISABEL ESPINOZA RUIZ,IND,1.0,False
655884,FUTALEUFU,FUTALEUFU,ESCUELA FUTALEUFU,4V,YM.CHILE VAMOS - PRI E INDEPENDIENTES,306. ALEJANDRA TORRES VASQUEZ,IND,11.0,True
655885,FUTALEUFU,FUTALEUFU,ESCUELA FUTALEUFU,4V,YM.CHILE VAMOS - PRI E INDEPENDIENTES,307. ANDRES FELIPE IBAÑEZ GALLARDO,IND,11.0,True
655886,FUTALEUFU,FUTALEUFU,ESCUELA FUTALEUFU,4V,YM.CHILE VAMOS - PRI E INDEPENDIENTES,308. LEONARDO JAVIER TRONCOSO ROSAS,IND,6.0,False
655887,FUTALEUFU,FUTALEUFU,ESCUELA FUTALEUFU,4V,YM.CHILE VAMOS - PRI E INDEPENDIENTES,309. MARITA IVON SAN MARTIN SAEZ,IND,9.0,False
655888,FUTALEUFU,FUTALEUFU,ESCUELA FUTALEUFU,4V,YM.CHILE VAMOS - PRI E INDEPENDIENTES,310. CAMILA ISABEL FUENTEALBA LOBOS,IND,6.0,False
655889,FUTALEUFU,FUTALEUFU,ESCUELA FUTALEUFU,4V,YW.UNIDAD POR EL APRUEBO PS PPD E INDEPENDIENTES,311. JUVENAL ENRIQUE GALLARDO DIOCARETS,PS,6.0,True
655890,FUTALEUFU,FUTALEUFU,ESCUELA FUTALEUFU,4V,YW.UNIDAD POR EL APRUEBO PS PPD E INDEPENDIENTES,312. CARMEN GLORIA URRA URRA,PS,34.0,True
655891,FUTALEUFU,FUTALEUFU,ESCUELA FUTALEUFU,4V,ZJ.CHILE VAMOS UDI - INDEPENDIENTES,313. JACINTO BELARMINO VERA VERA,UDI,7.0,False
655892,FUTALEUFU,FUTALEUFU,ESCUELA FUTALEUFU,4V,ZJ.CHILE VAMOS UDI - INDEPENDIENTES,314. JAVIERA BELEN BARRERA BARRERA,IND,9.0,True
655893,FUTALEUFU,FUTALEUFU,ESCUELA FUTALEUFU,4V,ZJ.CHILE VAMOS UDI - INDEPENDIENTES,315. DELMIRA ROSA SAN MARTIN FIGUEROA,IND,3.0,False
655894,FUTALEUFU,FUTALEUFU,ESCUELA FUTALEUFU,4V,ZU.RADICALES E INDEPENDIENTES,316. MARCELO FERNANDO OJEDA NAVARRO,PR,11.0,False
655895,FUTALEUFU,FUTALEUFU,ESCUELA FUTALEUFU,4V,ZU.RADICALES E INDEPENDIENTES,317. WALDO ARIEL CANALES RAMIREZ,PR,1.0,False
655896,FUTALEUFU,FUTALEUFU,ESCUELA FUTALEUFU,4V,ZU.RADICALES E INDEPENDIENTES,318. ERIKA MACARENA PAGUINAO FERNANDEZ,IND,4.0,False
655897,FUTALEUFU,FUTALEUFU,ESCUELA FUTALEUFU,4V,ZU.RADICALES E INDEPENDIENTES,319. EDELVEY ALEJANDRA MILLAHUEIQUE BASTIAS,IND,1.0,False
655898,FUTALEUFU,FUTALEUFU,ESCUELA FUTALEUFU,5V,XK.CHILE VAMOS RENOVACION NACIONAL - INDEPENDIENTES,300. HERIBERTO ANTONIO VALLEJOS CHACANO,RN,13.0,True
655899,FUTALEUFU,FUTALEUFU,ESCUELA FUTALEUFU,5V,XK.CHILE VAMOS RENOVACION NACIONAL - INDEPENDIENTES,301. VICTOR EUGENIO GARCES CABEZAS,IND,12.0,False
655900,FUTALEUFU,FUTALEUFU,ESCUELA FUTALEUFU,5V,XK.CHILE VAMOS RENOVACION NACIONAL - INDEPENDIENTES,302. JULIETA NICOLE SANHUEZA SANHUEZA,IND,6.0,False
655901,FUTALEUFU,FUTALEUFU,ESCUELA FUTALEUFU,5V,XS.FRENTE AMPLIO,303. CECILIA IVANA URIBE BAHAMONDE,RD,12.0,False
655902,FUTALEUFU,FUTALEUFU,ESCUELA FUTALEUFU,5V,XU.UNIDOS POR LA DIGNIDAD,304. JORGE IGNACIO BAEZA REDLICH,IND,4.0,False
655903,FUTALEUFU,FUTALEUFU,ESCUELA FUTALEUFU,5V,YM.CHILE VAMOS - PRI E INDEPENDIENTES,305. JUANA ISABEL ESPINOZA RUIZ,IND,1.0,False
655904,FUTALEUFU,FUTALEUFU,ESCUELA FUTALEUFU,5V,YM.CHILE VAMOS - PRI E INDEPENDIENTES,306. ALEJANDRA TORRES VASQUEZ,IND,17.0,True
655905,FUTALEUFU,FUTALEUFU,ESCUELA FUTALEUFU,5V,YM.CHILE VAMOS - PRI E INDEPENDIENTES,307. ANDRES FELIPE IBAÑEZ GALLARDO,IND,13.0,True
655906,FUTALEUFU,FUTALEUFU,ESCUELA FUTALEUFU,5V,YM.CHILE VAMOS - PRI E INDEPENDIENTES,308. LEONARDO JAVIER TRONCOSO ROSAS,IND,4.0,False
655907,FUTALEUFU,FUTALEUFU,ESCUELA FUTALEUFU,5V,YM.CHILE VAMOS - PRI E INDEPENDIENTES,309. MARITA IVON SAN MARTIN SAEZ,IND,8.0,False
655908,FUTALEUFU,FUTALEUFU,ESCUELA FUTALEUFU,5V,YM.CHILE VAMOS - PRI E INDEPENDIENTES,310. CAMILA ISABEL FUENTEALBA LOBOS,IND,3.0,False
655909,FUTALEUFU,FUTALEUFU,ESCUELA FUTALEUFU,5V,YW.UNIDAD POR EL APRUEBO PS PPD E INDEPENDIENTES,311. JUVENAL ENRIQUE GALLARDO DIOCARETS,PS,8.0,True
655910,FUTALEUFU,FUTALEUFU,ESCUELA FUTALEUFU,5V,YW.UNIDAD POR EL APRUEBO PS PPD E INDEPENDIENTES,312. CARMEN GLORIA URRA URRA,PS,38.0,True
655911,FUTALEUFU,FUTALEUFU,ESCUELA FUTALEUFU,5V,ZJ.CHILE VAMOS UDI - INDEPENDIENTES,313. JACINTO BELARMINO VERA VERA,UDI,4.0,False
655912,FUTALEUFU,FUTALEUFU,ESCUELA FUTALEUFU,5V,ZJ.CHILE VAMOS UDI - INDEPENDIENTES,314. JAVIERA BELEN BARRERA BARRERA,IND,5.0,True
655913,FUTALEUFU,FUTALEUFU,ESCUELA FUTALEUFU,5V,ZJ.CHILE VAMOS UDI - INDEPENDIENTES,315. DELMIRA ROSA SAN MARTIN FIGUEROA,IND,0.0,False
655914,FUTALEUFU,FUTALEUFU,ESCUELA FUTALEUFU,5V,ZU.RADICALES E INDEPENDIENTES,316. MARCELO FERNANDO OJEDA NAVARRO,PR,10.0,False
655915,FUTALEUFU,FUTALEUFU,ESCUELA FUTALEUFU,5V,ZU.RADICALES E INDEPENDIENTES,317. WALDO ARIEL CANALES RAMIREZ,PR,0.0,False
655916,FUTALEUFU,FUTALEUFU,ESCUELA FUTALEUFU,5V,ZU.RADICALES E INDEPENDIENTES,318. ERIKA MACARENA PAGUINAO FERNANDEZ,IND,2.0,False
655917,FUTALEUFU,FUTALEUFU,ESCUELA FUTALEUFU,5V,ZU.RADICALES E INDEPENDIENTES,319. EDELVEY ALEJANDRA MILLAHUEIQUE BASTIAS,IND,0.0,False
655918,FUTALEUFU,FUTALEUFU,ESCUELA FUTALEUFU,6,XK.CHILE VAMOS RENOVACION NACIONAL - INDEPENDIENTES,300. HERIBERTO ANTONIO VALLEJOS CHACANO,RN,21.0,True
655919,FUTALEUFU,FUTALEUFU,ESCUELA FUTALEUFU,6,XK.CHILE VAMOS RENOVACION NACIONAL - INDEPENDIENTES,301. VICTOR EUGENIO GARCES CABEZAS,IND,8.0,False
655920,FUTALEUFU,FUTALEUFU,ESCUELA FUTALEUFU,6,XK.CHILE VAMOS RENOVACION NACIONAL - INDEPENDIENTES,302. JULIETA NICOLE SANHUEZA SANHUEZA,IND,5.0,False
655921,FUTALEUFU,FUTALEUFU,ESCUELA FUTALEUFU,6,XS.FRENTE AMPLIO,303. CECILIA IVANA URIBE BAHAMONDE,RD,5.0,False
655922,FUTALEUFU,FUTALEUFU,ESCUELA FUTALEUFU,6,XU.UNIDOS POR LA DIGNIDAD,304. JORGE IGNACIO BAEZA REDLICH,IND,1.0,False
655923,FUTALEUFU,FUTALEUFU,ESCUELA FUTALEUFU,6,YM.CHILE VAMOS - PRI E INDEPENDIENTES,305. JUANA ISABEL ESPINOZA RUIZ,IND,0.0,False
655924,FUTALEUFU,FUTALEUFU,ESCUELA FUTALEUFU,6,YM.CHILE VAMOS - PRI E INDEPENDIENTES,306. ALEJANDRA TORRES VASQUEZ,IND,10.0,True
655925,FUTALEUFU,FUTALEUFU,ESCUELA FUTALEUFU,6,YM.CHILE VAMOS - PRI E INDEPENDIENTES,307. ANDRES FELIPE IBAÑEZ GALLARDO,IND,7.0,True
655926,FUTALEUFU,FUTALEUFU,ESCUELA FUTALEUFU,6,YM.CHILE VAMOS - PRI E INDEPENDIENTES,308. LEONARDO JAVIER TRONCOSO ROSAS,IND,4.0,False
655927,FUTALEUFU,FUTALEUFU,ESCUELA FUTALEUFU,6,YM.CHILE VAMOS - PRI E INDEPENDIENTES,309. MARITA IVON SAN MARTIN SAEZ,IND,10.0,False
655928,FUTALEUFU,FUTALEUFU,ESCUELA FUTALEUFU,6,YM.CHILE VAMOS - PRI E INDEPENDIENTES,310. CAMILA ISABEL FUENTEALBA LOBOS,IND,8.0,False
655929,FUTALEUFU,FUTALEUFU,ESCUELA FUTALEUFU,6,YW.UNIDAD POR EL APRUEBO PS PPD E INDEPENDIENTES,311. JUVENAL ENRIQUE GALLARDO DIOCARETS,PS,11.0,True
655930,FUTALEUFU,FUTALEUFU,ESCUELA FUTALEUFU,6,YW.UNIDAD POR EL APRUEBO PS PPD E INDEPENDIENTES,312. CARMEN GLORIA URRA URRA,PS,19.0,True
655931,FUTALEUFU,FUTALEUFU,ESCUELA FUTALEUFU,6,ZJ.CHILE VAMOS UDI - INDEPENDIENTES,313. JACINTO BELARMINO VERA VERA,UDI,4.0,False
655932,FUTALEUFU,FUTALEUFU,ESCUELA FUTALEUFU,6,ZJ.CHILE VAMOS UDI - INDEPENDIENTES,314. JAVIERA BELEN BARRERA BARRERA,IND,6.0,True
655933,FUTALEUFU,FUTALEUFU,ESCUELA FUTALEUFU,6,ZJ.CHILE VAMOS UDI - INDEPENDIENTES,315. DELMIRA ROSA SAN MARTIN FIGUEROA,IND,0.0,False
655934,FUTALEUFU,FUTALEUFU,ESCUELA FUTALEUFU,6,ZU.RADICALES E INDEPENDIENTES,316. MARCELO FERNANDO OJEDA NAVARRO,PR,4.0,False
655935,FUTALEUFU,FUTALEUFU,ESCUELA FUTALEUFU,6,ZU.RADICALES E INDEPENDIENTES,317. WALDO ARIEL CANALES RAMIREZ,PR,0.0,False
655936,FUTALEUFU,FUTALEUFU,ESCUELA FUTALEUFU,6,ZU.RADICALES E INDEPENDIENTES,318. ERIKA MACARENA PAGUINAO FERNANDEZ,IND,5.0,False
655937,FUTALEUFU,FUTALEUFU,ESCUELA FUTALEUFU,6,ZU.RADICALES E INDEPENDIENTES,319. EDELVEY ALEJANDRA MILLAHUEIQUE BASTIAS,IND,1.0,False
655938,FUTALEUFU,FUTALEUFU,ESCUELA FUTALEUFU,7,XK.CHILE VAMOS RENOVACION NACIONAL - INDEPENDIENTES,300. HERIBERTO ANTONIO VALLEJOS CHACANO,RN,13.0,True
655939,FUTALEUFU,FUTALEUFU,ESCUELA FUTALEUFU,7,XK.CHILE VAMOS RENOVACION NACIONAL - INDEPENDIENTES,301. VICTOR EUGENIO GARCES CABEZAS,IND,10.0,False
655940,FUTALEUFU,FUTALEUFU,ESCUELA FUTALEUFU,7,XK.CHILE VAMOS RENOVACION NACIONAL - INDEPENDIENTES,302. JULIETA NICOLE SANHUEZA SANHUEZA,IND,3.0,False
655941,FUTALEUFU,FUTALEUFU,ESCUELA FUTALEUFU,7,XS.FRENTE AMPLIO,303. CECILIA IVANA URIBE BAHAMONDE,RD,12.0,False
655942,FUTALEUFU,FUTALEUFU,ESCUELA FUTALEUFU,7,XU.UNIDOS POR LA DIGNIDAD,304. JORGE IGNACIO BAEZA REDLICH,IND,0.0,False
655943,FUTALEUFU,FUTALEUFU,ESCUELA FUTALEUFU,7,YM.CHILE VAMOS - PRI E INDEPENDIENTES,305. JUANA ISABEL ESPINOZA RUIZ,IND,2.0,False
655944,FUTALEUFU,FUTALEUFU,ESCUELA FUTALEUFU,7,YM.CHILE VAMOS - PRI E INDEPENDIENTES,306. ALEJANDRA TORRES VASQUEZ,IND,20.0,True
655945,FUTALEUFU,FUTALEUFU,ESCUELA FUTALEUFU,7,YM.CHILE VAMOS - PRI E INDEPENDIENTES,307. ANDRES FELIPE IBAÑEZ GALLARDO,IND,21.0,True
655946,FUTALEUFU,FUTALEUFU,ESCUELA FUTALEUFU,7,YM.CHILE VAMOS - PRI E INDEPENDIENTES,308. LEONARDO JAVIER TRONCOSO ROSAS,IND,4.0,False
655947,FUTALEUFU,FUTALEUFU,ESCUELA FUTALEUFU,7,YM.CHILE VAMOS - PRI E INDEPENDIENTES,309. MARITA IVON SAN MARTIN SAEZ,IND,8.0,False
655948,FUTALEUFU,FUTALEUFU,ESCUELA FUTALEUFU,7,YM.CHILE VAMOS - PRI E INDEPENDIENTES,310. CAMILA ISABEL FUENTEALBA LOBOS,IND,11.0,False
655949,FUTALEUFU,FUTALEUFU,ESCUELA FUTALEUFU,7,YW.UNIDAD POR EL APRUEBO PS PPD E INDEPENDIENTES,311. JUVENAL ENRIQUE GALLARDO DIOCARETS,PS,13.0,True
655950,FUTALEUFU,FUTALEUFU,ESCUELA FUTALEUFU,7,YW.UNIDAD POR EL APRUEBO PS PPD E INDEPENDIENTES,312. CARMEN GLORIA URRA URRA,PS,32.0,True
655951,FUTALEUFU,FUTALEUFU,ESCUELA FUTALEUFU,7,ZJ.CHILE VAMOS UDI - INDEPENDIENTES,313. JACINTO BELARMINO VERA VERA,UDI,6.0,False
655952,FUTALEUFU,FUTALEUFU,ESCUELA FUTALEUFU,7,ZJ.CHILE VAMOS UDI - INDEPENDIENTES,314. JAVIERA BELEN BARRERA BARRERA,IND,9.0,True
655953,FUTALEUFU,FUTALEUFU,ESCUELA FUTALEUFU,7,ZJ.CHILE VAMOS UDI - INDEPENDIENTES,315. DELMIRA ROSA SAN MARTIN FIGUEROA,IND,0.0,False
655954,FUTALEUFU,FUTALEUFU,ESCUELA FUTALEUFU,7,ZU.RADICALES E INDEPENDIENTES,316. MARCELO FERNANDO OJEDA NAVARRO,PR,7.0,False
655955,FUTALEUFU,FUTALEUFU,ESCUELA FUTALEUFU,7,ZU.RADICALES E INDEPENDIENTES,317. WALDO ARIEL CANALES RAMIREZ,PR,2.0,False
655956,FUTALEUFU,FUTALEUFU,ESCUELA FUTALEUFU,7,ZU.RADICALES E INDEPENDIENTES,318. ERIKA MACARENA PAGUINAO FERNANDEZ,IND,2.0,False
655957,FUTALEUFU,FUTALEUFU,ESCUELA FUTALEUFU,7,ZU.RADICALES E INDEPENDIENTES,319. EDELVEY ALEJANDRA MILLAHUEIQUE BASTIAS,IND,0.0,False
655958,FUTALEUFU,FUTALEUFU,ESCUELA FUTALEUFU,8,XK.CHILE VAMOS RENOVACION NACIONAL - INDEPENDIENTES,300. HERIBERTO ANTONIO VALLEJOS CHACANO,RN,0.0,True
655959,FUTALEUFU,FUTALEUFU,ESCUELA FUTALEUFU,8,XK.CHILE VAMOS RENOVACION NACIONAL - INDEPENDIENTES,301. VICTOR EUGENIO GARCES CABEZAS,IND,1.0,False
655960,FUTALEUFU,FUTALEUFU,ESCUELA FUTALEUFU,8,XK.CHILE VAMOS RENOVACION NACIONAL - INDEPENDIENTES,302. JULIETA NICOLE SANHUEZA SANHUEZA,IND,0.0,False
655961,FUTALEUFU,FUTALEUFU,ESCUELA FUTALEUFU,8,XS.FRENTE AMPLIO,303. CECILIA IVANA URIBE BAHAMONDE,RD,2.0,False
655962,FUTALEUFU,FUTALEUFU,ESCUELA FUTALEUFU,8,XU.UNIDOS POR LA DIGNIDAD,304. JORGE IGNACIO BAEZA REDLICH,IND,1.0,False
655963,FUTALEUFU,FUTALEUFU,ESCUELA FUTALEUFU,8,YM.CHILE VAMOS - PRI E INDEPENDIENTES,305. JUANA ISABEL ESPINOZA RUIZ,IND,0.0,False
655964,FUTALEUFU,FUTALEUFU,ESCUELA FUTALEUFU,8,YM.CHILE VAMOS - PRI E INDEPENDIENTES,306. ALEJANDRA TORRES VASQUEZ,IND,1.0,True
655965,FUTALEUFU,FUTALEUFU,ESCUELA FUTALEUFU,8,YM.CHILE VAMOS - PRI E INDEPENDIENTES,307. ANDRES FELIPE IBAÑEZ GALLARDO,IND,0.0,True
655966,FUTALEUFU,FUTALEUFU,ESCUELA FUTALEUFU,8,YM.CHILE VAMOS - PRI E INDEPENDIENTES,308. LEONARDO JAVIER TRONCOSO ROSAS,IND,0.0,False
655967,FUTALEUFU,FUTALEUFU,ESCUELA FUTALEUFU,8,YM.CHILE VAMOS - PRI E INDEPENDIENTES,309. MARITA IVON SAN MARTIN SAEZ,IND,2.0,False
655968,FUTALEUFU,FUTALEUFU,ESCUELA FUTALEUFU,8,YM.CHILE VAMOS - PRI E INDEPENDIENTES,310. CAMILA ISABEL FUENTEALBA LOBOS,IND,1.0,False
655969,FUTALEUFU,FUTALEUFU,ESCUELA FUTALEUFU,8,YW.UNIDAD POR EL APRUEBO PS PPD E INDEPENDIENTES,311. JUVENAL ENRIQUE GALLARDO DIOCARETS,PS,0.0,True
655970,FUTALEUFU,FUTALEUFU,ESCUELA FUTALEUFU,8,YW.UNIDAD POR EL APRUEBO PS PPD E INDEPENDIENTES,312. CARMEN GLORIA URRA URRA,PS,3.0,True
655971,FUTALEUFU,FUTALEUFU,ESCUELA FUTALEUFU,8,ZJ.CHILE VAMOS UDI - INDEPENDIENTES,313. JACINTO BELARMINO VERA VERA,UDI,0.0,False
655972,FUTALEUFU,FUTALEUFU,ESCUELA FUTALEUFU,8,ZJ.CHILE VAMOS UDI - INDEPENDIENTES,314. JAVIERA BELEN BARRERA BARRERA,IND,2.0,True
655973,FUTALEUFU,FUTALEUFU,ESCUELA FUTALEUFU,8,ZJ.CHILE VAMOS UDI - INDEPENDIENTES,315. DELMIRA ROSA SAN MARTIN FIGUEROA,IND,0.0,False
655974,FUTALEUFU,FUTALEUFU,ESCUELA FUTALEUFU,8,ZU.RADICALES E INDEPENDIENTES,316. MARCELO FERNANDO OJEDA NAVARRO,PR,0.0,False
655975,FUTALEUFU,FUTALEUFU,ESCUELA FUTALEUFU,8,ZU.RADICALES E INDEPENDIENTES,317. WALDO ARIEL CANALES RAMIREZ,PR,0.0,False
655976,FUTALEUFU,FUTALEUFU,ESCUELA FUTALEUFU,8,ZU.RADICALES E INDEPENDIENTES,318. ERIKA MACARENA PAGUINAO FERNANDEZ,IND,0.0,False
655977,FUTALEUFU,FUTALEUFU,ESCUELA FUTALEUFU,8,ZU.RADICALES E INDEPENDIENTES,319. EDELVEY ALEJANDRA MILLAHUEIQUE BASTIAS,IND,0.0,False
