,COMUNA,CIRC_ELEC,LOCAL,MESA,LISTA,CANDIDATX,PARTIDO,VOTOS,ELECTX
761322,ISLA DE PASCUA,ISLA DE PASCUA,COLEGIO LORENZO BAEZA VEGA,1M,XK.CHILE VAMOS RENOVACION NACIONAL - INDEPENDIENTES,300. ANA JUANA JAQUELINE PATE HAOA,RN,17.0,False
761323,ISLA DE PASCUA,ISLA DE PASCUA,COLEGIO LORENZO BAEZA VEGA,1M,XK.CHILE VAMOS RENOVACION NACIONAL - INDEPENDIENTES,301. MAI HECTOR TEAO OSORIO,RN,17.0,True
761324,ISLA DE PASCUA,ISLA DE PASCUA,COLEGIO LORENZO BAEZA VEGA,1M,XK.CHILE VAMOS RENOVACION NACIONAL - INDEPENDIENTES,302. RICARDO SAMUEL ATAN TUKI,RN,4.0,False
761325,ISLA DE PASCUA,ISLA DE PASCUA,COLEGIO LORENZO BAEZA VEGA,1M,XK.CHILE VAMOS RENOVACION NACIONAL - INDEPENDIENTES,303. DOMINGO JAVIER HEREVERI MOLINA,IND,3.0,False
761326,ISLA DE PASCUA,ISLA DE PASCUA,COLEGIO LORENZO BAEZA VEGA,1M,XU.UNIDOS POR LA DIGNIDAD,304. MARTA RAQUEL HOTUS TUKI,PDC,13.0,True
761327,ISLA DE PASCUA,ISLA DE PASCUA,COLEGIO LORENZO BAEZA VEGA,1M,XU.UNIDOS POR LA DIGNIDAD,305. MARIA DEL CARMEN ICKA ARAKI,PDC,11.0,True
761328,ISLA DE PASCUA,ISLA DE PASCUA,COLEGIO LORENZO BAEZA VEGA,1M,XU.UNIDOS POR LA DIGNIDAD,306. KATHERINE MARTA ATAN RETAMALES,PDC,2.0,False
761329,ISLA DE PASCUA,ISLA DE PASCUA,COLEGIO LORENZO BAEZA VEGA,1M,XU.UNIDOS POR LA DIGNIDAD,307. VICTOR ENRIQUE IKA ACUÑA,IND,7.0,False
761330,ISLA DE PASCUA,ISLA DE PASCUA,COLEGIO LORENZO BAEZA VEGA,1M,XU.UNIDOS POR LA DIGNIDAD,308. TUKI HORO PARI ENERIKE TUKI DIAZ,IND,9.0,False
761331,ISLA DE PASCUA,ISLA DE PASCUA,COLEGIO LORENZO BAEZA VEGA,1M,XU.UNIDOS POR LA DIGNIDAD,309. DAYAN MARIE DREYER ENCINA,IND,4.0,False
761332,ISLA DE PASCUA,ISLA DE PASCUA,COLEGIO LORENZO BAEZA VEGA,1M,YM.CHILE VAMOS - PRI E INDEPENDIENTES,310. TULIO EUGENIO MUÑOZ VERGARA,IND,3.0,False
761333,ISLA DE PASCUA,ISLA DE PASCUA,COLEGIO LORENZO BAEZA VEGA,1M,YM.CHILE VAMOS - PRI E INDEPENDIENTES,311. MARIA CARMEN NAHOE A VAKA,IND,6.0,False
761334,ISLA DE PASCUA,ISLA DE PASCUA,COLEGIO LORENZO BAEZA VEGA,1M,YW.UNIDAD POR EL APRUEBO PS PPD E INDEPENDIENTES,312. RICARDO HUMBERTO ESPINOZA ALVARADO,PPD,14.0,True
761335,ISLA DE PASCUA,ISLA DE PASCUA,COLEGIO LORENZO BAEZA VEGA,1M,YW.UNIDAD POR EL APRUEBO PS PPD E INDEPENDIENTES,313. ANTONIA LUCIA IKA PAKARATI,PPD,11.0,False
761336,ISLA DE PASCUA,ISLA DE PASCUA,COLEGIO LORENZO BAEZA VEGA,1M,YW.UNIDAD POR EL APRUEBO PS PPD E INDEPENDIENTES,314. JULIO ALBERTO HOTUS SALINAS,PPD,28.0,True
761337,ISLA DE PASCUA,ISLA DE PASCUA,COLEGIO LORENZO BAEZA VEGA,1M,ZG.CHILE VAMOS EVOPOLI - INDEPENDIENTES,315. RAFAEL JOVINO TUKI ,EVOPOLI,6.0,False
761338,ISLA DE PASCUA,ISLA DE PASCUA,COLEGIO LORENZO BAEZA VEGA,1M,ZG.CHILE VAMOS EVOPOLI - INDEPENDIENTES,316. GISELA MARIEL ROJAS ZAMORANO,EVOPOLI,3.0,False
761339,ISLA DE PASCUA,ISLA DE PASCUA,COLEGIO LORENZO BAEZA VEGA,1M,ZG.CHILE VAMOS EVOPOLI - INDEPENDIENTES,317. MIGUEL ANGEL AREVALO PAKARATI,IND,4.0,False
761340,ISLA DE PASCUA,ISLA DE PASCUA,COLEGIO LORENZO BAEZA VEGA,1M,ZG.CHILE VAMOS EVOPOLI - INDEPENDIENTES,318. NOERANGI TE ARIKI TEAVE JACOBY,IND,4.0,False
761341,ISLA DE PASCUA,ISLA DE PASCUA,COLEGIO LORENZO BAEZA VEGA,1M,ZG.CHILE VAMOS EVOPOLI - INDEPENDIENTES,319. JUAN BAUTISTA HAOA HOTUS,IND,5.0,True
761342,ISLA DE PASCUA,ISLA DE PASCUA,COLEGIO LORENZO BAEZA VEGA,1M,ZJ.CHILE VAMOS UDI - INDEPENDIENTES,320. PEDRO FERNANDO ATAN HITO,IND,7.0,False
761343,ISLA DE PASCUA,ISLA DE PASCUA,COLEGIO LORENZO BAEZA VEGA,2M,XK.CHILE VAMOS RENOVACION NACIONAL - INDEPENDIENTES,300. ANA JUANA JAQUELINE PATE HAOA,RN,21.0,False
761344,ISLA DE PASCUA,ISLA DE PASCUA,COLEGIO LORENZO BAEZA VEGA,2M,XK.CHILE VAMOS RENOVACION NACIONAL - INDEPENDIENTES,301. MAI HECTOR TEAO OSORIO,RN,23.0,True
761345,ISLA DE PASCUA,ISLA DE PASCUA,COLEGIO LORENZO BAEZA VEGA,2M,XK.CHILE VAMOS RENOVACION NACIONAL - INDEPENDIENTES,302. RICARDO SAMUEL ATAN TUKI,RN,8.0,False
761346,ISLA DE PASCUA,ISLA DE PASCUA,COLEGIO LORENZO BAEZA VEGA,2M,XK.CHILE VAMOS RENOVACION NACIONAL - INDEPENDIENTES,303. DOMINGO JAVIER HEREVERI MOLINA,IND,9.0,False
761347,ISLA DE PASCUA,ISLA DE PASCUA,COLEGIO LORENZO BAEZA VEGA,2M,XU.UNIDOS POR LA DIGNIDAD,304. MARTA RAQUEL HOTUS TUKI,PDC,22.0,True
761348,ISLA DE PASCUA,ISLA DE PASCUA,COLEGIO LORENZO BAEZA VEGA,2M,XU.UNIDOS POR LA DIGNIDAD,305. MARIA DEL CARMEN ICKA ARAKI,PDC,7.0,True
761349,ISLA DE PASCUA,ISLA DE PASCUA,COLEGIO LORENZO BAEZA VEGA,2M,XU.UNIDOS POR LA DIGNIDAD,306. KATHERINE MARTA ATAN RETAMALES,PDC,5.0,False
761350,ISLA DE PASCUA,ISLA DE PASCUA,COLEGIO LORENZO BAEZA VEGA,2M,XU.UNIDOS POR LA DIGNIDAD,307. VICTOR ENRIQUE IKA ACUÑA,IND,6.0,False
761351,ISLA DE PASCUA,ISLA DE PASCUA,COLEGIO LORENZO BAEZA VEGA,2M,XU.UNIDOS POR LA DIGNIDAD,308. TUKI HORO PARI ENERIKE TUKI DIAZ,IND,4.0,False
761352,ISLA DE PASCUA,ISLA DE PASCUA,COLEGIO LORENZO BAEZA VEGA,2M,XU.UNIDOS POR LA DIGNIDAD,309. DAYAN MARIE DREYER ENCINA,IND,3.0,False
761353,ISLA DE PASCUA,ISLA DE PASCUA,COLEGIO LORENZO BAEZA VEGA,2M,YM.CHILE VAMOS - PRI E INDEPENDIENTES,310. TULIO EUGENIO MUÑOZ VERGARA,IND,2.0,False
761354,ISLA DE PASCUA,ISLA DE PASCUA,COLEGIO LORENZO BAEZA VEGA,2M,YM.CHILE VAMOS - PRI E INDEPENDIENTES,311. MARIA CARMEN NAHOE A VAKA,IND,12.0,False
761355,ISLA DE PASCUA,ISLA DE PASCUA,COLEGIO LORENZO BAEZA VEGA,2M,YW.UNIDAD POR EL APRUEBO PS PPD E INDEPENDIENTES,312. RICARDO HUMBERTO ESPINOZA ALVARADO,PPD,12.0,True
761356,ISLA DE PASCUA,ISLA DE PASCUA,COLEGIO LORENZO BAEZA VEGA,2M,YW.UNIDAD POR EL APRUEBO PS PPD E INDEPENDIENTES,313. ANTONIA LUCIA IKA PAKARATI,PPD,7.0,False
761357,ISLA DE PASCUA,ISLA DE PASCUA,COLEGIO LORENZO BAEZA VEGA,2M,YW.UNIDAD POR EL APRUEBO PS PPD E INDEPENDIENTES,314. JULIO ALBERTO HOTUS SALINAS,PPD,31.0,True
761358,ISLA DE PASCUA,ISLA DE PASCUA,COLEGIO LORENZO BAEZA VEGA,2M,ZG.CHILE VAMOS EVOPOLI - INDEPENDIENTES,315. RAFAEL JOVINO TUKI ,EVOPOLI,1.0,False
761359,ISLA DE PASCUA,ISLA DE PASCUA,COLEGIO LORENZO BAEZA VEGA,2M,ZG.CHILE VAMOS EVOPOLI - INDEPENDIENTES,316. GISELA MARIEL ROJAS ZAMORANO,EVOPOLI,6.0,False
761360,ISLA DE PASCUA,ISLA DE PASCUA,COLEGIO LORENZO BAEZA VEGA,2M,ZG.CHILE VAMOS EVOPOLI - INDEPENDIENTES,317. MIGUEL ANGEL AREVALO PAKARATI,IND,3.0,False
761361,ISLA DE PASCUA,ISLA DE PASCUA,COLEGIO LORENZO BAEZA VEGA,2M,ZG.CHILE VAMOS EVOPOLI - INDEPENDIENTES,318. NOERANGI TE ARIKI TEAVE JACOBY,IND,5.0,False
761362,ISLA DE PASCUA,ISLA DE PASCUA,COLEGIO LORENZO BAEZA VEGA,2M,ZG.CHILE VAMOS EVOPOLI - INDEPENDIENTES,319. JUAN BAUTISTA HAOA HOTUS,IND,10.0,True
761363,ISLA DE PASCUA,ISLA DE PASCUA,COLEGIO LORENZO BAEZA VEGA,2M,ZJ.CHILE VAMOS UDI - INDEPENDIENTES,320. PEDRO FERNANDO ATAN HITO,IND,0.0,False
761364,ISLA DE PASCUA,ISLA DE PASCUA,COLEGIO LORENZO BAEZA VEGA,3M,XK.CHILE VAMOS RENOVACION NACIONAL - INDEPENDIENTES,300. ANA JUANA JAQUELINE PATE HAOA,RN,11.0,False
761365,ISLA DE PASCUA,ISLA DE PASCUA,COLEGIO LORENZO BAEZA VEGA,3M,XK.CHILE VAMOS RENOVACION NACIONAL - INDEPENDIENTES,301. MAI HECTOR TEAO OSORIO,RN,15.0,True
761366,ISLA DE PASCUA,ISLA DE PASCUA,COLEGIO LORENZO BAEZA VEGA,3M,XK.CHILE VAMOS RENOVACION NACIONAL - INDEPENDIENTES,302. RICARDO SAMUEL ATAN TUKI,RN,3.0,False
761367,ISLA DE PASCUA,ISLA DE PASCUA,COLEGIO LORENZO BAEZA VEGA,3M,XK.CHILE VAMOS RENOVACION NACIONAL - INDEPENDIENTES,303. DOMINGO JAVIER HEREVERI MOLINA,IND,3.0,False
761368,ISLA DE PASCUA,ISLA DE PASCUA,COLEGIO LORENZO BAEZA VEGA,3M,XU.UNIDOS POR LA DIGNIDAD,304. MARTA RAQUEL HOTUS TUKI,PDC,20.0,True
761369,ISLA DE PASCUA,ISLA DE PASCUA,COLEGIO LORENZO BAEZA VEGA,3M,XU.UNIDOS POR LA DIGNIDAD,305. MARIA DEL CARMEN ICKA ARAKI,PDC,12.0,True
761370,ISLA DE PASCUA,ISLA DE PASCUA,COLEGIO LORENZO BAEZA VEGA,3M,XU.UNIDOS POR LA DIGNIDAD,306. KATHERINE MARTA ATAN RETAMALES,PDC,5.0,False
761371,ISLA DE PASCUA,ISLA DE PASCUA,COLEGIO LORENZO BAEZA VEGA,3M,XU.UNIDOS POR LA DIGNIDAD,307. VICTOR ENRIQUE IKA ACUÑA,IND,7.0,False
761372,ISLA DE PASCUA,ISLA DE PASCUA,COLEGIO LORENZO BAEZA VEGA,3M,XU.UNIDOS POR LA DIGNIDAD,308. TUKI HORO PARI ENERIKE TUKI DIAZ,IND,5.0,False
761373,ISLA DE PASCUA,ISLA DE PASCUA,COLEGIO LORENZO BAEZA VEGA,3M,XU.UNIDOS POR LA DIGNIDAD,309. DAYAN MARIE DREYER ENCINA,IND,0.0,False
761374,ISLA DE PASCUA,ISLA DE PASCUA,COLEGIO LORENZO BAEZA VEGA,3M,YM.CHILE VAMOS - PRI E INDEPENDIENTES,310. TULIO EUGENIO MUÑOZ VERGARA,IND,3.0,False
761375,ISLA DE PASCUA,ISLA DE PASCUA,COLEGIO LORENZO BAEZA VEGA,3M,YM.CHILE VAMOS - PRI E INDEPENDIENTES,311. MARIA CARMEN NAHOE A VAKA,IND,5.0,False
761376,ISLA DE PASCUA,ISLA DE PASCUA,COLEGIO LORENZO BAEZA VEGA,3M,YW.UNIDAD POR EL APRUEBO PS PPD E INDEPENDIENTES,312. RICARDO HUMBERTO ESPINOZA ALVARADO,PPD,10.0,True
761377,ISLA DE PASCUA,ISLA DE PASCUA,COLEGIO LORENZO BAEZA VEGA,3M,YW.UNIDAD POR EL APRUEBO PS PPD E INDEPENDIENTES,313. ANTONIA LUCIA IKA PAKARATI,PPD,8.0,False
761378,ISLA DE PASCUA,ISLA DE PASCUA,COLEGIO LORENZO BAEZA VEGA,3M,YW.UNIDAD POR EL APRUEBO PS PPD E INDEPENDIENTES,314. JULIO ALBERTO HOTUS SALINAS,PPD,24.0,True
761379,ISLA DE PASCUA,ISLA DE PASCUA,COLEGIO LORENZO BAEZA VEGA,3M,ZG.CHILE VAMOS EVOPOLI - INDEPENDIENTES,315. RAFAEL JOVINO TUKI ,EVOPOLI,7.0,False
761380,ISLA DE PASCUA,ISLA DE PASCUA,COLEGIO LORENZO BAEZA VEGA,3M,ZG.CHILE VAMOS EVOPOLI - INDEPENDIENTES,316. GISELA MARIEL ROJAS ZAMORANO,EVOPOLI,1.0,False
761381,ISLA DE PASCUA,ISLA DE PASCUA,COLEGIO LORENZO BAEZA VEGA,3M,ZG.CHILE VAMOS EVOPOLI - INDEPENDIENTES,317. MIGUEL ANGEL AREVALO PAKARATI,IND,2.0,False
761382,ISLA DE PASCUA,ISLA DE PASCUA,COLEGIO LORENZO BAEZA VEGA,3M,ZG.CHILE VAMOS EVOPOLI - INDEPENDIENTES,318. NOERANGI TE ARIKI TEAVE JACOBY,IND,4.0,False
761383,ISLA DE PASCUA,ISLA DE PASCUA,COLEGIO LORENZO BAEZA VEGA,3M,ZG.CHILE VAMOS EVOPOLI - INDEPENDIENTES,319. JUAN BAUTISTA HAOA HOTUS,IND,6.0,True
761384,ISLA DE PASCUA,ISLA DE PASCUA,COLEGIO LORENZO BAEZA VEGA,3M,ZJ.CHILE VAMOS UDI - INDEPENDIENTES,320. PEDRO FERNANDO ATAN HITO,IND,1.0,False
761385,ISLA DE PASCUA,ISLA DE PASCUA,COLEGIO LORENZO BAEZA VEGA,4M,XK.CHILE VAMOS RENOVACION NACIONAL - INDEPENDIENTES,300. ANA JUANA JAQUELINE PATE HAOA,RN,19.0,False
761386,ISLA DE PASCUA,ISLA DE PASCUA,COLEGIO LORENZO BAEZA VEGA,4M,XK.CHILE VAMOS RENOVACION NACIONAL - INDEPENDIENTES,301. MAI HECTOR TEAO OSORIO,RN,26.0,True
761387,ISLA DE PASCUA,ISLA DE PASCUA,COLEGIO LORENZO BAEZA VEGA,4M,XK.CHILE VAMOS RENOVACION NACIONAL - INDEPENDIENTES,302. RICARDO SAMUEL ATAN TUKI,RN,9.0,False
761388,ISLA DE PASCUA,ISLA DE PASCUA,COLEGIO LORENZO BAEZA VEGA,4M,XK.CHILE VAMOS RENOVACION NACIONAL - INDEPENDIENTES,303. DOMINGO JAVIER HEREVERI MOLINA,IND,3.0,False
761389,ISLA DE PASCUA,ISLA DE PASCUA,COLEGIO LORENZO BAEZA VEGA,4M,XU.UNIDOS POR LA DIGNIDAD,304. MARTA RAQUEL HOTUS TUKI,PDC,22.0,True
761390,ISLA DE PASCUA,ISLA DE PASCUA,COLEGIO LORENZO BAEZA VEGA,4M,XU.UNIDOS POR LA DIGNIDAD,305. MARIA DEL CARMEN ICKA ARAKI,PDC,23.0,True
761391,ISLA DE PASCUA,ISLA DE PASCUA,COLEGIO LORENZO BAEZA VEGA,4M,XU.UNIDOS POR LA DIGNIDAD,306. KATHERINE MARTA ATAN RETAMALES,PDC,6.0,False
761392,ISLA DE PASCUA,ISLA DE PASCUA,COLEGIO LORENZO BAEZA VEGA,4M,XU.UNIDOS POR LA DIGNIDAD,307. VICTOR ENRIQUE IKA ACUÑA,IND,6.0,False
761393,ISLA DE PASCUA,ISLA DE PASCUA,COLEGIO LORENZO BAEZA VEGA,4M,XU.UNIDOS POR LA DIGNIDAD,308. TUKI HORO PARI ENERIKE TUKI DIAZ,IND,5.0,False
761394,ISLA DE PASCUA,ISLA DE PASCUA,COLEGIO LORENZO BAEZA VEGA,4M,XU.UNIDOS POR LA DIGNIDAD,309. DAYAN MARIE DREYER ENCINA,IND,1.0,False
761395,ISLA DE PASCUA,ISLA DE PASCUA,COLEGIO LORENZO BAEZA VEGA,4M,YM.CHILE VAMOS - PRI E INDEPENDIENTES,310. TULIO EUGENIO MUÑOZ VERGARA,IND,2.0,False
761396,ISLA DE PASCUA,ISLA DE PASCUA,COLEGIO LORENZO BAEZA VEGA,4M,YM.CHILE VAMOS - PRI E INDEPENDIENTES,311. MARIA CARMEN NAHOE A VAKA,IND,4.0,False
761397,ISLA DE PASCUA,ISLA DE PASCUA,COLEGIO LORENZO BAEZA VEGA,4M,YW.UNIDAD POR EL APRUEBO PS PPD E INDEPENDIENTES,312. RICARDO HUMBERTO ESPINOZA ALVARADO,PPD,7.0,True
761398,ISLA DE PASCUA,ISLA DE PASCUA,COLEGIO LORENZO BAEZA VEGA,4M,YW.UNIDAD POR EL APRUEBO PS PPD E INDEPENDIENTES,313. ANTONIA LUCIA IKA PAKARATI,PPD,11.0,False
761399,ISLA DE PASCUA,ISLA DE PASCUA,COLEGIO LORENZO BAEZA VEGA,4M,YW.UNIDAD POR EL APRUEBO PS PPD E INDEPENDIENTES,314. JULIO ALBERTO HOTUS SALINAS,PPD,28.0,True
761400,ISLA DE PASCUA,ISLA DE PASCUA,COLEGIO LORENZO BAEZA VEGA,4M,ZG.CHILE VAMOS EVOPOLI - INDEPENDIENTES,315. RAFAEL JOVINO TUKI ,EVOPOLI,8.0,False
761401,ISLA DE PASCUA,ISLA DE PASCUA,COLEGIO LORENZO BAEZA VEGA,4M,ZG.CHILE VAMOS EVOPOLI - INDEPENDIENTES,316. GISELA MARIEL ROJAS ZAMORANO,EVOPOLI,3.0,False
761402,ISLA DE PASCUA,ISLA DE PASCUA,COLEGIO LORENZO BAEZA VEGA,4M,ZG.CHILE VAMOS EVOPOLI - INDEPENDIENTES,317. MIGUEL ANGEL AREVALO PAKARATI,IND,5.0,False
761403,ISLA DE PASCUA,ISLA DE PASCUA,COLEGIO LORENZO BAEZA VEGA,4M,ZG.CHILE VAMOS EVOPOLI - INDEPENDIENTES,318. NOERANGI TE ARIKI TEAVE JACOBY,IND,5.0,False
761404,ISLA DE PASCUA,ISLA DE PASCUA,COLEGIO LORENZO BAEZA VEGA,4M,ZG.CHILE VAMOS EVOPOLI - INDEPENDIENTES,319. JUAN BAUTISTA HAOA HOTUS,IND,5.0,True
761405,ISLA DE PASCUA,ISLA DE PASCUA,COLEGIO LORENZO BAEZA VEGA,4M,ZJ.CHILE VAMOS UDI - INDEPENDIENTES,320. PEDRO FERNANDO ATAN HITO,IND,4.0,False
761406,ISLA DE PASCUA,ISLA DE PASCUA,COLEGIO LORENZO BAEZA VEGA,5M,XK.CHILE VAMOS RENOVACION NACIONAL - INDEPENDIENTES,300. ANA JUANA JAQUELINE PATE HAOA,RN,20.0,False
761407,ISLA DE PASCUA,ISLA DE PASCUA,COLEGIO LORENZO BAEZA VEGA,5M,XK.CHILE VAMOS RENOVACION NACIONAL - INDEPENDIENTES,301. MAI HECTOR TEAO OSORIO,RN,18.0,True
761408,ISLA DE PASCUA,ISLA DE PASCUA,COLEGIO LORENZO BAEZA VEGA,5M,XK.CHILE VAMOS RENOVACION NACIONAL - INDEPENDIENTES,302. RICARDO SAMUEL ATAN TUKI,RN,5.0,False
761409,ISLA DE PASCUA,ISLA DE PASCUA,COLEGIO LORENZO BAEZA VEGA,5M,XK.CHILE VAMOS RENOVACION NACIONAL - INDEPENDIENTES,303. DOMINGO JAVIER HEREVERI MOLINA,IND,6.0,False
761410,ISLA DE PASCUA,ISLA DE PASCUA,COLEGIO LORENZO BAEZA VEGA,5M,XU.UNIDOS POR LA DIGNIDAD,304. MARTA RAQUEL HOTUS TUKI,PDC,28.0,True
761411,ISLA DE PASCUA,ISLA DE PASCUA,COLEGIO LORENZO BAEZA VEGA,5M,XU.UNIDOS POR LA DIGNIDAD,305. MARIA DEL CARMEN ICKA ARAKI,PDC,18.0,True
761412,ISLA DE PASCUA,ISLA DE PASCUA,COLEGIO LORENZO BAEZA VEGA,5M,XU.UNIDOS POR LA DIGNIDAD,306. KATHERINE MARTA ATAN RETAMALES,PDC,10.0,False
761413,ISLA DE PASCUA,ISLA DE PASCUA,COLEGIO LORENZO BAEZA VEGA,5M,XU.UNIDOS POR LA DIGNIDAD,307. VICTOR ENRIQUE IKA ACUÑA,IND,6.0,False
761414,ISLA DE PASCUA,ISLA DE PASCUA,COLEGIO LORENZO BAEZA VEGA,5M,XU.UNIDOS POR LA DIGNIDAD,308. TUKI HORO PARI ENERIKE TUKI DIAZ,IND,3.0,False
761415,ISLA DE PASCUA,ISLA DE PASCUA,COLEGIO LORENZO BAEZA VEGA,5M,XU.UNIDOS POR LA DIGNIDAD,309. DAYAN MARIE DREYER ENCINA,IND,1.0,False
761416,ISLA DE PASCUA,ISLA DE PASCUA,COLEGIO LORENZO BAEZA VEGA,5M,YM.CHILE VAMOS - PRI E INDEPENDIENTES,310. TULIO EUGENIO MUÑOZ VERGARA,IND,1.0,False
761417,ISLA DE PASCUA,ISLA DE PASCUA,COLEGIO LORENZO BAEZA VEGA,5M,YM.CHILE VAMOS - PRI E INDEPENDIENTES,311. MARIA CARMEN NAHOE A VAKA,IND,6.0,False
761418,ISLA DE PASCUA,ISLA DE PASCUA,COLEGIO LORENZO BAEZA VEGA,5M,YW.UNIDAD POR EL APRUEBO PS PPD E INDEPENDIENTES,312. RICARDO HUMBERTO ESPINOZA ALVARADO,PPD,14.0,True
761419,ISLA DE PASCUA,ISLA DE PASCUA,COLEGIO LORENZO BAEZA VEGA,5M,YW.UNIDAD POR EL APRUEBO PS PPD E INDEPENDIENTES,313. ANTONIA LUCIA IKA PAKARATI,PPD,7.0,False
761420,ISLA DE PASCUA,ISLA DE PASCUA,COLEGIO LORENZO BAEZA VEGA,5M,YW.UNIDAD POR EL APRUEBO PS PPD E INDEPENDIENTES,314. JULIO ALBERTO HOTUS SALINAS,PPD,22.0,True
761421,ISLA DE PASCUA,ISLA DE PASCUA,COLEGIO LORENZO BAEZA VEGA,5M,ZG.CHILE VAMOS EVOPOLI - INDEPENDIENTES,315. RAFAEL JOVINO TUKI ,EVOPOLI,4.0,False
761422,ISLA DE PASCUA,ISLA DE PASCUA,COLEGIO LORENZO BAEZA VEGA,5M,ZG.CHILE VAMOS EVOPOLI - INDEPENDIENTES,316. GISELA MARIEL ROJAS ZAMORANO,EVOPOLI,3.0,False
761423,ISLA DE PASCUA,ISLA DE PASCUA,COLEGIO LORENZO BAEZA VEGA,5M,ZG.CHILE VAMOS EVOPOLI - INDEPENDIENTES,317. MIGUEL ANGEL AREVALO PAKARATI,IND,4.0,False
761424,ISLA DE PASCUA,ISLA DE PASCUA,COLEGIO LORENZO BAEZA VEGA,5M,ZG.CHILE VAMOS EVOPOLI - INDEPENDIENTES,318. NOERANGI TE ARIKI TEAVE JACOBY,IND,4.0,False
761425,ISLA DE PASCUA,ISLA DE PASCUA,COLEGIO LORENZO BAEZA VEGA,5M,ZG.CHILE VAMOS EVOPOLI - INDEPENDIENTES,319. JUAN BAUTISTA HAOA HOTUS,IND,7.0,True
761426,ISLA DE PASCUA,ISLA DE PASCUA,COLEGIO LORENZO BAEZA VEGA,5M,ZJ.CHILE VAMOS UDI - INDEPENDIENTES,320. PEDRO FERNANDO ATAN HITO,IND,3.0,False
761427,ISLA DE PASCUA,ISLA DE PASCUA,COLEGIO LORENZO BAEZA VEGA,6M,XK.CHILE VAMOS RENOVACION NACIONAL - INDEPENDIENTES,300. ANA JUANA JAQUELINE PATE HAOA,RN,9.0,False
761428,ISLA DE PASCUA,ISLA DE PASCUA,COLEGIO LORENZO BAEZA VEGA,6M,XK.CHILE VAMOS RENOVACION NACIONAL - INDEPENDIENTES,301. MAI HECTOR TEAO OSORIO,RN,14.0,True
761429,ISLA DE PASCUA,ISLA DE PASCUA,COLEGIO LORENZO BAEZA VEGA,6M,XK.CHILE VAMOS RENOVACION NACIONAL - INDEPENDIENTES,302. RICARDO SAMUEL ATAN TUKI,RN,10.0,False
761430,ISLA DE PASCUA,ISLA DE PASCUA,COLEGIO LORENZO BAEZA VEGA,6M,XK.CHILE VAMOS RENOVACION NACIONAL - INDEPENDIENTES,303. DOMINGO JAVIER HEREVERI MOLINA,IND,4.0,False
761431,ISLA DE PASCUA,ISLA DE PASCUA,COLEGIO LORENZO BAEZA VEGA,6M,XU.UNIDOS POR LA DIGNIDAD,304. MARTA RAQUEL HOTUS TUKI,PDC,35.0,True
761432,ISLA DE PASCUA,ISLA DE PASCUA,COLEGIO LORENZO BAEZA VEGA,6M,XU.UNIDOS POR LA DIGNIDAD,305. MARIA DEL CARMEN ICKA ARAKI,PDC,15.0,True
761433,ISLA DE PASCUA,ISLA DE PASCUA,COLEGIO LORENZO BAEZA VEGA,6M,XU.UNIDOS POR LA DIGNIDAD,306. KATHERINE MARTA ATAN RETAMALES,PDC,5.0,False
761434,ISLA DE PASCUA,ISLA DE PASCUA,COLEGIO LORENZO BAEZA VEGA,6M,XU.UNIDOS POR LA DIGNIDAD,307. VICTOR ENRIQUE IKA ACUÑA,IND,5.0,False
761435,ISLA DE PASCUA,ISLA DE PASCUA,COLEGIO LORENZO BAEZA VEGA,6M,XU.UNIDOS POR LA DIGNIDAD,308. TUKI HORO PARI ENERIKE TUKI DIAZ,IND,14.0,False
761436,ISLA DE PASCUA,ISLA DE PASCUA,COLEGIO LORENZO BAEZA VEGA,6M,XU.UNIDOS POR LA DIGNIDAD,309. DAYAN MARIE DREYER ENCINA,IND,8.0,False
761437,ISLA DE PASCUA,ISLA DE PASCUA,COLEGIO LORENZO BAEZA VEGA,6M,YM.CHILE VAMOS - PRI E INDEPENDIENTES,310. TULIO EUGENIO MUÑOZ VERGARA,IND,3.0,False
761438,ISLA DE PASCUA,ISLA DE PASCUA,COLEGIO LORENZO BAEZA VEGA,6M,YM.CHILE VAMOS - PRI E INDEPENDIENTES,311. MARIA CARMEN NAHOE A VAKA,IND,6.0,False
761439,ISLA DE PASCUA,ISLA DE PASCUA,COLEGIO LORENZO BAEZA VEGA,6M,YW.UNIDAD POR EL APRUEBO PS PPD E INDEPENDIENTES,312. RICARDO HUMBERTO ESPINOZA ALVARADO,PPD,13.0,True
761440,ISLA DE PASCUA,ISLA DE PASCUA,COLEGIO LORENZO BAEZA VEGA,6M,YW.UNIDAD POR EL APRUEBO PS PPD E INDEPENDIENTES,313. ANTONIA LUCIA IKA PAKARATI,PPD,9.0,False
761441,ISLA DE PASCUA,ISLA DE PASCUA,COLEGIO LORENZO BAEZA VEGA,6M,YW.UNIDAD POR EL APRUEBO PS PPD E INDEPENDIENTES,314. JULIO ALBERTO HOTUS SALINAS,PPD,22.0,True
761442,ISLA DE PASCUA,ISLA DE PASCUA,COLEGIO LORENZO BAEZA VEGA,6M,ZG.CHILE VAMOS EVOPOLI - INDEPENDIENTES,315. RAFAEL JOVINO TUKI ,EVOPOLI,3.0,False
761443,ISLA DE PASCUA,ISLA DE PASCUA,COLEGIO LORENZO BAEZA VEGA,6M,ZG.CHILE VAMOS EVOPOLI - INDEPENDIENTES,316. GISELA MARIEL ROJAS ZAMORANO,EVOPOLI,7.0,False
761444,ISLA DE PASCUA,ISLA DE PASCUA,COLEGIO LORENZO BAEZA VEGA,6M,ZG.CHILE VAMOS EVOPOLI - INDEPENDIENTES,317. MIGUEL ANGEL AREVALO PAKARATI,IND,4.0,False
761445,ISLA DE PASCUA,ISLA DE PASCUA,COLEGIO LORENZO BAEZA VEGA,6M,ZG.CHILE VAMOS EVOPOLI - INDEPENDIENTES,318. NOERANGI TE ARIKI TEAVE JACOBY,IND,5.0,False
761446,ISLA DE PASCUA,ISLA DE PASCUA,COLEGIO LORENZO BAEZA VEGA,6M,ZG.CHILE VAMOS EVOPOLI - INDEPENDIENTES,319. JUAN BAUTISTA HAOA HOTUS,IND,8.0,True
761447,ISLA DE PASCUA,ISLA DE PASCUA,COLEGIO LORENZO BAEZA VEGA,6M,ZJ.CHILE VAMOS UDI - INDEPENDIENTES,320. PEDRO FERNANDO ATAN HITO,IND,1.0,False
761448,ISLA DE PASCUA,ISLA DE PASCUA,COLEGIO LORENZO BAEZA VEGA,1V,XK.CHILE VAMOS RENOVACION NACIONAL - INDEPENDIENTES,300. ANA JUANA JAQUELINE PATE HAOA,RN,19.0,False
761449,ISLA DE PASCUA,ISLA DE PASCUA,COLEGIO LORENZO BAEZA VEGA,1V,XK.CHILE VAMOS RENOVACION NACIONAL - INDEPENDIENTES,301. MAI HECTOR TEAO OSORIO,RN,19.0,True
761450,ISLA DE PASCUA,ISLA DE PASCUA,COLEGIO LORENZO BAEZA VEGA,1V,XK.CHILE VAMOS RENOVACION NACIONAL - INDEPENDIENTES,302. RICARDO SAMUEL ATAN TUKI,RN,4.0,False
761451,ISLA DE PASCUA,ISLA DE PASCUA,COLEGIO LORENZO BAEZA VEGA,1V,XK.CHILE VAMOS RENOVACION NACIONAL - INDEPENDIENTES,303. DOMINGO JAVIER HEREVERI MOLINA,IND,6.0,False
761452,ISLA DE PASCUA,ISLA DE PASCUA,COLEGIO LORENZO BAEZA VEGA,1V,XU.UNIDOS POR LA DIGNIDAD,304. MARTA RAQUEL HOTUS TUKI,PDC,17.0,True
761453,ISLA DE PASCUA,ISLA DE PASCUA,COLEGIO LORENZO BAEZA VEGA,1V,XU.UNIDOS POR LA DIGNIDAD,305. MARIA DEL CARMEN ICKA ARAKI,PDC,11.0,True
761454,ISLA DE PASCUA,ISLA DE PASCUA,COLEGIO LORENZO BAEZA VEGA,1V,XU.UNIDOS POR LA DIGNIDAD,306. KATHERINE MARTA ATAN RETAMALES,PDC,5.0,False
761455,ISLA DE PASCUA,ISLA DE PASCUA,COLEGIO LORENZO BAEZA VEGA,1V,XU.UNIDOS POR LA DIGNIDAD,307. VICTOR ENRIQUE IKA ACUÑA,IND,1.0,False
761456,ISLA DE PASCUA,ISLA DE PASCUA,COLEGIO LORENZO BAEZA VEGA,1V,XU.UNIDOS POR LA DIGNIDAD,308. TUKI HORO PARI ENERIKE TUKI DIAZ,IND,5.0,False
761457,ISLA DE PASCUA,ISLA DE PASCUA,COLEGIO LORENZO BAEZA VEGA,1V,XU.UNIDOS POR LA DIGNIDAD,309. DAYAN MARIE DREYER ENCINA,IND,0.0,False
761458,ISLA DE PASCUA,ISLA DE PASCUA,COLEGIO LORENZO BAEZA VEGA,1V,YM.CHILE VAMOS - PRI E INDEPENDIENTES,310. TULIO EUGENIO MUÑOZ VERGARA,IND,0.0,False
761459,ISLA DE PASCUA,ISLA DE PASCUA,COLEGIO LORENZO BAEZA VEGA,1V,YM.CHILE VAMOS - PRI E INDEPENDIENTES,311. MARIA CARMEN NAHOE A VAKA,IND,5.0,False
761460,ISLA DE PASCUA,ISLA DE PASCUA,COLEGIO LORENZO BAEZA VEGA,1V,YW.UNIDAD POR EL APRUEBO PS PPD E INDEPENDIENTES,312. RICARDO HUMBERTO ESPINOZA ALVARADO,PPD,13.0,True
761461,ISLA DE PASCUA,ISLA DE PASCUA,COLEGIO LORENZO BAEZA VEGA,1V,YW.UNIDAD POR EL APRUEBO PS PPD E INDEPENDIENTES,313. ANTONIA LUCIA IKA PAKARATI,PPD,2.0,False
761462,ISLA DE PASCUA,ISLA DE PASCUA,COLEGIO LORENZO BAEZA VEGA,1V,YW.UNIDAD POR EL APRUEBO PS PPD E INDEPENDIENTES,314. JULIO ALBERTO HOTUS SALINAS,PPD,29.0,True
761463,ISLA DE PASCUA,ISLA DE PASCUA,COLEGIO LORENZO BAEZA VEGA,1V,ZG.CHILE VAMOS EVOPOLI - INDEPENDIENTES,315. RAFAEL JOVINO TUKI ,EVOPOLI,4.0,False
761464,ISLA DE PASCUA,ISLA DE PASCUA,COLEGIO LORENZO BAEZA VEGA,1V,ZG.CHILE VAMOS EVOPOLI - INDEPENDIENTES,316. GISELA MARIEL ROJAS ZAMORANO,EVOPOLI,3.0,False
761465,ISLA DE PASCUA,ISLA DE PASCUA,COLEGIO LORENZO BAEZA VEGA,1V,ZG.CHILE VAMOS EVOPOLI - INDEPENDIENTES,317. MIGUEL ANGEL AREVALO PAKARATI,IND,2.0,False
761466,ISLA DE PASCUA,ISLA DE PASCUA,COLEGIO LORENZO BAEZA VEGA,1V,ZG.CHILE VAMOS EVOPOLI - INDEPENDIENTES,318. NOERANGI TE ARIKI TEAVE JACOBY,IND,3.0,False
761467,ISLA DE PASCUA,ISLA DE PASCUA,COLEGIO LORENZO BAEZA VEGA,1V,ZG.CHILE VAMOS EVOPOLI - INDEPENDIENTES,319. JUAN BAUTISTA HAOA HOTUS,IND,9.0,True
761468,ISLA DE PASCUA,ISLA DE PASCUA,COLEGIO LORENZO BAEZA VEGA,1V,ZJ.CHILE VAMOS UDI - INDEPENDIENTES,320. PEDRO FERNANDO ATAN HITO,IND,2.0,False
761469,ISLA DE PASCUA,ISLA DE PASCUA,COLEGIO LORENZO BAEZA VEGA,2V,XK.CHILE VAMOS RENOVACION NACIONAL - INDEPENDIENTES,300. ANA JUANA JAQUELINE PATE HAOA,RN,20.0,False
761470,ISLA DE PASCUA,ISLA DE PASCUA,COLEGIO LORENZO BAEZA VEGA,2V,XK.CHILE VAMOS RENOVACION NACIONAL - INDEPENDIENTES,301. MAI HECTOR TEAO OSORIO,RN,12.0,True
761471,ISLA DE PASCUA,ISLA DE PASCUA,COLEGIO LORENZO BAEZA VEGA,2V,XK.CHILE VAMOS RENOVACION NACIONAL - INDEPENDIENTES,302. RICARDO SAMUEL ATAN TUKI,RN,3.0,False
761472,ISLA DE PASCUA,ISLA DE PASCUA,COLEGIO LORENZO BAEZA VEGA,2V,XK.CHILE VAMOS RENOVACION NACIONAL - INDEPENDIENTES,303. DOMINGO JAVIER HEREVERI MOLINA,IND,8.0,False
761473,ISLA DE PASCUA,ISLA DE PASCUA,COLEGIO LORENZO BAEZA VEGA,2V,XU.UNIDOS POR LA DIGNIDAD,304. MARTA RAQUEL HOTUS TUKI,PDC,29.0,True
761474,ISLA DE PASCUA,ISLA DE PASCUA,COLEGIO LORENZO BAEZA VEGA,2V,XU.UNIDOS POR LA DIGNIDAD,305. MARIA DEL CARMEN ICKA ARAKI,PDC,11.0,True
761475,ISLA DE PASCUA,ISLA DE PASCUA,COLEGIO LORENZO BAEZA VEGA,2V,XU.UNIDOS POR LA DIGNIDAD,306. KATHERINE MARTA ATAN RETAMALES,PDC,5.0,False
761476,ISLA DE PASCUA,ISLA DE PASCUA,COLEGIO LORENZO BAEZA VEGA,2V,XU.UNIDOS POR LA DIGNIDAD,307. VICTOR ENRIQUE IKA ACUÑA,IND,9.0,False
761477,ISLA DE PASCUA,ISLA DE PASCUA,COLEGIO LORENZO BAEZA VEGA,2V,XU.UNIDOS POR LA DIGNIDAD,308. TUKI HORO PARI ENERIKE TUKI DIAZ,IND,4.0,False
761478,ISLA DE PASCUA,ISLA DE PASCUA,COLEGIO LORENZO BAEZA VEGA,2V,XU.UNIDOS POR LA DIGNIDAD,309. DAYAN MARIE DREYER ENCINA,IND,1.0,False
761479,ISLA DE PASCUA,ISLA DE PASCUA,COLEGIO LORENZO BAEZA VEGA,2V,YM.CHILE VAMOS - PRI E INDEPENDIENTES,310. TULIO EUGENIO MUÑOZ VERGARA,IND,3.0,False
761480,ISLA DE PASCUA,ISLA DE PASCUA,COLEGIO LORENZO BAEZA VEGA,2V,YM.CHILE VAMOS - PRI E INDEPENDIENTES,311. MARIA CARMEN NAHOE A VAKA,IND,7.0,False
761481,ISLA DE PASCUA,ISLA DE PASCUA,COLEGIO LORENZO BAEZA VEGA,2V,YW.UNIDAD POR EL APRUEBO PS PPD E INDEPENDIENTES,312. RICARDO HUMBERTO ESPINOZA ALVARADO,PPD,18.0,True
761482,ISLA DE PASCUA,ISLA DE PASCUA,COLEGIO LORENZO BAEZA VEGA,2V,YW.UNIDAD POR EL APRUEBO PS PPD E INDEPENDIENTES,313. ANTONIA LUCIA IKA PAKARATI,PPD,2.0,False
761483,ISLA DE PASCUA,ISLA DE PASCUA,COLEGIO LORENZO BAEZA VEGA,2V,YW.UNIDAD POR EL APRUEBO PS PPD E INDEPENDIENTES,314. JULIO ALBERTO HOTUS SALINAS,PPD,14.0,True
761484,ISLA DE PASCUA,ISLA DE PASCUA,COLEGIO LORENZO BAEZA VEGA,2V,ZG.CHILE VAMOS EVOPOLI - INDEPENDIENTES,315. RAFAEL JOVINO TUKI ,EVOPOLI,6.0,False
761485,ISLA DE PASCUA,ISLA DE PASCUA,COLEGIO LORENZO BAEZA VEGA,2V,ZG.CHILE VAMOS EVOPOLI - INDEPENDIENTES,316. GISELA MARIEL ROJAS ZAMORANO,EVOPOLI,3.0,False
761486,ISLA DE PASCUA,ISLA DE PASCUA,COLEGIO LORENZO BAEZA VEGA,2V,ZG.CHILE VAMOS EVOPOLI - INDEPENDIENTES,317. MIGUEL ANGEL AREVALO PAKARATI,IND,5.0,False
761487,ISLA DE PASCUA,ISLA DE PASCUA,COLEGIO LORENZO BAEZA VEGA,2V,ZG.CHILE VAMOS EVOPOLI - INDEPENDIENTES,318. NOERANGI TE ARIKI TEAVE JACOBY,IND,2.0,False
761488,ISLA DE PASCUA,ISLA DE PASCUA,COLEGIO LORENZO BAEZA VEGA,2V,ZG.CHILE VAMOS EVOPOLI - INDEPENDIENTES,319. JUAN BAUTISTA HAOA HOTUS,IND,6.0,True
761489,ISLA DE PASCUA,ISLA DE PASCUA,COLEGIO LORENZO BAEZA VEGA,2V,ZJ.CHILE VAMOS UDI - INDEPENDIENTES,320. PEDRO FERNANDO ATAN HITO,IND,7.0,False
761490,ISLA DE PASCUA,ISLA DE PASCUA,COLEGIO LORENZO BAEZA VEGA,3V,XK.CHILE VAMOS RENOVACION NACIONAL - INDEPENDIENTES,300. ANA JUANA JAQUELINE PATE HAOA,RN,18.0,False
761491,ISLA DE PASCUA,ISLA DE PASCUA,COLEGIO LORENZO BAEZA VEGA,3V,XK.CHILE VAMOS RENOVACION NACIONAL - INDEPENDIENTES,301. MAI HECTOR TEAO OSORIO,RN,18.0,True
761492,ISLA DE PASCUA,ISLA DE PASCUA,COLEGIO LORENZO BAEZA VEGA,3V,XK.CHILE VAMOS RENOVACION NACIONAL - INDEPENDIENTES,302. RICARDO SAMUEL ATAN TUKI,RN,10.0,False
761493,ISLA DE PASCUA,ISLA DE PASCUA,COLEGIO LORENZO BAEZA VEGA,3V,XK.CHILE VAMOS RENOVACION NACIONAL - INDEPENDIENTES,303. DOMINGO JAVIER HEREVERI MOLINA,IND,8.0,False
761494,ISLA DE PASCUA,ISLA DE PASCUA,COLEGIO LORENZO BAEZA VEGA,3V,XU.UNIDOS POR LA DIGNIDAD,304. MARTA RAQUEL HOTUS TUKI,PDC,14.0,True
761495,ISLA DE PASCUA,ISLA DE PASCUA,COLEGIO LORENZO BAEZA VEGA,3V,XU.UNIDOS POR LA DIGNIDAD,305. MARIA DEL CARMEN ICKA ARAKI,PDC,17.0,True
761496,ISLA DE PASCUA,ISLA DE PASCUA,COLEGIO LORENZO BAEZA VEGA,3V,XU.UNIDOS POR LA DIGNIDAD,306. KATHERINE MARTA ATAN RETAMALES,PDC,6.0,False
761497,ISLA DE PASCUA,ISLA DE PASCUA,COLEGIO LORENZO BAEZA VEGA,3V,XU.UNIDOS POR LA DIGNIDAD,307. VICTOR ENRIQUE IKA ACUÑA,IND,8.0,False
761498,ISLA DE PASCUA,ISLA DE PASCUA,COLEGIO LORENZO BAEZA VEGA,3V,XU.UNIDOS POR LA DIGNIDAD,308. TUKI HORO PARI ENERIKE TUKI DIAZ,IND,3.0,False
761499,ISLA DE PASCUA,ISLA DE PASCUA,COLEGIO LORENZO BAEZA VEGA,3V,XU.UNIDOS POR LA DIGNIDAD,309. DAYAN MARIE DREYER ENCINA,IND,5.0,False
761500,ISLA DE PASCUA,ISLA DE PASCUA,COLEGIO LORENZO BAEZA VEGA,3V,YM.CHILE VAMOS - PRI E INDEPENDIENTES,310. TULIO EUGENIO MUÑOZ VERGARA,IND,2.0,False
761501,ISLA DE PASCUA,ISLA DE PASCUA,COLEGIO LORENZO BAEZA VEGA,3V,YM.CHILE VAMOS - PRI E INDEPENDIENTES,311. MARIA CARMEN NAHOE A VAKA,IND,6.0,False
761502,ISLA DE PASCUA,ISLA DE PASCUA,COLEGIO LORENZO BAEZA VEGA,3V,YW.UNIDAD POR EL APRUEBO PS PPD E INDEPENDIENTES,312. RICARDO HUMBERTO ESPINOZA ALVARADO,PPD,21.0,True
761503,ISLA DE PASCUA,ISLA DE PASCUA,COLEGIO LORENZO BAEZA VEGA,3V,YW.UNIDAD POR EL APRUEBO PS PPD E INDEPENDIENTES,313. ANTONIA LUCIA IKA PAKARATI,PPD,13.0,False
761504,ISLA DE PASCUA,ISLA DE PASCUA,COLEGIO LORENZO BAEZA VEGA,3V,YW.UNIDAD POR EL APRUEBO PS PPD E INDEPENDIENTES,314. JULIO ALBERTO HOTUS SALINAS,PPD,25.0,True
761505,ISLA DE PASCUA,ISLA DE PASCUA,COLEGIO LORENZO BAEZA VEGA,3V,ZG.CHILE VAMOS EVOPOLI - INDEPENDIENTES,315. RAFAEL JOVINO TUKI ,EVOPOLI,1.0,False
761506,ISLA DE PASCUA,ISLA DE PASCUA,COLEGIO LORENZO BAEZA VEGA,3V,ZG.CHILE VAMOS EVOPOLI - INDEPENDIENTES,316. GISELA MARIEL ROJAS ZAMORANO,EVOPOLI,4.0,False
761507,ISLA DE PASCUA,ISLA DE PASCUA,COLEGIO LORENZO BAEZA VEGA,3V,ZG.CHILE VAMOS EVOPOLI - INDEPENDIENTES,317. MIGUEL ANGEL AREVALO PAKARATI,IND,4.0,False
761508,ISLA DE PASCUA,ISLA DE PASCUA,COLEGIO LORENZO BAEZA VEGA,3V,ZG.CHILE VAMOS EVOPOLI - INDEPENDIENTES,318. NOERANGI TE ARIKI TEAVE JACOBY,IND,1.0,False
761509,ISLA DE PASCUA,ISLA DE PASCUA,COLEGIO LORENZO BAEZA VEGA,3V,ZG.CHILE VAMOS EVOPOLI - INDEPENDIENTES,319. JUAN BAUTISTA HAOA HOTUS,IND,14.0,True
761510,ISLA DE PASCUA,ISLA DE PASCUA,COLEGIO LORENZO BAEZA VEGA,3V,ZJ.CHILE VAMOS UDI - INDEPENDIENTES,320. PEDRO FERNANDO ATAN HITO,IND,4.0,False
761511,ISLA DE PASCUA,ISLA DE PASCUA,COLEGIO LORENZO BAEZA VEGA,4V,XK.CHILE VAMOS RENOVACION NACIONAL - INDEPENDIENTES,300. ANA JUANA JAQUELINE PATE HAOA,RN,15.0,False
761512,ISLA DE PASCUA,ISLA DE PASCUA,COLEGIO LORENZO BAEZA VEGA,4V,XK.CHILE VAMOS RENOVACION NACIONAL - INDEPENDIENTES,301. MAI HECTOR TEAO OSORIO,RN,18.0,True
761513,ISLA DE PASCUA,ISLA DE PASCUA,COLEGIO LORENZO BAEZA VEGA,4V,XK.CHILE VAMOS RENOVACION NACIONAL - INDEPENDIENTES,302. RICARDO SAMUEL ATAN TUKI,RN,5.0,False
761514,ISLA DE PASCUA,ISLA DE PASCUA,COLEGIO LORENZO BAEZA VEGA,4V,XK.CHILE VAMOS RENOVACION NACIONAL - INDEPENDIENTES,303. DOMINGO JAVIER HEREVERI MOLINA,IND,2.0,False
761515,ISLA DE PASCUA,ISLA DE PASCUA,COLEGIO LORENZO BAEZA VEGA,4V,XU.UNIDOS POR LA DIGNIDAD,304. MARTA RAQUEL HOTUS TUKI,PDC,24.0,True
761516,ISLA DE PASCUA,ISLA DE PASCUA,COLEGIO LORENZO BAEZA VEGA,4V,XU.UNIDOS POR LA DIGNIDAD,305. MARIA DEL CARMEN ICKA ARAKI,PDC,21.0,True
761517,ISLA DE PASCUA,ISLA DE PASCUA,COLEGIO LORENZO BAEZA VEGA,4V,XU.UNIDOS POR LA DIGNIDAD,306. KATHERINE MARTA ATAN RETAMALES,PDC,4.0,False
761518,ISLA DE PASCUA,ISLA DE PASCUA,COLEGIO LORENZO BAEZA VEGA,4V,XU.UNIDOS POR LA DIGNIDAD,307. VICTOR ENRIQUE IKA ACUÑA,IND,7.0,False
761519,ISLA DE PASCUA,ISLA DE PASCUA,COLEGIO LORENZO BAEZA VEGA,4V,XU.UNIDOS POR LA DIGNIDAD,308. TUKI HORO PARI ENERIKE TUKI DIAZ,IND,5.0,False
761520,ISLA DE PASCUA,ISLA DE PASCUA,COLEGIO LORENZO BAEZA VEGA,4V,XU.UNIDOS POR LA DIGNIDAD,309. DAYAN MARIE DREYER ENCINA,IND,0.0,False
761521,ISLA DE PASCUA,ISLA DE PASCUA,COLEGIO LORENZO BAEZA VEGA,4V,YM.CHILE VAMOS - PRI E INDEPENDIENTES,310. TULIO EUGENIO MUÑOZ VERGARA,IND,1.0,False
761522,ISLA DE PASCUA,ISLA DE PASCUA,COLEGIO LORENZO BAEZA VEGA,4V,YM.CHILE VAMOS - PRI E INDEPENDIENTES,311. MARIA CARMEN NAHOE A VAKA,IND,4.0,False
761523,ISLA DE PASCUA,ISLA DE PASCUA,COLEGIO LORENZO BAEZA VEGA,4V,YW.UNIDAD POR EL APRUEBO PS PPD E INDEPENDIENTES,312. RICARDO HUMBERTO ESPINOZA ALVARADO,PPD,22.0,True
761524,ISLA DE PASCUA,ISLA DE PASCUA,COLEGIO LORENZO BAEZA VEGA,4V,YW.UNIDAD POR EL APRUEBO PS PPD E INDEPENDIENTES,313. ANTONIA LUCIA IKA PAKARATI,PPD,7.0,False
761525,ISLA DE PASCUA,ISLA DE PASCUA,COLEGIO LORENZO BAEZA VEGA,4V,YW.UNIDAD POR EL APRUEBO PS PPD E INDEPENDIENTES,314. JULIO ALBERTO HOTUS SALINAS,PPD,18.0,True
761526,ISLA DE PASCUA,ISLA DE PASCUA,COLEGIO LORENZO BAEZA VEGA,4V,ZG.CHILE VAMOS EVOPOLI - INDEPENDIENTES,315. RAFAEL JOVINO TUKI ,EVOPOLI,2.0,False
761527,ISLA DE PASCUA,ISLA DE PASCUA,COLEGIO LORENZO BAEZA VEGA,4V,ZG.CHILE VAMOS EVOPOLI - INDEPENDIENTES,316. GISELA MARIEL ROJAS ZAMORANO,EVOPOLI,4.0,False
761528,ISLA DE PASCUA,ISLA DE PASCUA,COLEGIO LORENZO BAEZA VEGA,4V,ZG.CHILE VAMOS EVOPOLI - INDEPENDIENTES,317. MIGUEL ANGEL AREVALO PAKARATI,IND,9.0,False
761529,ISLA DE PASCUA,ISLA DE PASCUA,COLEGIO LORENZO BAEZA VEGA,4V,ZG.CHILE VAMOS EVOPOLI - INDEPENDIENTES,318. NOERANGI TE ARIKI TEAVE JACOBY,IND,2.0,False
761530,ISLA DE PASCUA,ISLA DE PASCUA,COLEGIO LORENZO BAEZA VEGA,4V,ZG.CHILE VAMOS EVOPOLI - INDEPENDIENTES,319. JUAN BAUTISTA HAOA HOTUS,IND,11.0,True
761531,ISLA DE PASCUA,ISLA DE PASCUA,COLEGIO LORENZO BAEZA VEGA,4V,ZJ.CHILE VAMOS UDI - INDEPENDIENTES,320. PEDRO FERNANDO ATAN HITO,IND,2.0,False
761532,ISLA DE PASCUA,ISLA DE PASCUA,COLEGIO LORENZO BAEZA VEGA,5V,XK.CHILE VAMOS RENOVACION NACIONAL - INDEPENDIENTES,300. ANA JUANA JAQUELINE PATE HAOA,RN,20.0,False
761533,ISLA DE PASCUA,ISLA DE PASCUA,COLEGIO LORENZO BAEZA VEGA,5V,XK.CHILE VAMOS RENOVACION NACIONAL - INDEPENDIENTES,301. MAI HECTOR TEAO OSORIO,RN,11.0,True
761534,ISLA DE PASCUA,ISLA DE PASCUA,COLEGIO LORENZO BAEZA VEGA,5V,XK.CHILE VAMOS RENOVACION NACIONAL - INDEPENDIENTES,302. RICARDO SAMUEL ATAN TUKI,RN,10.0,False
761535,ISLA DE PASCUA,ISLA DE PASCUA,COLEGIO LORENZO BAEZA VEGA,5V,XK.CHILE VAMOS RENOVACION NACIONAL - INDEPENDIENTES,303. DOMINGO JAVIER HEREVERI MOLINA,IND,6.0,False
761536,ISLA DE PASCUA,ISLA DE PASCUA,COLEGIO LORENZO BAEZA VEGA,5V,XU.UNIDOS POR LA DIGNIDAD,304. MARTA RAQUEL HOTUS TUKI,PDC,29.0,True
761537,ISLA DE PASCUA,ISLA DE PASCUA,COLEGIO LORENZO BAEZA VEGA,5V,XU.UNIDOS POR LA DIGNIDAD,305. MARIA DEL CARMEN ICKA ARAKI,PDC,17.0,True
761538,ISLA DE PASCUA,ISLA DE PASCUA,COLEGIO LORENZO BAEZA VEGA,5V,XU.UNIDOS POR LA DIGNIDAD,306. KATHERINE MARTA ATAN RETAMALES,PDC,6.0,False
761539,ISLA DE PASCUA,ISLA DE PASCUA,COLEGIO LORENZO BAEZA VEGA,5V,XU.UNIDOS POR LA DIGNIDAD,307. VICTOR ENRIQUE IKA ACUÑA,IND,10.0,False
761540,ISLA DE PASCUA,ISLA DE PASCUA,COLEGIO LORENZO BAEZA VEGA,5V,XU.UNIDOS POR LA DIGNIDAD,308. TUKI HORO PARI ENERIKE TUKI DIAZ,IND,5.0,False
761541,ISLA DE PASCUA,ISLA DE PASCUA,COLEGIO LORENZO BAEZA VEGA,5V,XU.UNIDOS POR LA DIGNIDAD,309. DAYAN MARIE DREYER ENCINA,IND,5.0,False
761542,ISLA DE PASCUA,ISLA DE PASCUA,COLEGIO LORENZO BAEZA VEGA,5V,YM.CHILE VAMOS - PRI E INDEPENDIENTES,310. TULIO EUGENIO MUÑOZ VERGARA,IND,3.0,False
761543,ISLA DE PASCUA,ISLA DE PASCUA,COLEGIO LORENZO BAEZA VEGA,5V,YM.CHILE VAMOS - PRI E INDEPENDIENTES,311. MARIA CARMEN NAHOE A VAKA,IND,4.0,False
761544,ISLA DE PASCUA,ISLA DE PASCUA,COLEGIO LORENZO BAEZA VEGA,5V,YW.UNIDAD POR EL APRUEBO PS PPD E INDEPENDIENTES,312. RICARDO HUMBERTO ESPINOZA ALVARADO,PPD,9.0,True
761545,ISLA DE PASCUA,ISLA DE PASCUA,COLEGIO LORENZO BAEZA VEGA,5V,YW.UNIDAD POR EL APRUEBO PS PPD E INDEPENDIENTES,313. ANTONIA LUCIA IKA PAKARATI,PPD,8.0,False
761546,ISLA DE PASCUA,ISLA DE PASCUA,COLEGIO LORENZO BAEZA VEGA,5V,YW.UNIDAD POR EL APRUEBO PS PPD E INDEPENDIENTES,314. JULIO ALBERTO HOTUS SALINAS,PPD,4.0,True
761547,ISLA DE PASCUA,ISLA DE PASCUA,COLEGIO LORENZO BAEZA VEGA,5V,ZG.CHILE VAMOS EVOPOLI - INDEPENDIENTES,315. RAFAEL JOVINO TUKI ,EVOPOLI,3.0,False
761548,ISLA DE PASCUA,ISLA DE PASCUA,COLEGIO LORENZO BAEZA VEGA,5V,ZG.CHILE VAMOS EVOPOLI - INDEPENDIENTES,316. GISELA MARIEL ROJAS ZAMORANO,EVOPOLI,4.0,False
761549,ISLA DE PASCUA,ISLA DE PASCUA,COLEGIO LORENZO BAEZA VEGA,5V,ZG.CHILE VAMOS EVOPOLI - INDEPENDIENTES,317. MIGUEL ANGEL AREVALO PAKARATI,IND,8.0,False
761550,ISLA DE PASCUA,ISLA DE PASCUA,COLEGIO LORENZO BAEZA VEGA,5V,ZG.CHILE VAMOS EVOPOLI - INDEPENDIENTES,318. NOERANGI TE ARIKI TEAVE JACOBY,IND,2.0,False
761551,ISLA DE PASCUA,ISLA DE PASCUA,COLEGIO LORENZO BAEZA VEGA,5V,ZG.CHILE VAMOS EVOPOLI - INDEPENDIENTES,319. JUAN BAUTISTA HAOA HOTUS,IND,14.0,True
761552,ISLA DE PASCUA,ISLA DE PASCUA,COLEGIO LORENZO BAEZA VEGA,5V,ZJ.CHILE VAMOS UDI - INDEPENDIENTES,320. PEDRO FERNANDO ATAN HITO,IND,5.0,False
761553,ISLA DE PASCUA,ISLA DE PASCUA,COLEGIO LORENZO BAEZA VEGA,6V,XK.CHILE VAMOS RENOVACION NACIONAL - INDEPENDIENTES,300. ANA JUANA JAQUELINE PATE HAOA,RN,11.0,False
761554,ISLA DE PASCUA,ISLA DE PASCUA,COLEGIO LORENZO BAEZA VEGA,6V,XK.CHILE VAMOS RENOVACION NACIONAL - INDEPENDIENTES,301. MAI HECTOR TEAO OSORIO,RN,11.0,True
761555,ISLA DE PASCUA,ISLA DE PASCUA,COLEGIO LORENZO BAEZA VEGA,6V,XK.CHILE VAMOS RENOVACION NACIONAL - INDEPENDIENTES,302. RICARDO SAMUEL ATAN TUKI,RN,2.0,False
761556,ISLA DE PASCUA,ISLA DE PASCUA,COLEGIO LORENZO BAEZA VEGA,6V,XK.CHILE VAMOS RENOVACION NACIONAL - INDEPENDIENTES,303. DOMINGO JAVIER HEREVERI MOLINA,IND,3.0,False
761557,ISLA DE PASCUA,ISLA DE PASCUA,COLEGIO LORENZO BAEZA VEGA,6V,XU.UNIDOS POR LA DIGNIDAD,304. MARTA RAQUEL HOTUS TUKI,PDC,15.0,True
761558,ISLA DE PASCUA,ISLA DE PASCUA,COLEGIO LORENZO BAEZA VEGA,6V,XU.UNIDOS POR LA DIGNIDAD,305. MARIA DEL CARMEN ICKA ARAKI,PDC,28.0,True
761559,ISLA DE PASCUA,ISLA DE PASCUA,COLEGIO LORENZO BAEZA VEGA,6V,XU.UNIDOS POR LA DIGNIDAD,306. KATHERINE MARTA ATAN RETAMALES,PDC,7.0,False
761560,ISLA DE PASCUA,ISLA DE PASCUA,COLEGIO LORENZO BAEZA VEGA,6V,XU.UNIDOS POR LA DIGNIDAD,307. VICTOR ENRIQUE IKA ACUÑA,IND,5.0,False
761561,ISLA DE PASCUA,ISLA DE PASCUA,COLEGIO LORENZO BAEZA VEGA,6V,XU.UNIDOS POR LA DIGNIDAD,308. TUKI HORO PARI ENERIKE TUKI DIAZ,IND,4.0,False
761562,ISLA DE PASCUA,ISLA DE PASCUA,COLEGIO LORENZO BAEZA VEGA,6V,XU.UNIDOS POR LA DIGNIDAD,309. DAYAN MARIE DREYER ENCINA,IND,2.0,False
761563,ISLA DE PASCUA,ISLA DE PASCUA,COLEGIO LORENZO BAEZA VEGA,6V,YM.CHILE VAMOS - PRI E INDEPENDIENTES,310. TULIO EUGENIO MUÑOZ VERGARA,IND,7.0,False
761564,ISLA DE PASCUA,ISLA DE PASCUA,COLEGIO LORENZO BAEZA VEGA,6V,YM.CHILE VAMOS - PRI E INDEPENDIENTES,311. MARIA CARMEN NAHOE A VAKA,IND,5.0,False
761565,ISLA DE PASCUA,ISLA DE PASCUA,COLEGIO LORENZO BAEZA VEGA,6V,YW.UNIDAD POR EL APRUEBO PS PPD E INDEPENDIENTES,312. RICARDO HUMBERTO ESPINOZA ALVARADO,PPD,19.0,True
761566,ISLA DE PASCUA,ISLA DE PASCUA,COLEGIO LORENZO BAEZA VEGA,6V,YW.UNIDAD POR EL APRUEBO PS PPD E INDEPENDIENTES,313. ANTONIA LUCIA IKA PAKARATI,PPD,7.0,False
761567,ISLA DE PASCUA,ISLA DE PASCUA,COLEGIO LORENZO BAEZA VEGA,6V,YW.UNIDAD POR EL APRUEBO PS PPD E INDEPENDIENTES,314. JULIO ALBERTO HOTUS SALINAS,PPD,20.0,True
761568,ISLA DE PASCUA,ISLA DE PASCUA,COLEGIO LORENZO BAEZA VEGA,6V,ZG.CHILE VAMOS EVOPOLI - INDEPENDIENTES,315. RAFAEL JOVINO TUKI ,EVOPOLI,5.0,False
761569,ISLA DE PASCUA,ISLA DE PASCUA,COLEGIO LORENZO BAEZA VEGA,6V,ZG.CHILE VAMOS EVOPOLI - INDEPENDIENTES,316. GISELA MARIEL ROJAS ZAMORANO,EVOPOLI,6.0,False
761570,ISLA DE PASCUA,ISLA DE PASCUA,COLEGIO LORENZO BAEZA VEGA,6V,ZG.CHILE VAMOS EVOPOLI - INDEPENDIENTES,317. MIGUEL ANGEL AREVALO PAKARATI,IND,2.0,False
761571,ISLA DE PASCUA,ISLA DE PASCUA,COLEGIO LORENZO BAEZA VEGA,6V,ZG.CHILE VAMOS EVOPOLI - INDEPENDIENTES,318. NOERANGI TE ARIKI TEAVE JACOBY,IND,2.0,False
761572,ISLA DE PASCUA,ISLA DE PASCUA,COLEGIO LORENZO BAEZA VEGA,6V,ZG.CHILE VAMOS EVOPOLI - INDEPENDIENTES,319. JUAN BAUTISTA HAOA HOTUS,IND,7.0,True
761573,ISLA DE PASCUA,ISLA DE PASCUA,COLEGIO LORENZO BAEZA VEGA,6V,ZJ.CHILE VAMOS UDI - INDEPENDIENTES,320. PEDRO FERNANDO ATAN HITO,IND,8.0,False
761574,ISLA DE PASCUA,ISLA DE PASCUA,COLEGIO LORENZO BAEZA VEGA,7,XK.CHILE VAMOS RENOVACION NACIONAL - INDEPENDIENTES,300. ANA JUANA JAQUELINE PATE HAOA,RN,10.0,False
761575,ISLA DE PASCUA,ISLA DE PASCUA,COLEGIO LORENZO BAEZA VEGA,7,XK.CHILE VAMOS RENOVACION NACIONAL - INDEPENDIENTES,301. MAI HECTOR TEAO OSORIO,RN,23.0,True
761576,ISLA DE PASCUA,ISLA DE PASCUA,COLEGIO LORENZO BAEZA VEGA,7,XK.CHILE VAMOS RENOVACION NACIONAL - INDEPENDIENTES,302. RICARDO SAMUEL ATAN TUKI,RN,3.0,False
761577,ISLA DE PASCUA,ISLA DE PASCUA,COLEGIO LORENZO BAEZA VEGA,7,XK.CHILE VAMOS RENOVACION NACIONAL - INDEPENDIENTES,303. DOMINGO JAVIER HEREVERI MOLINA,IND,4.0,False
761578,ISLA DE PASCUA,ISLA DE PASCUA,COLEGIO LORENZO BAEZA VEGA,7,XU.UNIDOS POR LA DIGNIDAD,304. MARTA RAQUEL HOTUS TUKI,PDC,16.0,True
761579,ISLA DE PASCUA,ISLA DE PASCUA,COLEGIO LORENZO BAEZA VEGA,7,XU.UNIDOS POR LA DIGNIDAD,305. MARIA DEL CARMEN ICKA ARAKI,PDC,14.0,True
761580,ISLA DE PASCUA,ISLA DE PASCUA,COLEGIO LORENZO BAEZA VEGA,7,XU.UNIDOS POR LA DIGNIDAD,306. KATHERINE MARTA ATAN RETAMALES,PDC,5.0,False
761581,ISLA DE PASCUA,ISLA DE PASCUA,COLEGIO LORENZO BAEZA VEGA,7,XU.UNIDOS POR LA DIGNIDAD,307. VICTOR ENRIQUE IKA ACUÑA,IND,4.0,False
761582,ISLA DE PASCUA,ISLA DE PASCUA,COLEGIO LORENZO BAEZA VEGA,7,XU.UNIDOS POR LA DIGNIDAD,308. TUKI HORO PARI ENERIKE TUKI DIAZ,IND,4.0,False
761583,ISLA DE PASCUA,ISLA DE PASCUA,COLEGIO LORENZO BAEZA VEGA,7,XU.UNIDOS POR LA DIGNIDAD,309. DAYAN MARIE DREYER ENCINA,IND,1.0,False
761584,ISLA DE PASCUA,ISLA DE PASCUA,COLEGIO LORENZO BAEZA VEGA,7,YM.CHILE VAMOS - PRI E INDEPENDIENTES,310. TULIO EUGENIO MUÑOZ VERGARA,IND,2.0,False
761585,ISLA DE PASCUA,ISLA DE PASCUA,COLEGIO LORENZO BAEZA VEGA,7,YM.CHILE VAMOS - PRI E INDEPENDIENTES,311. MARIA CARMEN NAHOE A VAKA,IND,2.0,False
761586,ISLA DE PASCUA,ISLA DE PASCUA,COLEGIO LORENZO BAEZA VEGA,7,YW.UNIDAD POR EL APRUEBO PS PPD E INDEPENDIENTES,312. RICARDO HUMBERTO ESPINOZA ALVARADO,PPD,7.0,True
761587,ISLA DE PASCUA,ISLA DE PASCUA,COLEGIO LORENZO BAEZA VEGA,7,YW.UNIDAD POR EL APRUEBO PS PPD E INDEPENDIENTES,313. ANTONIA LUCIA IKA PAKARATI,PPD,7.0,False
761588,ISLA DE PASCUA,ISLA DE PASCUA,COLEGIO LORENZO BAEZA VEGA,7,YW.UNIDAD POR EL APRUEBO PS PPD E INDEPENDIENTES,314. JULIO ALBERTO HOTUS SALINAS,PPD,13.0,True
761589,ISLA DE PASCUA,ISLA DE PASCUA,COLEGIO LORENZO BAEZA VEGA,7,ZG.CHILE VAMOS EVOPOLI - INDEPENDIENTES,315. RAFAEL JOVINO TUKI ,EVOPOLI,2.0,False
761590,ISLA DE PASCUA,ISLA DE PASCUA,COLEGIO LORENZO BAEZA VEGA,7,ZG.CHILE VAMOS EVOPOLI - INDEPENDIENTES,316. GISELA MARIEL ROJAS ZAMORANO,EVOPOLI,7.0,False
761591,ISLA DE PASCUA,ISLA DE PASCUA,COLEGIO LORENZO BAEZA VEGA,7,ZG.CHILE VAMOS EVOPOLI - INDEPENDIENTES,317. MIGUEL ANGEL AREVALO PAKARATI,IND,4.0,False
761592,ISLA DE PASCUA,ISLA DE PASCUA,COLEGIO LORENZO BAEZA VEGA,7,ZG.CHILE VAMOS EVOPOLI - INDEPENDIENTES,318. NOERANGI TE ARIKI TEAVE JACOBY,IND,5.0,False
761593,ISLA DE PASCUA,ISLA DE PASCUA,COLEGIO LORENZO BAEZA VEGA,7,ZG.CHILE VAMOS EVOPOLI - INDEPENDIENTES,319. JUAN BAUTISTA HAOA HOTUS,IND,23.0,True
761594,ISLA DE PASCUA,ISLA DE PASCUA,COLEGIO LORENZO BAEZA VEGA,7,ZJ.CHILE VAMOS UDI - INDEPENDIENTES,320. PEDRO FERNANDO ATAN HITO,IND,2.0,False
761595,ISLA DE PASCUA,ISLA DE PASCUA,COLEGIO LORENZO BAEZA VEGA,8,XK.CHILE VAMOS RENOVACION NACIONAL - INDEPENDIENTES,300. ANA JUANA JAQUELINE PATE HAOA,RN,10.0,False
761596,ISLA DE PASCUA,ISLA DE PASCUA,COLEGIO LORENZO BAEZA VEGA,8,XK.CHILE VAMOS RENOVACION NACIONAL - INDEPENDIENTES,301. MAI HECTOR TEAO OSORIO,RN,12.0,True
761597,ISLA DE PASCUA,ISLA DE PASCUA,COLEGIO LORENZO BAEZA VEGA,8,XK.CHILE VAMOS RENOVACION NACIONAL - INDEPENDIENTES,302. RICARDO SAMUEL ATAN TUKI,RN,5.0,False
761598,ISLA DE PASCUA,ISLA DE PASCUA,COLEGIO LORENZO BAEZA VEGA,8,XK.CHILE VAMOS RENOVACION NACIONAL - INDEPENDIENTES,303. DOMINGO JAVIER HEREVERI MOLINA,IND,1.0,False
761599,ISLA DE PASCUA,ISLA DE PASCUA,COLEGIO LORENZO BAEZA VEGA,8,XU.UNIDOS POR LA DIGNIDAD,304. MARTA RAQUEL HOTUS TUKI,PDC,20.0,True
761600,ISLA DE PASCUA,ISLA DE PASCUA,COLEGIO LORENZO BAEZA VEGA,8,XU.UNIDOS POR LA DIGNIDAD,305. MARIA DEL CARMEN ICKA ARAKI,PDC,15.0,True
761601,ISLA DE PASCUA,ISLA DE PASCUA,COLEGIO LORENZO BAEZA VEGA,8,XU.UNIDOS POR LA DIGNIDAD,306. KATHERINE MARTA ATAN RETAMALES,PDC,2.0,False
761602,ISLA DE PASCUA,ISLA DE PASCUA,COLEGIO LORENZO BAEZA VEGA,8,XU.UNIDOS POR LA DIGNIDAD,307. VICTOR ENRIQUE IKA ACUÑA,IND,3.0,False
761603,ISLA DE PASCUA,ISLA DE PASCUA,COLEGIO LORENZO BAEZA VEGA,8,XU.UNIDOS POR LA DIGNIDAD,308. TUKI HORO PARI ENERIKE TUKI DIAZ,IND,3.0,False
761604,ISLA DE PASCUA,ISLA DE PASCUA,COLEGIO LORENZO BAEZA VEGA,8,XU.UNIDOS POR LA DIGNIDAD,309. DAYAN MARIE DREYER ENCINA,IND,2.0,False
761605,ISLA DE PASCUA,ISLA DE PASCUA,COLEGIO LORENZO BAEZA VEGA,8,YM.CHILE VAMOS - PRI E INDEPENDIENTES,310. TULIO EUGENIO MUÑOZ VERGARA,IND,3.0,False
761606,ISLA DE PASCUA,ISLA DE PASCUA,COLEGIO LORENZO BAEZA VEGA,8,YM.CHILE VAMOS - PRI E INDEPENDIENTES,311. MARIA CARMEN NAHOE A VAKA,IND,9.0,False
761607,ISLA DE PASCUA,ISLA DE PASCUA,COLEGIO LORENZO BAEZA VEGA,8,YW.UNIDAD POR EL APRUEBO PS PPD E INDEPENDIENTES,312. RICARDO HUMBERTO ESPINOZA ALVARADO,PPD,9.0,True
761608,ISLA DE PASCUA,ISLA DE PASCUA,COLEGIO LORENZO BAEZA VEGA,8,YW.UNIDAD POR EL APRUEBO PS PPD E INDEPENDIENTES,313. ANTONIA LUCIA IKA PAKARATI,PPD,7.0,False
761609,ISLA DE PASCUA,ISLA DE PASCUA,COLEGIO LORENZO BAEZA VEGA,8,YW.UNIDAD POR EL APRUEBO PS PPD E INDEPENDIENTES,314. JULIO ALBERTO HOTUS SALINAS,PPD,17.0,True
761610,ISLA DE PASCUA,ISLA DE PASCUA,COLEGIO LORENZO BAEZA VEGA,8,ZG.CHILE VAMOS EVOPOLI - INDEPENDIENTES,315. RAFAEL JOVINO TUKI ,EVOPOLI,3.0,False
761611,ISLA DE PASCUA,ISLA DE PASCUA,COLEGIO LORENZO BAEZA VEGA,8,ZG.CHILE VAMOS EVOPOLI - INDEPENDIENTES,316. GISELA MARIEL ROJAS ZAMORANO,EVOPOLI,5.0,False
761612,ISLA DE PASCUA,ISLA DE PASCUA,COLEGIO LORENZO BAEZA VEGA,8,ZG.CHILE VAMOS EVOPOLI - INDEPENDIENTES,317. MIGUEL ANGEL AREVALO PAKARATI,IND,2.0,False
761613,ISLA DE PASCUA,ISLA DE PASCUA,COLEGIO LORENZO BAEZA VEGA,8,ZG.CHILE VAMOS EVOPOLI - INDEPENDIENTES,318. NOERANGI TE ARIKI TEAVE JACOBY,IND,2.0,False
761614,ISLA DE PASCUA,ISLA DE PASCUA,COLEGIO LORENZO BAEZA VEGA,8,ZG.CHILE VAMOS EVOPOLI - INDEPENDIENTES,319. JUAN BAUTISTA HAOA HOTUS,IND,7.0,True
761615,ISLA DE PASCUA,ISLA DE PASCUA,COLEGIO LORENZO BAEZA VEGA,8,ZJ.CHILE VAMOS UDI - INDEPENDIENTES,320. PEDRO FERNANDO ATAN HITO,IND,7.0,False
761616,ISLA DE PASCUA,ISLA DE PASCUA,COLEGIO LORENZO BAEZA VEGA,9,XK.CHILE VAMOS RENOVACION NACIONAL - INDEPENDIENTES,300. ANA JUANA JAQUELINE PATE HAOA,RN,8.0,False
761617,ISLA DE PASCUA,ISLA DE PASCUA,COLEGIO LORENZO BAEZA VEGA,9,XK.CHILE VAMOS RENOVACION NACIONAL - INDEPENDIENTES,301. MAI HECTOR TEAO OSORIO,RN,8.0,True
761618,ISLA DE PASCUA,ISLA DE PASCUA,COLEGIO LORENZO BAEZA VEGA,9,XK.CHILE VAMOS RENOVACION NACIONAL - INDEPENDIENTES,302. RICARDO SAMUEL ATAN TUKI,RN,2.0,False
761619,ISLA DE PASCUA,ISLA DE PASCUA,COLEGIO LORENZO BAEZA VEGA,9,XK.CHILE VAMOS RENOVACION NACIONAL - INDEPENDIENTES,303. DOMINGO JAVIER HEREVERI MOLINA,IND,1.0,False
761620,ISLA DE PASCUA,ISLA DE PASCUA,COLEGIO LORENZO BAEZA VEGA,9,XU.UNIDOS POR LA DIGNIDAD,304. MARTA RAQUEL HOTUS TUKI,PDC,22.0,True
761621,ISLA DE PASCUA,ISLA DE PASCUA,COLEGIO LORENZO BAEZA VEGA,9,XU.UNIDOS POR LA DIGNIDAD,305. MARIA DEL CARMEN ICKA ARAKI,PDC,12.0,True
761622,ISLA DE PASCUA,ISLA DE PASCUA,COLEGIO LORENZO BAEZA VEGA,9,XU.UNIDOS POR LA DIGNIDAD,306. KATHERINE MARTA ATAN RETAMALES,PDC,8.0,False
761623,ISLA DE PASCUA,ISLA DE PASCUA,COLEGIO LORENZO BAEZA VEGA,9,XU.UNIDOS POR LA DIGNIDAD,307. VICTOR ENRIQUE IKA ACUÑA,IND,6.0,False
761624,ISLA DE PASCUA,ISLA DE PASCUA,COLEGIO LORENZO BAEZA VEGA,9,XU.UNIDOS POR LA DIGNIDAD,308. TUKI HORO PARI ENERIKE TUKI DIAZ,IND,1.0,False
761625,ISLA DE PASCUA,ISLA DE PASCUA,COLEGIO LORENZO BAEZA VEGA,9,XU.UNIDOS POR LA DIGNIDAD,309. DAYAN MARIE DREYER ENCINA,IND,4.0,False
761626,ISLA DE PASCUA,ISLA DE PASCUA,COLEGIO LORENZO BAEZA VEGA,9,YM.CHILE VAMOS - PRI E INDEPENDIENTES,310. TULIO EUGENIO MUÑOZ VERGARA,IND,5.0,False
761627,ISLA DE PASCUA,ISLA DE PASCUA,COLEGIO LORENZO BAEZA VEGA,9,YM.CHILE VAMOS - PRI E INDEPENDIENTES,311. MARIA CARMEN NAHOE A VAKA,IND,5.0,False
761628,ISLA DE PASCUA,ISLA DE PASCUA,COLEGIO LORENZO BAEZA VEGA,9,YW.UNIDAD POR EL APRUEBO PS PPD E INDEPENDIENTES,312. RICARDO HUMBERTO ESPINOZA ALVARADO,PPD,11.0,True
761629,ISLA DE PASCUA,ISLA DE PASCUA,COLEGIO LORENZO BAEZA VEGA,9,YW.UNIDAD POR EL APRUEBO PS PPD E INDEPENDIENTES,313. ANTONIA LUCIA IKA PAKARATI,PPD,6.0,False
761630,ISLA DE PASCUA,ISLA DE PASCUA,COLEGIO LORENZO BAEZA VEGA,9,YW.UNIDAD POR EL APRUEBO PS PPD E INDEPENDIENTES,314. JULIO ALBERTO HOTUS SALINAS,PPD,13.0,True
761631,ISLA DE PASCUA,ISLA DE PASCUA,COLEGIO LORENZO BAEZA VEGA,9,ZG.CHILE VAMOS EVOPOLI - INDEPENDIENTES,315. RAFAEL JOVINO TUKI ,EVOPOLI,5.0,False
761632,ISLA DE PASCUA,ISLA DE PASCUA,COLEGIO LORENZO BAEZA VEGA,9,ZG.CHILE VAMOS EVOPOLI - INDEPENDIENTES,316. GISELA MARIEL ROJAS ZAMORANO,EVOPOLI,11.0,False
761633,ISLA DE PASCUA,ISLA DE PASCUA,COLEGIO LORENZO BAEZA VEGA,9,ZG.CHILE VAMOS EVOPOLI - INDEPENDIENTES,317. MIGUEL ANGEL AREVALO PAKARATI,IND,5.0,False
761634,ISLA DE PASCUA,ISLA DE PASCUA,COLEGIO LORENZO BAEZA VEGA,9,ZG.CHILE VAMOS EVOPOLI - INDEPENDIENTES,318. NOERANGI TE ARIKI TEAVE JACOBY,IND,7.0,False
761635,ISLA DE PASCUA,ISLA DE PASCUA,COLEGIO LORENZO BAEZA VEGA,9,ZG.CHILE VAMOS EVOPOLI - INDEPENDIENTES,319. JUAN BAUTISTA HAOA HOTUS,IND,11.0,True
761636,ISLA DE PASCUA,ISLA DE PASCUA,COLEGIO LORENZO BAEZA VEGA,9,ZJ.CHILE VAMOS UDI - INDEPENDIENTES,320. PEDRO FERNANDO ATAN HITO,IND,3.0,False
761637,ISLA DE PASCUA,ISLA DE PASCUA,COLEGIO LORENZO BAEZA VEGA,10,XK.CHILE VAMOS RENOVACION NACIONAL - INDEPENDIENTES,300. ANA JUANA JAQUELINE PATE HAOA,RN,5.0,False
761638,ISLA DE PASCUA,ISLA DE PASCUA,COLEGIO LORENZO BAEZA VEGA,10,XK.CHILE VAMOS RENOVACION NACIONAL - INDEPENDIENTES,301. MAI HECTOR TEAO OSORIO,RN,13.0,True
761639,ISLA DE PASCUA,ISLA DE PASCUA,COLEGIO LORENZO BAEZA VEGA,10,XK.CHILE VAMOS RENOVACION NACIONAL - INDEPENDIENTES,302. RICARDO SAMUEL ATAN TUKI,RN,2.0,False
761640,ISLA DE PASCUA,ISLA DE PASCUA,COLEGIO LORENZO BAEZA VEGA,10,XK.CHILE VAMOS RENOVACION NACIONAL - INDEPENDIENTES,303. DOMINGO JAVIER HEREVERI MOLINA,IND,0.0,False
761641,ISLA DE PASCUA,ISLA DE PASCUA,COLEGIO LORENZO BAEZA VEGA,10,XU.UNIDOS POR LA DIGNIDAD,304. MARTA RAQUEL HOTUS TUKI,PDC,16.0,True
761642,ISLA DE PASCUA,ISLA DE PASCUA,COLEGIO LORENZO BAEZA VEGA,10,XU.UNIDOS POR LA DIGNIDAD,305. MARIA DEL CARMEN ICKA ARAKI,PDC,12.0,True
761643,ISLA DE PASCUA,ISLA DE PASCUA,COLEGIO LORENZO BAEZA VEGA,10,XU.UNIDOS POR LA DIGNIDAD,306. KATHERINE MARTA ATAN RETAMALES,PDC,3.0,False
761644,ISLA DE PASCUA,ISLA DE PASCUA,COLEGIO LORENZO BAEZA VEGA,10,XU.UNIDOS POR LA DIGNIDAD,307. VICTOR ENRIQUE IKA ACUÑA,IND,2.0,False
761645,ISLA DE PASCUA,ISLA DE PASCUA,COLEGIO LORENZO BAEZA VEGA,10,XU.UNIDOS POR LA DIGNIDAD,308. TUKI HORO PARI ENERIKE TUKI DIAZ,IND,3.0,False
761646,ISLA DE PASCUA,ISLA DE PASCUA,COLEGIO LORENZO BAEZA VEGA,10,XU.UNIDOS POR LA DIGNIDAD,309. DAYAN MARIE DREYER ENCINA,IND,4.0,False
761647,ISLA DE PASCUA,ISLA DE PASCUA,COLEGIO LORENZO BAEZA VEGA,10,YM.CHILE VAMOS - PRI E INDEPENDIENTES,310. TULIO EUGENIO MUÑOZ VERGARA,IND,4.0,False
761648,ISLA DE PASCUA,ISLA DE PASCUA,COLEGIO LORENZO BAEZA VEGA,10,YM.CHILE VAMOS - PRI E INDEPENDIENTES,311. MARIA CARMEN NAHOE A VAKA,IND,3.0,False
761649,ISLA DE PASCUA,ISLA DE PASCUA,COLEGIO LORENZO BAEZA VEGA,10,YW.UNIDAD POR EL APRUEBO PS PPD E INDEPENDIENTES,312. RICARDO HUMBERTO ESPINOZA ALVARADO,PPD,16.0,True
761650,ISLA DE PASCUA,ISLA DE PASCUA,COLEGIO LORENZO BAEZA VEGA,10,YW.UNIDAD POR EL APRUEBO PS PPD E INDEPENDIENTES,313. ANTONIA LUCIA IKA PAKARATI,PPD,6.0,False
761651,ISLA DE PASCUA,ISLA DE PASCUA,COLEGIO LORENZO BAEZA VEGA,10,YW.UNIDAD POR EL APRUEBO PS PPD E INDEPENDIENTES,314. JULIO ALBERTO HOTUS SALINAS,PPD,12.0,True
761652,ISLA DE PASCUA,ISLA DE PASCUA,COLEGIO LORENZO BAEZA VEGA,10,ZG.CHILE VAMOS EVOPOLI - INDEPENDIENTES,315. RAFAEL JOVINO TUKI ,EVOPOLI,1.0,False
761653,ISLA DE PASCUA,ISLA DE PASCUA,COLEGIO LORENZO BAEZA VEGA,10,ZG.CHILE VAMOS EVOPOLI - INDEPENDIENTES,316. GISELA MARIEL ROJAS ZAMORANO,EVOPOLI,8.0,False
761654,ISLA DE PASCUA,ISLA DE PASCUA,COLEGIO LORENZO BAEZA VEGA,10,ZG.CHILE VAMOS EVOPOLI - INDEPENDIENTES,317. MIGUEL ANGEL AREVALO PAKARATI,IND,4.0,False
761655,ISLA DE PASCUA,ISLA DE PASCUA,COLEGIO LORENZO BAEZA VEGA,10,ZG.CHILE VAMOS EVOPOLI - INDEPENDIENTES,318. NOERANGI TE ARIKI TEAVE JACOBY,IND,7.0,False
761656,ISLA DE PASCUA,ISLA DE PASCUA,COLEGIO LORENZO BAEZA VEGA,10,ZG.CHILE VAMOS EVOPOLI - INDEPENDIENTES,319. JUAN BAUTISTA HAOA HOTUS,IND,12.0,True
761657,ISLA DE PASCUA,ISLA DE PASCUA,COLEGIO LORENZO BAEZA VEGA,10,ZJ.CHILE VAMOS UDI - INDEPENDIENTES,320. PEDRO FERNANDO ATAN HITO,IND,3.0,False
761658,ISLA DE PASCUA,ISLA DE PASCUA,COLEGIO LORENZO BAEZA VEGA,11,XK.CHILE VAMOS RENOVACION NACIONAL - INDEPENDIENTES,300. ANA JUANA JAQUELINE PATE HAOA,RN,12.0,False
761659,ISLA DE PASCUA,ISLA DE PASCUA,COLEGIO LORENZO BAEZA VEGA,11,XK.CHILE VAMOS RENOVACION NACIONAL - INDEPENDIENTES,301. MAI HECTOR TEAO OSORIO,RN,14.0,True
761660,ISLA DE PASCUA,ISLA DE PASCUA,COLEGIO LORENZO BAEZA VEGA,11,XK.CHILE VAMOS RENOVACION NACIONAL - INDEPENDIENTES,302. RICARDO SAMUEL ATAN TUKI,RN,3.0,False
761661,ISLA DE PASCUA,ISLA DE PASCUA,COLEGIO LORENZO BAEZA VEGA,11,XK.CHILE VAMOS RENOVACION NACIONAL - INDEPENDIENTES,303. DOMINGO JAVIER HEREVERI MOLINA,IND,1.0,False
761662,ISLA DE PASCUA,ISLA DE PASCUA,COLEGIO LORENZO BAEZA VEGA,11,XU.UNIDOS POR LA DIGNIDAD,304. MARTA RAQUEL HOTUS TUKI,PDC,19.0,True
761663,ISLA DE PASCUA,ISLA DE PASCUA,COLEGIO LORENZO BAEZA VEGA,11,XU.UNIDOS POR LA DIGNIDAD,305. MARIA DEL CARMEN ICKA ARAKI,PDC,18.0,True
761664,ISLA DE PASCUA,ISLA DE PASCUA,COLEGIO LORENZO BAEZA VEGA,11,XU.UNIDOS POR LA DIGNIDAD,306. KATHERINE MARTA ATAN RETAMALES,PDC,6.0,False
761665,ISLA DE PASCUA,ISLA DE PASCUA,COLEGIO LORENZO BAEZA VEGA,11,XU.UNIDOS POR LA DIGNIDAD,307. VICTOR ENRIQUE IKA ACUÑA,IND,13.0,False
761666,ISLA DE PASCUA,ISLA DE PASCUA,COLEGIO LORENZO BAEZA VEGA,11,XU.UNIDOS POR LA DIGNIDAD,308. TUKI HORO PARI ENERIKE TUKI DIAZ,IND,5.0,False
761667,ISLA DE PASCUA,ISLA DE PASCUA,COLEGIO LORENZO BAEZA VEGA,11,XU.UNIDOS POR LA DIGNIDAD,309. DAYAN MARIE DREYER ENCINA,IND,7.0,False
761668,ISLA DE PASCUA,ISLA DE PASCUA,COLEGIO LORENZO BAEZA VEGA,11,YM.CHILE VAMOS - PRI E INDEPENDIENTES,310. TULIO EUGENIO MUÑOZ VERGARA,IND,1.0,False
761669,ISLA DE PASCUA,ISLA DE PASCUA,COLEGIO LORENZO BAEZA VEGA,11,YM.CHILE VAMOS - PRI E INDEPENDIENTES,311. MARIA CARMEN NAHOE A VAKA,IND,8.0,False
761670,ISLA DE PASCUA,ISLA DE PASCUA,COLEGIO LORENZO BAEZA VEGA,11,YW.UNIDAD POR EL APRUEBO PS PPD E INDEPENDIENTES,312. RICARDO HUMBERTO ESPINOZA ALVARADO,PPD,9.0,True
761671,ISLA DE PASCUA,ISLA DE PASCUA,COLEGIO LORENZO BAEZA VEGA,11,YW.UNIDAD POR EL APRUEBO PS PPD E INDEPENDIENTES,313. ANTONIA LUCIA IKA PAKARATI,PPD,5.0,False
761672,ISLA DE PASCUA,ISLA DE PASCUA,COLEGIO LORENZO BAEZA VEGA,11,YW.UNIDAD POR EL APRUEBO PS PPD E INDEPENDIENTES,314. JULIO ALBERTO HOTUS SALINAS,PPD,18.0,True
761673,ISLA DE PASCUA,ISLA DE PASCUA,COLEGIO LORENZO BAEZA VEGA,11,ZG.CHILE VAMOS EVOPOLI - INDEPENDIENTES,315. RAFAEL JOVINO TUKI ,EVOPOLI,3.0,False
761674,ISLA DE PASCUA,ISLA DE PASCUA,COLEGIO LORENZO BAEZA VEGA,11,ZG.CHILE VAMOS EVOPOLI - INDEPENDIENTES,316. GISELA MARIEL ROJAS ZAMORANO,EVOPOLI,19.0,False
761675,ISLA DE PASCUA,ISLA DE PASCUA,COLEGIO LORENZO BAEZA VEGA,11,ZG.CHILE VAMOS EVOPOLI - INDEPENDIENTES,317. MIGUEL ANGEL AREVALO PAKARATI,IND,10.0,False
761676,ISLA DE PASCUA,ISLA DE PASCUA,COLEGIO LORENZO BAEZA VEGA,11,ZG.CHILE VAMOS EVOPOLI - INDEPENDIENTES,318. NOERANGI TE ARIKI TEAVE JACOBY,IND,6.0,False
761677,ISLA DE PASCUA,ISLA DE PASCUA,COLEGIO LORENZO BAEZA VEGA,11,ZG.CHILE VAMOS EVOPOLI - INDEPENDIENTES,319. JUAN BAUTISTA HAOA HOTUS,IND,8.0,True
761678,ISLA DE PASCUA,ISLA DE PASCUA,COLEGIO LORENZO BAEZA VEGA,11,ZJ.CHILE VAMOS UDI - INDEPENDIENTES,320. PEDRO FERNANDO ATAN HITO,IND,2.0,False
761679,ISLA DE PASCUA,ISLA DE PASCUA,COLEGIO LORENZO BAEZA VEGA,12,XK.CHILE VAMOS RENOVACION NACIONAL - INDEPENDIENTES,300. ANA JUANA JAQUELINE PATE HAOA,RN,10.0,False
761680,ISLA DE PASCUA,ISLA DE PASCUA,COLEGIO LORENZO BAEZA VEGA,12,XK.CHILE VAMOS RENOVACION NACIONAL - INDEPENDIENTES,301. MAI HECTOR TEAO OSORIO,RN,8.0,True
761681,ISLA DE PASCUA,ISLA DE PASCUA,COLEGIO LORENZO BAEZA VEGA,12,XK.CHILE VAMOS RENOVACION NACIONAL - INDEPENDIENTES,302. RICARDO SAMUEL ATAN TUKI,RN,3.0,False
761682,ISLA DE PASCUA,ISLA DE PASCUA,COLEGIO LORENZO BAEZA VEGA,12,XK.CHILE VAMOS RENOVACION NACIONAL - INDEPENDIENTES,303. DOMINGO JAVIER HEREVERI MOLINA,IND,5.0,False
761683,ISLA DE PASCUA,ISLA DE PASCUA,COLEGIO LORENZO BAEZA VEGA,12,XU.UNIDOS POR LA DIGNIDAD,304. MARTA RAQUEL HOTUS TUKI,PDC,19.0,True
761684,ISLA DE PASCUA,ISLA DE PASCUA,COLEGIO LORENZO BAEZA VEGA,12,XU.UNIDOS POR LA DIGNIDAD,305. MARIA DEL CARMEN ICKA ARAKI,PDC,21.0,True
761685,ISLA DE PASCUA,ISLA DE PASCUA,COLEGIO LORENZO BAEZA VEGA,12,XU.UNIDOS POR LA DIGNIDAD,306. KATHERINE MARTA ATAN RETAMALES,PDC,6.0,False
761686,ISLA DE PASCUA,ISLA DE PASCUA,COLEGIO LORENZO BAEZA VEGA,12,XU.UNIDOS POR LA DIGNIDAD,307. VICTOR ENRIQUE IKA ACUÑA,IND,10.0,False
761687,ISLA DE PASCUA,ISLA DE PASCUA,COLEGIO LORENZO BAEZA VEGA,12,XU.UNIDOS POR LA DIGNIDAD,308. TUKI HORO PARI ENERIKE TUKI DIAZ,IND,3.0,False
761688,ISLA DE PASCUA,ISLA DE PASCUA,COLEGIO LORENZO BAEZA VEGA,12,XU.UNIDOS POR LA DIGNIDAD,309. DAYAN MARIE DREYER ENCINA,IND,10.0,False
761689,ISLA DE PASCUA,ISLA DE PASCUA,COLEGIO LORENZO BAEZA VEGA,12,YM.CHILE VAMOS - PRI E INDEPENDIENTES,310. TULIO EUGENIO MUÑOZ VERGARA,IND,4.0,False
761690,ISLA DE PASCUA,ISLA DE PASCUA,COLEGIO LORENZO BAEZA VEGA,12,YM.CHILE VAMOS - PRI E INDEPENDIENTES,311. MARIA CARMEN NAHOE A VAKA,IND,8.0,False
761691,ISLA DE PASCUA,ISLA DE PASCUA,COLEGIO LORENZO BAEZA VEGA,12,YW.UNIDAD POR EL APRUEBO PS PPD E INDEPENDIENTES,312. RICARDO HUMBERTO ESPINOZA ALVARADO,PPD,10.0,True
761692,ISLA DE PASCUA,ISLA DE PASCUA,COLEGIO LORENZO BAEZA VEGA,12,YW.UNIDAD POR EL APRUEBO PS PPD E INDEPENDIENTES,313. ANTONIA LUCIA IKA PAKARATI,PPD,8.0,False
761693,ISLA DE PASCUA,ISLA DE PASCUA,COLEGIO LORENZO BAEZA VEGA,12,YW.UNIDAD POR EL APRUEBO PS PPD E INDEPENDIENTES,314. JULIO ALBERTO HOTUS SALINAS,PPD,26.0,True
761694,ISLA DE PASCUA,ISLA DE PASCUA,COLEGIO LORENZO BAEZA VEGA,12,ZG.CHILE VAMOS EVOPOLI - INDEPENDIENTES,315. RAFAEL JOVINO TUKI ,EVOPOLI,4.0,False
761695,ISLA DE PASCUA,ISLA DE PASCUA,COLEGIO LORENZO BAEZA VEGA,12,ZG.CHILE VAMOS EVOPOLI - INDEPENDIENTES,316. GISELA MARIEL ROJAS ZAMORANO,EVOPOLI,13.0,False
761696,ISLA DE PASCUA,ISLA DE PASCUA,COLEGIO LORENZO BAEZA VEGA,12,ZG.CHILE VAMOS EVOPOLI - INDEPENDIENTES,317. MIGUEL ANGEL AREVALO PAKARATI,IND,7.0,False
761697,ISLA DE PASCUA,ISLA DE PASCUA,COLEGIO LORENZO BAEZA VEGA,12,ZG.CHILE VAMOS EVOPOLI - INDEPENDIENTES,318. NOERANGI TE ARIKI TEAVE JACOBY,IND,1.0,False
761698,ISLA DE PASCUA,ISLA DE PASCUA,COLEGIO LORENZO BAEZA VEGA,12,ZG.CHILE VAMOS EVOPOLI - INDEPENDIENTES,319. JUAN BAUTISTA HAOA HOTUS,IND,7.0,True
761699,ISLA DE PASCUA,ISLA DE PASCUA,COLEGIO LORENZO BAEZA VEGA,12,ZJ.CHILE VAMOS UDI - INDEPENDIENTES,320. PEDRO FERNANDO ATAN HITO,IND,2.0,False
761700,ISLA DE PASCUA,ISLA DE PASCUA,COLEGIO LORENZO BAEZA VEGA,13,XK.CHILE VAMOS RENOVACION NACIONAL - INDEPENDIENTES,300. ANA JUANA JAQUELINE PATE HAOA,RN,,False
761701,ISLA DE PASCUA,ISLA DE PASCUA,COLEGIO LORENZO BAEZA VEGA,13,XK.CHILE VAMOS RENOVACION NACIONAL - INDEPENDIENTES,301. MAI HECTOR TEAO OSORIO,RN,2.0,True
761702,ISLA DE PASCUA,ISLA DE PASCUA,COLEGIO LORENZO BAEZA VEGA,13,XK.CHILE VAMOS RENOVACION NACIONAL - INDEPENDIENTES,302. RICARDO SAMUEL ATAN TUKI,RN,1.0,False
761703,ISLA DE PASCUA,ISLA DE PASCUA,COLEGIO LORENZO BAEZA VEGA,13,XK.CHILE VAMOS RENOVACION NACIONAL - INDEPENDIENTES,303. DOMINGO JAVIER HEREVERI MOLINA,IND,2.0,False
761704,ISLA DE PASCUA,ISLA DE PASCUA,COLEGIO LORENZO BAEZA VEGA,13,XU.UNIDOS POR LA DIGNIDAD,304. MARTA RAQUEL HOTUS TUKI,PDC,5.0,True
761705,ISLA DE PASCUA,ISLA DE PASCUA,COLEGIO LORENZO BAEZA VEGA,13,XU.UNIDOS POR LA DIGNIDAD,305. MARIA DEL CARMEN ICKA ARAKI,PDC,9.0,True
761706,ISLA DE PASCUA,ISLA DE PASCUA,COLEGIO LORENZO BAEZA VEGA,13,XU.UNIDOS POR LA DIGNIDAD,306. KATHERINE MARTA ATAN RETAMALES,PDC,3.0,False
761707,ISLA DE PASCUA,ISLA DE PASCUA,COLEGIO LORENZO BAEZA VEGA,13,XU.UNIDOS POR LA DIGNIDAD,307. VICTOR ENRIQUE IKA ACUÑA,IND,1.0,False
761708,ISLA DE PASCUA,ISLA DE PASCUA,COLEGIO LORENZO BAEZA VEGA,13,XU.UNIDOS POR LA DIGNIDAD,308. TUKI HORO PARI ENERIKE TUKI DIAZ,IND,1.0,False
761709,ISLA DE PASCUA,ISLA DE PASCUA,COLEGIO LORENZO BAEZA VEGA,13,XU.UNIDOS POR LA DIGNIDAD,309. DAYAN MARIE DREYER ENCINA,IND,4.0,False
761710,ISLA DE PASCUA,ISLA DE PASCUA,COLEGIO LORENZO BAEZA VEGA,13,YM.CHILE VAMOS - PRI E INDEPENDIENTES,310. TULIO EUGENIO MUÑOZ VERGARA,IND,4.0,False
761711,ISLA DE PASCUA,ISLA DE PASCUA,COLEGIO LORENZO BAEZA VEGA,13,YM.CHILE VAMOS - PRI E INDEPENDIENTES,311. MARIA CARMEN NAHOE A VAKA,IND,3.0,False
761712,ISLA DE PASCUA,ISLA DE PASCUA,COLEGIO LORENZO BAEZA VEGA,13,YW.UNIDAD POR EL APRUEBO PS PPD E INDEPENDIENTES,312. RICARDO HUMBERTO ESPINOZA ALVARADO,PPD,4.0,True
761713,ISLA DE PASCUA,ISLA DE PASCUA,COLEGIO LORENZO BAEZA VEGA,13,YW.UNIDAD POR EL APRUEBO PS PPD E INDEPENDIENTES,313. ANTONIA LUCIA IKA PAKARATI,PPD,3.0,False
761714,ISLA DE PASCUA,ISLA DE PASCUA,COLEGIO LORENZO BAEZA VEGA,13,YW.UNIDAD POR EL APRUEBO PS PPD E INDEPENDIENTES,314. JULIO ALBERTO HOTUS SALINAS,PPD,5.0,True
761715,ISLA DE PASCUA,ISLA DE PASCUA,COLEGIO LORENZO BAEZA VEGA,13,ZG.CHILE VAMOS EVOPOLI - INDEPENDIENTES,315. RAFAEL JOVINO TUKI ,EVOPOLI,0.0,False
761716,ISLA DE PASCUA,ISLA DE PASCUA,COLEGIO LORENZO BAEZA VEGA,13,ZG.CHILE VAMOS EVOPOLI - INDEPENDIENTES,316. GISELA MARIEL ROJAS ZAMORANO,EVOPOLI,6.0,False
761717,ISLA DE PASCUA,ISLA DE PASCUA,COLEGIO LORENZO BAEZA VEGA,13,ZG.CHILE VAMOS EVOPOLI - INDEPENDIENTES,317. MIGUEL ANGEL AREVALO PAKARATI,IND,2.0,False
761718,ISLA DE PASCUA,ISLA DE PASCUA,COLEGIO LORENZO BAEZA VEGA,13,ZG.CHILE VAMOS EVOPOLI - INDEPENDIENTES,318. NOERANGI TE ARIKI TEAVE JACOBY,IND,3.0,False
761719,ISLA DE PASCUA,ISLA DE PASCUA,COLEGIO LORENZO BAEZA VEGA,13,ZG.CHILE VAMOS EVOPOLI - INDEPENDIENTES,319. JUAN BAUTISTA HAOA HOTUS,IND,3.0,True
761720,ISLA DE PASCUA,ISLA DE PASCUA,COLEGIO LORENZO BAEZA VEGA,13,ZJ.CHILE VAMOS UDI - INDEPENDIENTES,320. PEDRO FERNANDO ATAN HITO,IND,1.0,False
