,COMUNA,CIRC_ELEC,LOCAL,MESA,LISTA,CANDIDATX,PARTIDO,VOTOS,ELECTX
761721,JUAN FERNANDEZ,JUAN FERNANDEZ,JARDIN INFANTIL SANDALITO,1M,XK.CHILE VAMOS RENOVACION NACIONAL - INDEPENDIENTES,300. VICTOR JORGE BEECHE CISTERNAS,RN,5.0,False
761722,JUAN FERNANDEZ,JUAN FERNANDEZ,JARDIN INFANTIL SANDALITO,1M,XK.CHILE VAMOS RENOVACION NACIONAL - INDEPENDIENTES,301. ROGUER ALEMBERT CASTRO CONTRERAS,IND,5.0,False
761723,JUAN FERNANDEZ,JUAN FERNANDEZ,JARDIN INFANTIL SANDALITO,1M,XK.CHILE VAMOS RENOVACION NACIONAL - INDEPENDIENTES,302. RODOLFO MIGUEL LOPEZ AHUMADA,IND,4.0,False
761724,JUAN FERNANDEZ,JUAN FERNANDEZ,JARDIN INFANTIL SANDALITO,1M,XK.CHILE VAMOS RENOVACION NACIONAL - INDEPENDIENTES,303. ERNESTO EDUARDO PAREDES AVALOS,IND,11.0,True
761725,JUAN FERNANDEZ,JUAN FERNANDEZ,JARDIN INFANTIL SANDALITO,1M,XK.CHILE VAMOS RENOVACION NACIONAL - INDEPENDIENTES,304. OSVALDO ANTONIO SALAS CAMACHO,IND,4.0,False
761726,JUAN FERNANDEZ,JUAN FERNANDEZ,JARDIN INFANTIL SANDALITO,1M,XS.FRENTE AMPLIO,305. ELIZABETH MARIANA CELEDON DE RODT,IND,35.0,True
761727,JUAN FERNANDEZ,JUAN FERNANDEZ,JARDIN INFANTIL SANDALITO,1M,XS.FRENTE AMPLIO,306. ANDRES SEBASTIAN SALAS BURGOS,IND,27.0,True
761728,JUAN FERNANDEZ,JUAN FERNANDEZ,JARDIN INFANTIL SANDALITO,1M,XS.FRENTE AMPLIO,307. HECTOR MANUEL MELO PAREDES,IND,27.0,True
761729,JUAN FERNANDEZ,JUAN FERNANDEZ,JARDIN INFANTIL SANDALITO,1M,XS.FRENTE AMPLIO,308. PEDRO EDUARDO CALDERON SOTO,IND,30.0,True
761730,JUAN FERNANDEZ,JUAN FERNANDEZ,JARDIN INFANTIL SANDALITO,1M,XS.FRENTE AMPLIO,309. JARITZA ROMINA RIVADENEIRA MUENA,IND,25.0,True
761731,JUAN FERNANDEZ,JUAN FERNANDEZ,JARDIN INFANTIL SANDALITO,2M-2V-3,XK.CHILE VAMOS RENOVACION NACIONAL - INDEPENDIENTES,300. VICTOR JORGE BEECHE CISTERNAS,RN,3.0,False
761732,JUAN FERNANDEZ,JUAN FERNANDEZ,JARDIN INFANTIL SANDALITO,2M-2V-3,XK.CHILE VAMOS RENOVACION NACIONAL - INDEPENDIENTES,301. ROGUER ALEMBERT CASTRO CONTRERAS,IND,6.0,False
761733,JUAN FERNANDEZ,JUAN FERNANDEZ,JARDIN INFANTIL SANDALITO,2M-2V-3,XK.CHILE VAMOS RENOVACION NACIONAL - INDEPENDIENTES,302. RODOLFO MIGUEL LOPEZ AHUMADA,IND,11.0,False
761734,JUAN FERNANDEZ,JUAN FERNANDEZ,JARDIN INFANTIL SANDALITO,2M-2V-3,XK.CHILE VAMOS RENOVACION NACIONAL - INDEPENDIENTES,303. ERNESTO EDUARDO PAREDES AVALOS,IND,13.0,True
761735,JUAN FERNANDEZ,JUAN FERNANDEZ,JARDIN INFANTIL SANDALITO,2M-2V-3,XK.CHILE VAMOS RENOVACION NACIONAL - INDEPENDIENTES,304. OSVALDO ANTONIO SALAS CAMACHO,IND,9.0,False
761736,JUAN FERNANDEZ,JUAN FERNANDEZ,JARDIN INFANTIL SANDALITO,2M-2V-3,XS.FRENTE AMPLIO,305. ELIZABETH MARIANA CELEDON DE RODT,IND,32.0,True
761737,JUAN FERNANDEZ,JUAN FERNANDEZ,JARDIN INFANTIL SANDALITO,2M-2V-3,XS.FRENTE AMPLIO,306. ANDRES SEBASTIAN SALAS BURGOS,IND,41.0,True
761738,JUAN FERNANDEZ,JUAN FERNANDEZ,JARDIN INFANTIL SANDALITO,2M-2V-3,XS.FRENTE AMPLIO,307. HECTOR MANUEL MELO PAREDES,IND,21.0,True
761739,JUAN FERNANDEZ,JUAN FERNANDEZ,JARDIN INFANTIL SANDALITO,2M-2V-3,XS.FRENTE AMPLIO,308. PEDRO EDUARDO CALDERON SOTO,IND,37.0,True
761740,JUAN FERNANDEZ,JUAN FERNANDEZ,JARDIN INFANTIL SANDALITO,2M-2V-3,XS.FRENTE AMPLIO,309. JARITZA ROMINA RIVADENEIRA MUENA,IND,50.0,True
761741,JUAN FERNANDEZ,JUAN FERNANDEZ,JARDIN INFANTIL SANDALITO,1V,XK.CHILE VAMOS RENOVACION NACIONAL - INDEPENDIENTES,300. VICTOR JORGE BEECHE CISTERNAS,RN,5.0,False
761742,JUAN FERNANDEZ,JUAN FERNANDEZ,JARDIN INFANTIL SANDALITO,1V,XK.CHILE VAMOS RENOVACION NACIONAL - INDEPENDIENTES,301. ROGUER ALEMBERT CASTRO CONTRERAS,IND,6.0,False
761743,JUAN FERNANDEZ,JUAN FERNANDEZ,JARDIN INFANTIL SANDALITO,1V,XK.CHILE VAMOS RENOVACION NACIONAL - INDEPENDIENTES,302. RODOLFO MIGUEL LOPEZ AHUMADA,IND,13.0,False
761744,JUAN FERNANDEZ,JUAN FERNANDEZ,JARDIN INFANTIL SANDALITO,1V,XK.CHILE VAMOS RENOVACION NACIONAL - INDEPENDIENTES,303. ERNESTO EDUARDO PAREDES AVALOS,IND,16.0,True
761745,JUAN FERNANDEZ,JUAN FERNANDEZ,JARDIN INFANTIL SANDALITO,1V,XK.CHILE VAMOS RENOVACION NACIONAL - INDEPENDIENTES,304. OSVALDO ANTONIO SALAS CAMACHO,IND,9.0,False
761746,JUAN FERNANDEZ,JUAN FERNANDEZ,JARDIN INFANTIL SANDALITO,1V,XS.FRENTE AMPLIO,305. ELIZABETH MARIANA CELEDON DE RODT,IND,29.0,True
761747,JUAN FERNANDEZ,JUAN FERNANDEZ,JARDIN INFANTIL SANDALITO,1V,XS.FRENTE AMPLIO,306. ANDRES SEBASTIAN SALAS BURGOS,IND,20.0,True
761748,JUAN FERNANDEZ,JUAN FERNANDEZ,JARDIN INFANTIL SANDALITO,1V,XS.FRENTE AMPLIO,307. HECTOR MANUEL MELO PAREDES,IND,28.0,True
761749,JUAN FERNANDEZ,JUAN FERNANDEZ,JARDIN INFANTIL SANDALITO,1V,XS.FRENTE AMPLIO,308. PEDRO EDUARDO CALDERON SOTO,IND,38.0,True
761750,JUAN FERNANDEZ,JUAN FERNANDEZ,JARDIN INFANTIL SANDALITO,1V,XS.FRENTE AMPLIO,309. JARITZA ROMINA RIVADENEIRA MUENA,IND,30.0,True
761751,JUAN FERNANDEZ,JUAN FERNANDEZ,JARDIN INFANTIL SANDALITO,4,XK.CHILE VAMOS RENOVACION NACIONAL - INDEPENDIENTES,300. VICTOR JORGE BEECHE CISTERNAS,RN,2.0,False
761752,JUAN FERNANDEZ,JUAN FERNANDEZ,JARDIN INFANTIL SANDALITO,4,XK.CHILE VAMOS RENOVACION NACIONAL - INDEPENDIENTES,301. ROGUER ALEMBERT CASTRO CONTRERAS,IND,0.0,False
761753,JUAN FERNANDEZ,JUAN FERNANDEZ,JARDIN INFANTIL SANDALITO,4,XK.CHILE VAMOS RENOVACION NACIONAL - INDEPENDIENTES,302. RODOLFO MIGUEL LOPEZ AHUMADA,IND,2.0,False
761754,JUAN FERNANDEZ,JUAN FERNANDEZ,JARDIN INFANTIL SANDALITO,4,XK.CHILE VAMOS RENOVACION NACIONAL - INDEPENDIENTES,303. ERNESTO EDUARDO PAREDES AVALOS,IND,5.0,True
761755,JUAN FERNANDEZ,JUAN FERNANDEZ,JARDIN INFANTIL SANDALITO,4,XK.CHILE VAMOS RENOVACION NACIONAL - INDEPENDIENTES,304. OSVALDO ANTONIO SALAS CAMACHO,IND,8.0,False
761756,JUAN FERNANDEZ,JUAN FERNANDEZ,JARDIN INFANTIL SANDALITO,4,XS.FRENTE AMPLIO,305. ELIZABETH MARIANA CELEDON DE RODT,IND,5.0,True
761757,JUAN FERNANDEZ,JUAN FERNANDEZ,JARDIN INFANTIL SANDALITO,4,XS.FRENTE AMPLIO,306. ANDRES SEBASTIAN SALAS BURGOS,IND,7.0,True
761758,JUAN FERNANDEZ,JUAN FERNANDEZ,JARDIN INFANTIL SANDALITO,4,XS.FRENTE AMPLIO,307. HECTOR MANUEL MELO PAREDES,IND,8.0,True
761759,JUAN FERNANDEZ,JUAN FERNANDEZ,JARDIN INFANTIL SANDALITO,4,XS.FRENTE AMPLIO,308. PEDRO EDUARDO CALDERON SOTO,IND,4.0,True
761760,JUAN FERNANDEZ,JUAN FERNANDEZ,JARDIN INFANTIL SANDALITO,4,XS.FRENTE AMPLIO,309. JARITZA ROMINA RIVADENEIRA MUENA,IND,12.0,True
