,COMUNA,CIRC_ELEC,LOCAL,MESA,LISTA,CANDIDATX,PARTIDO,VOTOS,ELECTX
781043,LA ESTRELLA,LA ESTRELLA,ESCUELA PROFESORA MONICA SILVA GOMEZ,1V,M.CHILE DIGNO VERDE Y SOBERANO,300. MARITZA ISABEL GALAZ REYES,IND,2.0,False
781044,LA ESTRELLA,LA ESTRELLA,ESCUELA PROFESORA MONICA SILVA GOMEZ,1V,M.CHILE DIGNO VERDE Y SOBERANO,301. SANDRA CATALINA GALLEGUILLOS PASTRIAN,IND,5.0,False
781045,LA ESTRELLA,LA ESTRELLA,ESCUELA PROFESORA MONICA SILVA GOMEZ,1V,M.CHILE DIGNO VERDE Y SOBERANO,302. CARLOS RAFAEL CACERES VIDAL,IND,2.0,False
781046,LA ESTRELLA,LA ESTRELLA,ESCUELA PROFESORA MONICA SILVA GOMEZ,1V,M.CHILE DIGNO VERDE Y SOBERANO,303. EDUARDO ALBERTO CANTILLANA PASTRIAN,IND,3.0,True
781047,LA ESTRELLA,LA ESTRELLA,ESCUELA PROFESORA MONICA SILVA GOMEZ,1V,M.CHILE DIGNO VERDE Y SOBERANO,304. CONSTANZA ALINA LIZANA SANCHEZ,PCCH,4.0,False
781048,LA ESTRELLA,LA ESTRELLA,ESCUELA PROFESORA MONICA SILVA GOMEZ,1V,XK.CHILE VAMOS RENOVACION NACIONAL - INDEPENDIENTES,305. CECILIA ACUÑA CACERES,RN,34.0,True
781049,LA ESTRELLA,LA ESTRELLA,ESCUELA PROFESORA MONICA SILVA GOMEZ,1V,XK.CHILE VAMOS RENOVACION NACIONAL - INDEPENDIENTES,306. JORGE ALEJANDRO FUENZALIDA PEDREGAL,RN,0.0,False
781050,LA ESTRELLA,LA ESTRELLA,ESCUELA PROFESORA MONICA SILVA GOMEZ,1V,XK.CHILE VAMOS RENOVACION NACIONAL - INDEPENDIENTES,307. JIMENA MARCELA OYARZUN FUENTES,RN,8.0,False
781051,LA ESTRELLA,LA ESTRELLA,ESCUELA PROFESORA MONICA SILVA GOMEZ,1V,XK.CHILE VAMOS RENOVACION NACIONAL - INDEPENDIENTES,308. NATALIA VALESKA LOPEZ PEÑA,IND,3.0,False
781052,LA ESTRELLA,LA ESTRELLA,ESCUELA PROFESORA MONICA SILVA GOMEZ,1V,XK.CHILE VAMOS RENOVACION NACIONAL - INDEPENDIENTES,309. GALVARINO PASTRIAN PINO,IND,14.0,True
781053,LA ESTRELLA,LA ESTRELLA,ESCUELA PROFESORA MONICA SILVA GOMEZ,1V,XU.UNIDOS POR LA DIGNIDAD,310. RICARDO HERNAN BEAS GONZALEZ,PDC,8.0,False
781054,LA ESTRELLA,LA ESTRELLA,ESCUELA PROFESORA MONICA SILVA GOMEZ,1V,XU.UNIDOS POR LA DIGNIDAD,311. SOFIA FABIOLA MARDONES MARDONES,PDC,0.0,False
781055,LA ESTRELLA,LA ESTRELLA,ESCUELA PROFESORA MONICA SILVA GOMEZ,1V,XU.UNIDOS POR LA DIGNIDAD,312. ELIAS ALBINO BEAS GONZALEZ,PDC,7.0,False
781056,LA ESTRELLA,LA ESTRELLA,ESCUELA PROFESORA MONICA SILVA GOMEZ,1V,XU.UNIDOS POR LA DIGNIDAD,313. ANTONIO ANDRES BRICEÑO MONTENEGRO,PDC,0.0,False
781057,LA ESTRELLA,LA ESTRELLA,ESCUELA PROFESORA MONICA SILVA GOMEZ,1V,XU.UNIDOS POR LA DIGNIDAD,314. GUILLERMO ENRIQUE SANCHEZ GONZALEZ,IND,15.0,True
781058,LA ESTRELLA,LA ESTRELLA,ESCUELA PROFESORA MONICA SILVA GOMEZ,1V,YM.CHILE VAMOS - PRI E INDEPENDIENTES,315. ESPERANZA ASTORGA ARREDONDO,PRI,1.0,False
781059,LA ESTRELLA,LA ESTRELLA,ESCUELA PROFESORA MONICA SILVA GOMEZ,1V,ZG.CHILE VAMOS EVOPOLI - INDEPENDIENTES,316. MATIAS FRANCISCO FIGUEROA GARCIA,IND,2.0,False
781060,LA ESTRELLA,LA ESTRELLA,ESCUELA PROFESORA MONICA SILVA GOMEZ,1V,ZG.CHILE VAMOS EVOPOLI - INDEPENDIENTES,317. FLORITA DEL CARMEN PEREZ CABEZAS,IND,7.0,False
781061,LA ESTRELLA,LA ESTRELLA,ESCUELA PROFESORA MONICA SILVA GOMEZ,1V,ZG.CHILE VAMOS EVOPOLI - INDEPENDIENTES,318. ERNESTO BALTAZAR PINO PINO,IND,2.0,False
781062,LA ESTRELLA,LA ESTRELLA,ESCUELA PROFESORA MONICA SILVA GOMEZ,1V,ZG.CHILE VAMOS EVOPOLI - INDEPENDIENTES,319. JOSE LUIS PADILLA MONJE,IND,1.0,False
781063,LA ESTRELLA,LA ESTRELLA,ESCUELA PROFESORA MONICA SILVA GOMEZ,1V,ZG.CHILE VAMOS EVOPOLI - INDEPENDIENTES,320. GEMA DIANA POLANCO MORALES,IND,12.0,False
781064,LA ESTRELLA,LA ESTRELLA,ESCUELA PROFESORA MONICA SILVA GOMEZ,1V,ZJ.CHILE VAMOS UDI - INDEPENDIENTES,321. SOLEDAD ENRIQUETA GONZALEZ BASCUÑAN,UDI,3.0,False
781065,LA ESTRELLA,LA ESTRELLA,ESCUELA PROFESORA MONICA SILVA GOMEZ,1V,ZJ.CHILE VAMOS UDI - INDEPENDIENTES,322. SEBASTIAN ANDRES CACERES CACERES,UDI,0.0,False
781066,LA ESTRELLA,LA ESTRELLA,ESCUELA PROFESORA MONICA SILVA GOMEZ,1V,ZJ.CHILE VAMOS UDI - INDEPENDIENTES,323. EUGENIA ZAMORANO GONZALEZ,IND,16.0,True
781067,LA ESTRELLA,LA ESTRELLA,ESCUELA PROFESORA MONICA SILVA GOMEZ,1V,ZJ.CHILE VAMOS UDI - INDEPENDIENTES,324. JOSE HERIBERTO GALAZ GUZMAN,IND,1.0,False
781068,LA ESTRELLA,LA ESTRELLA,ESCUELA PROFESORA MONICA SILVA GOMEZ,1V,ZJ.CHILE VAMOS UDI - INDEPENDIENTES,325. JOSE IGNACIO CARO VILLAGRAN,IND,10.0,False
781069,LA ESTRELLA,LA ESTRELLA,ESCUELA PROFESORA MONICA SILVA GOMEZ,1V,ZJ.CHILE VAMOS UDI - INDEPENDIENTES,326. GASTON OCTAVIO FERNANDEZ MORI,IND,12.0,True
781070,LA ESTRELLA,LA ESTRELLA,ESCUELA PROFESORA MONICA SILVA GOMEZ,2V,M.CHILE DIGNO VERDE Y SOBERANO,300. MARITZA ISABEL GALAZ REYES,IND,4.0,False
781071,LA ESTRELLA,LA ESTRELLA,ESCUELA PROFESORA MONICA SILVA GOMEZ,2V,M.CHILE DIGNO VERDE Y SOBERANO,301. SANDRA CATALINA GALLEGUILLOS PASTRIAN,IND,6.0,False
781072,LA ESTRELLA,LA ESTRELLA,ESCUELA PROFESORA MONICA SILVA GOMEZ,2V,M.CHILE DIGNO VERDE Y SOBERANO,302. CARLOS RAFAEL CACERES VIDAL,IND,6.0,False
781073,LA ESTRELLA,LA ESTRELLA,ESCUELA PROFESORA MONICA SILVA GOMEZ,2V,M.CHILE DIGNO VERDE Y SOBERANO,303. EDUARDO ALBERTO CANTILLANA PASTRIAN,IND,12.0,True
781074,LA ESTRELLA,LA ESTRELLA,ESCUELA PROFESORA MONICA SILVA GOMEZ,2V,M.CHILE DIGNO VERDE Y SOBERANO,304. CONSTANZA ALINA LIZANA SANCHEZ,PCCH,0.0,False
781075,LA ESTRELLA,LA ESTRELLA,ESCUELA PROFESORA MONICA SILVA GOMEZ,2V,XK.CHILE VAMOS RENOVACION NACIONAL - INDEPENDIENTES,305. CECILIA ACUÑA CACERES,RN,23.0,True
781076,LA ESTRELLA,LA ESTRELLA,ESCUELA PROFESORA MONICA SILVA GOMEZ,2V,XK.CHILE VAMOS RENOVACION NACIONAL - INDEPENDIENTES,306. JORGE ALEJANDRO FUENZALIDA PEDREGAL,RN,0.0,False
781077,LA ESTRELLA,LA ESTRELLA,ESCUELA PROFESORA MONICA SILVA GOMEZ,2V,XK.CHILE VAMOS RENOVACION NACIONAL - INDEPENDIENTES,307. JIMENA MARCELA OYARZUN FUENTES,RN,4.0,False
781078,LA ESTRELLA,LA ESTRELLA,ESCUELA PROFESORA MONICA SILVA GOMEZ,2V,XK.CHILE VAMOS RENOVACION NACIONAL - INDEPENDIENTES,308. NATALIA VALESKA LOPEZ PEÑA,IND,0.0,False
781079,LA ESTRELLA,LA ESTRELLA,ESCUELA PROFESORA MONICA SILVA GOMEZ,2V,XK.CHILE VAMOS RENOVACION NACIONAL - INDEPENDIENTES,309. GALVARINO PASTRIAN PINO,IND,4.0,True
781080,LA ESTRELLA,LA ESTRELLA,ESCUELA PROFESORA MONICA SILVA GOMEZ,2V,XU.UNIDOS POR LA DIGNIDAD,310. RICARDO HERNAN BEAS GONZALEZ,PDC,13.0,False
781081,LA ESTRELLA,LA ESTRELLA,ESCUELA PROFESORA MONICA SILVA GOMEZ,2V,XU.UNIDOS POR LA DIGNIDAD,311. SOFIA FABIOLA MARDONES MARDONES,PDC,1.0,False
781082,LA ESTRELLA,LA ESTRELLA,ESCUELA PROFESORA MONICA SILVA GOMEZ,2V,XU.UNIDOS POR LA DIGNIDAD,312. ELIAS ALBINO BEAS GONZALEZ,PDC,7.0,False
781083,LA ESTRELLA,LA ESTRELLA,ESCUELA PROFESORA MONICA SILVA GOMEZ,2V,XU.UNIDOS POR LA DIGNIDAD,313. ANTONIO ANDRES BRICEÑO MONTENEGRO,PDC,1.0,False
781084,LA ESTRELLA,LA ESTRELLA,ESCUELA PROFESORA MONICA SILVA GOMEZ,2V,XU.UNIDOS POR LA DIGNIDAD,314. GUILLERMO ENRIQUE SANCHEZ GONZALEZ,IND,14.0,True
781085,LA ESTRELLA,LA ESTRELLA,ESCUELA PROFESORA MONICA SILVA GOMEZ,2V,YM.CHILE VAMOS - PRI E INDEPENDIENTES,315. ESPERANZA ASTORGA ARREDONDO,PRI,3.0,False
781086,LA ESTRELLA,LA ESTRELLA,ESCUELA PROFESORA MONICA SILVA GOMEZ,2V,ZG.CHILE VAMOS EVOPOLI - INDEPENDIENTES,316. MATIAS FRANCISCO FIGUEROA GARCIA,IND,4.0,False
781087,LA ESTRELLA,LA ESTRELLA,ESCUELA PROFESORA MONICA SILVA GOMEZ,2V,ZG.CHILE VAMOS EVOPOLI - INDEPENDIENTES,317. FLORITA DEL CARMEN PEREZ CABEZAS,IND,6.0,False
781088,LA ESTRELLA,LA ESTRELLA,ESCUELA PROFESORA MONICA SILVA GOMEZ,2V,ZG.CHILE VAMOS EVOPOLI - INDEPENDIENTES,318. ERNESTO BALTAZAR PINO PINO,IND,1.0,False
781089,LA ESTRELLA,LA ESTRELLA,ESCUELA PROFESORA MONICA SILVA GOMEZ,2V,ZG.CHILE VAMOS EVOPOLI - INDEPENDIENTES,319. JOSE LUIS PADILLA MONJE,IND,1.0,False
781090,LA ESTRELLA,LA ESTRELLA,ESCUELA PROFESORA MONICA SILVA GOMEZ,2V,ZG.CHILE VAMOS EVOPOLI - INDEPENDIENTES,320. GEMA DIANA POLANCO MORALES,IND,11.0,False
781091,LA ESTRELLA,LA ESTRELLA,ESCUELA PROFESORA MONICA SILVA GOMEZ,2V,ZJ.CHILE VAMOS UDI - INDEPENDIENTES,321. SOLEDAD ENRIQUETA GONZALEZ BASCUÑAN,UDI,5.0,False
781092,LA ESTRELLA,LA ESTRELLA,ESCUELA PROFESORA MONICA SILVA GOMEZ,2V,ZJ.CHILE VAMOS UDI - INDEPENDIENTES,322. SEBASTIAN ANDRES CACERES CACERES,UDI,0.0,False
781093,LA ESTRELLA,LA ESTRELLA,ESCUELA PROFESORA MONICA SILVA GOMEZ,2V,ZJ.CHILE VAMOS UDI - INDEPENDIENTES,323. EUGENIA ZAMORANO GONZALEZ,IND,11.0,True
781094,LA ESTRELLA,LA ESTRELLA,ESCUELA PROFESORA MONICA SILVA GOMEZ,2V,ZJ.CHILE VAMOS UDI - INDEPENDIENTES,324. JOSE HERIBERTO GALAZ GUZMAN,IND,1.0,False
781095,LA ESTRELLA,LA ESTRELLA,ESCUELA PROFESORA MONICA SILVA GOMEZ,2V,ZJ.CHILE VAMOS UDI - INDEPENDIENTES,325. JOSE IGNACIO CARO VILLAGRAN,IND,7.0,False
781096,LA ESTRELLA,LA ESTRELLA,ESCUELA PROFESORA MONICA SILVA GOMEZ,2V,ZJ.CHILE VAMOS UDI - INDEPENDIENTES,326. GASTON OCTAVIO FERNANDEZ MORI,IND,14.0,True
781097,LA ESTRELLA,LA ESTRELLA,ESCUELA PROFESORA MONICA SILVA GOMEZ,3V,M.CHILE DIGNO VERDE Y SOBERANO,300. MARITZA ISABEL GALAZ REYES,IND,10.0,False
781098,LA ESTRELLA,LA ESTRELLA,ESCUELA PROFESORA MONICA SILVA GOMEZ,3V,M.CHILE DIGNO VERDE Y SOBERANO,301. SANDRA CATALINA GALLEGUILLOS PASTRIAN,IND,7.0,False
781099,LA ESTRELLA,LA ESTRELLA,ESCUELA PROFESORA MONICA SILVA GOMEZ,3V,M.CHILE DIGNO VERDE Y SOBERANO,302. CARLOS RAFAEL CACERES VIDAL,IND,7.0,False
781100,LA ESTRELLA,LA ESTRELLA,ESCUELA PROFESORA MONICA SILVA GOMEZ,3V,M.CHILE DIGNO VERDE Y SOBERANO,303. EDUARDO ALBERTO CANTILLANA PASTRIAN,IND,6.0,True
781101,LA ESTRELLA,LA ESTRELLA,ESCUELA PROFESORA MONICA SILVA GOMEZ,3V,M.CHILE DIGNO VERDE Y SOBERANO,304. CONSTANZA ALINA LIZANA SANCHEZ,PCCH,1.0,False
781102,LA ESTRELLA,LA ESTRELLA,ESCUELA PROFESORA MONICA SILVA GOMEZ,3V,XK.CHILE VAMOS RENOVACION NACIONAL - INDEPENDIENTES,305. CECILIA ACUÑA CACERES,RN,24.0,True
781103,LA ESTRELLA,LA ESTRELLA,ESCUELA PROFESORA MONICA SILVA GOMEZ,3V,XK.CHILE VAMOS RENOVACION NACIONAL - INDEPENDIENTES,306. JORGE ALEJANDRO FUENZALIDA PEDREGAL,RN,0.0,False
781104,LA ESTRELLA,LA ESTRELLA,ESCUELA PROFESORA MONICA SILVA GOMEZ,3V,XK.CHILE VAMOS RENOVACION NACIONAL - INDEPENDIENTES,307. JIMENA MARCELA OYARZUN FUENTES,RN,5.0,False
781105,LA ESTRELLA,LA ESTRELLA,ESCUELA PROFESORA MONICA SILVA GOMEZ,3V,XK.CHILE VAMOS RENOVACION NACIONAL - INDEPENDIENTES,308. NATALIA VALESKA LOPEZ PEÑA,IND,3.0,False
781106,LA ESTRELLA,LA ESTRELLA,ESCUELA PROFESORA MONICA SILVA GOMEZ,3V,XK.CHILE VAMOS RENOVACION NACIONAL - INDEPENDIENTES,309. GALVARINO PASTRIAN PINO,IND,7.0,True
781107,LA ESTRELLA,LA ESTRELLA,ESCUELA PROFESORA MONICA SILVA GOMEZ,3V,XU.UNIDOS POR LA DIGNIDAD,310. RICARDO HERNAN BEAS GONZALEZ,PDC,15.0,False
781108,LA ESTRELLA,LA ESTRELLA,ESCUELA PROFESORA MONICA SILVA GOMEZ,3V,XU.UNIDOS POR LA DIGNIDAD,311. SOFIA FABIOLA MARDONES MARDONES,PDC,1.0,False
781109,LA ESTRELLA,LA ESTRELLA,ESCUELA PROFESORA MONICA SILVA GOMEZ,3V,XU.UNIDOS POR LA DIGNIDAD,312. ELIAS ALBINO BEAS GONZALEZ,PDC,8.0,False
781110,LA ESTRELLA,LA ESTRELLA,ESCUELA PROFESORA MONICA SILVA GOMEZ,3V,XU.UNIDOS POR LA DIGNIDAD,313. ANTONIO ANDRES BRICEÑO MONTENEGRO,PDC,0.0,False
781111,LA ESTRELLA,LA ESTRELLA,ESCUELA PROFESORA MONICA SILVA GOMEZ,3V,XU.UNIDOS POR LA DIGNIDAD,314. GUILLERMO ENRIQUE SANCHEZ GONZALEZ,IND,17.0,True
781112,LA ESTRELLA,LA ESTRELLA,ESCUELA PROFESORA MONICA SILVA GOMEZ,3V,YM.CHILE VAMOS - PRI E INDEPENDIENTES,315. ESPERANZA ASTORGA ARREDONDO,PRI,1.0,False
781113,LA ESTRELLA,LA ESTRELLA,ESCUELA PROFESORA MONICA SILVA GOMEZ,3V,ZG.CHILE VAMOS EVOPOLI - INDEPENDIENTES,316. MATIAS FRANCISCO FIGUEROA GARCIA,IND,2.0,False
781114,LA ESTRELLA,LA ESTRELLA,ESCUELA PROFESORA MONICA SILVA GOMEZ,3V,ZG.CHILE VAMOS EVOPOLI - INDEPENDIENTES,317. FLORITA DEL CARMEN PEREZ CABEZAS,IND,1.0,False
781115,LA ESTRELLA,LA ESTRELLA,ESCUELA PROFESORA MONICA SILVA GOMEZ,3V,ZG.CHILE VAMOS EVOPOLI - INDEPENDIENTES,318. ERNESTO BALTAZAR PINO PINO,IND,2.0,False
781116,LA ESTRELLA,LA ESTRELLA,ESCUELA PROFESORA MONICA SILVA GOMEZ,3V,ZG.CHILE VAMOS EVOPOLI - INDEPENDIENTES,319. JOSE LUIS PADILLA MONJE,IND,3.0,False
781117,LA ESTRELLA,LA ESTRELLA,ESCUELA PROFESORA MONICA SILVA GOMEZ,3V,ZG.CHILE VAMOS EVOPOLI - INDEPENDIENTES,320. GEMA DIANA POLANCO MORALES,IND,9.0,False
781118,LA ESTRELLA,LA ESTRELLA,ESCUELA PROFESORA MONICA SILVA GOMEZ,3V,ZJ.CHILE VAMOS UDI - INDEPENDIENTES,321. SOLEDAD ENRIQUETA GONZALEZ BASCUÑAN,UDI,1.0,False
781119,LA ESTRELLA,LA ESTRELLA,ESCUELA PROFESORA MONICA SILVA GOMEZ,3V,ZJ.CHILE VAMOS UDI - INDEPENDIENTES,322. SEBASTIAN ANDRES CACERES CACERES,UDI,0.0,False
781120,LA ESTRELLA,LA ESTRELLA,ESCUELA PROFESORA MONICA SILVA GOMEZ,3V,ZJ.CHILE VAMOS UDI - INDEPENDIENTES,323. EUGENIA ZAMORANO GONZALEZ,IND,23.0,True
781121,LA ESTRELLA,LA ESTRELLA,ESCUELA PROFESORA MONICA SILVA GOMEZ,3V,ZJ.CHILE VAMOS UDI - INDEPENDIENTES,324. JOSE HERIBERTO GALAZ GUZMAN,IND,2.0,False
781122,LA ESTRELLA,LA ESTRELLA,ESCUELA PROFESORA MONICA SILVA GOMEZ,3V,ZJ.CHILE VAMOS UDI - INDEPENDIENTES,325. JOSE IGNACIO CARO VILLAGRAN,IND,5.0,False
781123,LA ESTRELLA,LA ESTRELLA,ESCUELA PROFESORA MONICA SILVA GOMEZ,3V,ZJ.CHILE VAMOS UDI - INDEPENDIENTES,326. GASTON OCTAVIO FERNANDEZ MORI,IND,12.0,True
781124,LA ESTRELLA,LA ESTRELLA,ESCUELA PROFESORA MONICA SILVA GOMEZ,5V,M.CHILE DIGNO VERDE Y SOBERANO,300. MARITZA ISABEL GALAZ REYES,IND,5.0,False
781125,LA ESTRELLA,LA ESTRELLA,ESCUELA PROFESORA MONICA SILVA GOMEZ,5V,M.CHILE DIGNO VERDE Y SOBERANO,301. SANDRA CATALINA GALLEGUILLOS PASTRIAN,IND,5.0,False
781126,LA ESTRELLA,LA ESTRELLA,ESCUELA PROFESORA MONICA SILVA GOMEZ,5V,M.CHILE DIGNO VERDE Y SOBERANO,302. CARLOS RAFAEL CACERES VIDAL,IND,9.0,False
781127,LA ESTRELLA,LA ESTRELLA,ESCUELA PROFESORA MONICA SILVA GOMEZ,5V,M.CHILE DIGNO VERDE Y SOBERANO,303. EDUARDO ALBERTO CANTILLANA PASTRIAN,IND,0.0,True
781128,LA ESTRELLA,LA ESTRELLA,ESCUELA PROFESORA MONICA SILVA GOMEZ,5V,M.CHILE DIGNO VERDE Y SOBERANO,304. CONSTANZA ALINA LIZANA SANCHEZ,PCCH,0.0,False
781129,LA ESTRELLA,LA ESTRELLA,ESCUELA PROFESORA MONICA SILVA GOMEZ,5V,XK.CHILE VAMOS RENOVACION NACIONAL - INDEPENDIENTES,305. CECILIA ACUÑA CACERES,RN,20.0,True
781130,LA ESTRELLA,LA ESTRELLA,ESCUELA PROFESORA MONICA SILVA GOMEZ,5V,XK.CHILE VAMOS RENOVACION NACIONAL - INDEPENDIENTES,306. JORGE ALEJANDRO FUENZALIDA PEDREGAL,RN,1.0,False
781131,LA ESTRELLA,LA ESTRELLA,ESCUELA PROFESORA MONICA SILVA GOMEZ,5V,XK.CHILE VAMOS RENOVACION NACIONAL - INDEPENDIENTES,307. JIMENA MARCELA OYARZUN FUENTES,RN,5.0,False
781132,LA ESTRELLA,LA ESTRELLA,ESCUELA PROFESORA MONICA SILVA GOMEZ,5V,XK.CHILE VAMOS RENOVACION NACIONAL - INDEPENDIENTES,308. NATALIA VALESKA LOPEZ PEÑA,IND,1.0,False
781133,LA ESTRELLA,LA ESTRELLA,ESCUELA PROFESORA MONICA SILVA GOMEZ,5V,XK.CHILE VAMOS RENOVACION NACIONAL - INDEPENDIENTES,309. GALVARINO PASTRIAN PINO,IND,5.0,True
781134,LA ESTRELLA,LA ESTRELLA,ESCUELA PROFESORA MONICA SILVA GOMEZ,5V,XU.UNIDOS POR LA DIGNIDAD,310. RICARDO HERNAN BEAS GONZALEZ,PDC,8.0,False
781135,LA ESTRELLA,LA ESTRELLA,ESCUELA PROFESORA MONICA SILVA GOMEZ,5V,XU.UNIDOS POR LA DIGNIDAD,311. SOFIA FABIOLA MARDONES MARDONES,PDC,1.0,False
781136,LA ESTRELLA,LA ESTRELLA,ESCUELA PROFESORA MONICA SILVA GOMEZ,5V,XU.UNIDOS POR LA DIGNIDAD,312. ELIAS ALBINO BEAS GONZALEZ,PDC,2.0,False
781137,LA ESTRELLA,LA ESTRELLA,ESCUELA PROFESORA MONICA SILVA GOMEZ,5V,XU.UNIDOS POR LA DIGNIDAD,313. ANTONIO ANDRES BRICEÑO MONTENEGRO,PDC,0.0,False
781138,LA ESTRELLA,LA ESTRELLA,ESCUELA PROFESORA MONICA SILVA GOMEZ,5V,XU.UNIDOS POR LA DIGNIDAD,314. GUILLERMO ENRIQUE SANCHEZ GONZALEZ,IND,9.0,True
781139,LA ESTRELLA,LA ESTRELLA,ESCUELA PROFESORA MONICA SILVA GOMEZ,5V,YM.CHILE VAMOS - PRI E INDEPENDIENTES,315. ESPERANZA ASTORGA ARREDONDO,PRI,0.0,False
781140,LA ESTRELLA,LA ESTRELLA,ESCUELA PROFESORA MONICA SILVA GOMEZ,5V,ZG.CHILE VAMOS EVOPOLI - INDEPENDIENTES,316. MATIAS FRANCISCO FIGUEROA GARCIA,IND,3.0,False
781141,LA ESTRELLA,LA ESTRELLA,ESCUELA PROFESORA MONICA SILVA GOMEZ,5V,ZG.CHILE VAMOS EVOPOLI - INDEPENDIENTES,317. FLORITA DEL CARMEN PEREZ CABEZAS,IND,3.0,False
781142,LA ESTRELLA,LA ESTRELLA,ESCUELA PROFESORA MONICA SILVA GOMEZ,5V,ZG.CHILE VAMOS EVOPOLI - INDEPENDIENTES,318. ERNESTO BALTAZAR PINO PINO,IND,0.0,False
781143,LA ESTRELLA,LA ESTRELLA,ESCUELA PROFESORA MONICA SILVA GOMEZ,5V,ZG.CHILE VAMOS EVOPOLI - INDEPENDIENTES,319. JOSE LUIS PADILLA MONJE,IND,1.0,False
781144,LA ESTRELLA,LA ESTRELLA,ESCUELA PROFESORA MONICA SILVA GOMEZ,5V,ZG.CHILE VAMOS EVOPOLI - INDEPENDIENTES,320. GEMA DIANA POLANCO MORALES,IND,12.0,False
781145,LA ESTRELLA,LA ESTRELLA,ESCUELA PROFESORA MONICA SILVA GOMEZ,5V,ZJ.CHILE VAMOS UDI - INDEPENDIENTES,321. SOLEDAD ENRIQUETA GONZALEZ BASCUÑAN,UDI,5.0,False
781146,LA ESTRELLA,LA ESTRELLA,ESCUELA PROFESORA MONICA SILVA GOMEZ,5V,ZJ.CHILE VAMOS UDI - INDEPENDIENTES,322. SEBASTIAN ANDRES CACERES CACERES,UDI,1.0,False
781147,LA ESTRELLA,LA ESTRELLA,ESCUELA PROFESORA MONICA SILVA GOMEZ,5V,ZJ.CHILE VAMOS UDI - INDEPENDIENTES,323. EUGENIA ZAMORANO GONZALEZ,IND,14.0,True
781148,LA ESTRELLA,LA ESTRELLA,ESCUELA PROFESORA MONICA SILVA GOMEZ,5V,ZJ.CHILE VAMOS UDI - INDEPENDIENTES,324. JOSE HERIBERTO GALAZ GUZMAN,IND,6.0,False
781149,LA ESTRELLA,LA ESTRELLA,ESCUELA PROFESORA MONICA SILVA GOMEZ,5V,ZJ.CHILE VAMOS UDI - INDEPENDIENTES,325. JOSE IGNACIO CARO VILLAGRAN,IND,3.0,False
781150,LA ESTRELLA,LA ESTRELLA,ESCUELA PROFESORA MONICA SILVA GOMEZ,5V,ZJ.CHILE VAMOS UDI - INDEPENDIENTES,326. GASTON OCTAVIO FERNANDEZ MORI,IND,10.0,True
781151,LA ESTRELLA,LA ESTRELLA,ESCUELA PROFESORA MONICA SILVA GOMEZ,6V,M.CHILE DIGNO VERDE Y SOBERANO,300. MARITZA ISABEL GALAZ REYES,IND,4.0,False
781152,LA ESTRELLA,LA ESTRELLA,ESCUELA PROFESORA MONICA SILVA GOMEZ,6V,M.CHILE DIGNO VERDE Y SOBERANO,301. SANDRA CATALINA GALLEGUILLOS PASTRIAN,IND,8.0,False
781153,LA ESTRELLA,LA ESTRELLA,ESCUELA PROFESORA MONICA SILVA GOMEZ,6V,M.CHILE DIGNO VERDE Y SOBERANO,302. CARLOS RAFAEL CACERES VIDAL,IND,7.0,False
781154,LA ESTRELLA,LA ESTRELLA,ESCUELA PROFESORA MONICA SILVA GOMEZ,6V,M.CHILE DIGNO VERDE Y SOBERANO,303. EDUARDO ALBERTO CANTILLANA PASTRIAN,IND,8.0,True
781155,LA ESTRELLA,LA ESTRELLA,ESCUELA PROFESORA MONICA SILVA GOMEZ,6V,M.CHILE DIGNO VERDE Y SOBERANO,304. CONSTANZA ALINA LIZANA SANCHEZ,PCCH,1.0,False
781156,LA ESTRELLA,LA ESTRELLA,ESCUELA PROFESORA MONICA SILVA GOMEZ,6V,XK.CHILE VAMOS RENOVACION NACIONAL - INDEPENDIENTES,305. CECILIA ACUÑA CACERES,RN,18.0,True
781157,LA ESTRELLA,LA ESTRELLA,ESCUELA PROFESORA MONICA SILVA GOMEZ,6V,XK.CHILE VAMOS RENOVACION NACIONAL - INDEPENDIENTES,306. JORGE ALEJANDRO FUENZALIDA PEDREGAL,RN,0.0,False
781158,LA ESTRELLA,LA ESTRELLA,ESCUELA PROFESORA MONICA SILVA GOMEZ,6V,XK.CHILE VAMOS RENOVACION NACIONAL - INDEPENDIENTES,307. JIMENA MARCELA OYARZUN FUENTES,RN,4.0,False
781159,LA ESTRELLA,LA ESTRELLA,ESCUELA PROFESORA MONICA SILVA GOMEZ,6V,XK.CHILE VAMOS RENOVACION NACIONAL - INDEPENDIENTES,308. NATALIA VALESKA LOPEZ PEÑA,IND,5.0,False
781160,LA ESTRELLA,LA ESTRELLA,ESCUELA PROFESORA MONICA SILVA GOMEZ,6V,XK.CHILE VAMOS RENOVACION NACIONAL - INDEPENDIENTES,309. GALVARINO PASTRIAN PINO,IND,5.0,True
781161,LA ESTRELLA,LA ESTRELLA,ESCUELA PROFESORA MONICA SILVA GOMEZ,6V,XU.UNIDOS POR LA DIGNIDAD,310. RICARDO HERNAN BEAS GONZALEZ,PDC,10.0,False
781162,LA ESTRELLA,LA ESTRELLA,ESCUELA PROFESORA MONICA SILVA GOMEZ,6V,XU.UNIDOS POR LA DIGNIDAD,311. SOFIA FABIOLA MARDONES MARDONES,PDC,0.0,False
781163,LA ESTRELLA,LA ESTRELLA,ESCUELA PROFESORA MONICA SILVA GOMEZ,6V,XU.UNIDOS POR LA DIGNIDAD,312. ELIAS ALBINO BEAS GONZALEZ,PDC,5.0,False
781164,LA ESTRELLA,LA ESTRELLA,ESCUELA PROFESORA MONICA SILVA GOMEZ,6V,XU.UNIDOS POR LA DIGNIDAD,313. ANTONIO ANDRES BRICEÑO MONTENEGRO,PDC,0.0,False
781165,LA ESTRELLA,LA ESTRELLA,ESCUELA PROFESORA MONICA SILVA GOMEZ,6V,XU.UNIDOS POR LA DIGNIDAD,314. GUILLERMO ENRIQUE SANCHEZ GONZALEZ,IND,6.0,True
781166,LA ESTRELLA,LA ESTRELLA,ESCUELA PROFESORA MONICA SILVA GOMEZ,6V,YM.CHILE VAMOS - PRI E INDEPENDIENTES,315. ESPERANZA ASTORGA ARREDONDO,PRI,0.0,False
781167,LA ESTRELLA,LA ESTRELLA,ESCUELA PROFESORA MONICA SILVA GOMEZ,6V,ZG.CHILE VAMOS EVOPOLI - INDEPENDIENTES,316. MATIAS FRANCISCO FIGUEROA GARCIA,IND,3.0,False
781168,LA ESTRELLA,LA ESTRELLA,ESCUELA PROFESORA MONICA SILVA GOMEZ,6V,ZG.CHILE VAMOS EVOPOLI - INDEPENDIENTES,317. FLORITA DEL CARMEN PEREZ CABEZAS,IND,4.0,False
781169,LA ESTRELLA,LA ESTRELLA,ESCUELA PROFESORA MONICA SILVA GOMEZ,6V,ZG.CHILE VAMOS EVOPOLI - INDEPENDIENTES,318. ERNESTO BALTAZAR PINO PINO,IND,0.0,False
781170,LA ESTRELLA,LA ESTRELLA,ESCUELA PROFESORA MONICA SILVA GOMEZ,6V,ZG.CHILE VAMOS EVOPOLI - INDEPENDIENTES,319. JOSE LUIS PADILLA MONJE,IND,0.0,False
781171,LA ESTRELLA,LA ESTRELLA,ESCUELA PROFESORA MONICA SILVA GOMEZ,6V,ZG.CHILE VAMOS EVOPOLI - INDEPENDIENTES,320. GEMA DIANA POLANCO MORALES,IND,11.0,False
781172,LA ESTRELLA,LA ESTRELLA,ESCUELA PROFESORA MONICA SILVA GOMEZ,6V,ZJ.CHILE VAMOS UDI - INDEPENDIENTES,321. SOLEDAD ENRIQUETA GONZALEZ BASCUÑAN,UDI,2.0,False
781173,LA ESTRELLA,LA ESTRELLA,ESCUELA PROFESORA MONICA SILVA GOMEZ,6V,ZJ.CHILE VAMOS UDI - INDEPENDIENTES,322. SEBASTIAN ANDRES CACERES CACERES,UDI,1.0,False
781174,LA ESTRELLA,LA ESTRELLA,ESCUELA PROFESORA MONICA SILVA GOMEZ,6V,ZJ.CHILE VAMOS UDI - INDEPENDIENTES,323. EUGENIA ZAMORANO GONZALEZ,IND,12.0,True
781175,LA ESTRELLA,LA ESTRELLA,ESCUELA PROFESORA MONICA SILVA GOMEZ,6V,ZJ.CHILE VAMOS UDI - INDEPENDIENTES,324. JOSE HERIBERTO GALAZ GUZMAN,IND,1.0,False
781176,LA ESTRELLA,LA ESTRELLA,ESCUELA PROFESORA MONICA SILVA GOMEZ,6V,ZJ.CHILE VAMOS UDI - INDEPENDIENTES,325. JOSE IGNACIO CARO VILLAGRAN,IND,4.0,False
781177,LA ESTRELLA,LA ESTRELLA,ESCUELA PROFESORA MONICA SILVA GOMEZ,6V,ZJ.CHILE VAMOS UDI - INDEPENDIENTES,326. GASTON OCTAVIO FERNANDEZ MORI,IND,5.0,True
781178,LA ESTRELLA,LA ESTRELLA,ESCUELA PROFESORA MONICA SILVA GOMEZ,7V,M.CHILE DIGNO VERDE Y SOBERANO,300. MARITZA ISABEL GALAZ REYES,IND,4.0,False
781179,LA ESTRELLA,LA ESTRELLA,ESCUELA PROFESORA MONICA SILVA GOMEZ,7V,M.CHILE DIGNO VERDE Y SOBERANO,301. SANDRA CATALINA GALLEGUILLOS PASTRIAN,IND,6.0,False
781180,LA ESTRELLA,LA ESTRELLA,ESCUELA PROFESORA MONICA SILVA GOMEZ,7V,M.CHILE DIGNO VERDE Y SOBERANO,302. CARLOS RAFAEL CACERES VIDAL,IND,10.0,False
781181,LA ESTRELLA,LA ESTRELLA,ESCUELA PROFESORA MONICA SILVA GOMEZ,7V,M.CHILE DIGNO VERDE Y SOBERANO,303. EDUARDO ALBERTO CANTILLANA PASTRIAN,IND,4.0,True
781182,LA ESTRELLA,LA ESTRELLA,ESCUELA PROFESORA MONICA SILVA GOMEZ,7V,M.CHILE DIGNO VERDE Y SOBERANO,304. CONSTANZA ALINA LIZANA SANCHEZ,PCCH,1.0,False
781183,LA ESTRELLA,LA ESTRELLA,ESCUELA PROFESORA MONICA SILVA GOMEZ,7V,XK.CHILE VAMOS RENOVACION NACIONAL - INDEPENDIENTES,305. CECILIA ACUÑA CACERES,RN,8.0,True
781184,LA ESTRELLA,LA ESTRELLA,ESCUELA PROFESORA MONICA SILVA GOMEZ,7V,XK.CHILE VAMOS RENOVACION NACIONAL - INDEPENDIENTES,306. JORGE ALEJANDRO FUENZALIDA PEDREGAL,RN,0.0,False
781185,LA ESTRELLA,LA ESTRELLA,ESCUELA PROFESORA MONICA SILVA GOMEZ,7V,XK.CHILE VAMOS RENOVACION NACIONAL - INDEPENDIENTES,307. JIMENA MARCELA OYARZUN FUENTES,RN,8.0,False
781186,LA ESTRELLA,LA ESTRELLA,ESCUELA PROFESORA MONICA SILVA GOMEZ,7V,XK.CHILE VAMOS RENOVACION NACIONAL - INDEPENDIENTES,308. NATALIA VALESKA LOPEZ PEÑA,IND,4.0,False
781187,LA ESTRELLA,LA ESTRELLA,ESCUELA PROFESORA MONICA SILVA GOMEZ,7V,XK.CHILE VAMOS RENOVACION NACIONAL - INDEPENDIENTES,309. GALVARINO PASTRIAN PINO,IND,9.0,True
781188,LA ESTRELLA,LA ESTRELLA,ESCUELA PROFESORA MONICA SILVA GOMEZ,7V,XU.UNIDOS POR LA DIGNIDAD,310. RICARDO HERNAN BEAS GONZALEZ,PDC,10.0,False
781189,LA ESTRELLA,LA ESTRELLA,ESCUELA PROFESORA MONICA SILVA GOMEZ,7V,XU.UNIDOS POR LA DIGNIDAD,311. SOFIA FABIOLA MARDONES MARDONES,PDC,1.0,False
781190,LA ESTRELLA,LA ESTRELLA,ESCUELA PROFESORA MONICA SILVA GOMEZ,7V,XU.UNIDOS POR LA DIGNIDAD,312. ELIAS ALBINO BEAS GONZALEZ,PDC,6.0,False
781191,LA ESTRELLA,LA ESTRELLA,ESCUELA PROFESORA MONICA SILVA GOMEZ,7V,XU.UNIDOS POR LA DIGNIDAD,313. ANTONIO ANDRES BRICEÑO MONTENEGRO,PDC,0.0,False
781192,LA ESTRELLA,LA ESTRELLA,ESCUELA PROFESORA MONICA SILVA GOMEZ,7V,XU.UNIDOS POR LA DIGNIDAD,314. GUILLERMO ENRIQUE SANCHEZ GONZALEZ,IND,3.0,True
781193,LA ESTRELLA,LA ESTRELLA,ESCUELA PROFESORA MONICA SILVA GOMEZ,7V,YM.CHILE VAMOS - PRI E INDEPENDIENTES,315. ESPERANZA ASTORGA ARREDONDO,PRI,0.0,False
781194,LA ESTRELLA,LA ESTRELLA,ESCUELA PROFESORA MONICA SILVA GOMEZ,7V,ZG.CHILE VAMOS EVOPOLI - INDEPENDIENTES,316. MATIAS FRANCISCO FIGUEROA GARCIA,IND,0.0,False
781195,LA ESTRELLA,LA ESTRELLA,ESCUELA PROFESORA MONICA SILVA GOMEZ,7V,ZG.CHILE VAMOS EVOPOLI - INDEPENDIENTES,317. FLORITA DEL CARMEN PEREZ CABEZAS,IND,2.0,False
781196,LA ESTRELLA,LA ESTRELLA,ESCUELA PROFESORA MONICA SILVA GOMEZ,7V,ZG.CHILE VAMOS EVOPOLI - INDEPENDIENTES,318. ERNESTO BALTAZAR PINO PINO,IND,1.0,False
781197,LA ESTRELLA,LA ESTRELLA,ESCUELA PROFESORA MONICA SILVA GOMEZ,7V,ZG.CHILE VAMOS EVOPOLI - INDEPENDIENTES,319. JOSE LUIS PADILLA MONJE,IND,3.0,False
781198,LA ESTRELLA,LA ESTRELLA,ESCUELA PROFESORA MONICA SILVA GOMEZ,7V,ZG.CHILE VAMOS EVOPOLI - INDEPENDIENTES,320. GEMA DIANA POLANCO MORALES,IND,4.0,False
781199,LA ESTRELLA,LA ESTRELLA,ESCUELA PROFESORA MONICA SILVA GOMEZ,7V,ZJ.CHILE VAMOS UDI - INDEPENDIENTES,321. SOLEDAD ENRIQUETA GONZALEZ BASCUÑAN,UDI,1.0,False
781200,LA ESTRELLA,LA ESTRELLA,ESCUELA PROFESORA MONICA SILVA GOMEZ,7V,ZJ.CHILE VAMOS UDI - INDEPENDIENTES,322. SEBASTIAN ANDRES CACERES CACERES,UDI,0.0,False
781201,LA ESTRELLA,LA ESTRELLA,ESCUELA PROFESORA MONICA SILVA GOMEZ,7V,ZJ.CHILE VAMOS UDI - INDEPENDIENTES,323. EUGENIA ZAMORANO GONZALEZ,IND,17.0,True
781202,LA ESTRELLA,LA ESTRELLA,ESCUELA PROFESORA MONICA SILVA GOMEZ,7V,ZJ.CHILE VAMOS UDI - INDEPENDIENTES,324. JOSE HERIBERTO GALAZ GUZMAN,IND,0.0,False
781203,LA ESTRELLA,LA ESTRELLA,ESCUELA PROFESORA MONICA SILVA GOMEZ,7V,ZJ.CHILE VAMOS UDI - INDEPENDIENTES,325. JOSE IGNACIO CARO VILLAGRAN,IND,6.0,False
781204,LA ESTRELLA,LA ESTRELLA,ESCUELA PROFESORA MONICA SILVA GOMEZ,7V,ZJ.CHILE VAMOS UDI - INDEPENDIENTES,326. GASTON OCTAVIO FERNANDEZ MORI,IND,6.0,True
781205,LA ESTRELLA,LA ESTRELLA,ESCUELA PROFESORA MONICA SILVA GOMEZ,8V,M.CHILE DIGNO VERDE Y SOBERANO,300. MARITZA ISABEL GALAZ REYES,IND,9.0,False
781206,LA ESTRELLA,LA ESTRELLA,ESCUELA PROFESORA MONICA SILVA GOMEZ,8V,M.CHILE DIGNO VERDE Y SOBERANO,301. SANDRA CATALINA GALLEGUILLOS PASTRIAN,IND,19.0,False
781207,LA ESTRELLA,LA ESTRELLA,ESCUELA PROFESORA MONICA SILVA GOMEZ,8V,M.CHILE DIGNO VERDE Y SOBERANO,302. CARLOS RAFAEL CACERES VIDAL,IND,12.0,False
781208,LA ESTRELLA,LA ESTRELLA,ESCUELA PROFESORA MONICA SILVA GOMEZ,8V,M.CHILE DIGNO VERDE Y SOBERANO,303. EDUARDO ALBERTO CANTILLANA PASTRIAN,IND,14.0,True
781209,LA ESTRELLA,LA ESTRELLA,ESCUELA PROFESORA MONICA SILVA GOMEZ,8V,M.CHILE DIGNO VERDE Y SOBERANO,304. CONSTANZA ALINA LIZANA SANCHEZ,PCCH,0.0,False
781210,LA ESTRELLA,LA ESTRELLA,ESCUELA PROFESORA MONICA SILVA GOMEZ,8V,XK.CHILE VAMOS RENOVACION NACIONAL - INDEPENDIENTES,305. CECILIA ACUÑA CACERES,RN,23.0,True
781211,LA ESTRELLA,LA ESTRELLA,ESCUELA PROFESORA MONICA SILVA GOMEZ,8V,XK.CHILE VAMOS RENOVACION NACIONAL - INDEPENDIENTES,306. JORGE ALEJANDRO FUENZALIDA PEDREGAL,RN,2.0,False
781212,LA ESTRELLA,LA ESTRELLA,ESCUELA PROFESORA MONICA SILVA GOMEZ,8V,XK.CHILE VAMOS RENOVACION NACIONAL - INDEPENDIENTES,307. JIMENA MARCELA OYARZUN FUENTES,RN,9.0,False
781213,LA ESTRELLA,LA ESTRELLA,ESCUELA PROFESORA MONICA SILVA GOMEZ,8V,XK.CHILE VAMOS RENOVACION NACIONAL - INDEPENDIENTES,308. NATALIA VALESKA LOPEZ PEÑA,IND,4.0,False
781214,LA ESTRELLA,LA ESTRELLA,ESCUELA PROFESORA MONICA SILVA GOMEZ,8V,XK.CHILE VAMOS RENOVACION NACIONAL - INDEPENDIENTES,309. GALVARINO PASTRIAN PINO,IND,18.0,True
781215,LA ESTRELLA,LA ESTRELLA,ESCUELA PROFESORA MONICA SILVA GOMEZ,8V,XU.UNIDOS POR LA DIGNIDAD,310. RICARDO HERNAN BEAS GONZALEZ,PDC,13.0,False
781216,LA ESTRELLA,LA ESTRELLA,ESCUELA PROFESORA MONICA SILVA GOMEZ,8V,XU.UNIDOS POR LA DIGNIDAD,311. SOFIA FABIOLA MARDONES MARDONES,PDC,1.0,False
781217,LA ESTRELLA,LA ESTRELLA,ESCUELA PROFESORA MONICA SILVA GOMEZ,8V,XU.UNIDOS POR LA DIGNIDAD,312. ELIAS ALBINO BEAS GONZALEZ,PDC,9.0,False
781218,LA ESTRELLA,LA ESTRELLA,ESCUELA PROFESORA MONICA SILVA GOMEZ,8V,XU.UNIDOS POR LA DIGNIDAD,313. ANTONIO ANDRES BRICEÑO MONTENEGRO,PDC,0.0,False
781219,LA ESTRELLA,LA ESTRELLA,ESCUELA PROFESORA MONICA SILVA GOMEZ,8V,XU.UNIDOS POR LA DIGNIDAD,314. GUILLERMO ENRIQUE SANCHEZ GONZALEZ,IND,13.0,True
781220,LA ESTRELLA,LA ESTRELLA,ESCUELA PROFESORA MONICA SILVA GOMEZ,8V,YM.CHILE VAMOS - PRI E INDEPENDIENTES,315. ESPERANZA ASTORGA ARREDONDO,PRI,0.0,False
781221,LA ESTRELLA,LA ESTRELLA,ESCUELA PROFESORA MONICA SILVA GOMEZ,8V,ZG.CHILE VAMOS EVOPOLI - INDEPENDIENTES,316. MATIAS FRANCISCO FIGUEROA GARCIA,IND,5.0,False
781222,LA ESTRELLA,LA ESTRELLA,ESCUELA PROFESORA MONICA SILVA GOMEZ,8V,ZG.CHILE VAMOS EVOPOLI - INDEPENDIENTES,317. FLORITA DEL CARMEN PEREZ CABEZAS,IND,1.0,False
781223,LA ESTRELLA,LA ESTRELLA,ESCUELA PROFESORA MONICA SILVA GOMEZ,8V,ZG.CHILE VAMOS EVOPOLI - INDEPENDIENTES,318. ERNESTO BALTAZAR PINO PINO,IND,1.0,False
781224,LA ESTRELLA,LA ESTRELLA,ESCUELA PROFESORA MONICA SILVA GOMEZ,8V,ZG.CHILE VAMOS EVOPOLI - INDEPENDIENTES,319. JOSE LUIS PADILLA MONJE,IND,5.0,False
781225,LA ESTRELLA,LA ESTRELLA,ESCUELA PROFESORA MONICA SILVA GOMEZ,8V,ZG.CHILE VAMOS EVOPOLI - INDEPENDIENTES,320. GEMA DIANA POLANCO MORALES,IND,19.0,False
781226,LA ESTRELLA,LA ESTRELLA,ESCUELA PROFESORA MONICA SILVA GOMEZ,8V,ZJ.CHILE VAMOS UDI - INDEPENDIENTES,321. SOLEDAD ENRIQUETA GONZALEZ BASCUÑAN,UDI,9.0,False
781227,LA ESTRELLA,LA ESTRELLA,ESCUELA PROFESORA MONICA SILVA GOMEZ,8V,ZJ.CHILE VAMOS UDI - INDEPENDIENTES,322. SEBASTIAN ANDRES CACERES CACERES,UDI,3.0,False
781228,LA ESTRELLA,LA ESTRELLA,ESCUELA PROFESORA MONICA SILVA GOMEZ,8V,ZJ.CHILE VAMOS UDI - INDEPENDIENTES,323. EUGENIA ZAMORANO GONZALEZ,IND,25.0,True
781229,LA ESTRELLA,LA ESTRELLA,ESCUELA PROFESORA MONICA SILVA GOMEZ,8V,ZJ.CHILE VAMOS UDI - INDEPENDIENTES,324. JOSE HERIBERTO GALAZ GUZMAN,IND,3.0,False
781230,LA ESTRELLA,LA ESTRELLA,ESCUELA PROFESORA MONICA SILVA GOMEZ,8V,ZJ.CHILE VAMOS UDI - INDEPENDIENTES,325. JOSE IGNACIO CARO VILLAGRAN,IND,11.0,False
781231,LA ESTRELLA,LA ESTRELLA,ESCUELA PROFESORA MONICA SILVA GOMEZ,8V,ZJ.CHILE VAMOS UDI - INDEPENDIENTES,326. GASTON OCTAVIO FERNANDEZ MORI,IND,11.0,True
781232,LA ESTRELLA,LA ESTRELLA,ESCUELA PROFESORA MONICA SILVA GOMEZ INTERNADO,1M,M.CHILE DIGNO VERDE Y SOBERANO,300. MARITZA ISABEL GALAZ REYES,IND,5.0,False
781233,LA ESTRELLA,LA ESTRELLA,ESCUELA PROFESORA MONICA SILVA GOMEZ INTERNADO,1M,M.CHILE DIGNO VERDE Y SOBERANO,301. SANDRA CATALINA GALLEGUILLOS PASTRIAN,IND,5.0,False
781234,LA ESTRELLA,LA ESTRELLA,ESCUELA PROFESORA MONICA SILVA GOMEZ INTERNADO,1M,M.CHILE DIGNO VERDE Y SOBERANO,302. CARLOS RAFAEL CACERES VIDAL,IND,4.0,False
781235,LA ESTRELLA,LA ESTRELLA,ESCUELA PROFESORA MONICA SILVA GOMEZ INTERNADO,1M,M.CHILE DIGNO VERDE Y SOBERANO,303. EDUARDO ALBERTO CANTILLANA PASTRIAN,IND,6.0,True
781236,LA ESTRELLA,LA ESTRELLA,ESCUELA PROFESORA MONICA SILVA GOMEZ INTERNADO,1M,M.CHILE DIGNO VERDE Y SOBERANO,304. CONSTANZA ALINA LIZANA SANCHEZ,PCCH,0.0,False
781237,LA ESTRELLA,LA ESTRELLA,ESCUELA PROFESORA MONICA SILVA GOMEZ INTERNADO,1M,XK.CHILE VAMOS RENOVACION NACIONAL - INDEPENDIENTES,305. CECILIA ACUÑA CACERES,RN,46.0,True
781238,LA ESTRELLA,LA ESTRELLA,ESCUELA PROFESORA MONICA SILVA GOMEZ INTERNADO,1M,XK.CHILE VAMOS RENOVACION NACIONAL - INDEPENDIENTES,306. JORGE ALEJANDRO FUENZALIDA PEDREGAL,RN,2.0,False
781239,LA ESTRELLA,LA ESTRELLA,ESCUELA PROFESORA MONICA SILVA GOMEZ INTERNADO,1M,XK.CHILE VAMOS RENOVACION NACIONAL - INDEPENDIENTES,307. JIMENA MARCELA OYARZUN FUENTES,RN,6.0,False
781240,LA ESTRELLA,LA ESTRELLA,ESCUELA PROFESORA MONICA SILVA GOMEZ INTERNADO,1M,XK.CHILE VAMOS RENOVACION NACIONAL - INDEPENDIENTES,308. NATALIA VALESKA LOPEZ PEÑA,IND,2.0,False
781241,LA ESTRELLA,LA ESTRELLA,ESCUELA PROFESORA MONICA SILVA GOMEZ INTERNADO,1M,XK.CHILE VAMOS RENOVACION NACIONAL - INDEPENDIENTES,309. GALVARINO PASTRIAN PINO,IND,8.0,True
781242,LA ESTRELLA,LA ESTRELLA,ESCUELA PROFESORA MONICA SILVA GOMEZ INTERNADO,1M,XU.UNIDOS POR LA DIGNIDAD,310. RICARDO HERNAN BEAS GONZALEZ,PDC,11.0,False
781243,LA ESTRELLA,LA ESTRELLA,ESCUELA PROFESORA MONICA SILVA GOMEZ INTERNADO,1M,XU.UNIDOS POR LA DIGNIDAD,311. SOFIA FABIOLA MARDONES MARDONES,PDC,1.0,False
781244,LA ESTRELLA,LA ESTRELLA,ESCUELA PROFESORA MONICA SILVA GOMEZ INTERNADO,1M,XU.UNIDOS POR LA DIGNIDAD,312. ELIAS ALBINO BEAS GONZALEZ,PDC,7.0,False
781245,LA ESTRELLA,LA ESTRELLA,ESCUELA PROFESORA MONICA SILVA GOMEZ INTERNADO,1M,XU.UNIDOS POR LA DIGNIDAD,313. ANTONIO ANDRES BRICEÑO MONTENEGRO,PDC,2.0,False
781246,LA ESTRELLA,LA ESTRELLA,ESCUELA PROFESORA MONICA SILVA GOMEZ INTERNADO,1M,XU.UNIDOS POR LA DIGNIDAD,314. GUILLERMO ENRIQUE SANCHEZ GONZALEZ,IND,17.0,True
781247,LA ESTRELLA,LA ESTRELLA,ESCUELA PROFESORA MONICA SILVA GOMEZ INTERNADO,1M,YM.CHILE VAMOS - PRI E INDEPENDIENTES,315. ESPERANZA ASTORGA ARREDONDO,PRI,2.0,False
781248,LA ESTRELLA,LA ESTRELLA,ESCUELA PROFESORA MONICA SILVA GOMEZ INTERNADO,1M,ZG.CHILE VAMOS EVOPOLI - INDEPENDIENTES,316. MATIAS FRANCISCO FIGUEROA GARCIA,IND,1.0,False
781249,LA ESTRELLA,LA ESTRELLA,ESCUELA PROFESORA MONICA SILVA GOMEZ INTERNADO,1M,ZG.CHILE VAMOS EVOPOLI - INDEPENDIENTES,317. FLORITA DEL CARMEN PEREZ CABEZAS,IND,6.0,False
781250,LA ESTRELLA,LA ESTRELLA,ESCUELA PROFESORA MONICA SILVA GOMEZ INTERNADO,1M,ZG.CHILE VAMOS EVOPOLI - INDEPENDIENTES,318. ERNESTO BALTAZAR PINO PINO,IND,3.0,False
781251,LA ESTRELLA,LA ESTRELLA,ESCUELA PROFESORA MONICA SILVA GOMEZ INTERNADO,1M,ZG.CHILE VAMOS EVOPOLI - INDEPENDIENTES,319. JOSE LUIS PADILLA MONJE,IND,1.0,False
781252,LA ESTRELLA,LA ESTRELLA,ESCUELA PROFESORA MONICA SILVA GOMEZ INTERNADO,1M,ZG.CHILE VAMOS EVOPOLI - INDEPENDIENTES,320. GEMA DIANA POLANCO MORALES,IND,9.0,False
781253,LA ESTRELLA,LA ESTRELLA,ESCUELA PROFESORA MONICA SILVA GOMEZ INTERNADO,1M,ZJ.CHILE VAMOS UDI - INDEPENDIENTES,321. SOLEDAD ENRIQUETA GONZALEZ BASCUÑAN,UDI,1.0,False
781254,LA ESTRELLA,LA ESTRELLA,ESCUELA PROFESORA MONICA SILVA GOMEZ INTERNADO,1M,ZJ.CHILE VAMOS UDI - INDEPENDIENTES,322. SEBASTIAN ANDRES CACERES CACERES,UDI,1.0,False
781255,LA ESTRELLA,LA ESTRELLA,ESCUELA PROFESORA MONICA SILVA GOMEZ INTERNADO,1M,ZJ.CHILE VAMOS UDI - INDEPENDIENTES,323. EUGENIA ZAMORANO GONZALEZ,IND,17.0,True
781256,LA ESTRELLA,LA ESTRELLA,ESCUELA PROFESORA MONICA SILVA GOMEZ INTERNADO,1M,ZJ.CHILE VAMOS UDI - INDEPENDIENTES,324. JOSE HERIBERTO GALAZ GUZMAN,IND,0.0,False
781257,LA ESTRELLA,LA ESTRELLA,ESCUELA PROFESORA MONICA SILVA GOMEZ INTERNADO,1M,ZJ.CHILE VAMOS UDI - INDEPENDIENTES,325. JOSE IGNACIO CARO VILLAGRAN,IND,8.0,False
781258,LA ESTRELLA,LA ESTRELLA,ESCUELA PROFESORA MONICA SILVA GOMEZ INTERNADO,1M,ZJ.CHILE VAMOS UDI - INDEPENDIENTES,326. GASTON OCTAVIO FERNANDEZ MORI,IND,15.0,True
781259,LA ESTRELLA,LA ESTRELLA,ESCUELA PROFESORA MONICA SILVA GOMEZ INTERNADO,2M,M.CHILE DIGNO VERDE Y SOBERANO,300. MARITZA ISABEL GALAZ REYES,IND,2.0,False
781260,LA ESTRELLA,LA ESTRELLA,ESCUELA PROFESORA MONICA SILVA GOMEZ INTERNADO,2M,M.CHILE DIGNO VERDE Y SOBERANO,301. SANDRA CATALINA GALLEGUILLOS PASTRIAN,IND,10.0,False
781261,LA ESTRELLA,LA ESTRELLA,ESCUELA PROFESORA MONICA SILVA GOMEZ INTERNADO,2M,M.CHILE DIGNO VERDE Y SOBERANO,302. CARLOS RAFAEL CACERES VIDAL,IND,9.0,False
781262,LA ESTRELLA,LA ESTRELLA,ESCUELA PROFESORA MONICA SILVA GOMEZ INTERNADO,2M,M.CHILE DIGNO VERDE Y SOBERANO,303. EDUARDO ALBERTO CANTILLANA PASTRIAN,IND,10.0,True
781263,LA ESTRELLA,LA ESTRELLA,ESCUELA PROFESORA MONICA SILVA GOMEZ INTERNADO,2M,M.CHILE DIGNO VERDE Y SOBERANO,304. CONSTANZA ALINA LIZANA SANCHEZ,PCCH,1.0,False
781264,LA ESTRELLA,LA ESTRELLA,ESCUELA PROFESORA MONICA SILVA GOMEZ INTERNADO,2M,XK.CHILE VAMOS RENOVACION NACIONAL - INDEPENDIENTES,305. CECILIA ACUÑA CACERES,RN,35.0,True
781265,LA ESTRELLA,LA ESTRELLA,ESCUELA PROFESORA MONICA SILVA GOMEZ INTERNADO,2M,XK.CHILE VAMOS RENOVACION NACIONAL - INDEPENDIENTES,306. JORGE ALEJANDRO FUENZALIDA PEDREGAL,RN,0.0,False
781266,LA ESTRELLA,LA ESTRELLA,ESCUELA PROFESORA MONICA SILVA GOMEZ INTERNADO,2M,XK.CHILE VAMOS RENOVACION NACIONAL - INDEPENDIENTES,307. JIMENA MARCELA OYARZUN FUENTES,RN,11.0,False
781267,LA ESTRELLA,LA ESTRELLA,ESCUELA PROFESORA MONICA SILVA GOMEZ INTERNADO,2M,XK.CHILE VAMOS RENOVACION NACIONAL - INDEPENDIENTES,308. NATALIA VALESKA LOPEZ PEÑA,IND,3.0,False
781268,LA ESTRELLA,LA ESTRELLA,ESCUELA PROFESORA MONICA SILVA GOMEZ INTERNADO,2M,XK.CHILE VAMOS RENOVACION NACIONAL - INDEPENDIENTES,309. GALVARINO PASTRIAN PINO,IND,6.0,True
781269,LA ESTRELLA,LA ESTRELLA,ESCUELA PROFESORA MONICA SILVA GOMEZ INTERNADO,2M,XU.UNIDOS POR LA DIGNIDAD,310. RICARDO HERNAN BEAS GONZALEZ,PDC,13.0,False
781270,LA ESTRELLA,LA ESTRELLA,ESCUELA PROFESORA MONICA SILVA GOMEZ INTERNADO,2M,XU.UNIDOS POR LA DIGNIDAD,311. SOFIA FABIOLA MARDONES MARDONES,PDC,0.0,False
781271,LA ESTRELLA,LA ESTRELLA,ESCUELA PROFESORA MONICA SILVA GOMEZ INTERNADO,2M,XU.UNIDOS POR LA DIGNIDAD,312. ELIAS ALBINO BEAS GONZALEZ,PDC,3.0,False
781272,LA ESTRELLA,LA ESTRELLA,ESCUELA PROFESORA MONICA SILVA GOMEZ INTERNADO,2M,XU.UNIDOS POR LA DIGNIDAD,313. ANTONIO ANDRES BRICEÑO MONTENEGRO,PDC,1.0,False
781273,LA ESTRELLA,LA ESTRELLA,ESCUELA PROFESORA MONICA SILVA GOMEZ INTERNADO,2M,XU.UNIDOS POR LA DIGNIDAD,314. GUILLERMO ENRIQUE SANCHEZ GONZALEZ,IND,24.0,True
781274,LA ESTRELLA,LA ESTRELLA,ESCUELA PROFESORA MONICA SILVA GOMEZ INTERNADO,2M,YM.CHILE VAMOS - PRI E INDEPENDIENTES,315. ESPERANZA ASTORGA ARREDONDO,PRI,1.0,False
781275,LA ESTRELLA,LA ESTRELLA,ESCUELA PROFESORA MONICA SILVA GOMEZ INTERNADO,2M,ZG.CHILE VAMOS EVOPOLI - INDEPENDIENTES,316. MATIAS FRANCISCO FIGUEROA GARCIA,IND,2.0,False
781276,LA ESTRELLA,LA ESTRELLA,ESCUELA PROFESORA MONICA SILVA GOMEZ INTERNADO,2M,ZG.CHILE VAMOS EVOPOLI - INDEPENDIENTES,317. FLORITA DEL CARMEN PEREZ CABEZAS,IND,5.0,False
781277,LA ESTRELLA,LA ESTRELLA,ESCUELA PROFESORA MONICA SILVA GOMEZ INTERNADO,2M,ZG.CHILE VAMOS EVOPOLI - INDEPENDIENTES,318. ERNESTO BALTAZAR PINO PINO,IND,3.0,False
781278,LA ESTRELLA,LA ESTRELLA,ESCUELA PROFESORA MONICA SILVA GOMEZ INTERNADO,2M,ZG.CHILE VAMOS EVOPOLI - INDEPENDIENTES,319. JOSE LUIS PADILLA MONJE,IND,0.0,False
781279,LA ESTRELLA,LA ESTRELLA,ESCUELA PROFESORA MONICA SILVA GOMEZ INTERNADO,2M,ZG.CHILE VAMOS EVOPOLI - INDEPENDIENTES,320. GEMA DIANA POLANCO MORALES,IND,12.0,False
781280,LA ESTRELLA,LA ESTRELLA,ESCUELA PROFESORA MONICA SILVA GOMEZ INTERNADO,2M,ZJ.CHILE VAMOS UDI - INDEPENDIENTES,321. SOLEDAD ENRIQUETA GONZALEZ BASCUÑAN,UDI,6.0,False
781281,LA ESTRELLA,LA ESTRELLA,ESCUELA PROFESORA MONICA SILVA GOMEZ INTERNADO,2M,ZJ.CHILE VAMOS UDI - INDEPENDIENTES,322. SEBASTIAN ANDRES CACERES CACERES,UDI,2.0,False
781282,LA ESTRELLA,LA ESTRELLA,ESCUELA PROFESORA MONICA SILVA GOMEZ INTERNADO,2M,ZJ.CHILE VAMOS UDI - INDEPENDIENTES,323. EUGENIA ZAMORANO GONZALEZ,IND,18.0,True
781283,LA ESTRELLA,LA ESTRELLA,ESCUELA PROFESORA MONICA SILVA GOMEZ INTERNADO,2M,ZJ.CHILE VAMOS UDI - INDEPENDIENTES,324. JOSE HERIBERTO GALAZ GUZMAN,IND,1.0,False
781284,LA ESTRELLA,LA ESTRELLA,ESCUELA PROFESORA MONICA SILVA GOMEZ INTERNADO,2M,ZJ.CHILE VAMOS UDI - INDEPENDIENTES,325. JOSE IGNACIO CARO VILLAGRAN,IND,8.0,False
781285,LA ESTRELLA,LA ESTRELLA,ESCUELA PROFESORA MONICA SILVA GOMEZ INTERNADO,2M,ZJ.CHILE VAMOS UDI - INDEPENDIENTES,326. GASTON OCTAVIO FERNANDEZ MORI,IND,13.0,True
781286,LA ESTRELLA,LA ESTRELLA,ESCUELA PROFESORA MONICA SILVA GOMEZ INTERNADO,3M,M.CHILE DIGNO VERDE Y SOBERANO,300. MARITZA ISABEL GALAZ REYES,IND,5.0,False
781287,LA ESTRELLA,LA ESTRELLA,ESCUELA PROFESORA MONICA SILVA GOMEZ INTERNADO,3M,M.CHILE DIGNO VERDE Y SOBERANO,301. SANDRA CATALINA GALLEGUILLOS PASTRIAN,IND,9.0,False
781288,LA ESTRELLA,LA ESTRELLA,ESCUELA PROFESORA MONICA SILVA GOMEZ INTERNADO,3M,M.CHILE DIGNO VERDE Y SOBERANO,302. CARLOS RAFAEL CACERES VIDAL,IND,3.0,False
781289,LA ESTRELLA,LA ESTRELLA,ESCUELA PROFESORA MONICA SILVA GOMEZ INTERNADO,3M,M.CHILE DIGNO VERDE Y SOBERANO,303. EDUARDO ALBERTO CANTILLANA PASTRIAN,IND,13.0,True
781290,LA ESTRELLA,LA ESTRELLA,ESCUELA PROFESORA MONICA SILVA GOMEZ INTERNADO,3M,M.CHILE DIGNO VERDE Y SOBERANO,304. CONSTANZA ALINA LIZANA SANCHEZ,PCCH,1.0,False
781291,LA ESTRELLA,LA ESTRELLA,ESCUELA PROFESORA MONICA SILVA GOMEZ INTERNADO,3M,XK.CHILE VAMOS RENOVACION NACIONAL - INDEPENDIENTES,305. CECILIA ACUÑA CACERES,RN,29.0,True
781292,LA ESTRELLA,LA ESTRELLA,ESCUELA PROFESORA MONICA SILVA GOMEZ INTERNADO,3M,XK.CHILE VAMOS RENOVACION NACIONAL - INDEPENDIENTES,306. JORGE ALEJANDRO FUENZALIDA PEDREGAL,RN,1.0,False
781293,LA ESTRELLA,LA ESTRELLA,ESCUELA PROFESORA MONICA SILVA GOMEZ INTERNADO,3M,XK.CHILE VAMOS RENOVACION NACIONAL - INDEPENDIENTES,307. JIMENA MARCELA OYARZUN FUENTES,RN,6.0,False
781294,LA ESTRELLA,LA ESTRELLA,ESCUELA PROFESORA MONICA SILVA GOMEZ INTERNADO,3M,XK.CHILE VAMOS RENOVACION NACIONAL - INDEPENDIENTES,308. NATALIA VALESKA LOPEZ PEÑA,IND,0.0,False
781295,LA ESTRELLA,LA ESTRELLA,ESCUELA PROFESORA MONICA SILVA GOMEZ INTERNADO,3M,XK.CHILE VAMOS RENOVACION NACIONAL - INDEPENDIENTES,309. GALVARINO PASTRIAN PINO,IND,15.0,True
781296,LA ESTRELLA,LA ESTRELLA,ESCUELA PROFESORA MONICA SILVA GOMEZ INTERNADO,3M,XU.UNIDOS POR LA DIGNIDAD,310. RICARDO HERNAN BEAS GONZALEZ,PDC,13.0,False
781297,LA ESTRELLA,LA ESTRELLA,ESCUELA PROFESORA MONICA SILVA GOMEZ INTERNADO,3M,XU.UNIDOS POR LA DIGNIDAD,311. SOFIA FABIOLA MARDONES MARDONES,PDC,0.0,False
781298,LA ESTRELLA,LA ESTRELLA,ESCUELA PROFESORA MONICA SILVA GOMEZ INTERNADO,3M,XU.UNIDOS POR LA DIGNIDAD,312. ELIAS ALBINO BEAS GONZALEZ,PDC,6.0,False
781299,LA ESTRELLA,LA ESTRELLA,ESCUELA PROFESORA MONICA SILVA GOMEZ INTERNADO,3M,XU.UNIDOS POR LA DIGNIDAD,313. ANTONIO ANDRES BRICEÑO MONTENEGRO,PDC,0.0,False
781300,LA ESTRELLA,LA ESTRELLA,ESCUELA PROFESORA MONICA SILVA GOMEZ INTERNADO,3M,XU.UNIDOS POR LA DIGNIDAD,314. GUILLERMO ENRIQUE SANCHEZ GONZALEZ,IND,15.0,True
781301,LA ESTRELLA,LA ESTRELLA,ESCUELA PROFESORA MONICA SILVA GOMEZ INTERNADO,3M,YM.CHILE VAMOS - PRI E INDEPENDIENTES,315. ESPERANZA ASTORGA ARREDONDO,PRI,0.0,False
781302,LA ESTRELLA,LA ESTRELLA,ESCUELA PROFESORA MONICA SILVA GOMEZ INTERNADO,3M,ZG.CHILE VAMOS EVOPOLI - INDEPENDIENTES,316. MATIAS FRANCISCO FIGUEROA GARCIA,IND,5.0,False
781303,LA ESTRELLA,LA ESTRELLA,ESCUELA PROFESORA MONICA SILVA GOMEZ INTERNADO,3M,ZG.CHILE VAMOS EVOPOLI - INDEPENDIENTES,317. FLORITA DEL CARMEN PEREZ CABEZAS,IND,3.0,False
781304,LA ESTRELLA,LA ESTRELLA,ESCUELA PROFESORA MONICA SILVA GOMEZ INTERNADO,3M,ZG.CHILE VAMOS EVOPOLI - INDEPENDIENTES,318. ERNESTO BALTAZAR PINO PINO,IND,0.0,False
781305,LA ESTRELLA,LA ESTRELLA,ESCUELA PROFESORA MONICA SILVA GOMEZ INTERNADO,3M,ZG.CHILE VAMOS EVOPOLI - INDEPENDIENTES,319. JOSE LUIS PADILLA MONJE,IND,3.0,False
781306,LA ESTRELLA,LA ESTRELLA,ESCUELA PROFESORA MONICA SILVA GOMEZ INTERNADO,3M,ZG.CHILE VAMOS EVOPOLI - INDEPENDIENTES,320. GEMA DIANA POLANCO MORALES,IND,8.0,False
781307,LA ESTRELLA,LA ESTRELLA,ESCUELA PROFESORA MONICA SILVA GOMEZ INTERNADO,3M,ZJ.CHILE VAMOS UDI - INDEPENDIENTES,321. SOLEDAD ENRIQUETA GONZALEZ BASCUÑAN,UDI,6.0,False
781308,LA ESTRELLA,LA ESTRELLA,ESCUELA PROFESORA MONICA SILVA GOMEZ INTERNADO,3M,ZJ.CHILE VAMOS UDI - INDEPENDIENTES,322. SEBASTIAN ANDRES CACERES CACERES,UDI,0.0,False
781309,LA ESTRELLA,LA ESTRELLA,ESCUELA PROFESORA MONICA SILVA GOMEZ INTERNADO,3M,ZJ.CHILE VAMOS UDI - INDEPENDIENTES,323. EUGENIA ZAMORANO GONZALEZ,IND,23.0,True
781310,LA ESTRELLA,LA ESTRELLA,ESCUELA PROFESORA MONICA SILVA GOMEZ INTERNADO,3M,ZJ.CHILE VAMOS UDI - INDEPENDIENTES,324. JOSE HERIBERTO GALAZ GUZMAN,IND,3.0,False
781311,LA ESTRELLA,LA ESTRELLA,ESCUELA PROFESORA MONICA SILVA GOMEZ INTERNADO,3M,ZJ.CHILE VAMOS UDI - INDEPENDIENTES,325. JOSE IGNACIO CARO VILLAGRAN,IND,9.0,False
781312,LA ESTRELLA,LA ESTRELLA,ESCUELA PROFESORA MONICA SILVA GOMEZ INTERNADO,3M,ZJ.CHILE VAMOS UDI - INDEPENDIENTES,326. GASTON OCTAVIO FERNANDEZ MORI,IND,18.0,True
781313,LA ESTRELLA,LA ESTRELLA,ESCUELA PROFESORA MONICA SILVA GOMEZ INTERNADO,4M-9V,M.CHILE DIGNO VERDE Y SOBERANO,300. MARITZA ISABEL GALAZ REYES,IND,4.0,False
781314,LA ESTRELLA,LA ESTRELLA,ESCUELA PROFESORA MONICA SILVA GOMEZ INTERNADO,4M-9V,M.CHILE DIGNO VERDE Y SOBERANO,301. SANDRA CATALINA GALLEGUILLOS PASTRIAN,IND,8.0,False
781315,LA ESTRELLA,LA ESTRELLA,ESCUELA PROFESORA MONICA SILVA GOMEZ INTERNADO,4M-9V,M.CHILE DIGNO VERDE Y SOBERANO,302. CARLOS RAFAEL CACERES VIDAL,IND,9.0,False
781316,LA ESTRELLA,LA ESTRELLA,ESCUELA PROFESORA MONICA SILVA GOMEZ INTERNADO,4M-9V,M.CHILE DIGNO VERDE Y SOBERANO,303. EDUARDO ALBERTO CANTILLANA PASTRIAN,IND,15.0,True
781317,LA ESTRELLA,LA ESTRELLA,ESCUELA PROFESORA MONICA SILVA GOMEZ INTERNADO,4M-9V,M.CHILE DIGNO VERDE Y SOBERANO,304. CONSTANZA ALINA LIZANA SANCHEZ,PCCH,2.0,False
781318,LA ESTRELLA,LA ESTRELLA,ESCUELA PROFESORA MONICA SILVA GOMEZ INTERNADO,4M-9V,XK.CHILE VAMOS RENOVACION NACIONAL - INDEPENDIENTES,305. CECILIA ACUÑA CACERES,RN,24.0,True
781319,LA ESTRELLA,LA ESTRELLA,ESCUELA PROFESORA MONICA SILVA GOMEZ INTERNADO,4M-9V,XK.CHILE VAMOS RENOVACION NACIONAL - INDEPENDIENTES,306. JORGE ALEJANDRO FUENZALIDA PEDREGAL,RN,0.0,False
781320,LA ESTRELLA,LA ESTRELLA,ESCUELA PROFESORA MONICA SILVA GOMEZ INTERNADO,4M-9V,XK.CHILE VAMOS RENOVACION NACIONAL - INDEPENDIENTES,307. JIMENA MARCELA OYARZUN FUENTES,RN,9.0,False
781321,LA ESTRELLA,LA ESTRELLA,ESCUELA PROFESORA MONICA SILVA GOMEZ INTERNADO,4M-9V,XK.CHILE VAMOS RENOVACION NACIONAL - INDEPENDIENTES,308. NATALIA VALESKA LOPEZ PEÑA,IND,6.0,False
781322,LA ESTRELLA,LA ESTRELLA,ESCUELA PROFESORA MONICA SILVA GOMEZ INTERNADO,4M-9V,XK.CHILE VAMOS RENOVACION NACIONAL - INDEPENDIENTES,309. GALVARINO PASTRIAN PINO,IND,7.0,True
781323,LA ESTRELLA,LA ESTRELLA,ESCUELA PROFESORA MONICA SILVA GOMEZ INTERNADO,4M-9V,XU.UNIDOS POR LA DIGNIDAD,310. RICARDO HERNAN BEAS GONZALEZ,PDC,9.0,False
781324,LA ESTRELLA,LA ESTRELLA,ESCUELA PROFESORA MONICA SILVA GOMEZ INTERNADO,4M-9V,XU.UNIDOS POR LA DIGNIDAD,311. SOFIA FABIOLA MARDONES MARDONES,PDC,1.0,False
781325,LA ESTRELLA,LA ESTRELLA,ESCUELA PROFESORA MONICA SILVA GOMEZ INTERNADO,4M-9V,XU.UNIDOS POR LA DIGNIDAD,312. ELIAS ALBINO BEAS GONZALEZ,PDC,7.0,False
781326,LA ESTRELLA,LA ESTRELLA,ESCUELA PROFESORA MONICA SILVA GOMEZ INTERNADO,4M-9V,XU.UNIDOS POR LA DIGNIDAD,313. ANTONIO ANDRES BRICEÑO MONTENEGRO,PDC,0.0,False
781327,LA ESTRELLA,LA ESTRELLA,ESCUELA PROFESORA MONICA SILVA GOMEZ INTERNADO,4M-9V,XU.UNIDOS POR LA DIGNIDAD,314. GUILLERMO ENRIQUE SANCHEZ GONZALEZ,IND,21.0,True
781328,LA ESTRELLA,LA ESTRELLA,ESCUELA PROFESORA MONICA SILVA GOMEZ INTERNADO,4M-9V,YM.CHILE VAMOS - PRI E INDEPENDIENTES,315. ESPERANZA ASTORGA ARREDONDO,PRI,0.0,False
781329,LA ESTRELLA,LA ESTRELLA,ESCUELA PROFESORA MONICA SILVA GOMEZ INTERNADO,4M-9V,ZG.CHILE VAMOS EVOPOLI - INDEPENDIENTES,316. MATIAS FRANCISCO FIGUEROA GARCIA,IND,5.0,False
781330,LA ESTRELLA,LA ESTRELLA,ESCUELA PROFESORA MONICA SILVA GOMEZ INTERNADO,4M-9V,ZG.CHILE VAMOS EVOPOLI - INDEPENDIENTES,317. FLORITA DEL CARMEN PEREZ CABEZAS,IND,7.0,False
781331,LA ESTRELLA,LA ESTRELLA,ESCUELA PROFESORA MONICA SILVA GOMEZ INTERNADO,4M-9V,ZG.CHILE VAMOS EVOPOLI - INDEPENDIENTES,318. ERNESTO BALTAZAR PINO PINO,IND,1.0,False
781332,LA ESTRELLA,LA ESTRELLA,ESCUELA PROFESORA MONICA SILVA GOMEZ INTERNADO,4M-9V,ZG.CHILE VAMOS EVOPOLI - INDEPENDIENTES,319. JOSE LUIS PADILLA MONJE,IND,4.0,False
781333,LA ESTRELLA,LA ESTRELLA,ESCUELA PROFESORA MONICA SILVA GOMEZ INTERNADO,4M-9V,ZG.CHILE VAMOS EVOPOLI - INDEPENDIENTES,320. GEMA DIANA POLANCO MORALES,IND,12.0,False
781334,LA ESTRELLA,LA ESTRELLA,ESCUELA PROFESORA MONICA SILVA GOMEZ INTERNADO,4M-9V,ZJ.CHILE VAMOS UDI - INDEPENDIENTES,321. SOLEDAD ENRIQUETA GONZALEZ BASCUÑAN,UDI,2.0,False
781335,LA ESTRELLA,LA ESTRELLA,ESCUELA PROFESORA MONICA SILVA GOMEZ INTERNADO,4M-9V,ZJ.CHILE VAMOS UDI - INDEPENDIENTES,322. SEBASTIAN ANDRES CACERES CACERES,UDI,4.0,False
781336,LA ESTRELLA,LA ESTRELLA,ESCUELA PROFESORA MONICA SILVA GOMEZ INTERNADO,4M-9V,ZJ.CHILE VAMOS UDI - INDEPENDIENTES,323. EUGENIA ZAMORANO GONZALEZ,IND,38.0,True
781337,LA ESTRELLA,LA ESTRELLA,ESCUELA PROFESORA MONICA SILVA GOMEZ INTERNADO,4M-9V,ZJ.CHILE VAMOS UDI - INDEPENDIENTES,324. JOSE HERIBERTO GALAZ GUZMAN,IND,5.0,False
781338,LA ESTRELLA,LA ESTRELLA,ESCUELA PROFESORA MONICA SILVA GOMEZ INTERNADO,4M-9V,ZJ.CHILE VAMOS UDI - INDEPENDIENTES,325. JOSE IGNACIO CARO VILLAGRAN,IND,12.0,False
781339,LA ESTRELLA,LA ESTRELLA,ESCUELA PROFESORA MONICA SILVA GOMEZ INTERNADO,4M-9V,ZJ.CHILE VAMOS UDI - INDEPENDIENTES,326. GASTON OCTAVIO FERNANDEZ MORI,IND,12.0,True
781340,LA ESTRELLA,LA ESTRELLA,ESCUELA PROFESORA MONICA SILVA GOMEZ INTERNADO,5M-4V,M.CHILE DIGNO VERDE Y SOBERANO,300. MARITZA ISABEL GALAZ REYES,IND,10.0,False
781341,LA ESTRELLA,LA ESTRELLA,ESCUELA PROFESORA MONICA SILVA GOMEZ INTERNADO,5M-4V,M.CHILE DIGNO VERDE Y SOBERANO,301. SANDRA CATALINA GALLEGUILLOS PASTRIAN,IND,6.0,False
781342,LA ESTRELLA,LA ESTRELLA,ESCUELA PROFESORA MONICA SILVA GOMEZ INTERNADO,5M-4V,M.CHILE DIGNO VERDE Y SOBERANO,302. CARLOS RAFAEL CACERES VIDAL,IND,14.0,False
781343,LA ESTRELLA,LA ESTRELLA,ESCUELA PROFESORA MONICA SILVA GOMEZ INTERNADO,5M-4V,M.CHILE DIGNO VERDE Y SOBERANO,303. EDUARDO ALBERTO CANTILLANA PASTRIAN,IND,8.0,True
781344,LA ESTRELLA,LA ESTRELLA,ESCUELA PROFESORA MONICA SILVA GOMEZ INTERNADO,5M-4V,M.CHILE DIGNO VERDE Y SOBERANO,304. CONSTANZA ALINA LIZANA SANCHEZ,PCCH,1.0,False
781345,LA ESTRELLA,LA ESTRELLA,ESCUELA PROFESORA MONICA SILVA GOMEZ INTERNADO,5M-4V,XK.CHILE VAMOS RENOVACION NACIONAL - INDEPENDIENTES,305. CECILIA ACUÑA CACERES,RN,23.0,True
781346,LA ESTRELLA,LA ESTRELLA,ESCUELA PROFESORA MONICA SILVA GOMEZ INTERNADO,5M-4V,XK.CHILE VAMOS RENOVACION NACIONAL - INDEPENDIENTES,306. JORGE ALEJANDRO FUENZALIDA PEDREGAL,RN,0.0,False
781347,LA ESTRELLA,LA ESTRELLA,ESCUELA PROFESORA MONICA SILVA GOMEZ INTERNADO,5M-4V,XK.CHILE VAMOS RENOVACION NACIONAL - INDEPENDIENTES,307. JIMENA MARCELA OYARZUN FUENTES,RN,6.0,False
781348,LA ESTRELLA,LA ESTRELLA,ESCUELA PROFESORA MONICA SILVA GOMEZ INTERNADO,5M-4V,XK.CHILE VAMOS RENOVACION NACIONAL - INDEPENDIENTES,308. NATALIA VALESKA LOPEZ PEÑA,IND,1.0,False
781349,LA ESTRELLA,LA ESTRELLA,ESCUELA PROFESORA MONICA SILVA GOMEZ INTERNADO,5M-4V,XK.CHILE VAMOS RENOVACION NACIONAL - INDEPENDIENTES,309. GALVARINO PASTRIAN PINO,IND,9.0,True
781350,LA ESTRELLA,LA ESTRELLA,ESCUELA PROFESORA MONICA SILVA GOMEZ INTERNADO,5M-4V,XU.UNIDOS POR LA DIGNIDAD,310. RICARDO HERNAN BEAS GONZALEZ,PDC,16.0,False
781351,LA ESTRELLA,LA ESTRELLA,ESCUELA PROFESORA MONICA SILVA GOMEZ INTERNADO,5M-4V,XU.UNIDOS POR LA DIGNIDAD,311. SOFIA FABIOLA MARDONES MARDONES,PDC,2.0,False
781352,LA ESTRELLA,LA ESTRELLA,ESCUELA PROFESORA MONICA SILVA GOMEZ INTERNADO,5M-4V,XU.UNIDOS POR LA DIGNIDAD,312. ELIAS ALBINO BEAS GONZALEZ,PDC,5.0,False
781353,LA ESTRELLA,LA ESTRELLA,ESCUELA PROFESORA MONICA SILVA GOMEZ INTERNADO,5M-4V,XU.UNIDOS POR LA DIGNIDAD,313. ANTONIO ANDRES BRICEÑO MONTENEGRO,PDC,0.0,False
781354,LA ESTRELLA,LA ESTRELLA,ESCUELA PROFESORA MONICA SILVA GOMEZ INTERNADO,5M-4V,XU.UNIDOS POR LA DIGNIDAD,314. GUILLERMO ENRIQUE SANCHEZ GONZALEZ,IND,14.0,True
781355,LA ESTRELLA,LA ESTRELLA,ESCUELA PROFESORA MONICA SILVA GOMEZ INTERNADO,5M-4V,YM.CHILE VAMOS - PRI E INDEPENDIENTES,315. ESPERANZA ASTORGA ARREDONDO,PRI,0.0,False
781356,LA ESTRELLA,LA ESTRELLA,ESCUELA PROFESORA MONICA SILVA GOMEZ INTERNADO,5M-4V,ZG.CHILE VAMOS EVOPOLI - INDEPENDIENTES,316. MATIAS FRANCISCO FIGUEROA GARCIA,IND,4.0,False
781357,LA ESTRELLA,LA ESTRELLA,ESCUELA PROFESORA MONICA SILVA GOMEZ INTERNADO,5M-4V,ZG.CHILE VAMOS EVOPOLI - INDEPENDIENTES,317. FLORITA DEL CARMEN PEREZ CABEZAS,IND,6.0,False
781358,LA ESTRELLA,LA ESTRELLA,ESCUELA PROFESORA MONICA SILVA GOMEZ INTERNADO,5M-4V,ZG.CHILE VAMOS EVOPOLI - INDEPENDIENTES,318. ERNESTO BALTAZAR PINO PINO,IND,2.0,False
781359,LA ESTRELLA,LA ESTRELLA,ESCUELA PROFESORA MONICA SILVA GOMEZ INTERNADO,5M-4V,ZG.CHILE VAMOS EVOPOLI - INDEPENDIENTES,319. JOSE LUIS PADILLA MONJE,IND,0.0,False
781360,LA ESTRELLA,LA ESTRELLA,ESCUELA PROFESORA MONICA SILVA GOMEZ INTERNADO,5M-4V,ZG.CHILE VAMOS EVOPOLI - INDEPENDIENTES,320. GEMA DIANA POLANCO MORALES,IND,17.0,False
781361,LA ESTRELLA,LA ESTRELLA,ESCUELA PROFESORA MONICA SILVA GOMEZ INTERNADO,5M-4V,ZJ.CHILE VAMOS UDI - INDEPENDIENTES,321. SOLEDAD ENRIQUETA GONZALEZ BASCUÑAN,UDI,7.0,False
781362,LA ESTRELLA,LA ESTRELLA,ESCUELA PROFESORA MONICA SILVA GOMEZ INTERNADO,5M-4V,ZJ.CHILE VAMOS UDI - INDEPENDIENTES,322. SEBASTIAN ANDRES CACERES CACERES,UDI,0.0,False
781363,LA ESTRELLA,LA ESTRELLA,ESCUELA PROFESORA MONICA SILVA GOMEZ INTERNADO,5M-4V,ZJ.CHILE VAMOS UDI - INDEPENDIENTES,323. EUGENIA ZAMORANO GONZALEZ,IND,27.0,True
781364,LA ESTRELLA,LA ESTRELLA,ESCUELA PROFESORA MONICA SILVA GOMEZ INTERNADO,5M-4V,ZJ.CHILE VAMOS UDI - INDEPENDIENTES,324. JOSE HERIBERTO GALAZ GUZMAN,IND,2.0,False
781365,LA ESTRELLA,LA ESTRELLA,ESCUELA PROFESORA MONICA SILVA GOMEZ INTERNADO,5M-4V,ZJ.CHILE VAMOS UDI - INDEPENDIENTES,325. JOSE IGNACIO CARO VILLAGRAN,IND,12.0,False
781366,LA ESTRELLA,LA ESTRELLA,ESCUELA PROFESORA MONICA SILVA GOMEZ INTERNADO,5M-4V,ZJ.CHILE VAMOS UDI - INDEPENDIENTES,326. GASTON OCTAVIO FERNANDEZ MORI,IND,15.0,True
781367,LA ESTRELLA,LA ESTRELLA,ESCUELA PROFESORA MONICA SILVA GOMEZ INTERNADO,6M,M.CHILE DIGNO VERDE Y SOBERANO,300. MARITZA ISABEL GALAZ REYES,IND,0.0,False
781368,LA ESTRELLA,LA ESTRELLA,ESCUELA PROFESORA MONICA SILVA GOMEZ INTERNADO,6M,M.CHILE DIGNO VERDE Y SOBERANO,301. SANDRA CATALINA GALLEGUILLOS PASTRIAN,IND,8.0,False
781369,LA ESTRELLA,LA ESTRELLA,ESCUELA PROFESORA MONICA SILVA GOMEZ INTERNADO,6M,M.CHILE DIGNO VERDE Y SOBERANO,302. CARLOS RAFAEL CACERES VIDAL,IND,2.0,False
781370,LA ESTRELLA,LA ESTRELLA,ESCUELA PROFESORA MONICA SILVA GOMEZ INTERNADO,6M,M.CHILE DIGNO VERDE Y SOBERANO,303. EDUARDO ALBERTO CANTILLANA PASTRIAN,IND,7.0,True
781371,LA ESTRELLA,LA ESTRELLA,ESCUELA PROFESORA MONICA SILVA GOMEZ INTERNADO,6M,M.CHILE DIGNO VERDE Y SOBERANO,304. CONSTANZA ALINA LIZANA SANCHEZ,PCCH,1.0,False
781372,LA ESTRELLA,LA ESTRELLA,ESCUELA PROFESORA MONICA SILVA GOMEZ INTERNADO,6M,XK.CHILE VAMOS RENOVACION NACIONAL - INDEPENDIENTES,305. CECILIA ACUÑA CACERES,RN,19.0,True
781373,LA ESTRELLA,LA ESTRELLA,ESCUELA PROFESORA MONICA SILVA GOMEZ INTERNADO,6M,XK.CHILE VAMOS RENOVACION NACIONAL - INDEPENDIENTES,306. JORGE ALEJANDRO FUENZALIDA PEDREGAL,RN,1.0,False
781374,LA ESTRELLA,LA ESTRELLA,ESCUELA PROFESORA MONICA SILVA GOMEZ INTERNADO,6M,XK.CHILE VAMOS RENOVACION NACIONAL - INDEPENDIENTES,307. JIMENA MARCELA OYARZUN FUENTES,RN,5.0,False
781375,LA ESTRELLA,LA ESTRELLA,ESCUELA PROFESORA MONICA SILVA GOMEZ INTERNADO,6M,XK.CHILE VAMOS RENOVACION NACIONAL - INDEPENDIENTES,308. NATALIA VALESKA LOPEZ PEÑA,IND,3.0,False
781376,LA ESTRELLA,LA ESTRELLA,ESCUELA PROFESORA MONICA SILVA GOMEZ INTERNADO,6M,XK.CHILE VAMOS RENOVACION NACIONAL - INDEPENDIENTES,309. GALVARINO PASTRIAN PINO,IND,7.0,True
781377,LA ESTRELLA,LA ESTRELLA,ESCUELA PROFESORA MONICA SILVA GOMEZ INTERNADO,6M,XU.UNIDOS POR LA DIGNIDAD,310. RICARDO HERNAN BEAS GONZALEZ,PDC,10.0,False
781378,LA ESTRELLA,LA ESTRELLA,ESCUELA PROFESORA MONICA SILVA GOMEZ INTERNADO,6M,XU.UNIDOS POR LA DIGNIDAD,311. SOFIA FABIOLA MARDONES MARDONES,PDC,1.0,False
781379,LA ESTRELLA,LA ESTRELLA,ESCUELA PROFESORA MONICA SILVA GOMEZ INTERNADO,6M,XU.UNIDOS POR LA DIGNIDAD,312. ELIAS ALBINO BEAS GONZALEZ,PDC,3.0,False
781380,LA ESTRELLA,LA ESTRELLA,ESCUELA PROFESORA MONICA SILVA GOMEZ INTERNADO,6M,XU.UNIDOS POR LA DIGNIDAD,313. ANTONIO ANDRES BRICEÑO MONTENEGRO,PDC,0.0,False
781381,LA ESTRELLA,LA ESTRELLA,ESCUELA PROFESORA MONICA SILVA GOMEZ INTERNADO,6M,XU.UNIDOS POR LA DIGNIDAD,314. GUILLERMO ENRIQUE SANCHEZ GONZALEZ,IND,12.0,True
781382,LA ESTRELLA,LA ESTRELLA,ESCUELA PROFESORA MONICA SILVA GOMEZ INTERNADO,6M,YM.CHILE VAMOS - PRI E INDEPENDIENTES,315. ESPERANZA ASTORGA ARREDONDO,PRI,0.0,False
781383,LA ESTRELLA,LA ESTRELLA,ESCUELA PROFESORA MONICA SILVA GOMEZ INTERNADO,6M,ZG.CHILE VAMOS EVOPOLI - INDEPENDIENTES,316. MATIAS FRANCISCO FIGUEROA GARCIA,IND,1.0,False
781384,LA ESTRELLA,LA ESTRELLA,ESCUELA PROFESORA MONICA SILVA GOMEZ INTERNADO,6M,ZG.CHILE VAMOS EVOPOLI - INDEPENDIENTES,317. FLORITA DEL CARMEN PEREZ CABEZAS,IND,2.0,False
781385,LA ESTRELLA,LA ESTRELLA,ESCUELA PROFESORA MONICA SILVA GOMEZ INTERNADO,6M,ZG.CHILE VAMOS EVOPOLI - INDEPENDIENTES,318. ERNESTO BALTAZAR PINO PINO,IND,0.0,False
781386,LA ESTRELLA,LA ESTRELLA,ESCUELA PROFESORA MONICA SILVA GOMEZ INTERNADO,6M,ZG.CHILE VAMOS EVOPOLI - INDEPENDIENTES,319. JOSE LUIS PADILLA MONJE,IND,1.0,False
781387,LA ESTRELLA,LA ESTRELLA,ESCUELA PROFESORA MONICA SILVA GOMEZ INTERNADO,6M,ZG.CHILE VAMOS EVOPOLI - INDEPENDIENTES,320. GEMA DIANA POLANCO MORALES,IND,13.0,False
781388,LA ESTRELLA,LA ESTRELLA,ESCUELA PROFESORA MONICA SILVA GOMEZ INTERNADO,6M,ZJ.CHILE VAMOS UDI - INDEPENDIENTES,321. SOLEDAD ENRIQUETA GONZALEZ BASCUÑAN,UDI,4.0,False
781389,LA ESTRELLA,LA ESTRELLA,ESCUELA PROFESORA MONICA SILVA GOMEZ INTERNADO,6M,ZJ.CHILE VAMOS UDI - INDEPENDIENTES,322. SEBASTIAN ANDRES CACERES CACERES,UDI,1.0,False
781390,LA ESTRELLA,LA ESTRELLA,ESCUELA PROFESORA MONICA SILVA GOMEZ INTERNADO,6M,ZJ.CHILE VAMOS UDI - INDEPENDIENTES,323. EUGENIA ZAMORANO GONZALEZ,IND,17.0,True
781391,LA ESTRELLA,LA ESTRELLA,ESCUELA PROFESORA MONICA SILVA GOMEZ INTERNADO,6M,ZJ.CHILE VAMOS UDI - INDEPENDIENTES,324. JOSE HERIBERTO GALAZ GUZMAN,IND,0.0,False
781392,LA ESTRELLA,LA ESTRELLA,ESCUELA PROFESORA MONICA SILVA GOMEZ INTERNADO,6M,ZJ.CHILE VAMOS UDI - INDEPENDIENTES,325. JOSE IGNACIO CARO VILLAGRAN,IND,5.0,False
781393,LA ESTRELLA,LA ESTRELLA,ESCUELA PROFESORA MONICA SILVA GOMEZ INTERNADO,6M,ZJ.CHILE VAMOS UDI - INDEPENDIENTES,326. GASTON OCTAVIO FERNANDEZ MORI,IND,6.0,True
781394,LA ESTRELLA,LA ESTRELLA,ESCUELA PROFESORA MONICA SILVA GOMEZ INTERNADO,7M,M.CHILE DIGNO VERDE Y SOBERANO,300. MARITZA ISABEL GALAZ REYES,IND,10.0,False
781395,LA ESTRELLA,LA ESTRELLA,ESCUELA PROFESORA MONICA SILVA GOMEZ INTERNADO,7M,M.CHILE DIGNO VERDE Y SOBERANO,301. SANDRA CATALINA GALLEGUILLOS PASTRIAN,IND,13.0,False
781396,LA ESTRELLA,LA ESTRELLA,ESCUELA PROFESORA MONICA SILVA GOMEZ INTERNADO,7M,M.CHILE DIGNO VERDE Y SOBERANO,302. CARLOS RAFAEL CACERES VIDAL,IND,8.0,False
781397,LA ESTRELLA,LA ESTRELLA,ESCUELA PROFESORA MONICA SILVA GOMEZ INTERNADO,7M,M.CHILE DIGNO VERDE Y SOBERANO,303. EDUARDO ALBERTO CANTILLANA PASTRIAN,IND,15.0,True
781398,LA ESTRELLA,LA ESTRELLA,ESCUELA PROFESORA MONICA SILVA GOMEZ INTERNADO,7M,M.CHILE DIGNO VERDE Y SOBERANO,304. CONSTANZA ALINA LIZANA SANCHEZ,PCCH,2.0,False
781399,LA ESTRELLA,LA ESTRELLA,ESCUELA PROFESORA MONICA SILVA GOMEZ INTERNADO,7M,XK.CHILE VAMOS RENOVACION NACIONAL - INDEPENDIENTES,305. CECILIA ACUÑA CACERES,RN,29.0,True
781400,LA ESTRELLA,LA ESTRELLA,ESCUELA PROFESORA MONICA SILVA GOMEZ INTERNADO,7M,XK.CHILE VAMOS RENOVACION NACIONAL - INDEPENDIENTES,306. JORGE ALEJANDRO FUENZALIDA PEDREGAL,RN,1.0,False
781401,LA ESTRELLA,LA ESTRELLA,ESCUELA PROFESORA MONICA SILVA GOMEZ INTERNADO,7M,XK.CHILE VAMOS RENOVACION NACIONAL - INDEPENDIENTES,307. JIMENA MARCELA OYARZUN FUENTES,RN,15.0,False
781402,LA ESTRELLA,LA ESTRELLA,ESCUELA PROFESORA MONICA SILVA GOMEZ INTERNADO,7M,XK.CHILE VAMOS RENOVACION NACIONAL - INDEPENDIENTES,308. NATALIA VALESKA LOPEZ PEÑA,IND,1.0,False
781403,LA ESTRELLA,LA ESTRELLA,ESCUELA PROFESORA MONICA SILVA GOMEZ INTERNADO,7M,XK.CHILE VAMOS RENOVACION NACIONAL - INDEPENDIENTES,309. GALVARINO PASTRIAN PINO,IND,15.0,True
781404,LA ESTRELLA,LA ESTRELLA,ESCUELA PROFESORA MONICA SILVA GOMEZ INTERNADO,7M,XU.UNIDOS POR LA DIGNIDAD,310. RICARDO HERNAN BEAS GONZALEZ,PDC,10.0,False
781405,LA ESTRELLA,LA ESTRELLA,ESCUELA PROFESORA MONICA SILVA GOMEZ INTERNADO,7M,XU.UNIDOS POR LA DIGNIDAD,311. SOFIA FABIOLA MARDONES MARDONES,PDC,0.0,False
781406,LA ESTRELLA,LA ESTRELLA,ESCUELA PROFESORA MONICA SILVA GOMEZ INTERNADO,7M,XU.UNIDOS POR LA DIGNIDAD,312. ELIAS ALBINO BEAS GONZALEZ,PDC,7.0,False
781407,LA ESTRELLA,LA ESTRELLA,ESCUELA PROFESORA MONICA SILVA GOMEZ INTERNADO,7M,XU.UNIDOS POR LA DIGNIDAD,313. ANTONIO ANDRES BRICEÑO MONTENEGRO,PDC,0.0,False
781408,LA ESTRELLA,LA ESTRELLA,ESCUELA PROFESORA MONICA SILVA GOMEZ INTERNADO,7M,XU.UNIDOS POR LA DIGNIDAD,314. GUILLERMO ENRIQUE SANCHEZ GONZALEZ,IND,19.0,True
781409,LA ESTRELLA,LA ESTRELLA,ESCUELA PROFESORA MONICA SILVA GOMEZ INTERNADO,7M,YM.CHILE VAMOS - PRI E INDEPENDIENTES,315. ESPERANZA ASTORGA ARREDONDO,PRI,1.0,False
781410,LA ESTRELLA,LA ESTRELLA,ESCUELA PROFESORA MONICA SILVA GOMEZ INTERNADO,7M,ZG.CHILE VAMOS EVOPOLI - INDEPENDIENTES,316. MATIAS FRANCISCO FIGUEROA GARCIA,IND,8.0,False
781411,LA ESTRELLA,LA ESTRELLA,ESCUELA PROFESORA MONICA SILVA GOMEZ INTERNADO,7M,ZG.CHILE VAMOS EVOPOLI - INDEPENDIENTES,317. FLORITA DEL CARMEN PEREZ CABEZAS,IND,10.0,False
781412,LA ESTRELLA,LA ESTRELLA,ESCUELA PROFESORA MONICA SILVA GOMEZ INTERNADO,7M,ZG.CHILE VAMOS EVOPOLI - INDEPENDIENTES,318. ERNESTO BALTAZAR PINO PINO,IND,0.0,False
781413,LA ESTRELLA,LA ESTRELLA,ESCUELA PROFESORA MONICA SILVA GOMEZ INTERNADO,7M,ZG.CHILE VAMOS EVOPOLI - INDEPENDIENTES,319. JOSE LUIS PADILLA MONJE,IND,4.0,False
781414,LA ESTRELLA,LA ESTRELLA,ESCUELA PROFESORA MONICA SILVA GOMEZ INTERNADO,7M,ZG.CHILE VAMOS EVOPOLI - INDEPENDIENTES,320. GEMA DIANA POLANCO MORALES,IND,14.0,False
781415,LA ESTRELLA,LA ESTRELLA,ESCUELA PROFESORA MONICA SILVA GOMEZ INTERNADO,7M,ZJ.CHILE VAMOS UDI - INDEPENDIENTES,321. SOLEDAD ENRIQUETA GONZALEZ BASCUÑAN,UDI,2.0,False
781416,LA ESTRELLA,LA ESTRELLA,ESCUELA PROFESORA MONICA SILVA GOMEZ INTERNADO,7M,ZJ.CHILE VAMOS UDI - INDEPENDIENTES,322. SEBASTIAN ANDRES CACERES CACERES,UDI,5.0,False
781417,LA ESTRELLA,LA ESTRELLA,ESCUELA PROFESORA MONICA SILVA GOMEZ INTERNADO,7M,ZJ.CHILE VAMOS UDI - INDEPENDIENTES,323. EUGENIA ZAMORANO GONZALEZ,IND,46.0,True
781418,LA ESTRELLA,LA ESTRELLA,ESCUELA PROFESORA MONICA SILVA GOMEZ INTERNADO,7M,ZJ.CHILE VAMOS UDI - INDEPENDIENTES,324. JOSE HERIBERTO GALAZ GUZMAN,IND,5.0,False
781419,LA ESTRELLA,LA ESTRELLA,ESCUELA PROFESORA MONICA SILVA GOMEZ INTERNADO,7M,ZJ.CHILE VAMOS UDI - INDEPENDIENTES,325. JOSE IGNACIO CARO VILLAGRAN,IND,8.0,False
781420,LA ESTRELLA,LA ESTRELLA,ESCUELA PROFESORA MONICA SILVA GOMEZ INTERNADO,7M,ZJ.CHILE VAMOS UDI - INDEPENDIENTES,326. GASTON OCTAVIO FERNANDEZ MORI,IND,9.0,True
