,COMUNA,CIRC_ELEC,LOCAL,MESA,LISTA,CANDIDATX,PARTIDO,VOTOS,ELECTX
992074,LAGO VERDE,LA TAPERA,ESCUELA RURAL CON INTERNADO LA TAPERA,1M-2V,M.CHILE DIGNO VERDE Y SOBERANO,300. JOSE DANIEL URRUTIA VILCHES,IND,1.0,False
992075,LAGO VERDE,LA TAPERA,ESCUELA RURAL CON INTERNADO LA TAPERA,1M-2V,M.CHILE DIGNO VERDE Y SOBERANO,301. FERLIN GARRIDO ROA,IND,0.0,False
992076,LAGO VERDE,LA TAPERA,ESCUELA RURAL CON INTERNADO LA TAPERA,1M-2V,M.CHILE DIGNO VERDE Y SOBERANO,302. CARMEN VANESA SOLIS FIGUEROA,IND,0.0,False
992077,LAGO VERDE,LA TAPERA,ESCUELA RURAL CON INTERNADO LA TAPERA,1M-2V,M.CHILE DIGNO VERDE Y SOBERANO,303. MILTON AUGUSTO VIERA CADAGAN,IND,13.0,False
992078,LAGO VERDE,LA TAPERA,ESCUELA RURAL CON INTERNADO LA TAPERA,1M-2V,M.CHILE DIGNO VERDE Y SOBERANO,304. CLAUDIO OMAR SOTO SOLIS,IND,3.0,False
992079,LAGO VERDE,LA TAPERA,ESCUELA RURAL CON INTERNADO LA TAPERA,1M-2V,XK.CHILE VAMOS RENOVACION NACIONAL - INDEPENDIENTES,305. LUIS GERARDO CARRILLO FLORES,RN,8.0,False
992080,LAGO VERDE,LA TAPERA,ESCUELA RURAL CON INTERNADO LA TAPERA,1M-2V,XK.CHILE VAMOS RENOVACION NACIONAL - INDEPENDIENTES,306. MONICA ANDREA NAVARRETE NAVARRETE,RN,9.0,False
992081,LAGO VERDE,LA TAPERA,ESCUELA RURAL CON INTERNADO LA TAPERA,1M-2V,XK.CHILE VAMOS RENOVACION NACIONAL - INDEPENDIENTES,307. MARIANA ROSALBA PROVOSTE FIGUEROA,IND,1.0,False
992082,LAGO VERDE,LA TAPERA,ESCUELA RURAL CON INTERNADO LA TAPERA,1M-2V,XU.UNIDOS POR LA DIGNIDAD,308. CAROL NATALI HERNANDEZ BECERRA,IND,12.0,False
992083,LAGO VERDE,LA TAPERA,ESCUELA RURAL CON INTERNADO LA TAPERA,1M-2V,YW.UNIDAD POR EL APRUEBO PS PPD E INDEPENDIENTES,309. HECTOR ENRIQUE GODOY PINILLA,PPD,27.0,True
992084,LAGO VERDE,LA TAPERA,ESCUELA RURAL CON INTERNADO LA TAPERA,1M-2V,YW.UNIDAD POR EL APRUEBO PS PPD E INDEPENDIENTES,310. KAREN HERNANDEZ ARIAS,IND,30.0,False
992085,LAGO VERDE,LA TAPERA,ESCUELA RURAL CON INTERNADO LA TAPERA,1M-2V,ZG.CHILE VAMOS EVOPOLI - INDEPENDIENTES,311. RAUL ROGELIO BECERRA ESCOBAR,IND,12.0,True
992086,LAGO VERDE,LA TAPERA,ESCUELA RURAL CON INTERNADO LA TAPERA,1M-2V,ZJ.CHILE VAMOS UDI - INDEPENDIENTES,312. CELIO ARNOLDO CADAGAN PINILLA,UDI,35.0,True
992087,LAGO VERDE,LA TAPERA,ESCUELA RURAL CON INTERNADO LA TAPERA,1M-2V,ZJ.CHILE VAMOS UDI - INDEPENDIENTES,313. JEANNETTE DEL CARMEN PROVOSTE GALLARDO,UDI,5.0,False
992088,LAGO VERDE,LA TAPERA,ESCUELA RURAL CON INTERNADO LA TAPERA,1M-2V,ZJ.CHILE VAMOS UDI - INDEPENDIENTES,314. CAROLINA SOLEDAD LONCOCHINO ROSAS,UDI,2.0,True
992089,LAGO VERDE,LA TAPERA,ESCUELA RURAL CON INTERNADO LA TAPERA,1M-2V,ZJ.CHILE VAMOS UDI - INDEPENDIENTES,315. PEDRO FLABIO REYES VEGA,UDI,10.0,True
992090,LAGO VERDE,LA TAPERA,ESCUELA RURAL CON INTERNADO LA TAPERA,1M-2V,ZJ.CHILE VAMOS UDI - INDEPENDIENTES,316. MARISOL TUSNELDA DELGADO SOLDAN,UDI,4.0,False
992091,LAGO VERDE,LA TAPERA,ESCUELA RURAL CON INTERNADO LA TAPERA,1M-2V,ZJ.CHILE VAMOS UDI - INDEPENDIENTES,317. SEBASTIAN ANDRES TOLEDO AGUILA,IND,4.0,False
992092,LAGO VERDE,LA TAPERA,ESCUELA RURAL CON INTERNADO LA TAPERA,1M-2V,ZU.RADICALES E INDEPENDIENTES,318. VIVIANA MARISOL RIVERA PERALTA,PR,8.0,True
992093,LAGO VERDE,LA TAPERA,ESCUELA RURAL CON INTERNADO LA TAPERA,1M-2V,ZU.RADICALES E INDEPENDIENTES,319. JORGE HERNAN ESCUDERO HENRIQUEZ,IND,4.0,False
992094,LAGO VERDE,LA TAPERA,ESCUELA RURAL CON INTERNADO LA TAPERA,1M-2V,ZU.RADICALES E INDEPENDIENTES,320. JORGE MARCELO LLAIQUEL VARGAS,IND,1.0,False
992095,LAGO VERDE,LA TAPERA,ESCUELA RURAL CON INTERNADO LA TAPERA,1M-2V,ZU.RADICALES E INDEPENDIENTES,321. GUSTAVO DAMIAN ARIAS BECERRA,IND,4.0,False
992096,LAGO VERDE,LA TAPERA,ESCUELA RURAL CON INTERNADO LA TAPERA,1M-2V,ZU.RADICALES E INDEPENDIENTES,322. ALVARO ALEXIS SOLIS VIDAL,IND,0.0,False
992097,LAGO VERDE,LA TAPERA,ESCUELA RURAL CON INTERNADO LA TAPERA,1V,M.CHILE DIGNO VERDE Y SOBERANO,300. JOSE DANIEL URRUTIA VILCHES,IND,0.0,False
992098,LAGO VERDE,LA TAPERA,ESCUELA RURAL CON INTERNADO LA TAPERA,1V,M.CHILE DIGNO VERDE Y SOBERANO,301. FERLIN GARRIDO ROA,IND,1.0,False
992099,LAGO VERDE,LA TAPERA,ESCUELA RURAL CON INTERNADO LA TAPERA,1V,M.CHILE DIGNO VERDE Y SOBERANO,302. CARMEN VANESA SOLIS FIGUEROA,IND,0.0,False
992100,LAGO VERDE,LA TAPERA,ESCUELA RURAL CON INTERNADO LA TAPERA,1V,M.CHILE DIGNO VERDE Y SOBERANO,303. MILTON AUGUSTO VIERA CADAGAN,IND,12.0,False
992101,LAGO VERDE,LA TAPERA,ESCUELA RURAL CON INTERNADO LA TAPERA,1V,M.CHILE DIGNO VERDE Y SOBERANO,304. CLAUDIO OMAR SOTO SOLIS,IND,4.0,False
992102,LAGO VERDE,LA TAPERA,ESCUELA RURAL CON INTERNADO LA TAPERA,1V,XK.CHILE VAMOS RENOVACION NACIONAL - INDEPENDIENTES,305. LUIS GERARDO CARRILLO FLORES,RN,7.0,False
992103,LAGO VERDE,LA TAPERA,ESCUELA RURAL CON INTERNADO LA TAPERA,1V,XK.CHILE VAMOS RENOVACION NACIONAL - INDEPENDIENTES,306. MONICA ANDREA NAVARRETE NAVARRETE,RN,12.0,False
992104,LAGO VERDE,LA TAPERA,ESCUELA RURAL CON INTERNADO LA TAPERA,1V,XK.CHILE VAMOS RENOVACION NACIONAL - INDEPENDIENTES,307. MARIANA ROSALBA PROVOSTE FIGUEROA,IND,1.0,False
992105,LAGO VERDE,LA TAPERA,ESCUELA RURAL CON INTERNADO LA TAPERA,1V,XU.UNIDOS POR LA DIGNIDAD,308. CAROL NATALI HERNANDEZ BECERRA,IND,5.0,False
992106,LAGO VERDE,LA TAPERA,ESCUELA RURAL CON INTERNADO LA TAPERA,1V,YW.UNIDAD POR EL APRUEBO PS PPD E INDEPENDIENTES,309. HECTOR ENRIQUE GODOY PINILLA,PPD,27.0,True
992107,LAGO VERDE,LA TAPERA,ESCUELA RURAL CON INTERNADO LA TAPERA,1V,YW.UNIDAD POR EL APRUEBO PS PPD E INDEPENDIENTES,310. KAREN HERNANDEZ ARIAS,IND,15.0,False
992108,LAGO VERDE,LA TAPERA,ESCUELA RURAL CON INTERNADO LA TAPERA,1V,ZG.CHILE VAMOS EVOPOLI - INDEPENDIENTES,311. RAUL ROGELIO BECERRA ESCOBAR,IND,4.0,True
992109,LAGO VERDE,LA TAPERA,ESCUELA RURAL CON INTERNADO LA TAPERA,1V,ZJ.CHILE VAMOS UDI - INDEPENDIENTES,312. CELIO ARNOLDO CADAGAN PINILLA,UDI,22.0,True
992110,LAGO VERDE,LA TAPERA,ESCUELA RURAL CON INTERNADO LA TAPERA,1V,ZJ.CHILE VAMOS UDI - INDEPENDIENTES,313. JEANNETTE DEL CARMEN PROVOSTE GALLARDO,UDI,1.0,False
992111,LAGO VERDE,LA TAPERA,ESCUELA RURAL CON INTERNADO LA TAPERA,1V,ZJ.CHILE VAMOS UDI - INDEPENDIENTES,314. CAROLINA SOLEDAD LONCOCHINO ROSAS,UDI,1.0,True
992112,LAGO VERDE,LA TAPERA,ESCUELA RURAL CON INTERNADO LA TAPERA,1V,ZJ.CHILE VAMOS UDI - INDEPENDIENTES,315. PEDRO FLABIO REYES VEGA,UDI,7.0,True
992113,LAGO VERDE,LA TAPERA,ESCUELA RURAL CON INTERNADO LA TAPERA,1V,ZJ.CHILE VAMOS UDI - INDEPENDIENTES,316. MARISOL TUSNELDA DELGADO SOLDAN,UDI,5.0,False
992114,LAGO VERDE,LA TAPERA,ESCUELA RURAL CON INTERNADO LA TAPERA,1V,ZJ.CHILE VAMOS UDI - INDEPENDIENTES,317. SEBASTIAN ANDRES TOLEDO AGUILA,IND,3.0,False
992115,LAGO VERDE,LA TAPERA,ESCUELA RURAL CON INTERNADO LA TAPERA,1V,ZU.RADICALES E INDEPENDIENTES,318. VIVIANA MARISOL RIVERA PERALTA,PR,2.0,True
992116,LAGO VERDE,LA TAPERA,ESCUELA RURAL CON INTERNADO LA TAPERA,1V,ZU.RADICALES E INDEPENDIENTES,319. JORGE HERNAN ESCUDERO HENRIQUEZ,IND,1.0,False
992117,LAGO VERDE,LA TAPERA,ESCUELA RURAL CON INTERNADO LA TAPERA,1V,ZU.RADICALES E INDEPENDIENTES,320. JORGE MARCELO LLAIQUEL VARGAS,IND,0.0,False
992118,LAGO VERDE,LA TAPERA,ESCUELA RURAL CON INTERNADO LA TAPERA,1V,ZU.RADICALES E INDEPENDIENTES,321. GUSTAVO DAMIAN ARIAS BECERRA,IND,5.0,False
992119,LAGO VERDE,LA TAPERA,ESCUELA RURAL CON INTERNADO LA TAPERA,1V,ZU.RADICALES E INDEPENDIENTES,322. ALVARO ALEXIS SOLIS VIDAL,IND,1.0,False
992120,LAGO VERDE,LAGO VERDE,ESCUELA CON INTERNADO JOSE MIGUEL CARRERA,1M-2V,M.CHILE DIGNO VERDE Y SOBERANO,300. JOSE DANIEL URRUTIA VILCHES,IND,0.0,False
992121,LAGO VERDE,LAGO VERDE,ESCUELA CON INTERNADO JOSE MIGUEL CARRERA,1M-2V,M.CHILE DIGNO VERDE Y SOBERANO,301. FERLIN GARRIDO ROA,IND,0.0,False
992122,LAGO VERDE,LAGO VERDE,ESCUELA CON INTERNADO JOSE MIGUEL CARRERA,1M-2V,M.CHILE DIGNO VERDE Y SOBERANO,302. CARMEN VANESA SOLIS FIGUEROA,IND,3.0,False
992123,LAGO VERDE,LAGO VERDE,ESCUELA CON INTERNADO JOSE MIGUEL CARRERA,1M-2V,M.CHILE DIGNO VERDE Y SOBERANO,303. MILTON AUGUSTO VIERA CADAGAN,IND,2.0,False
992124,LAGO VERDE,LAGO VERDE,ESCUELA CON INTERNADO JOSE MIGUEL CARRERA,1M-2V,M.CHILE DIGNO VERDE Y SOBERANO,304. CLAUDIO OMAR SOTO SOLIS,IND,27.0,False
992125,LAGO VERDE,LAGO VERDE,ESCUELA CON INTERNADO JOSE MIGUEL CARRERA,1M-2V,XK.CHILE VAMOS RENOVACION NACIONAL - INDEPENDIENTES,305. LUIS GERARDO CARRILLO FLORES,RN,1.0,False
992126,LAGO VERDE,LAGO VERDE,ESCUELA CON INTERNADO JOSE MIGUEL CARRERA,1M-2V,XK.CHILE VAMOS RENOVACION NACIONAL - INDEPENDIENTES,306. MONICA ANDREA NAVARRETE NAVARRETE,RN,5.0,False
992127,LAGO VERDE,LAGO VERDE,ESCUELA CON INTERNADO JOSE MIGUEL CARRERA,1M-2V,XK.CHILE VAMOS RENOVACION NACIONAL - INDEPENDIENTES,307. MARIANA ROSALBA PROVOSTE FIGUEROA,IND,16.0,False
992128,LAGO VERDE,LAGO VERDE,ESCUELA CON INTERNADO JOSE MIGUEL CARRERA,1M-2V,XU.UNIDOS POR LA DIGNIDAD,308. CAROL NATALI HERNANDEZ BECERRA,IND,1.0,False
992129,LAGO VERDE,LAGO VERDE,ESCUELA CON INTERNADO JOSE MIGUEL CARRERA,1M-2V,YW.UNIDAD POR EL APRUEBO PS PPD E INDEPENDIENTES,309. HECTOR ENRIQUE GODOY PINILLA,PPD,4.0,True
992130,LAGO VERDE,LAGO VERDE,ESCUELA CON INTERNADO JOSE MIGUEL CARRERA,1M-2V,YW.UNIDAD POR EL APRUEBO PS PPD E INDEPENDIENTES,310. KAREN HERNANDEZ ARIAS,IND,8.0,False
992131,LAGO VERDE,LAGO VERDE,ESCUELA CON INTERNADO JOSE MIGUEL CARRERA,1M-2V,ZG.CHILE VAMOS EVOPOLI - INDEPENDIENTES,311. RAUL ROGELIO BECERRA ESCOBAR,IND,14.0,True
992132,LAGO VERDE,LAGO VERDE,ESCUELA CON INTERNADO JOSE MIGUEL CARRERA,1M-2V,ZJ.CHILE VAMOS UDI - INDEPENDIENTES,312. CELIO ARNOLDO CADAGAN PINILLA,UDI,22.0,True
992133,LAGO VERDE,LAGO VERDE,ESCUELA CON INTERNADO JOSE MIGUEL CARRERA,1M-2V,ZJ.CHILE VAMOS UDI - INDEPENDIENTES,313. JEANNETTE DEL CARMEN PROVOSTE GALLARDO,UDI,19.0,False
992134,LAGO VERDE,LAGO VERDE,ESCUELA CON INTERNADO JOSE MIGUEL CARRERA,1M-2V,ZJ.CHILE VAMOS UDI - INDEPENDIENTES,314. CAROLINA SOLEDAD LONCOCHINO ROSAS,UDI,43.0,True
992135,LAGO VERDE,LAGO VERDE,ESCUELA CON INTERNADO JOSE MIGUEL CARRERA,1M-2V,ZJ.CHILE VAMOS UDI - INDEPENDIENTES,315. PEDRO FLABIO REYES VEGA,UDI,20.0,True
992136,LAGO VERDE,LAGO VERDE,ESCUELA CON INTERNADO JOSE MIGUEL CARRERA,1M-2V,ZJ.CHILE VAMOS UDI - INDEPENDIENTES,316. MARISOL TUSNELDA DELGADO SOLDAN,UDI,0.0,False
992137,LAGO VERDE,LAGO VERDE,ESCUELA CON INTERNADO JOSE MIGUEL CARRERA,1M-2V,ZJ.CHILE VAMOS UDI - INDEPENDIENTES,317. SEBASTIAN ANDRES TOLEDO AGUILA,IND,0.0,False
992138,LAGO VERDE,LAGO VERDE,ESCUELA CON INTERNADO JOSE MIGUEL CARRERA,1M-2V,ZU.RADICALES E INDEPENDIENTES,318. VIVIANA MARISOL RIVERA PERALTA,PR,28.0,True
992139,LAGO VERDE,LAGO VERDE,ESCUELA CON INTERNADO JOSE MIGUEL CARRERA,1M-2V,ZU.RADICALES E INDEPENDIENTES,319. JORGE HERNAN ESCUDERO HENRIQUEZ,IND,0.0,False
992140,LAGO VERDE,LAGO VERDE,ESCUELA CON INTERNADO JOSE MIGUEL CARRERA,1M-2V,ZU.RADICALES E INDEPENDIENTES,320. JORGE MARCELO LLAIQUEL VARGAS,IND,1.0,False
992141,LAGO VERDE,LAGO VERDE,ESCUELA CON INTERNADO JOSE MIGUEL CARRERA,1M-2V,ZU.RADICALES E INDEPENDIENTES,321. GUSTAVO DAMIAN ARIAS BECERRA,IND,0.0,False
992142,LAGO VERDE,LAGO VERDE,ESCUELA CON INTERNADO JOSE MIGUEL CARRERA,1M-2V,ZU.RADICALES E INDEPENDIENTES,322. ALVARO ALEXIS SOLIS VIDAL,IND,10.0,False
992143,LAGO VERDE,LAGO VERDE,ESCUELA CON INTERNADO JOSE MIGUEL CARRERA,1V,M.CHILE DIGNO VERDE Y SOBERANO,300. JOSE DANIEL URRUTIA VILCHES,IND,0.0,False
992144,LAGO VERDE,LAGO VERDE,ESCUELA CON INTERNADO JOSE MIGUEL CARRERA,1V,M.CHILE DIGNO VERDE Y SOBERANO,301. FERLIN GARRIDO ROA,IND,0.0,False
992145,LAGO VERDE,LAGO VERDE,ESCUELA CON INTERNADO JOSE MIGUEL CARRERA,1V,M.CHILE DIGNO VERDE Y SOBERANO,302. CARMEN VANESA SOLIS FIGUEROA,IND,2.0,False
992146,LAGO VERDE,LAGO VERDE,ESCUELA CON INTERNADO JOSE MIGUEL CARRERA,1V,M.CHILE DIGNO VERDE Y SOBERANO,303. MILTON AUGUSTO VIERA CADAGAN,IND,0.0,False
992147,LAGO VERDE,LAGO VERDE,ESCUELA CON INTERNADO JOSE MIGUEL CARRERA,1V,M.CHILE DIGNO VERDE Y SOBERANO,304. CLAUDIO OMAR SOTO SOLIS,IND,18.0,False
992148,LAGO VERDE,LAGO VERDE,ESCUELA CON INTERNADO JOSE MIGUEL CARRERA,1V,XK.CHILE VAMOS RENOVACION NACIONAL - INDEPENDIENTES,305. LUIS GERARDO CARRILLO FLORES,RN,0.0,False
992149,LAGO VERDE,LAGO VERDE,ESCUELA CON INTERNADO JOSE MIGUEL CARRERA,1V,XK.CHILE VAMOS RENOVACION NACIONAL - INDEPENDIENTES,306. MONICA ANDREA NAVARRETE NAVARRETE,RN,3.0,False
992150,LAGO VERDE,LAGO VERDE,ESCUELA CON INTERNADO JOSE MIGUEL CARRERA,1V,XK.CHILE VAMOS RENOVACION NACIONAL - INDEPENDIENTES,307. MARIANA ROSALBA PROVOSTE FIGUEROA,IND,10.0,False
992151,LAGO VERDE,LAGO VERDE,ESCUELA CON INTERNADO JOSE MIGUEL CARRERA,1V,XU.UNIDOS POR LA DIGNIDAD,308. CAROL NATALI HERNANDEZ BECERRA,IND,0.0,False
992152,LAGO VERDE,LAGO VERDE,ESCUELA CON INTERNADO JOSE MIGUEL CARRERA,1V,YW.UNIDAD POR EL APRUEBO PS PPD E INDEPENDIENTES,309. HECTOR ENRIQUE GODOY PINILLA,PPD,0.0,True
992153,LAGO VERDE,LAGO VERDE,ESCUELA CON INTERNADO JOSE MIGUEL CARRERA,1V,YW.UNIDAD POR EL APRUEBO PS PPD E INDEPENDIENTES,310. KAREN HERNANDEZ ARIAS,IND,1.0,False
992154,LAGO VERDE,LAGO VERDE,ESCUELA CON INTERNADO JOSE MIGUEL CARRERA,1V,ZG.CHILE VAMOS EVOPOLI - INDEPENDIENTES,311. RAUL ROGELIO BECERRA ESCOBAR,IND,10.0,True
992155,LAGO VERDE,LAGO VERDE,ESCUELA CON INTERNADO JOSE MIGUEL CARRERA,1V,ZJ.CHILE VAMOS UDI - INDEPENDIENTES,312. CELIO ARNOLDO CADAGAN PINILLA,UDI,9.0,True
992156,LAGO VERDE,LAGO VERDE,ESCUELA CON INTERNADO JOSE MIGUEL CARRERA,1V,ZJ.CHILE VAMOS UDI - INDEPENDIENTES,313. JEANNETTE DEL CARMEN PROVOSTE GALLARDO,UDI,9.0,False
992157,LAGO VERDE,LAGO VERDE,ESCUELA CON INTERNADO JOSE MIGUEL CARRERA,1V,ZJ.CHILE VAMOS UDI - INDEPENDIENTES,314. CAROLINA SOLEDAD LONCOCHINO ROSAS,UDI,24.0,True
992158,LAGO VERDE,LAGO VERDE,ESCUELA CON INTERNADO JOSE MIGUEL CARRERA,1V,ZJ.CHILE VAMOS UDI - INDEPENDIENTES,315. PEDRO FLABIO REYES VEGA,UDI,7.0,True
992159,LAGO VERDE,LAGO VERDE,ESCUELA CON INTERNADO JOSE MIGUEL CARRERA,1V,ZJ.CHILE VAMOS UDI - INDEPENDIENTES,316. MARISOL TUSNELDA DELGADO SOLDAN,UDI,0.0,False
992160,LAGO VERDE,LAGO VERDE,ESCUELA CON INTERNADO JOSE MIGUEL CARRERA,1V,ZJ.CHILE VAMOS UDI - INDEPENDIENTES,317. SEBASTIAN ANDRES TOLEDO AGUILA,IND,3.0,False
992161,LAGO VERDE,LAGO VERDE,ESCUELA CON INTERNADO JOSE MIGUEL CARRERA,1V,ZU.RADICALES E INDEPENDIENTES,318. VIVIANA MARISOL RIVERA PERALTA,PR,15.0,True
992162,LAGO VERDE,LAGO VERDE,ESCUELA CON INTERNADO JOSE MIGUEL CARRERA,1V,ZU.RADICALES E INDEPENDIENTES,319. JORGE HERNAN ESCUDERO HENRIQUEZ,IND,0.0,False
992163,LAGO VERDE,LAGO VERDE,ESCUELA CON INTERNADO JOSE MIGUEL CARRERA,1V,ZU.RADICALES E INDEPENDIENTES,320. JORGE MARCELO LLAIQUEL VARGAS,IND,0.0,False
992164,LAGO VERDE,LAGO VERDE,ESCUELA CON INTERNADO JOSE MIGUEL CARRERA,1V,ZU.RADICALES E INDEPENDIENTES,321. GUSTAVO DAMIAN ARIAS BECERRA,IND,1.0,False
992165,LAGO VERDE,LAGO VERDE,ESCUELA CON INTERNADO JOSE MIGUEL CARRERA,1V,ZU.RADICALES E INDEPENDIENTES,322. ALVARO ALEXIS SOLIS VIDAL,IND,10.0,False
992166,LAGO VERDE,VILLA AMENGUAL,ESCUELA MUNICIPAL VILLA AMENGUAL,1,M.CHILE DIGNO VERDE Y SOBERANO,300. JOSE DANIEL URRUTIA VILCHES,IND,5.0,False
992167,LAGO VERDE,VILLA AMENGUAL,ESCUELA MUNICIPAL VILLA AMENGUAL,1,M.CHILE DIGNO VERDE Y SOBERANO,301. FERLIN GARRIDO ROA,IND,0.0,False
992168,LAGO VERDE,VILLA AMENGUAL,ESCUELA MUNICIPAL VILLA AMENGUAL,1,M.CHILE DIGNO VERDE Y SOBERANO,302. CARMEN VANESA SOLIS FIGUEROA,IND,1.0,False
992169,LAGO VERDE,VILLA AMENGUAL,ESCUELA MUNICIPAL VILLA AMENGUAL,1,M.CHILE DIGNO VERDE Y SOBERANO,303. MILTON AUGUSTO VIERA CADAGAN,IND,3.0,False
992170,LAGO VERDE,VILLA AMENGUAL,ESCUELA MUNICIPAL VILLA AMENGUAL,1,M.CHILE DIGNO VERDE Y SOBERANO,304. CLAUDIO OMAR SOTO SOLIS,IND,1.0,False
992171,LAGO VERDE,VILLA AMENGUAL,ESCUELA MUNICIPAL VILLA AMENGUAL,1,XK.CHILE VAMOS RENOVACION NACIONAL - INDEPENDIENTES,305. LUIS GERARDO CARRILLO FLORES,RN,4.0,False
992172,LAGO VERDE,VILLA AMENGUAL,ESCUELA MUNICIPAL VILLA AMENGUAL,1,XK.CHILE VAMOS RENOVACION NACIONAL - INDEPENDIENTES,306. MONICA ANDREA NAVARRETE NAVARRETE,RN,5.0,False
992173,LAGO VERDE,VILLA AMENGUAL,ESCUELA MUNICIPAL VILLA AMENGUAL,1,XK.CHILE VAMOS RENOVACION NACIONAL - INDEPENDIENTES,307. MARIANA ROSALBA PROVOSTE FIGUEROA,IND,0.0,False
992174,LAGO VERDE,VILLA AMENGUAL,ESCUELA MUNICIPAL VILLA AMENGUAL,1,XU.UNIDOS POR LA DIGNIDAD,308. CAROL NATALI HERNANDEZ BECERRA,IND,5.0,False
992175,LAGO VERDE,VILLA AMENGUAL,ESCUELA MUNICIPAL VILLA AMENGUAL,1,YW.UNIDAD POR EL APRUEBO PS PPD E INDEPENDIENTES,309. HECTOR ENRIQUE GODOY PINILLA,PPD,4.0,True
992176,LAGO VERDE,VILLA AMENGUAL,ESCUELA MUNICIPAL VILLA AMENGUAL,1,YW.UNIDAD POR EL APRUEBO PS PPD E INDEPENDIENTES,310. KAREN HERNANDEZ ARIAS,IND,1.0,False
992177,LAGO VERDE,VILLA AMENGUAL,ESCUELA MUNICIPAL VILLA AMENGUAL,1,ZG.CHILE VAMOS EVOPOLI - INDEPENDIENTES,311. RAUL ROGELIO BECERRA ESCOBAR,IND,68.0,True
992178,LAGO VERDE,VILLA AMENGUAL,ESCUELA MUNICIPAL VILLA AMENGUAL,1,ZJ.CHILE VAMOS UDI - INDEPENDIENTES,312. CELIO ARNOLDO CADAGAN PINILLA,UDI,14.0,True
992179,LAGO VERDE,VILLA AMENGUAL,ESCUELA MUNICIPAL VILLA AMENGUAL,1,ZJ.CHILE VAMOS UDI - INDEPENDIENTES,313. JEANNETTE DEL CARMEN PROVOSTE GALLARDO,UDI,6.0,False
992180,LAGO VERDE,VILLA AMENGUAL,ESCUELA MUNICIPAL VILLA AMENGUAL,1,ZJ.CHILE VAMOS UDI - INDEPENDIENTES,314. CAROLINA SOLEDAD LONCOCHINO ROSAS,UDI,2.0,True
992181,LAGO VERDE,VILLA AMENGUAL,ESCUELA MUNICIPAL VILLA AMENGUAL,1,ZJ.CHILE VAMOS UDI - INDEPENDIENTES,315. PEDRO FLABIO REYES VEGA,UDI,17.0,True
992182,LAGO VERDE,VILLA AMENGUAL,ESCUELA MUNICIPAL VILLA AMENGUAL,1,ZJ.CHILE VAMOS UDI - INDEPENDIENTES,316. MARISOL TUSNELDA DELGADO SOLDAN,UDI,1.0,False
992183,LAGO VERDE,VILLA AMENGUAL,ESCUELA MUNICIPAL VILLA AMENGUAL,1,ZJ.CHILE VAMOS UDI - INDEPENDIENTES,317. SEBASTIAN ANDRES TOLEDO AGUILA,IND,0.0,False
992184,LAGO VERDE,VILLA AMENGUAL,ESCUELA MUNICIPAL VILLA AMENGUAL,1,ZU.RADICALES E INDEPENDIENTES,318. VIVIANA MARISOL RIVERA PERALTA,PR,8.0,True
992185,LAGO VERDE,VILLA AMENGUAL,ESCUELA MUNICIPAL VILLA AMENGUAL,1,ZU.RADICALES E INDEPENDIENTES,319. JORGE HERNAN ESCUDERO HENRIQUEZ,IND,1.0,False
992186,LAGO VERDE,VILLA AMENGUAL,ESCUELA MUNICIPAL VILLA AMENGUAL,1,ZU.RADICALES E INDEPENDIENTES,320. JORGE MARCELO LLAIQUEL VARGAS,IND,38.0,False
992187,LAGO VERDE,VILLA AMENGUAL,ESCUELA MUNICIPAL VILLA AMENGUAL,1,ZU.RADICALES E INDEPENDIENTES,321. GUSTAVO DAMIAN ARIAS BECERRA,IND,2.0,False
992188,LAGO VERDE,VILLA AMENGUAL,ESCUELA MUNICIPAL VILLA AMENGUAL,1,ZU.RADICALES E INDEPENDIENTES,322. ALVARO ALEXIS SOLIS VIDAL,IND,2.0,False
