,COMUNA,CIRC_ELEC,LOCAL,MESA,LISTA,CANDIDATX,PARTIDO,VOTOS,ELECTX
1072494,LICANTEN,ILOCA,COLEGIO DOCTOR MANUEL AVILES INOSTROZA,1M-3V,M.CHILE DIGNO VERDE Y SOBERANO,300. JAVIERA CAROLINA HORMAZABAL PEDRERO,PCCH,1.0,False
1072495,LICANTEN,ILOCA,COLEGIO DOCTOR MANUEL AVILES INOSTROZA,1M-3V,XK.CHILE VAMOS RENOVACION NACIONAL - INDEPENDIENTES,301. ARIEL ESPINOZA CERPA,RN,10.0,True
1072496,LICANTEN,ILOCA,COLEGIO DOCTOR MANUEL AVILES INOSTROZA,1M-3V,XK.CHILE VAMOS RENOVACION NACIONAL - INDEPENDIENTES,302. ESTEFANIA NICOLE JARA POZO,IND,25.0,False
1072497,LICANTEN,ILOCA,COLEGIO DOCTOR MANUEL AVILES INOSTROZA,1M-3V,XK.CHILE VAMOS RENOVACION NACIONAL - INDEPENDIENTES,303. CRISTHIAN PIEROLA RUIZ DE GAMBOA,IND,5.0,False
1072498,LICANTEN,ILOCA,COLEGIO DOCTOR MANUEL AVILES INOSTROZA,1M-3V,XO.REPUBLICANOS,304. PABLO ANDRES SILVA JELDRES,REPUBLICA.,7.0,False
1072499,LICANTEN,ILOCA,COLEGIO DOCTOR MANUEL AVILES INOSTROZA,1M-3V,XU.UNIDOS POR LA DIGNIDAD,305. VICTOR HUGO SAAVEDRA BENAVIDES,PDC,7.0,True
1072500,LICANTEN,ILOCA,COLEGIO DOCTOR MANUEL AVILES INOSTROZA,1M-3V,XU.UNIDOS POR LA DIGNIDAD,306. LORETO DEL CARMEN GUAJARDO MUÑOZ,IND,10.0,False
1072501,LICANTEN,ILOCA,COLEGIO DOCTOR MANUEL AVILES INOSTROZA,1M-3V,XU.UNIDOS POR LA DIGNIDAD,307. DELAIDA ROSA PONCE MUÑOZ,IND,0.0,False
1072502,LICANTEN,ILOCA,COLEGIO DOCTOR MANUEL AVILES INOSTROZA,1M-3V,YW.UNIDAD POR EL APRUEBO PS PPD E INDEPENDIENTES,308. CLAUDIO REYES FUENZALIDA,PS,8.0,True
1072503,LICANTEN,ILOCA,COLEGIO DOCTOR MANUEL AVILES INOSTROZA,1M-3V,YW.UNIDAD POR EL APRUEBO PS PPD E INDEPENDIENTES,309. JORGE ENRIQUE CESPEDES ROJAS,PS,5.0,False
1072504,LICANTEN,ILOCA,COLEGIO DOCTOR MANUEL AVILES INOSTROZA,1M-3V,YW.UNIDAD POR EL APRUEBO PS PPD E INDEPENDIENTES,310. VICTOR MANUEL RODRIGUEZ DIAZ,IND,9.0,False
1072505,LICANTEN,ILOCA,COLEGIO DOCTOR MANUEL AVILES INOSTROZA,1M-3V,YW.UNIDAD POR EL APRUEBO PS PPD E INDEPENDIENTES,311. MONICA DEL ROSARIO JOFRE CORREA,IND,5.0,False
1072506,LICANTEN,ILOCA,COLEGIO DOCTOR MANUEL AVILES INOSTROZA,1M-3V,ZG.CHILE VAMOS EVOPOLI - INDEPENDIENTES,312. DIEGO IGNACIO SAAVEDRA RUZ,EVOPOLI,2.0,False
1072507,LICANTEN,ILOCA,COLEGIO DOCTOR MANUEL AVILES INOSTROZA,1M-3V,ZG.CHILE VAMOS EVOPOLI - INDEPENDIENTES,313. PABLO ALEJANDRO GONZALEZ VALENZUELA,IND,1.0,False
1072508,LICANTEN,ILOCA,COLEGIO DOCTOR MANUEL AVILES INOSTROZA,1M-3V,ZG.CHILE VAMOS EVOPOLI - INDEPENDIENTES,314. ORFELINA VERGARA MORALES,IND,2.0,False
1072509,LICANTEN,ILOCA,COLEGIO DOCTOR MANUEL AVILES INOSTROZA,1M-3V,ZG.CHILE VAMOS EVOPOLI - INDEPENDIENTES,315. CRISTIAN ALFREDO CARRASCO CESPEDES,IND,16.0,False
1072510,LICANTEN,ILOCA,COLEGIO DOCTOR MANUEL AVILES INOSTROZA,1M-3V,ZG.CHILE VAMOS EVOPOLI - INDEPENDIENTES,316. ALVARO JAVIER GONZALEZ CORREA,IND,0.0,True
1072511,LICANTEN,ILOCA,COLEGIO DOCTOR MANUEL AVILES INOSTROZA,1M-3V,ZJ.CHILE VAMOS UDI - INDEPENDIENTES,317. HECTOR EXEQUIEL QUIERO PALACIOS,UDI,19.0,False
1072512,LICANTEN,ILOCA,COLEGIO DOCTOR MANUEL AVILES INOSTROZA,1M-3V,ZJ.CHILE VAMOS UDI - INDEPENDIENTES,318. ALVARO CHRISTIAN DONOSO PAVEZ,UDI,40.0,True
1072513,LICANTEN,ILOCA,COLEGIO DOCTOR MANUEL AVILES INOSTROZA,1M-3V,ZJ.CHILE VAMOS UDI - INDEPENDIENTES,319. VICTOR ALEJANDRO ORMAZABAL MORAGA,UDI,2.0,False
1072514,LICANTEN,ILOCA,COLEGIO DOCTOR MANUEL AVILES INOSTROZA,1M-3V,ZU.RADICALES E INDEPENDIENTES,320. VALERIE  COFFIN FUENZALIDA,PR,17.0,True
1072515,LICANTEN,ILOCA,COLEGIO DOCTOR MANUEL AVILES INOSTROZA,1M-3V,ZU.RADICALES E INDEPENDIENTES,321. CARLOS ALEJANDRO CANALES HAFEMANN,PR,4.0,False
1072516,LICANTEN,ILOCA,COLEGIO DOCTOR MANUEL AVILES INOSTROZA,1M-3V,ZU.RADICALES E INDEPENDIENTES,322. CARLOS  GONZALEZ HERNANDEZ,IND,1.0,False
1072517,LICANTEN,ILOCA,COLEGIO DOCTOR MANUEL AVILES INOSTROZA,1M-3V,ZU.RADICALES E INDEPENDIENTES,323. POLA PEREZ CABRERA,IND,1.0,False
1072518,LICANTEN,ILOCA,COLEGIO DOCTOR MANUEL AVILES INOSTROZA,1M-3V,ZU.RADICALES E INDEPENDIENTES,324. CESAR LIZARDO GONZALEZ MARTINEZ,IND,5.0,False
1072519,LICANTEN,ILOCA,COLEGIO DOCTOR MANUEL AVILES INOSTROZA,1M-3V,ZU.RADICALES E INDEPENDIENTES,325. YOLANDA HERNANDEZ PEÑA,IND,6.0,False
1072520,LICANTEN,ILOCA,COLEGIO DOCTOR MANUEL AVILES INOSTROZA,2M-4,M.CHILE DIGNO VERDE Y SOBERANO,300. JAVIERA CAROLINA HORMAZABAL PEDRERO,PCCH,3.0,False
1072521,LICANTEN,ILOCA,COLEGIO DOCTOR MANUEL AVILES INOSTROZA,2M-4,XK.CHILE VAMOS RENOVACION NACIONAL - INDEPENDIENTES,301. ARIEL ESPINOZA CERPA,RN,8.0,True
1072522,LICANTEN,ILOCA,COLEGIO DOCTOR MANUEL AVILES INOSTROZA,2M-4,XK.CHILE VAMOS RENOVACION NACIONAL - INDEPENDIENTES,302. ESTEFANIA NICOLE JARA POZO,IND,24.0,False
1072523,LICANTEN,ILOCA,COLEGIO DOCTOR MANUEL AVILES INOSTROZA,2M-4,XK.CHILE VAMOS RENOVACION NACIONAL - INDEPENDIENTES,303. CRISTHIAN PIEROLA RUIZ DE GAMBOA,IND,2.0,False
1072524,LICANTEN,ILOCA,COLEGIO DOCTOR MANUEL AVILES INOSTROZA,2M-4,XO.REPUBLICANOS,304. PABLO ANDRES SILVA JELDRES,REPUBLICA.,5.0,False
1072525,LICANTEN,ILOCA,COLEGIO DOCTOR MANUEL AVILES INOSTROZA,2M-4,XU.UNIDOS POR LA DIGNIDAD,305. VICTOR HUGO SAAVEDRA BENAVIDES,PDC,17.0,True
1072526,LICANTEN,ILOCA,COLEGIO DOCTOR MANUEL AVILES INOSTROZA,2M-4,XU.UNIDOS POR LA DIGNIDAD,306. LORETO DEL CARMEN GUAJARDO MUÑOZ,IND,13.0,False
1072527,LICANTEN,ILOCA,COLEGIO DOCTOR MANUEL AVILES INOSTROZA,2M-4,XU.UNIDOS POR LA DIGNIDAD,307. DELAIDA ROSA PONCE MUÑOZ,IND,0.0,False
1072528,LICANTEN,ILOCA,COLEGIO DOCTOR MANUEL AVILES INOSTROZA,2M-4,YW.UNIDAD POR EL APRUEBO PS PPD E INDEPENDIENTES,308. CLAUDIO REYES FUENZALIDA,PS,7.0,True
1072529,LICANTEN,ILOCA,COLEGIO DOCTOR MANUEL AVILES INOSTROZA,2M-4,YW.UNIDAD POR EL APRUEBO PS PPD E INDEPENDIENTES,309. JORGE ENRIQUE CESPEDES ROJAS,PS,5.0,False
1072530,LICANTEN,ILOCA,COLEGIO DOCTOR MANUEL AVILES INOSTROZA,2M-4,YW.UNIDAD POR EL APRUEBO PS PPD E INDEPENDIENTES,310. VICTOR MANUEL RODRIGUEZ DIAZ,IND,9.0,False
1072531,LICANTEN,ILOCA,COLEGIO DOCTOR MANUEL AVILES INOSTROZA,2M-4,YW.UNIDAD POR EL APRUEBO PS PPD E INDEPENDIENTES,311. MONICA DEL ROSARIO JOFRE CORREA,IND,8.0,False
1072532,LICANTEN,ILOCA,COLEGIO DOCTOR MANUEL AVILES INOSTROZA,2M-4,ZG.CHILE VAMOS EVOPOLI - INDEPENDIENTES,312. DIEGO IGNACIO SAAVEDRA RUZ,EVOPOLI,3.0,False
1072533,LICANTEN,ILOCA,COLEGIO DOCTOR MANUEL AVILES INOSTROZA,2M-4,ZG.CHILE VAMOS EVOPOLI - INDEPENDIENTES,313. PABLO ALEJANDRO GONZALEZ VALENZUELA,IND,2.0,False
1072534,LICANTEN,ILOCA,COLEGIO DOCTOR MANUEL AVILES INOSTROZA,2M-4,ZG.CHILE VAMOS EVOPOLI - INDEPENDIENTES,314. ORFELINA VERGARA MORALES,IND,3.0,False
1072535,LICANTEN,ILOCA,COLEGIO DOCTOR MANUEL AVILES INOSTROZA,2M-4,ZG.CHILE VAMOS EVOPOLI - INDEPENDIENTES,315. CRISTIAN ALFREDO CARRASCO CESPEDES,IND,22.0,False
1072536,LICANTEN,ILOCA,COLEGIO DOCTOR MANUEL AVILES INOSTROZA,2M-4,ZG.CHILE VAMOS EVOPOLI - INDEPENDIENTES,316. ALVARO JAVIER GONZALEZ CORREA,IND,0.0,True
1072537,LICANTEN,ILOCA,COLEGIO DOCTOR MANUEL AVILES INOSTROZA,2M-4,ZJ.CHILE VAMOS UDI - INDEPENDIENTES,317. HECTOR EXEQUIEL QUIERO PALACIOS,UDI,19.0,False
1072538,LICANTEN,ILOCA,COLEGIO DOCTOR MANUEL AVILES INOSTROZA,2M-4,ZJ.CHILE VAMOS UDI - INDEPENDIENTES,318. ALVARO CHRISTIAN DONOSO PAVEZ,UDI,36.0,True
1072539,LICANTEN,ILOCA,COLEGIO DOCTOR MANUEL AVILES INOSTROZA,2M-4,ZJ.CHILE VAMOS UDI - INDEPENDIENTES,319. VICTOR ALEJANDRO ORMAZABAL MORAGA,UDI,1.0,False
1072540,LICANTEN,ILOCA,COLEGIO DOCTOR MANUEL AVILES INOSTROZA,2M-4,ZU.RADICALES E INDEPENDIENTES,320. VALERIE  COFFIN FUENZALIDA,PR,13.0,True
1072541,LICANTEN,ILOCA,COLEGIO DOCTOR MANUEL AVILES INOSTROZA,2M-4,ZU.RADICALES E INDEPENDIENTES,321. CARLOS ALEJANDRO CANALES HAFEMANN,PR,0.0,False
1072542,LICANTEN,ILOCA,COLEGIO DOCTOR MANUEL AVILES INOSTROZA,2M-4,ZU.RADICALES E INDEPENDIENTES,322. CARLOS  GONZALEZ HERNANDEZ,IND,0.0,False
1072543,LICANTEN,ILOCA,COLEGIO DOCTOR MANUEL AVILES INOSTROZA,2M-4,ZU.RADICALES E INDEPENDIENTES,323. POLA PEREZ CABRERA,IND,0.0,False
1072544,LICANTEN,ILOCA,COLEGIO DOCTOR MANUEL AVILES INOSTROZA,2M-4,ZU.RADICALES E INDEPENDIENTES,324. CESAR LIZARDO GONZALEZ MARTINEZ,IND,12.0,False
1072545,LICANTEN,ILOCA,COLEGIO DOCTOR MANUEL AVILES INOSTROZA,2M-4,ZU.RADICALES E INDEPENDIENTES,325. YOLANDA HERNANDEZ PEÑA,IND,5.0,False
1072546,LICANTEN,ILOCA,COLEGIO DOCTOR MANUEL AVILES INOSTROZA,3M-1V,M.CHILE DIGNO VERDE Y SOBERANO,300. JAVIERA CAROLINA HORMAZABAL PEDRERO,PCCH,2.0,False
1072547,LICANTEN,ILOCA,COLEGIO DOCTOR MANUEL AVILES INOSTROZA,3M-1V,XK.CHILE VAMOS RENOVACION NACIONAL - INDEPENDIENTES,301. ARIEL ESPINOZA CERPA,RN,10.0,True
1072548,LICANTEN,ILOCA,COLEGIO DOCTOR MANUEL AVILES INOSTROZA,3M-1V,XK.CHILE VAMOS RENOVACION NACIONAL - INDEPENDIENTES,302. ESTEFANIA NICOLE JARA POZO,IND,28.0,False
1072549,LICANTEN,ILOCA,COLEGIO DOCTOR MANUEL AVILES INOSTROZA,3M-1V,XK.CHILE VAMOS RENOVACION NACIONAL - INDEPENDIENTES,303. CRISTHIAN PIEROLA RUIZ DE GAMBOA,IND,4.0,False
1072550,LICANTEN,ILOCA,COLEGIO DOCTOR MANUEL AVILES INOSTROZA,3M-1V,XO.REPUBLICANOS,304. PABLO ANDRES SILVA JELDRES,REPUBLICA.,2.0,False
1072551,LICANTEN,ILOCA,COLEGIO DOCTOR MANUEL AVILES INOSTROZA,3M-1V,XU.UNIDOS POR LA DIGNIDAD,305. VICTOR HUGO SAAVEDRA BENAVIDES,PDC,10.0,True
1072552,LICANTEN,ILOCA,COLEGIO DOCTOR MANUEL AVILES INOSTROZA,3M-1V,XU.UNIDOS POR LA DIGNIDAD,306. LORETO DEL CARMEN GUAJARDO MUÑOZ,IND,8.0,False
1072553,LICANTEN,ILOCA,COLEGIO DOCTOR MANUEL AVILES INOSTROZA,3M-1V,XU.UNIDOS POR LA DIGNIDAD,307. DELAIDA ROSA PONCE MUÑOZ,IND,1.0,False
1072554,LICANTEN,ILOCA,COLEGIO DOCTOR MANUEL AVILES INOSTROZA,3M-1V,YW.UNIDAD POR EL APRUEBO PS PPD E INDEPENDIENTES,308. CLAUDIO REYES FUENZALIDA,PS,10.0,True
1072555,LICANTEN,ILOCA,COLEGIO DOCTOR MANUEL AVILES INOSTROZA,3M-1V,YW.UNIDAD POR EL APRUEBO PS PPD E INDEPENDIENTES,309. JORGE ENRIQUE CESPEDES ROJAS,PS,9.0,False
1072556,LICANTEN,ILOCA,COLEGIO DOCTOR MANUEL AVILES INOSTROZA,3M-1V,YW.UNIDAD POR EL APRUEBO PS PPD E INDEPENDIENTES,310. VICTOR MANUEL RODRIGUEZ DIAZ,IND,8.0,False
1072557,LICANTEN,ILOCA,COLEGIO DOCTOR MANUEL AVILES INOSTROZA,3M-1V,YW.UNIDAD POR EL APRUEBO PS PPD E INDEPENDIENTES,311. MONICA DEL ROSARIO JOFRE CORREA,IND,7.0,False
1072558,LICANTEN,ILOCA,COLEGIO DOCTOR MANUEL AVILES INOSTROZA,3M-1V,ZG.CHILE VAMOS EVOPOLI - INDEPENDIENTES,312. DIEGO IGNACIO SAAVEDRA RUZ,EVOPOLI,1.0,False
1072559,LICANTEN,ILOCA,COLEGIO DOCTOR MANUEL AVILES INOSTROZA,3M-1V,ZG.CHILE VAMOS EVOPOLI - INDEPENDIENTES,313. PABLO ALEJANDRO GONZALEZ VALENZUELA,IND,4.0,False
1072560,LICANTEN,ILOCA,COLEGIO DOCTOR MANUEL AVILES INOSTROZA,3M-1V,ZG.CHILE VAMOS EVOPOLI - INDEPENDIENTES,314. ORFELINA VERGARA MORALES,IND,3.0,False
1072561,LICANTEN,ILOCA,COLEGIO DOCTOR MANUEL AVILES INOSTROZA,3M-1V,ZG.CHILE VAMOS EVOPOLI - INDEPENDIENTES,315. CRISTIAN ALFREDO CARRASCO CESPEDES,IND,21.0,False
1072562,LICANTEN,ILOCA,COLEGIO DOCTOR MANUEL AVILES INOSTROZA,3M-1V,ZG.CHILE VAMOS EVOPOLI - INDEPENDIENTES,316. ALVARO JAVIER GONZALEZ CORREA,IND,6.0,True
1072563,LICANTEN,ILOCA,COLEGIO DOCTOR MANUEL AVILES INOSTROZA,3M-1V,ZJ.CHILE VAMOS UDI - INDEPENDIENTES,317. HECTOR EXEQUIEL QUIERO PALACIOS,UDI,13.0,False
1072564,LICANTEN,ILOCA,COLEGIO DOCTOR MANUEL AVILES INOSTROZA,3M-1V,ZJ.CHILE VAMOS UDI - INDEPENDIENTES,318. ALVARO CHRISTIAN DONOSO PAVEZ,UDI,43.0,True
1072565,LICANTEN,ILOCA,COLEGIO DOCTOR MANUEL AVILES INOSTROZA,3M-1V,ZJ.CHILE VAMOS UDI - INDEPENDIENTES,319. VICTOR ALEJANDRO ORMAZABAL MORAGA,UDI,2.0,False
1072566,LICANTEN,ILOCA,COLEGIO DOCTOR MANUEL AVILES INOSTROZA,3M-1V,ZU.RADICALES E INDEPENDIENTES,320. VALERIE  COFFIN FUENZALIDA,PR,27.0,True
1072567,LICANTEN,ILOCA,COLEGIO DOCTOR MANUEL AVILES INOSTROZA,3M-1V,ZU.RADICALES E INDEPENDIENTES,321. CARLOS ALEJANDRO CANALES HAFEMANN,PR,1.0,False
1072568,LICANTEN,ILOCA,COLEGIO DOCTOR MANUEL AVILES INOSTROZA,3M-1V,ZU.RADICALES E INDEPENDIENTES,322. CARLOS  GONZALEZ HERNANDEZ,IND,1.0,False
1072569,LICANTEN,ILOCA,COLEGIO DOCTOR MANUEL AVILES INOSTROZA,3M-1V,ZU.RADICALES E INDEPENDIENTES,323. POLA PEREZ CABRERA,IND,0.0,False
1072570,LICANTEN,ILOCA,COLEGIO DOCTOR MANUEL AVILES INOSTROZA,3M-1V,ZU.RADICALES E INDEPENDIENTES,324. CESAR LIZARDO GONZALEZ MARTINEZ,IND,9.0,False
1072571,LICANTEN,ILOCA,COLEGIO DOCTOR MANUEL AVILES INOSTROZA,3M-1V,ZU.RADICALES E INDEPENDIENTES,325. YOLANDA HERNANDEZ PEÑA,IND,3.0,False
1072572,LICANTEN,ILOCA,COLEGIO DOCTOR MANUEL AVILES INOSTROZA,2V,M.CHILE DIGNO VERDE Y SOBERANO,300. JAVIERA CAROLINA HORMAZABAL PEDRERO,PCCH,0.0,False
1072573,LICANTEN,ILOCA,COLEGIO DOCTOR MANUEL AVILES INOSTROZA,2V,XK.CHILE VAMOS RENOVACION NACIONAL - INDEPENDIENTES,301. ARIEL ESPINOZA CERPA,RN,2.0,True
1072574,LICANTEN,ILOCA,COLEGIO DOCTOR MANUEL AVILES INOSTROZA,2V,XK.CHILE VAMOS RENOVACION NACIONAL - INDEPENDIENTES,302. ESTEFANIA NICOLE JARA POZO,IND,15.0,False
1072575,LICANTEN,ILOCA,COLEGIO DOCTOR MANUEL AVILES INOSTROZA,2V,XK.CHILE VAMOS RENOVACION NACIONAL - INDEPENDIENTES,303. CRISTHIAN PIEROLA RUIZ DE GAMBOA,IND,3.0,False
1072576,LICANTEN,ILOCA,COLEGIO DOCTOR MANUEL AVILES INOSTROZA,2V,XO.REPUBLICANOS,304. PABLO ANDRES SILVA JELDRES,REPUBLICA.,2.0,False
1072577,LICANTEN,ILOCA,COLEGIO DOCTOR MANUEL AVILES INOSTROZA,2V,XU.UNIDOS POR LA DIGNIDAD,305. VICTOR HUGO SAAVEDRA BENAVIDES,PDC,5.0,True
1072578,LICANTEN,ILOCA,COLEGIO DOCTOR MANUEL AVILES INOSTROZA,2V,XU.UNIDOS POR LA DIGNIDAD,306. LORETO DEL CARMEN GUAJARDO MUÑOZ,IND,6.0,False
1072579,LICANTEN,ILOCA,COLEGIO DOCTOR MANUEL AVILES INOSTROZA,2V,XU.UNIDOS POR LA DIGNIDAD,307. DELAIDA ROSA PONCE MUÑOZ,IND,0.0,False
1072580,LICANTEN,ILOCA,COLEGIO DOCTOR MANUEL AVILES INOSTROZA,2V,YW.UNIDAD POR EL APRUEBO PS PPD E INDEPENDIENTES,308. CLAUDIO REYES FUENZALIDA,PS,1.0,True
1072581,LICANTEN,ILOCA,COLEGIO DOCTOR MANUEL AVILES INOSTROZA,2V,YW.UNIDAD POR EL APRUEBO PS PPD E INDEPENDIENTES,309. JORGE ENRIQUE CESPEDES ROJAS,PS,10.0,False
1072582,LICANTEN,ILOCA,COLEGIO DOCTOR MANUEL AVILES INOSTROZA,2V,YW.UNIDAD POR EL APRUEBO PS PPD E INDEPENDIENTES,310. VICTOR MANUEL RODRIGUEZ DIAZ,IND,2.0,False
1072583,LICANTEN,ILOCA,COLEGIO DOCTOR MANUEL AVILES INOSTROZA,2V,YW.UNIDAD POR EL APRUEBO PS PPD E INDEPENDIENTES,311. MONICA DEL ROSARIO JOFRE CORREA,IND,3.0,False
1072584,LICANTEN,ILOCA,COLEGIO DOCTOR MANUEL AVILES INOSTROZA,2V,ZG.CHILE VAMOS EVOPOLI - INDEPENDIENTES,312. DIEGO IGNACIO SAAVEDRA RUZ,EVOPOLI,2.0,False
1072585,LICANTEN,ILOCA,COLEGIO DOCTOR MANUEL AVILES INOSTROZA,2V,ZG.CHILE VAMOS EVOPOLI - INDEPENDIENTES,313. PABLO ALEJANDRO GONZALEZ VALENZUELA,IND,2.0,False
1072586,LICANTEN,ILOCA,COLEGIO DOCTOR MANUEL AVILES INOSTROZA,2V,ZG.CHILE VAMOS EVOPOLI - INDEPENDIENTES,314. ORFELINA VERGARA MORALES,IND,1.0,False
1072587,LICANTEN,ILOCA,COLEGIO DOCTOR MANUEL AVILES INOSTROZA,2V,ZG.CHILE VAMOS EVOPOLI - INDEPENDIENTES,315. CRISTIAN ALFREDO CARRASCO CESPEDES,IND,14.0,False
1072588,LICANTEN,ILOCA,COLEGIO DOCTOR MANUEL AVILES INOSTROZA,2V,ZG.CHILE VAMOS EVOPOLI - INDEPENDIENTES,316. ALVARO JAVIER GONZALEZ CORREA,IND,1.0,True
1072589,LICANTEN,ILOCA,COLEGIO DOCTOR MANUEL AVILES INOSTROZA,2V,ZJ.CHILE VAMOS UDI - INDEPENDIENTES,317. HECTOR EXEQUIEL QUIERO PALACIOS,UDI,5.0,False
1072590,LICANTEN,ILOCA,COLEGIO DOCTOR MANUEL AVILES INOSTROZA,2V,ZJ.CHILE VAMOS UDI - INDEPENDIENTES,318. ALVARO CHRISTIAN DONOSO PAVEZ,UDI,24.0,True
1072591,LICANTEN,ILOCA,COLEGIO DOCTOR MANUEL AVILES INOSTROZA,2V,ZJ.CHILE VAMOS UDI - INDEPENDIENTES,319. VICTOR ALEJANDRO ORMAZABAL MORAGA,UDI,0.0,False
1072592,LICANTEN,ILOCA,COLEGIO DOCTOR MANUEL AVILES INOSTROZA,2V,ZU.RADICALES E INDEPENDIENTES,320. VALERIE  COFFIN FUENZALIDA,PR,12.0,True
1072593,LICANTEN,ILOCA,COLEGIO DOCTOR MANUEL AVILES INOSTROZA,2V,ZU.RADICALES E INDEPENDIENTES,321. CARLOS ALEJANDRO CANALES HAFEMANN,PR,0.0,False
1072594,LICANTEN,ILOCA,COLEGIO DOCTOR MANUEL AVILES INOSTROZA,2V,ZU.RADICALES E INDEPENDIENTES,322. CARLOS  GONZALEZ HERNANDEZ,IND,0.0,False
1072595,LICANTEN,ILOCA,COLEGIO DOCTOR MANUEL AVILES INOSTROZA,2V,ZU.RADICALES E INDEPENDIENTES,323. POLA PEREZ CABRERA,IND,0.0,False
1072596,LICANTEN,ILOCA,COLEGIO DOCTOR MANUEL AVILES INOSTROZA,2V,ZU.RADICALES E INDEPENDIENTES,324. CESAR LIZARDO GONZALEZ MARTINEZ,IND,0.0,False
1072597,LICANTEN,ILOCA,COLEGIO DOCTOR MANUEL AVILES INOSTROZA,2V,ZU.RADICALES E INDEPENDIENTES,325. YOLANDA HERNANDEZ PEÑA,IND,0.0,False
1072598,LICANTEN,LICANTEN,LICEO AUGUSTO SANTELICES VALENZUELA,1M,M.CHILE DIGNO VERDE Y SOBERANO,300. JAVIERA CAROLINA HORMAZABAL PEDRERO,PCCH,1.0,False
1072599,LICANTEN,LICANTEN,LICEO AUGUSTO SANTELICES VALENZUELA,1M,XK.CHILE VAMOS RENOVACION NACIONAL - INDEPENDIENTES,301. ARIEL ESPINOZA CERPA,RN,15.0,True
1072600,LICANTEN,LICANTEN,LICEO AUGUSTO SANTELICES VALENZUELA,1M,XK.CHILE VAMOS RENOVACION NACIONAL - INDEPENDIENTES,302. ESTEFANIA NICOLE JARA POZO,IND,0.0,False
1072601,LICANTEN,LICANTEN,LICEO AUGUSTO SANTELICES VALENZUELA,1M,XK.CHILE VAMOS RENOVACION NACIONAL - INDEPENDIENTES,303. CRISTHIAN PIEROLA RUIZ DE GAMBOA,IND,8.0,False
1072602,LICANTEN,LICANTEN,LICEO AUGUSTO SANTELICES VALENZUELA,1M,XO.REPUBLICANOS,304. PABLO ANDRES SILVA JELDRES,REPUBLICA.,0.0,False
1072603,LICANTEN,LICANTEN,LICEO AUGUSTO SANTELICES VALENZUELA,1M,XU.UNIDOS POR LA DIGNIDAD,305. VICTOR HUGO SAAVEDRA BENAVIDES,PDC,9.0,True
1072604,LICANTEN,LICANTEN,LICEO AUGUSTO SANTELICES VALENZUELA,1M,XU.UNIDOS POR LA DIGNIDAD,306. LORETO DEL CARMEN GUAJARDO MUÑOZ,IND,3.0,False
1072605,LICANTEN,LICANTEN,LICEO AUGUSTO SANTELICES VALENZUELA,1M,XU.UNIDOS POR LA DIGNIDAD,307. DELAIDA ROSA PONCE MUÑOZ,IND,1.0,False
1072606,LICANTEN,LICANTEN,LICEO AUGUSTO SANTELICES VALENZUELA,1M,YW.UNIDAD POR EL APRUEBO PS PPD E INDEPENDIENTES,308. CLAUDIO REYES FUENZALIDA,PS,11.0,True
1072607,LICANTEN,LICANTEN,LICEO AUGUSTO SANTELICES VALENZUELA,1M,YW.UNIDAD POR EL APRUEBO PS PPD E INDEPENDIENTES,309. JORGE ENRIQUE CESPEDES ROJAS,PS,1.0,False
1072608,LICANTEN,LICANTEN,LICEO AUGUSTO SANTELICES VALENZUELA,1M,YW.UNIDAD POR EL APRUEBO PS PPD E INDEPENDIENTES,310. VICTOR MANUEL RODRIGUEZ DIAZ,IND,7.0,False
1072609,LICANTEN,LICANTEN,LICEO AUGUSTO SANTELICES VALENZUELA,1M,YW.UNIDAD POR EL APRUEBO PS PPD E INDEPENDIENTES,311. MONICA DEL ROSARIO JOFRE CORREA,IND,0.0,False
1072610,LICANTEN,LICANTEN,LICEO AUGUSTO SANTELICES VALENZUELA,1M,ZG.CHILE VAMOS EVOPOLI - INDEPENDIENTES,312. DIEGO IGNACIO SAAVEDRA RUZ,EVOPOLI,5.0,False
1072611,LICANTEN,LICANTEN,LICEO AUGUSTO SANTELICES VALENZUELA,1M,ZG.CHILE VAMOS EVOPOLI - INDEPENDIENTES,313. PABLO ALEJANDRO GONZALEZ VALENZUELA,IND,3.0,False
1072612,LICANTEN,LICANTEN,LICEO AUGUSTO SANTELICES VALENZUELA,1M,ZG.CHILE VAMOS EVOPOLI - INDEPENDIENTES,314. ORFELINA VERGARA MORALES,IND,3.0,False
1072613,LICANTEN,LICANTEN,LICEO AUGUSTO SANTELICES VALENZUELA,1M,ZG.CHILE VAMOS EVOPOLI - INDEPENDIENTES,315. CRISTIAN ALFREDO CARRASCO CESPEDES,IND,4.0,False
1072614,LICANTEN,LICANTEN,LICEO AUGUSTO SANTELICES VALENZUELA,1M,ZG.CHILE VAMOS EVOPOLI - INDEPENDIENTES,316. ALVARO JAVIER GONZALEZ CORREA,IND,7.0,True
1072615,LICANTEN,LICANTEN,LICEO AUGUSTO SANTELICES VALENZUELA,1M,ZJ.CHILE VAMOS UDI - INDEPENDIENTES,317. HECTOR EXEQUIEL QUIERO PALACIOS,UDI,13.0,False
1072616,LICANTEN,LICANTEN,LICEO AUGUSTO SANTELICES VALENZUELA,1M,ZJ.CHILE VAMOS UDI - INDEPENDIENTES,318. ALVARO CHRISTIAN DONOSO PAVEZ,UDI,21.0,True
1072617,LICANTEN,LICANTEN,LICEO AUGUSTO SANTELICES VALENZUELA,1M,ZJ.CHILE VAMOS UDI - INDEPENDIENTES,319. VICTOR ALEJANDRO ORMAZABAL MORAGA,UDI,2.0,False
1072618,LICANTEN,LICANTEN,LICEO AUGUSTO SANTELICES VALENZUELA,1M,ZU.RADICALES E INDEPENDIENTES,320. VALERIE  COFFIN FUENZALIDA,PR,20.0,True
1072619,LICANTEN,LICANTEN,LICEO AUGUSTO SANTELICES VALENZUELA,1M,ZU.RADICALES E INDEPENDIENTES,321. CARLOS ALEJANDRO CANALES HAFEMANN,PR,8.0,False
1072620,LICANTEN,LICANTEN,LICEO AUGUSTO SANTELICES VALENZUELA,1M,ZU.RADICALES E INDEPENDIENTES,322. CARLOS  GONZALEZ HERNANDEZ,IND,2.0,False
1072621,LICANTEN,LICANTEN,LICEO AUGUSTO SANTELICES VALENZUELA,1M,ZU.RADICALES E INDEPENDIENTES,323. POLA PEREZ CABRERA,IND,1.0,False
1072622,LICANTEN,LICANTEN,LICEO AUGUSTO SANTELICES VALENZUELA,1M,ZU.RADICALES E INDEPENDIENTES,324. CESAR LIZARDO GONZALEZ MARTINEZ,IND,0.0,False
1072623,LICANTEN,LICANTEN,LICEO AUGUSTO SANTELICES VALENZUELA,1M,ZU.RADICALES E INDEPENDIENTES,325. YOLANDA HERNANDEZ PEÑA,IND,5.0,False
1072624,LICANTEN,LICANTEN,LICEO AUGUSTO SANTELICES VALENZUELA,2M,M.CHILE DIGNO VERDE Y SOBERANO,300. JAVIERA CAROLINA HORMAZABAL PEDRERO,PCCH,0.0,False
1072625,LICANTEN,LICANTEN,LICEO AUGUSTO SANTELICES VALENZUELA,2M,XK.CHILE VAMOS RENOVACION NACIONAL - INDEPENDIENTES,301. ARIEL ESPINOZA CERPA,RN,20.0,True
1072626,LICANTEN,LICANTEN,LICEO AUGUSTO SANTELICES VALENZUELA,2M,XK.CHILE VAMOS RENOVACION NACIONAL - INDEPENDIENTES,302. ESTEFANIA NICOLE JARA POZO,IND,5.0,False
1072627,LICANTEN,LICANTEN,LICEO AUGUSTO SANTELICES VALENZUELA,2M,XK.CHILE VAMOS RENOVACION NACIONAL - INDEPENDIENTES,303. CRISTHIAN PIEROLA RUIZ DE GAMBOA,IND,6.0,False
1072628,LICANTEN,LICANTEN,LICEO AUGUSTO SANTELICES VALENZUELA,2M,XO.REPUBLICANOS,304. PABLO ANDRES SILVA JELDRES,REPUBLICA.,1.0,False
1072629,LICANTEN,LICANTEN,LICEO AUGUSTO SANTELICES VALENZUELA,2M,XU.UNIDOS POR LA DIGNIDAD,305. VICTOR HUGO SAAVEDRA BENAVIDES,PDC,12.0,True
1072630,LICANTEN,LICANTEN,LICEO AUGUSTO SANTELICES VALENZUELA,2M,XU.UNIDOS POR LA DIGNIDAD,306. LORETO DEL CARMEN GUAJARDO MUÑOZ,IND,3.0,False
1072631,LICANTEN,LICANTEN,LICEO AUGUSTO SANTELICES VALENZUELA,2M,XU.UNIDOS POR LA DIGNIDAD,307. DELAIDA ROSA PONCE MUÑOZ,IND,3.0,False
1072632,LICANTEN,LICANTEN,LICEO AUGUSTO SANTELICES VALENZUELA,2M,YW.UNIDAD POR EL APRUEBO PS PPD E INDEPENDIENTES,308. CLAUDIO REYES FUENZALIDA,PS,16.0,True
1072633,LICANTEN,LICANTEN,LICEO AUGUSTO SANTELICES VALENZUELA,2M,YW.UNIDAD POR EL APRUEBO PS PPD E INDEPENDIENTES,309. JORGE ENRIQUE CESPEDES ROJAS,PS,5.0,False
1072634,LICANTEN,LICANTEN,LICEO AUGUSTO SANTELICES VALENZUELA,2M,YW.UNIDAD POR EL APRUEBO PS PPD E INDEPENDIENTES,310. VICTOR MANUEL RODRIGUEZ DIAZ,IND,10.0,False
1072635,LICANTEN,LICANTEN,LICEO AUGUSTO SANTELICES VALENZUELA,2M,YW.UNIDAD POR EL APRUEBO PS PPD E INDEPENDIENTES,311. MONICA DEL ROSARIO JOFRE CORREA,IND,0.0,False
1072636,LICANTEN,LICANTEN,LICEO AUGUSTO SANTELICES VALENZUELA,2M,ZG.CHILE VAMOS EVOPOLI - INDEPENDIENTES,312. DIEGO IGNACIO SAAVEDRA RUZ,EVOPOLI,4.0,False
1072637,LICANTEN,LICANTEN,LICEO AUGUSTO SANTELICES VALENZUELA,2M,ZG.CHILE VAMOS EVOPOLI - INDEPENDIENTES,313. PABLO ALEJANDRO GONZALEZ VALENZUELA,IND,5.0,False
1072638,LICANTEN,LICANTEN,LICEO AUGUSTO SANTELICES VALENZUELA,2M,ZG.CHILE VAMOS EVOPOLI - INDEPENDIENTES,314. ORFELINA VERGARA MORALES,IND,7.0,False
1072639,LICANTEN,LICANTEN,LICEO AUGUSTO SANTELICES VALENZUELA,2M,ZG.CHILE VAMOS EVOPOLI - INDEPENDIENTES,315. CRISTIAN ALFREDO CARRASCO CESPEDES,IND,3.0,False
1072640,LICANTEN,LICANTEN,LICEO AUGUSTO SANTELICES VALENZUELA,2M,ZG.CHILE VAMOS EVOPOLI - INDEPENDIENTES,316. ALVARO JAVIER GONZALEZ CORREA,IND,8.0,True
1072641,LICANTEN,LICANTEN,LICEO AUGUSTO SANTELICES VALENZUELA,2M,ZJ.CHILE VAMOS UDI - INDEPENDIENTES,317. HECTOR EXEQUIEL QUIERO PALACIOS,UDI,8.0,False
1072642,LICANTEN,LICANTEN,LICEO AUGUSTO SANTELICES VALENZUELA,2M,ZJ.CHILE VAMOS UDI - INDEPENDIENTES,318. ALVARO CHRISTIAN DONOSO PAVEZ,UDI,26.0,True
1072643,LICANTEN,LICANTEN,LICEO AUGUSTO SANTELICES VALENZUELA,2M,ZJ.CHILE VAMOS UDI - INDEPENDIENTES,319. VICTOR ALEJANDRO ORMAZABAL MORAGA,UDI,8.0,False
1072644,LICANTEN,LICANTEN,LICEO AUGUSTO SANTELICES VALENZUELA,2M,ZU.RADICALES E INDEPENDIENTES,320. VALERIE  COFFIN FUENZALIDA,PR,14.0,True
1072645,LICANTEN,LICANTEN,LICEO AUGUSTO SANTELICES VALENZUELA,2M,ZU.RADICALES E INDEPENDIENTES,321. CARLOS ALEJANDRO CANALES HAFEMANN,PR,9.0,False
1072646,LICANTEN,LICANTEN,LICEO AUGUSTO SANTELICES VALENZUELA,2M,ZU.RADICALES E INDEPENDIENTES,322. CARLOS  GONZALEZ HERNANDEZ,IND,1.0,False
1072647,LICANTEN,LICANTEN,LICEO AUGUSTO SANTELICES VALENZUELA,2M,ZU.RADICALES E INDEPENDIENTES,323. POLA PEREZ CABRERA,IND,2.0,False
1072648,LICANTEN,LICANTEN,LICEO AUGUSTO SANTELICES VALENZUELA,2M,ZU.RADICALES E INDEPENDIENTES,324. CESAR LIZARDO GONZALEZ MARTINEZ,IND,2.0,False
1072649,LICANTEN,LICANTEN,LICEO AUGUSTO SANTELICES VALENZUELA,2M,ZU.RADICALES E INDEPENDIENTES,325. YOLANDA HERNANDEZ PEÑA,IND,3.0,False
1072650,LICANTEN,LICANTEN,LICEO AUGUSTO SANTELICES VALENZUELA,3M,M.CHILE DIGNO VERDE Y SOBERANO,300. JAVIERA CAROLINA HORMAZABAL PEDRERO,PCCH,2.0,False
1072651,LICANTEN,LICANTEN,LICEO AUGUSTO SANTELICES VALENZUELA,3M,XK.CHILE VAMOS RENOVACION NACIONAL - INDEPENDIENTES,301. ARIEL ESPINOZA CERPA,RN,27.0,True
1072652,LICANTEN,LICANTEN,LICEO AUGUSTO SANTELICES VALENZUELA,3M,XK.CHILE VAMOS RENOVACION NACIONAL - INDEPENDIENTES,302. ESTEFANIA NICOLE JARA POZO,IND,4.0,False
1072653,LICANTEN,LICANTEN,LICEO AUGUSTO SANTELICES VALENZUELA,3M,XK.CHILE VAMOS RENOVACION NACIONAL - INDEPENDIENTES,303. CRISTHIAN PIEROLA RUIZ DE GAMBOA,IND,5.0,False
1072654,LICANTEN,LICANTEN,LICEO AUGUSTO SANTELICES VALENZUELA,3M,XO.REPUBLICANOS,304. PABLO ANDRES SILVA JELDRES,REPUBLICA.,1.0,False
1072655,LICANTEN,LICANTEN,LICEO AUGUSTO SANTELICES VALENZUELA,3M,XU.UNIDOS POR LA DIGNIDAD,305. VICTOR HUGO SAAVEDRA BENAVIDES,PDC,17.0,True
1072656,LICANTEN,LICANTEN,LICEO AUGUSTO SANTELICES VALENZUELA,3M,XU.UNIDOS POR LA DIGNIDAD,306. LORETO DEL CARMEN GUAJARDO MUÑOZ,IND,3.0,False
1072657,LICANTEN,LICANTEN,LICEO AUGUSTO SANTELICES VALENZUELA,3M,XU.UNIDOS POR LA DIGNIDAD,307. DELAIDA ROSA PONCE MUÑOZ,IND,1.0,False
1072658,LICANTEN,LICANTEN,LICEO AUGUSTO SANTELICES VALENZUELA,3M,YW.UNIDAD POR EL APRUEBO PS PPD E INDEPENDIENTES,308. CLAUDIO REYES FUENZALIDA,PS,9.0,True
1072659,LICANTEN,LICANTEN,LICEO AUGUSTO SANTELICES VALENZUELA,3M,YW.UNIDAD POR EL APRUEBO PS PPD E INDEPENDIENTES,309. JORGE ENRIQUE CESPEDES ROJAS,PS,2.0,False
1072660,LICANTEN,LICANTEN,LICEO AUGUSTO SANTELICES VALENZUELA,3M,YW.UNIDAD POR EL APRUEBO PS PPD E INDEPENDIENTES,310. VICTOR MANUEL RODRIGUEZ DIAZ,IND,6.0,False
1072661,LICANTEN,LICANTEN,LICEO AUGUSTO SANTELICES VALENZUELA,3M,YW.UNIDAD POR EL APRUEBO PS PPD E INDEPENDIENTES,311. MONICA DEL ROSARIO JOFRE CORREA,IND,2.0,False
1072662,LICANTEN,LICANTEN,LICEO AUGUSTO SANTELICES VALENZUELA,3M,ZG.CHILE VAMOS EVOPOLI - INDEPENDIENTES,312. DIEGO IGNACIO SAAVEDRA RUZ,EVOPOLI,1.0,False
1072663,LICANTEN,LICANTEN,LICEO AUGUSTO SANTELICES VALENZUELA,3M,ZG.CHILE VAMOS EVOPOLI - INDEPENDIENTES,313. PABLO ALEJANDRO GONZALEZ VALENZUELA,IND,7.0,False
1072664,LICANTEN,LICANTEN,LICEO AUGUSTO SANTELICES VALENZUELA,3M,ZG.CHILE VAMOS EVOPOLI - INDEPENDIENTES,314. ORFELINA VERGARA MORALES,IND,6.0,False
1072665,LICANTEN,LICANTEN,LICEO AUGUSTO SANTELICES VALENZUELA,3M,ZG.CHILE VAMOS EVOPOLI - INDEPENDIENTES,315. CRISTIAN ALFREDO CARRASCO CESPEDES,IND,5.0,False
1072666,LICANTEN,LICANTEN,LICEO AUGUSTO SANTELICES VALENZUELA,3M,ZG.CHILE VAMOS EVOPOLI - INDEPENDIENTES,316. ALVARO JAVIER GONZALEZ CORREA,IND,13.0,True
1072667,LICANTEN,LICANTEN,LICEO AUGUSTO SANTELICES VALENZUELA,3M,ZJ.CHILE VAMOS UDI - INDEPENDIENTES,317. HECTOR EXEQUIEL QUIERO PALACIOS,UDI,7.0,False
1072668,LICANTEN,LICANTEN,LICEO AUGUSTO SANTELICES VALENZUELA,3M,ZJ.CHILE VAMOS UDI - INDEPENDIENTES,318. ALVARO CHRISTIAN DONOSO PAVEZ,UDI,21.0,True
1072669,LICANTEN,LICANTEN,LICEO AUGUSTO SANTELICES VALENZUELA,3M,ZJ.CHILE VAMOS UDI - INDEPENDIENTES,319. VICTOR ALEJANDRO ORMAZABAL MORAGA,UDI,9.0,False
1072670,LICANTEN,LICANTEN,LICEO AUGUSTO SANTELICES VALENZUELA,3M,ZU.RADICALES E INDEPENDIENTES,320. VALERIE  COFFIN FUENZALIDA,PR,23.0,True
1072671,LICANTEN,LICANTEN,LICEO AUGUSTO SANTELICES VALENZUELA,3M,ZU.RADICALES E INDEPENDIENTES,321. CARLOS ALEJANDRO CANALES HAFEMANN,PR,2.0,False
1072672,LICANTEN,LICANTEN,LICEO AUGUSTO SANTELICES VALENZUELA,3M,ZU.RADICALES E INDEPENDIENTES,322. CARLOS  GONZALEZ HERNANDEZ,IND,2.0,False
1072673,LICANTEN,LICANTEN,LICEO AUGUSTO SANTELICES VALENZUELA,3M,ZU.RADICALES E INDEPENDIENTES,323. POLA PEREZ CABRERA,IND,0.0,False
1072674,LICANTEN,LICANTEN,LICEO AUGUSTO SANTELICES VALENZUELA,3M,ZU.RADICALES E INDEPENDIENTES,324. CESAR LIZARDO GONZALEZ MARTINEZ,IND,3.0,False
1072675,LICANTEN,LICANTEN,LICEO AUGUSTO SANTELICES VALENZUELA,3M,ZU.RADICALES E INDEPENDIENTES,325. YOLANDA HERNANDEZ PEÑA,IND,2.0,False
1072676,LICANTEN,LICANTEN,LICEO AUGUSTO SANTELICES VALENZUELA,4M,M.CHILE DIGNO VERDE Y SOBERANO,300. JAVIERA CAROLINA HORMAZABAL PEDRERO,PCCH,1.0,False
1072677,LICANTEN,LICANTEN,LICEO AUGUSTO SANTELICES VALENZUELA,4M,XK.CHILE VAMOS RENOVACION NACIONAL - INDEPENDIENTES,301. ARIEL ESPINOZA CERPA,RN,23.0,True
1072678,LICANTEN,LICANTEN,LICEO AUGUSTO SANTELICES VALENZUELA,4M,XK.CHILE VAMOS RENOVACION NACIONAL - INDEPENDIENTES,302. ESTEFANIA NICOLE JARA POZO,IND,7.0,False
1072679,LICANTEN,LICANTEN,LICEO AUGUSTO SANTELICES VALENZUELA,4M,XK.CHILE VAMOS RENOVACION NACIONAL - INDEPENDIENTES,303. CRISTHIAN PIEROLA RUIZ DE GAMBOA,IND,8.0,False
1072680,LICANTEN,LICANTEN,LICEO AUGUSTO SANTELICES VALENZUELA,4M,XO.REPUBLICANOS,304. PABLO ANDRES SILVA JELDRES,REPUBLICA.,0.0,False
1072681,LICANTEN,LICANTEN,LICEO AUGUSTO SANTELICES VALENZUELA,4M,XU.UNIDOS POR LA DIGNIDAD,305. VICTOR HUGO SAAVEDRA BENAVIDES,PDC,19.0,True
1072682,LICANTEN,LICANTEN,LICEO AUGUSTO SANTELICES VALENZUELA,4M,XU.UNIDOS POR LA DIGNIDAD,306. LORETO DEL CARMEN GUAJARDO MUÑOZ,IND,1.0,False
1072683,LICANTEN,LICANTEN,LICEO AUGUSTO SANTELICES VALENZUELA,4M,XU.UNIDOS POR LA DIGNIDAD,307. DELAIDA ROSA PONCE MUÑOZ,IND,1.0,False
1072684,LICANTEN,LICANTEN,LICEO AUGUSTO SANTELICES VALENZUELA,4M,YW.UNIDAD POR EL APRUEBO PS PPD E INDEPENDIENTES,308. CLAUDIO REYES FUENZALIDA,PS,13.0,True
1072685,LICANTEN,LICANTEN,LICEO AUGUSTO SANTELICES VALENZUELA,4M,YW.UNIDAD POR EL APRUEBO PS PPD E INDEPENDIENTES,309. JORGE ENRIQUE CESPEDES ROJAS,PS,1.0,False
1072686,LICANTEN,LICANTEN,LICEO AUGUSTO SANTELICES VALENZUELA,4M,YW.UNIDAD POR EL APRUEBO PS PPD E INDEPENDIENTES,310. VICTOR MANUEL RODRIGUEZ DIAZ,IND,6.0,False
1072687,LICANTEN,LICANTEN,LICEO AUGUSTO SANTELICES VALENZUELA,4M,YW.UNIDAD POR EL APRUEBO PS PPD E INDEPENDIENTES,311. MONICA DEL ROSARIO JOFRE CORREA,IND,2.0,False
1072688,LICANTEN,LICANTEN,LICEO AUGUSTO SANTELICES VALENZUELA,4M,ZG.CHILE VAMOS EVOPOLI - INDEPENDIENTES,312. DIEGO IGNACIO SAAVEDRA RUZ,EVOPOLI,3.0,False
1072689,LICANTEN,LICANTEN,LICEO AUGUSTO SANTELICES VALENZUELA,4M,ZG.CHILE VAMOS EVOPOLI - INDEPENDIENTES,313. PABLO ALEJANDRO GONZALEZ VALENZUELA,IND,2.0,False
1072690,LICANTEN,LICANTEN,LICEO AUGUSTO SANTELICES VALENZUELA,4M,ZG.CHILE VAMOS EVOPOLI - INDEPENDIENTES,314. ORFELINA VERGARA MORALES,IND,8.0,False
1072691,LICANTEN,LICANTEN,LICEO AUGUSTO SANTELICES VALENZUELA,4M,ZG.CHILE VAMOS EVOPOLI - INDEPENDIENTES,315. CRISTIAN ALFREDO CARRASCO CESPEDES,IND,2.0,False
1072692,LICANTEN,LICANTEN,LICEO AUGUSTO SANTELICES VALENZUELA,4M,ZG.CHILE VAMOS EVOPOLI - INDEPENDIENTES,316. ALVARO JAVIER GONZALEZ CORREA,IND,6.0,True
1072693,LICANTEN,LICANTEN,LICEO AUGUSTO SANTELICES VALENZUELA,4M,ZJ.CHILE VAMOS UDI - INDEPENDIENTES,317. HECTOR EXEQUIEL QUIERO PALACIOS,UDI,10.0,False
1072694,LICANTEN,LICANTEN,LICEO AUGUSTO SANTELICES VALENZUELA,4M,ZJ.CHILE VAMOS UDI - INDEPENDIENTES,318. ALVARO CHRISTIAN DONOSO PAVEZ,UDI,22.0,True
1072695,LICANTEN,LICANTEN,LICEO AUGUSTO SANTELICES VALENZUELA,4M,ZJ.CHILE VAMOS UDI - INDEPENDIENTES,319. VICTOR ALEJANDRO ORMAZABAL MORAGA,UDI,5.0,False
1072696,LICANTEN,LICANTEN,LICEO AUGUSTO SANTELICES VALENZUELA,4M,ZU.RADICALES E INDEPENDIENTES,320. VALERIE  COFFIN FUENZALIDA,PR,15.0,True
1072697,LICANTEN,LICANTEN,LICEO AUGUSTO SANTELICES VALENZUELA,4M,ZU.RADICALES E INDEPENDIENTES,321. CARLOS ALEJANDRO CANALES HAFEMANN,PR,4.0,False
1072698,LICANTEN,LICANTEN,LICEO AUGUSTO SANTELICES VALENZUELA,4M,ZU.RADICALES E INDEPENDIENTES,322. CARLOS  GONZALEZ HERNANDEZ,IND,6.0,False
1072699,LICANTEN,LICANTEN,LICEO AUGUSTO SANTELICES VALENZUELA,4M,ZU.RADICALES E INDEPENDIENTES,323. POLA PEREZ CABRERA,IND,0.0,False
1072700,LICANTEN,LICANTEN,LICEO AUGUSTO SANTELICES VALENZUELA,4M,ZU.RADICALES E INDEPENDIENTES,324. CESAR LIZARDO GONZALEZ MARTINEZ,IND,1.0,False
1072701,LICANTEN,LICANTEN,LICEO AUGUSTO SANTELICES VALENZUELA,4M,ZU.RADICALES E INDEPENDIENTES,325. YOLANDA HERNANDEZ PEÑA,IND,3.0,False
1072702,LICANTEN,LICANTEN,LICEO AUGUSTO SANTELICES VALENZUELA,5M,M.CHILE DIGNO VERDE Y SOBERANO,300. JAVIERA CAROLINA HORMAZABAL PEDRERO,PCCH,1.0,False
1072703,LICANTEN,LICANTEN,LICEO AUGUSTO SANTELICES VALENZUELA,5M,XK.CHILE VAMOS RENOVACION NACIONAL - INDEPENDIENTES,301. ARIEL ESPINOZA CERPA,RN,34.0,True
1072704,LICANTEN,LICANTEN,LICEO AUGUSTO SANTELICES VALENZUELA,5M,XK.CHILE VAMOS RENOVACION NACIONAL - INDEPENDIENTES,302. ESTEFANIA NICOLE JARA POZO,IND,7.0,False
1072705,LICANTEN,LICANTEN,LICEO AUGUSTO SANTELICES VALENZUELA,5M,XK.CHILE VAMOS RENOVACION NACIONAL - INDEPENDIENTES,303. CRISTHIAN PIEROLA RUIZ DE GAMBOA,IND,8.0,False
1072706,LICANTEN,LICANTEN,LICEO AUGUSTO SANTELICES VALENZUELA,5M,XO.REPUBLICANOS,304. PABLO ANDRES SILVA JELDRES,REPUBLICA.,0.0,False
1072707,LICANTEN,LICANTEN,LICEO AUGUSTO SANTELICES VALENZUELA,5M,XU.UNIDOS POR LA DIGNIDAD,305. VICTOR HUGO SAAVEDRA BENAVIDES,PDC,15.0,True
1072708,LICANTEN,LICANTEN,LICEO AUGUSTO SANTELICES VALENZUELA,5M,XU.UNIDOS POR LA DIGNIDAD,306. LORETO DEL CARMEN GUAJARDO MUÑOZ,IND,2.0,False
1072709,LICANTEN,LICANTEN,LICEO AUGUSTO SANTELICES VALENZUELA,5M,XU.UNIDOS POR LA DIGNIDAD,307. DELAIDA ROSA PONCE MUÑOZ,IND,3.0,False
1072710,LICANTEN,LICANTEN,LICEO AUGUSTO SANTELICES VALENZUELA,5M,YW.UNIDAD POR EL APRUEBO PS PPD E INDEPENDIENTES,308. CLAUDIO REYES FUENZALIDA,PS,15.0,True
1072711,LICANTEN,LICANTEN,LICEO AUGUSTO SANTELICES VALENZUELA,5M,YW.UNIDAD POR EL APRUEBO PS PPD E INDEPENDIENTES,309. JORGE ENRIQUE CESPEDES ROJAS,PS,4.0,False
1072712,LICANTEN,LICANTEN,LICEO AUGUSTO SANTELICES VALENZUELA,5M,YW.UNIDAD POR EL APRUEBO PS PPD E INDEPENDIENTES,310. VICTOR MANUEL RODRIGUEZ DIAZ,IND,6.0,False
1072713,LICANTEN,LICANTEN,LICEO AUGUSTO SANTELICES VALENZUELA,5M,YW.UNIDAD POR EL APRUEBO PS PPD E INDEPENDIENTES,311. MONICA DEL ROSARIO JOFRE CORREA,IND,3.0,False
1072714,LICANTEN,LICANTEN,LICEO AUGUSTO SANTELICES VALENZUELA,5M,ZG.CHILE VAMOS EVOPOLI - INDEPENDIENTES,312. DIEGO IGNACIO SAAVEDRA RUZ,EVOPOLI,9.0,False
1072715,LICANTEN,LICANTEN,LICEO AUGUSTO SANTELICES VALENZUELA,5M,ZG.CHILE VAMOS EVOPOLI - INDEPENDIENTES,313. PABLO ALEJANDRO GONZALEZ VALENZUELA,IND,5.0,False
1072716,LICANTEN,LICANTEN,LICEO AUGUSTO SANTELICES VALENZUELA,5M,ZG.CHILE VAMOS EVOPOLI - INDEPENDIENTES,314. ORFELINA VERGARA MORALES,IND,7.0,False
1072717,LICANTEN,LICANTEN,LICEO AUGUSTO SANTELICES VALENZUELA,5M,ZG.CHILE VAMOS EVOPOLI - INDEPENDIENTES,315. CRISTIAN ALFREDO CARRASCO CESPEDES,IND,2.0,False
1072718,LICANTEN,LICANTEN,LICEO AUGUSTO SANTELICES VALENZUELA,5M,ZG.CHILE VAMOS EVOPOLI - INDEPENDIENTES,316. ALVARO JAVIER GONZALEZ CORREA,IND,12.0,True
1072719,LICANTEN,LICANTEN,LICEO AUGUSTO SANTELICES VALENZUELA,5M,ZJ.CHILE VAMOS UDI - INDEPENDIENTES,317. HECTOR EXEQUIEL QUIERO PALACIOS,UDI,11.0,False
1072720,LICANTEN,LICANTEN,LICEO AUGUSTO SANTELICES VALENZUELA,5M,ZJ.CHILE VAMOS UDI - INDEPENDIENTES,318. ALVARO CHRISTIAN DONOSO PAVEZ,UDI,21.0,True
1072721,LICANTEN,LICANTEN,LICEO AUGUSTO SANTELICES VALENZUELA,5M,ZJ.CHILE VAMOS UDI - INDEPENDIENTES,319. VICTOR ALEJANDRO ORMAZABAL MORAGA,UDI,5.0,False
1072722,LICANTEN,LICANTEN,LICEO AUGUSTO SANTELICES VALENZUELA,5M,ZU.RADICALES E INDEPENDIENTES,320. VALERIE  COFFIN FUENZALIDA,PR,20.0,True
1072723,LICANTEN,LICANTEN,LICEO AUGUSTO SANTELICES VALENZUELA,5M,ZU.RADICALES E INDEPENDIENTES,321. CARLOS ALEJANDRO CANALES HAFEMANN,PR,6.0,False
1072724,LICANTEN,LICANTEN,LICEO AUGUSTO SANTELICES VALENZUELA,5M,ZU.RADICALES E INDEPENDIENTES,322. CARLOS  GONZALEZ HERNANDEZ,IND,3.0,False
1072725,LICANTEN,LICANTEN,LICEO AUGUSTO SANTELICES VALENZUELA,5M,ZU.RADICALES E INDEPENDIENTES,323. POLA PEREZ CABRERA,IND,0.0,False
1072726,LICANTEN,LICANTEN,LICEO AUGUSTO SANTELICES VALENZUELA,5M,ZU.RADICALES E INDEPENDIENTES,324. CESAR LIZARDO GONZALEZ MARTINEZ,IND,1.0,False
1072727,LICANTEN,LICANTEN,LICEO AUGUSTO SANTELICES VALENZUELA,5M,ZU.RADICALES E INDEPENDIENTES,325. YOLANDA HERNANDEZ PEÑA,IND,5.0,False
1072728,LICANTEN,LICANTEN,LICEO AUGUSTO SANTELICES VALENZUELA,6M,M.CHILE DIGNO VERDE Y SOBERANO,300. JAVIERA CAROLINA HORMAZABAL PEDRERO,PCCH,1.0,False
1072729,LICANTEN,LICANTEN,LICEO AUGUSTO SANTELICES VALENZUELA,6M,XK.CHILE VAMOS RENOVACION NACIONAL - INDEPENDIENTES,301. ARIEL ESPINOZA CERPA,RN,17.0,True
1072730,LICANTEN,LICANTEN,LICEO AUGUSTO SANTELICES VALENZUELA,6M,XK.CHILE VAMOS RENOVACION NACIONAL - INDEPENDIENTES,302. ESTEFANIA NICOLE JARA POZO,IND,3.0,False
1072731,LICANTEN,LICANTEN,LICEO AUGUSTO SANTELICES VALENZUELA,6M,XK.CHILE VAMOS RENOVACION NACIONAL - INDEPENDIENTES,303. CRISTHIAN PIEROLA RUIZ DE GAMBOA,IND,6.0,False
1072732,LICANTEN,LICANTEN,LICEO AUGUSTO SANTELICES VALENZUELA,6M,XO.REPUBLICANOS,304. PABLO ANDRES SILVA JELDRES,REPUBLICA.,1.0,False
1072733,LICANTEN,LICANTEN,LICEO AUGUSTO SANTELICES VALENZUELA,6M,XU.UNIDOS POR LA DIGNIDAD,305. VICTOR HUGO SAAVEDRA BENAVIDES,PDC,13.0,True
1072734,LICANTEN,LICANTEN,LICEO AUGUSTO SANTELICES VALENZUELA,6M,XU.UNIDOS POR LA DIGNIDAD,306. LORETO DEL CARMEN GUAJARDO MUÑOZ,IND,1.0,False
1072735,LICANTEN,LICANTEN,LICEO AUGUSTO SANTELICES VALENZUELA,6M,XU.UNIDOS POR LA DIGNIDAD,307. DELAIDA ROSA PONCE MUÑOZ,IND,1.0,False
1072736,LICANTEN,LICANTEN,LICEO AUGUSTO SANTELICES VALENZUELA,6M,YW.UNIDAD POR EL APRUEBO PS PPD E INDEPENDIENTES,308. CLAUDIO REYES FUENZALIDA,PS,13.0,True
1072737,LICANTEN,LICANTEN,LICEO AUGUSTO SANTELICES VALENZUELA,6M,YW.UNIDAD POR EL APRUEBO PS PPD E INDEPENDIENTES,309. JORGE ENRIQUE CESPEDES ROJAS,PS,1.0,False
1072738,LICANTEN,LICANTEN,LICEO AUGUSTO SANTELICES VALENZUELA,6M,YW.UNIDAD POR EL APRUEBO PS PPD E INDEPENDIENTES,310. VICTOR MANUEL RODRIGUEZ DIAZ,IND,6.0,False
1072739,LICANTEN,LICANTEN,LICEO AUGUSTO SANTELICES VALENZUELA,6M,YW.UNIDAD POR EL APRUEBO PS PPD E INDEPENDIENTES,311. MONICA DEL ROSARIO JOFRE CORREA,IND,0.0,False
1072740,LICANTEN,LICANTEN,LICEO AUGUSTO SANTELICES VALENZUELA,6M,ZG.CHILE VAMOS EVOPOLI - INDEPENDIENTES,312. DIEGO IGNACIO SAAVEDRA RUZ,EVOPOLI,1.0,False
1072741,LICANTEN,LICANTEN,LICEO AUGUSTO SANTELICES VALENZUELA,6M,ZG.CHILE VAMOS EVOPOLI - INDEPENDIENTES,313. PABLO ALEJANDRO GONZALEZ VALENZUELA,IND,3.0,False
1072742,LICANTEN,LICANTEN,LICEO AUGUSTO SANTELICES VALENZUELA,6M,ZG.CHILE VAMOS EVOPOLI - INDEPENDIENTES,314. ORFELINA VERGARA MORALES,IND,8.0,False
1072743,LICANTEN,LICANTEN,LICEO AUGUSTO SANTELICES VALENZUELA,6M,ZG.CHILE VAMOS EVOPOLI - INDEPENDIENTES,315. CRISTIAN ALFREDO CARRASCO CESPEDES,IND,1.0,False
1072744,LICANTEN,LICANTEN,LICEO AUGUSTO SANTELICES VALENZUELA,6M,ZG.CHILE VAMOS EVOPOLI - INDEPENDIENTES,316. ALVARO JAVIER GONZALEZ CORREA,IND,13.0,True
1072745,LICANTEN,LICANTEN,LICEO AUGUSTO SANTELICES VALENZUELA,6M,ZJ.CHILE VAMOS UDI - INDEPENDIENTES,317. HECTOR EXEQUIEL QUIERO PALACIOS,UDI,14.0,False
1072746,LICANTEN,LICANTEN,LICEO AUGUSTO SANTELICES VALENZUELA,6M,ZJ.CHILE VAMOS UDI - INDEPENDIENTES,318. ALVARO CHRISTIAN DONOSO PAVEZ,UDI,14.0,True
1072747,LICANTEN,LICANTEN,LICEO AUGUSTO SANTELICES VALENZUELA,6M,ZJ.CHILE VAMOS UDI - INDEPENDIENTES,319. VICTOR ALEJANDRO ORMAZABAL MORAGA,UDI,8.0,False
1072748,LICANTEN,LICANTEN,LICEO AUGUSTO SANTELICES VALENZUELA,6M,ZU.RADICALES E INDEPENDIENTES,320. VALERIE  COFFIN FUENZALIDA,PR,24.0,True
1072749,LICANTEN,LICANTEN,LICEO AUGUSTO SANTELICES VALENZUELA,6M,ZU.RADICALES E INDEPENDIENTES,321. CARLOS ALEJANDRO CANALES HAFEMANN,PR,10.0,False
1072750,LICANTEN,LICANTEN,LICEO AUGUSTO SANTELICES VALENZUELA,6M,ZU.RADICALES E INDEPENDIENTES,322. CARLOS  GONZALEZ HERNANDEZ,IND,6.0,False
1072751,LICANTEN,LICANTEN,LICEO AUGUSTO SANTELICES VALENZUELA,6M,ZU.RADICALES E INDEPENDIENTES,323. POLA PEREZ CABRERA,IND,2.0,False
1072752,LICANTEN,LICANTEN,LICEO AUGUSTO SANTELICES VALENZUELA,6M,ZU.RADICALES E INDEPENDIENTES,324. CESAR LIZARDO GONZALEZ MARTINEZ,IND,0.0,False
1072753,LICANTEN,LICANTEN,LICEO AUGUSTO SANTELICES VALENZUELA,6M,ZU.RADICALES E INDEPENDIENTES,325. YOLANDA HERNANDEZ PEÑA,IND,2.0,False
1072754,LICANTEN,LICANTEN,LICEO AUGUSTO SANTELICES VALENZUELA,7M,M.CHILE DIGNO VERDE Y SOBERANO,300. JAVIERA CAROLINA HORMAZABAL PEDRERO,PCCH,4.0,False
1072755,LICANTEN,LICANTEN,LICEO AUGUSTO SANTELICES VALENZUELA,7M,XK.CHILE VAMOS RENOVACION NACIONAL - INDEPENDIENTES,301. ARIEL ESPINOZA CERPA,RN,24.0,True
1072756,LICANTEN,LICANTEN,LICEO AUGUSTO SANTELICES VALENZUELA,7M,XK.CHILE VAMOS RENOVACION NACIONAL - INDEPENDIENTES,302. ESTEFANIA NICOLE JARA POZO,IND,7.0,False
1072757,LICANTEN,LICANTEN,LICEO AUGUSTO SANTELICES VALENZUELA,7M,XK.CHILE VAMOS RENOVACION NACIONAL - INDEPENDIENTES,303. CRISTHIAN PIEROLA RUIZ DE GAMBOA,IND,4.0,False
1072758,LICANTEN,LICANTEN,LICEO AUGUSTO SANTELICES VALENZUELA,7M,XO.REPUBLICANOS,304. PABLO ANDRES SILVA JELDRES,REPUBLICA.,1.0,False
1072759,LICANTEN,LICANTEN,LICEO AUGUSTO SANTELICES VALENZUELA,7M,XU.UNIDOS POR LA DIGNIDAD,305. VICTOR HUGO SAAVEDRA BENAVIDES,PDC,19.0,True
1072760,LICANTEN,LICANTEN,LICEO AUGUSTO SANTELICES VALENZUELA,7M,XU.UNIDOS POR LA DIGNIDAD,306. LORETO DEL CARMEN GUAJARDO MUÑOZ,IND,2.0,False
1072761,LICANTEN,LICANTEN,LICEO AUGUSTO SANTELICES VALENZUELA,7M,XU.UNIDOS POR LA DIGNIDAD,307. DELAIDA ROSA PONCE MUÑOZ,IND,3.0,False
1072762,LICANTEN,LICANTEN,LICEO AUGUSTO SANTELICES VALENZUELA,7M,YW.UNIDAD POR EL APRUEBO PS PPD E INDEPENDIENTES,308. CLAUDIO REYES FUENZALIDA,PS,23.0,True
1072763,LICANTEN,LICANTEN,LICEO AUGUSTO SANTELICES VALENZUELA,7M,YW.UNIDAD POR EL APRUEBO PS PPD E INDEPENDIENTES,309. JORGE ENRIQUE CESPEDES ROJAS,PS,3.0,False
1072764,LICANTEN,LICANTEN,LICEO AUGUSTO SANTELICES VALENZUELA,7M,YW.UNIDAD POR EL APRUEBO PS PPD E INDEPENDIENTES,310. VICTOR MANUEL RODRIGUEZ DIAZ,IND,1.0,False
1072765,LICANTEN,LICANTEN,LICEO AUGUSTO SANTELICES VALENZUELA,7M,YW.UNIDAD POR EL APRUEBO PS PPD E INDEPENDIENTES,311. MONICA DEL ROSARIO JOFRE CORREA,IND,1.0,False
1072766,LICANTEN,LICANTEN,LICEO AUGUSTO SANTELICES VALENZUELA,7M,ZG.CHILE VAMOS EVOPOLI - INDEPENDIENTES,312. DIEGO IGNACIO SAAVEDRA RUZ,EVOPOLI,5.0,False
1072767,LICANTEN,LICANTEN,LICEO AUGUSTO SANTELICES VALENZUELA,7M,ZG.CHILE VAMOS EVOPOLI - INDEPENDIENTES,313. PABLO ALEJANDRO GONZALEZ VALENZUELA,IND,2.0,False
1072768,LICANTEN,LICANTEN,LICEO AUGUSTO SANTELICES VALENZUELA,7M,ZG.CHILE VAMOS EVOPOLI - INDEPENDIENTES,314. ORFELINA VERGARA MORALES,IND,14.0,False
1072769,LICANTEN,LICANTEN,LICEO AUGUSTO SANTELICES VALENZUELA,7M,ZG.CHILE VAMOS EVOPOLI - INDEPENDIENTES,315. CRISTIAN ALFREDO CARRASCO CESPEDES,IND,1.0,False
1072770,LICANTEN,LICANTEN,LICEO AUGUSTO SANTELICES VALENZUELA,7M,ZG.CHILE VAMOS EVOPOLI - INDEPENDIENTES,316. ALVARO JAVIER GONZALEZ CORREA,IND,10.0,True
1072771,LICANTEN,LICANTEN,LICEO AUGUSTO SANTELICES VALENZUELA,7M,ZJ.CHILE VAMOS UDI - INDEPENDIENTES,317. HECTOR EXEQUIEL QUIERO PALACIOS,UDI,7.0,False
1072772,LICANTEN,LICANTEN,LICEO AUGUSTO SANTELICES VALENZUELA,7M,ZJ.CHILE VAMOS UDI - INDEPENDIENTES,318. ALVARO CHRISTIAN DONOSO PAVEZ,UDI,20.0,True
1072773,LICANTEN,LICANTEN,LICEO AUGUSTO SANTELICES VALENZUELA,7M,ZJ.CHILE VAMOS UDI - INDEPENDIENTES,319. VICTOR ALEJANDRO ORMAZABAL MORAGA,UDI,10.0,False
1072774,LICANTEN,LICANTEN,LICEO AUGUSTO SANTELICES VALENZUELA,7M,ZU.RADICALES E INDEPENDIENTES,320. VALERIE  COFFIN FUENZALIDA,PR,25.0,True
1072775,LICANTEN,LICANTEN,LICEO AUGUSTO SANTELICES VALENZUELA,7M,ZU.RADICALES E INDEPENDIENTES,321. CARLOS ALEJANDRO CANALES HAFEMANN,PR,6.0,False
1072776,LICANTEN,LICANTEN,LICEO AUGUSTO SANTELICES VALENZUELA,7M,ZU.RADICALES E INDEPENDIENTES,322. CARLOS  GONZALEZ HERNANDEZ,IND,3.0,False
1072777,LICANTEN,LICANTEN,LICEO AUGUSTO SANTELICES VALENZUELA,7M,ZU.RADICALES E INDEPENDIENTES,323. POLA PEREZ CABRERA,IND,1.0,False
1072778,LICANTEN,LICANTEN,LICEO AUGUSTO SANTELICES VALENZUELA,7M,ZU.RADICALES E INDEPENDIENTES,324. CESAR LIZARDO GONZALEZ MARTINEZ,IND,1.0,False
1072779,LICANTEN,LICANTEN,LICEO AUGUSTO SANTELICES VALENZUELA,7M,ZU.RADICALES E INDEPENDIENTES,325. YOLANDA HERNANDEZ PEÑA,IND,6.0,False
1072780,LICANTEN,LICANTEN,LICEO AUGUSTO SANTELICES VALENZUELA,8M,M.CHILE DIGNO VERDE Y SOBERANO,300. JAVIERA CAROLINA HORMAZABAL PEDRERO,PCCH,2.0,False
1072781,LICANTEN,LICANTEN,LICEO AUGUSTO SANTELICES VALENZUELA,8M,XK.CHILE VAMOS RENOVACION NACIONAL - INDEPENDIENTES,301. ARIEL ESPINOZA CERPA,RN,35.0,True
1072782,LICANTEN,LICANTEN,LICEO AUGUSTO SANTELICES VALENZUELA,8M,XK.CHILE VAMOS RENOVACION NACIONAL - INDEPENDIENTES,302. ESTEFANIA NICOLE JARA POZO,IND,3.0,False
1072783,LICANTEN,LICANTEN,LICEO AUGUSTO SANTELICES VALENZUELA,8M,XK.CHILE VAMOS RENOVACION NACIONAL - INDEPENDIENTES,303. CRISTHIAN PIEROLA RUIZ DE GAMBOA,IND,6.0,False
1072784,LICANTEN,LICANTEN,LICEO AUGUSTO SANTELICES VALENZUELA,8M,XO.REPUBLICANOS,304. PABLO ANDRES SILVA JELDRES,REPUBLICA.,0.0,False
1072785,LICANTEN,LICANTEN,LICEO AUGUSTO SANTELICES VALENZUELA,8M,XU.UNIDOS POR LA DIGNIDAD,305. VICTOR HUGO SAAVEDRA BENAVIDES,PDC,16.0,True
1072786,LICANTEN,LICANTEN,LICEO AUGUSTO SANTELICES VALENZUELA,8M,XU.UNIDOS POR LA DIGNIDAD,306. LORETO DEL CARMEN GUAJARDO MUÑOZ,IND,1.0,False
1072787,LICANTEN,LICANTEN,LICEO AUGUSTO SANTELICES VALENZUELA,8M,XU.UNIDOS POR LA DIGNIDAD,307. DELAIDA ROSA PONCE MUÑOZ,IND,1.0,False
1072788,LICANTEN,LICANTEN,LICEO AUGUSTO SANTELICES VALENZUELA,8M,YW.UNIDAD POR EL APRUEBO PS PPD E INDEPENDIENTES,308. CLAUDIO REYES FUENZALIDA,PS,15.0,True
1072789,LICANTEN,LICANTEN,LICEO AUGUSTO SANTELICES VALENZUELA,8M,YW.UNIDAD POR EL APRUEBO PS PPD E INDEPENDIENTES,309. JORGE ENRIQUE CESPEDES ROJAS,PS,1.0,False
1072790,LICANTEN,LICANTEN,LICEO AUGUSTO SANTELICES VALENZUELA,8M,YW.UNIDAD POR EL APRUEBO PS PPD E INDEPENDIENTES,310. VICTOR MANUEL RODRIGUEZ DIAZ,IND,6.0,False
1072791,LICANTEN,LICANTEN,LICEO AUGUSTO SANTELICES VALENZUELA,8M,YW.UNIDAD POR EL APRUEBO PS PPD E INDEPENDIENTES,311. MONICA DEL ROSARIO JOFRE CORREA,IND,1.0,False
1072792,LICANTEN,LICANTEN,LICEO AUGUSTO SANTELICES VALENZUELA,8M,ZG.CHILE VAMOS EVOPOLI - INDEPENDIENTES,312. DIEGO IGNACIO SAAVEDRA RUZ,EVOPOLI,2.0,False
1072793,LICANTEN,LICANTEN,LICEO AUGUSTO SANTELICES VALENZUELA,8M,ZG.CHILE VAMOS EVOPOLI - INDEPENDIENTES,313. PABLO ALEJANDRO GONZALEZ VALENZUELA,IND,7.0,False
1072794,LICANTEN,LICANTEN,LICEO AUGUSTO SANTELICES VALENZUELA,8M,ZG.CHILE VAMOS EVOPOLI - INDEPENDIENTES,314. ORFELINA VERGARA MORALES,IND,11.0,False
1072795,LICANTEN,LICANTEN,LICEO AUGUSTO SANTELICES VALENZUELA,8M,ZG.CHILE VAMOS EVOPOLI - INDEPENDIENTES,315. CRISTIAN ALFREDO CARRASCO CESPEDES,IND,0.0,False
1072796,LICANTEN,LICANTEN,LICEO AUGUSTO SANTELICES VALENZUELA,8M,ZG.CHILE VAMOS EVOPOLI - INDEPENDIENTES,316. ALVARO JAVIER GONZALEZ CORREA,IND,14.0,True
1072797,LICANTEN,LICANTEN,LICEO AUGUSTO SANTELICES VALENZUELA,8M,ZJ.CHILE VAMOS UDI - INDEPENDIENTES,317. HECTOR EXEQUIEL QUIERO PALACIOS,UDI,10.0,False
1072798,LICANTEN,LICANTEN,LICEO AUGUSTO SANTELICES VALENZUELA,8M,ZJ.CHILE VAMOS UDI - INDEPENDIENTES,318. ALVARO CHRISTIAN DONOSO PAVEZ,UDI,19.0,True
1072799,LICANTEN,LICANTEN,LICEO AUGUSTO SANTELICES VALENZUELA,8M,ZJ.CHILE VAMOS UDI - INDEPENDIENTES,319. VICTOR ALEJANDRO ORMAZABAL MORAGA,UDI,6.0,False
1072800,LICANTEN,LICANTEN,LICEO AUGUSTO SANTELICES VALENZUELA,8M,ZU.RADICALES E INDEPENDIENTES,320. VALERIE  COFFIN FUENZALIDA,PR,26.0,True
1072801,LICANTEN,LICANTEN,LICEO AUGUSTO SANTELICES VALENZUELA,8M,ZU.RADICALES E INDEPENDIENTES,321. CARLOS ALEJANDRO CANALES HAFEMANN,PR,6.0,False
1072802,LICANTEN,LICANTEN,LICEO AUGUSTO SANTELICES VALENZUELA,8M,ZU.RADICALES E INDEPENDIENTES,322. CARLOS  GONZALEZ HERNANDEZ,IND,2.0,False
1072803,LICANTEN,LICANTEN,LICEO AUGUSTO SANTELICES VALENZUELA,8M,ZU.RADICALES E INDEPENDIENTES,323. POLA PEREZ CABRERA,IND,2.0,False
1072804,LICANTEN,LICANTEN,LICEO AUGUSTO SANTELICES VALENZUELA,8M,ZU.RADICALES E INDEPENDIENTES,324. CESAR LIZARDO GONZALEZ MARTINEZ,IND,0.0,False
1072805,LICANTEN,LICANTEN,LICEO AUGUSTO SANTELICES VALENZUELA,8M,ZU.RADICALES E INDEPENDIENTES,325. YOLANDA HERNANDEZ PEÑA,IND,4.0,False
1072806,LICANTEN,LICANTEN,LICEO AUGUSTO SANTELICES VALENZUELA,9M,M.CHILE DIGNO VERDE Y SOBERANO,300. JAVIERA CAROLINA HORMAZABAL PEDRERO,PCCH,4.0,False
1072807,LICANTEN,LICANTEN,LICEO AUGUSTO SANTELICES VALENZUELA,9M,XK.CHILE VAMOS RENOVACION NACIONAL - INDEPENDIENTES,301. ARIEL ESPINOZA CERPA,RN,23.0,True
1072808,LICANTEN,LICANTEN,LICEO AUGUSTO SANTELICES VALENZUELA,9M,XK.CHILE VAMOS RENOVACION NACIONAL - INDEPENDIENTES,302. ESTEFANIA NICOLE JARA POZO,IND,4.0,False
1072809,LICANTEN,LICANTEN,LICEO AUGUSTO SANTELICES VALENZUELA,9M,XK.CHILE VAMOS RENOVACION NACIONAL - INDEPENDIENTES,303. CRISTHIAN PIEROLA RUIZ DE GAMBOA,IND,9.0,False
1072810,LICANTEN,LICANTEN,LICEO AUGUSTO SANTELICES VALENZUELA,9M,XO.REPUBLICANOS,304. PABLO ANDRES SILVA JELDRES,REPUBLICA.,1.0,False
1072811,LICANTEN,LICANTEN,LICEO AUGUSTO SANTELICES VALENZUELA,9M,XU.UNIDOS POR LA DIGNIDAD,305. VICTOR HUGO SAAVEDRA BENAVIDES,PDC,17.0,True
1072812,LICANTEN,LICANTEN,LICEO AUGUSTO SANTELICES VALENZUELA,9M,XU.UNIDOS POR LA DIGNIDAD,306. LORETO DEL CARMEN GUAJARDO MUÑOZ,IND,5.0,False
1072813,LICANTEN,LICANTEN,LICEO AUGUSTO SANTELICES VALENZUELA,9M,XU.UNIDOS POR LA DIGNIDAD,307. DELAIDA ROSA PONCE MUÑOZ,IND,1.0,False
1072814,LICANTEN,LICANTEN,LICEO AUGUSTO SANTELICES VALENZUELA,9M,YW.UNIDAD POR EL APRUEBO PS PPD E INDEPENDIENTES,308. CLAUDIO REYES FUENZALIDA,PS,16.0,True
1072815,LICANTEN,LICANTEN,LICEO AUGUSTO SANTELICES VALENZUELA,9M,YW.UNIDAD POR EL APRUEBO PS PPD E INDEPENDIENTES,309. JORGE ENRIQUE CESPEDES ROJAS,PS,1.0,False
1072816,LICANTEN,LICANTEN,LICEO AUGUSTO SANTELICES VALENZUELA,9M,YW.UNIDAD POR EL APRUEBO PS PPD E INDEPENDIENTES,310. VICTOR MANUEL RODRIGUEZ DIAZ,IND,9.0,False
1072817,LICANTEN,LICANTEN,LICEO AUGUSTO SANTELICES VALENZUELA,9M,YW.UNIDAD POR EL APRUEBO PS PPD E INDEPENDIENTES,311. MONICA DEL ROSARIO JOFRE CORREA,IND,1.0,False
1072818,LICANTEN,LICANTEN,LICEO AUGUSTO SANTELICES VALENZUELA,9M,ZG.CHILE VAMOS EVOPOLI - INDEPENDIENTES,312. DIEGO IGNACIO SAAVEDRA RUZ,EVOPOLI,4.0,False
1072819,LICANTEN,LICANTEN,LICEO AUGUSTO SANTELICES VALENZUELA,9M,ZG.CHILE VAMOS EVOPOLI - INDEPENDIENTES,313. PABLO ALEJANDRO GONZALEZ VALENZUELA,IND,1.0,False
1072820,LICANTEN,LICANTEN,LICEO AUGUSTO SANTELICES VALENZUELA,9M,ZG.CHILE VAMOS EVOPOLI - INDEPENDIENTES,314. ORFELINA VERGARA MORALES,IND,4.0,False
1072821,LICANTEN,LICANTEN,LICEO AUGUSTO SANTELICES VALENZUELA,9M,ZG.CHILE VAMOS EVOPOLI - INDEPENDIENTES,315. CRISTIAN ALFREDO CARRASCO CESPEDES,IND,4.0,False
1072822,LICANTEN,LICANTEN,LICEO AUGUSTO SANTELICES VALENZUELA,9M,ZG.CHILE VAMOS EVOPOLI - INDEPENDIENTES,316. ALVARO JAVIER GONZALEZ CORREA,IND,8.0,True
1072823,LICANTEN,LICANTEN,LICEO AUGUSTO SANTELICES VALENZUELA,9M,ZJ.CHILE VAMOS UDI - INDEPENDIENTES,317. HECTOR EXEQUIEL QUIERO PALACIOS,UDI,12.0,False
1072824,LICANTEN,LICANTEN,LICEO AUGUSTO SANTELICES VALENZUELA,9M,ZJ.CHILE VAMOS UDI - INDEPENDIENTES,318. ALVARO CHRISTIAN DONOSO PAVEZ,UDI,10.0,True
1072825,LICANTEN,LICANTEN,LICEO AUGUSTO SANTELICES VALENZUELA,9M,ZJ.CHILE VAMOS UDI - INDEPENDIENTES,319. VICTOR ALEJANDRO ORMAZABAL MORAGA,UDI,9.0,False
1072826,LICANTEN,LICANTEN,LICEO AUGUSTO SANTELICES VALENZUELA,9M,ZU.RADICALES E INDEPENDIENTES,320. VALERIE  COFFIN FUENZALIDA,PR,20.0,True
1072827,LICANTEN,LICANTEN,LICEO AUGUSTO SANTELICES VALENZUELA,9M,ZU.RADICALES E INDEPENDIENTES,321. CARLOS ALEJANDRO CANALES HAFEMANN,PR,2.0,False
1072828,LICANTEN,LICANTEN,LICEO AUGUSTO SANTELICES VALENZUELA,9M,ZU.RADICALES E INDEPENDIENTES,322. CARLOS  GONZALEZ HERNANDEZ,IND,4.0,False
1072829,LICANTEN,LICANTEN,LICEO AUGUSTO SANTELICES VALENZUELA,9M,ZU.RADICALES E INDEPENDIENTES,323. POLA PEREZ CABRERA,IND,1.0,False
1072830,LICANTEN,LICANTEN,LICEO AUGUSTO SANTELICES VALENZUELA,9M,ZU.RADICALES E INDEPENDIENTES,324. CESAR LIZARDO GONZALEZ MARTINEZ,IND,0.0,False
1072831,LICANTEN,LICANTEN,LICEO AUGUSTO SANTELICES VALENZUELA,9M,ZU.RADICALES E INDEPENDIENTES,325. YOLANDA HERNANDEZ PEÑA,IND,4.0,False
1072832,LICANTEN,LICANTEN,LICEO AUGUSTO SANTELICES VALENZUELA,1V,M.CHILE DIGNO VERDE Y SOBERANO,300. JAVIERA CAROLINA HORMAZABAL PEDRERO,PCCH,1.0,False
1072833,LICANTEN,LICANTEN,LICEO AUGUSTO SANTELICES VALENZUELA,1V,XK.CHILE VAMOS RENOVACION NACIONAL - INDEPENDIENTES,301. ARIEL ESPINOZA CERPA,RN,14.0,True
1072834,LICANTEN,LICANTEN,LICEO AUGUSTO SANTELICES VALENZUELA,1V,XK.CHILE VAMOS RENOVACION NACIONAL - INDEPENDIENTES,302. ESTEFANIA NICOLE JARA POZO,IND,4.0,False
1072835,LICANTEN,LICANTEN,LICEO AUGUSTO SANTELICES VALENZUELA,1V,XK.CHILE VAMOS RENOVACION NACIONAL - INDEPENDIENTES,303. CRISTHIAN PIEROLA RUIZ DE GAMBOA,IND,4.0,False
1072836,LICANTEN,LICANTEN,LICEO AUGUSTO SANTELICES VALENZUELA,1V,XO.REPUBLICANOS,304. PABLO ANDRES SILVA JELDRES,REPUBLICA.,0.0,False
1072837,LICANTEN,LICANTEN,LICEO AUGUSTO SANTELICES VALENZUELA,1V,XU.UNIDOS POR LA DIGNIDAD,305. VICTOR HUGO SAAVEDRA BENAVIDES,PDC,14.0,True
1072838,LICANTEN,LICANTEN,LICEO AUGUSTO SANTELICES VALENZUELA,1V,XU.UNIDOS POR LA DIGNIDAD,306. LORETO DEL CARMEN GUAJARDO MUÑOZ,IND,4.0,False
1072839,LICANTEN,LICANTEN,LICEO AUGUSTO SANTELICES VALENZUELA,1V,XU.UNIDOS POR LA DIGNIDAD,307. DELAIDA ROSA PONCE MUÑOZ,IND,1.0,False
1072840,LICANTEN,LICANTEN,LICEO AUGUSTO SANTELICES VALENZUELA,1V,YW.UNIDAD POR EL APRUEBO PS PPD E INDEPENDIENTES,308. CLAUDIO REYES FUENZALIDA,PS,21.0,True
1072841,LICANTEN,LICANTEN,LICEO AUGUSTO SANTELICES VALENZUELA,1V,YW.UNIDAD POR EL APRUEBO PS PPD E INDEPENDIENTES,309. JORGE ENRIQUE CESPEDES ROJAS,PS,0.0,False
1072842,LICANTEN,LICANTEN,LICEO AUGUSTO SANTELICES VALENZUELA,1V,YW.UNIDAD POR EL APRUEBO PS PPD E INDEPENDIENTES,310. VICTOR MANUEL RODRIGUEZ DIAZ,IND,3.0,False
1072843,LICANTEN,LICANTEN,LICEO AUGUSTO SANTELICES VALENZUELA,1V,YW.UNIDAD POR EL APRUEBO PS PPD E INDEPENDIENTES,311. MONICA DEL ROSARIO JOFRE CORREA,IND,0.0,False
1072844,LICANTEN,LICANTEN,LICEO AUGUSTO SANTELICES VALENZUELA,1V,ZG.CHILE VAMOS EVOPOLI - INDEPENDIENTES,312. DIEGO IGNACIO SAAVEDRA RUZ,EVOPOLI,4.0,False
1072845,LICANTEN,LICANTEN,LICEO AUGUSTO SANTELICES VALENZUELA,1V,ZG.CHILE VAMOS EVOPOLI - INDEPENDIENTES,313. PABLO ALEJANDRO GONZALEZ VALENZUELA,IND,5.0,False
1072846,LICANTEN,LICANTEN,LICEO AUGUSTO SANTELICES VALENZUELA,1V,ZG.CHILE VAMOS EVOPOLI - INDEPENDIENTES,314. ORFELINA VERGARA MORALES,IND,2.0,False
1072847,LICANTEN,LICANTEN,LICEO AUGUSTO SANTELICES VALENZUELA,1V,ZG.CHILE VAMOS EVOPOLI - INDEPENDIENTES,315. CRISTIAN ALFREDO CARRASCO CESPEDES,IND,7.0,False
1072848,LICANTEN,LICANTEN,LICEO AUGUSTO SANTELICES VALENZUELA,1V,ZG.CHILE VAMOS EVOPOLI - INDEPENDIENTES,316. ALVARO JAVIER GONZALEZ CORREA,IND,6.0,True
1072849,LICANTEN,LICANTEN,LICEO AUGUSTO SANTELICES VALENZUELA,1V,ZJ.CHILE VAMOS UDI - INDEPENDIENTES,317. HECTOR EXEQUIEL QUIERO PALACIOS,UDI,6.0,False
1072850,LICANTEN,LICANTEN,LICEO AUGUSTO SANTELICES VALENZUELA,1V,ZJ.CHILE VAMOS UDI - INDEPENDIENTES,318. ALVARO CHRISTIAN DONOSO PAVEZ,UDI,21.0,True
1072851,LICANTEN,LICANTEN,LICEO AUGUSTO SANTELICES VALENZUELA,1V,ZJ.CHILE VAMOS UDI - INDEPENDIENTES,319. VICTOR ALEJANDRO ORMAZABAL MORAGA,UDI,4.0,False
1072852,LICANTEN,LICANTEN,LICEO AUGUSTO SANTELICES VALENZUELA,1V,ZU.RADICALES E INDEPENDIENTES,320. VALERIE  COFFIN FUENZALIDA,PR,15.0,True
1072853,LICANTEN,LICANTEN,LICEO AUGUSTO SANTELICES VALENZUELA,1V,ZU.RADICALES E INDEPENDIENTES,321. CARLOS ALEJANDRO CANALES HAFEMANN,PR,5.0,False
1072854,LICANTEN,LICANTEN,LICEO AUGUSTO SANTELICES VALENZUELA,1V,ZU.RADICALES E INDEPENDIENTES,322. CARLOS  GONZALEZ HERNANDEZ,IND,3.0,False
1072855,LICANTEN,LICANTEN,LICEO AUGUSTO SANTELICES VALENZUELA,1V,ZU.RADICALES E INDEPENDIENTES,323. POLA PEREZ CABRERA,IND,1.0,False
1072856,LICANTEN,LICANTEN,LICEO AUGUSTO SANTELICES VALENZUELA,1V,ZU.RADICALES E INDEPENDIENTES,324. CESAR LIZARDO GONZALEZ MARTINEZ,IND,1.0,False
1072857,LICANTEN,LICANTEN,LICEO AUGUSTO SANTELICES VALENZUELA,1V,ZU.RADICALES E INDEPENDIENTES,325. YOLANDA HERNANDEZ PEÑA,IND,4.0,False
1072858,LICANTEN,LICANTEN,LICEO AUGUSTO SANTELICES VALENZUELA,2V,M.CHILE DIGNO VERDE Y SOBERANO,300. JAVIERA CAROLINA HORMAZABAL PEDRERO,PCCH,3.0,False
1072859,LICANTEN,LICANTEN,LICEO AUGUSTO SANTELICES VALENZUELA,2V,XK.CHILE VAMOS RENOVACION NACIONAL - INDEPENDIENTES,301. ARIEL ESPINOZA CERPA,RN,22.0,True
1072860,LICANTEN,LICANTEN,LICEO AUGUSTO SANTELICES VALENZUELA,2V,XK.CHILE VAMOS RENOVACION NACIONAL - INDEPENDIENTES,302. ESTEFANIA NICOLE JARA POZO,IND,8.0,False
1072861,LICANTEN,LICANTEN,LICEO AUGUSTO SANTELICES VALENZUELA,2V,XK.CHILE VAMOS RENOVACION NACIONAL - INDEPENDIENTES,303. CRISTHIAN PIEROLA RUIZ DE GAMBOA,IND,6.0,False
1072862,LICANTEN,LICANTEN,LICEO AUGUSTO SANTELICES VALENZUELA,2V,XO.REPUBLICANOS,304. PABLO ANDRES SILVA JELDRES,REPUBLICA.,0.0,False
1072863,LICANTEN,LICANTEN,LICEO AUGUSTO SANTELICES VALENZUELA,2V,XU.UNIDOS POR LA DIGNIDAD,305. VICTOR HUGO SAAVEDRA BENAVIDES,PDC,10.0,True
1072864,LICANTEN,LICANTEN,LICEO AUGUSTO SANTELICES VALENZUELA,2V,XU.UNIDOS POR LA DIGNIDAD,306. LORETO DEL CARMEN GUAJARDO MUÑOZ,IND,2.0,False
1072865,LICANTEN,LICANTEN,LICEO AUGUSTO SANTELICES VALENZUELA,2V,XU.UNIDOS POR LA DIGNIDAD,307. DELAIDA ROSA PONCE MUÑOZ,IND,0.0,False
1072866,LICANTEN,LICANTEN,LICEO AUGUSTO SANTELICES VALENZUELA,2V,YW.UNIDAD POR EL APRUEBO PS PPD E INDEPENDIENTES,308. CLAUDIO REYES FUENZALIDA,PS,17.0,True
1072867,LICANTEN,LICANTEN,LICEO AUGUSTO SANTELICES VALENZUELA,2V,YW.UNIDAD POR EL APRUEBO PS PPD E INDEPENDIENTES,309. JORGE ENRIQUE CESPEDES ROJAS,PS,2.0,False
1072868,LICANTEN,LICANTEN,LICEO AUGUSTO SANTELICES VALENZUELA,2V,YW.UNIDAD POR EL APRUEBO PS PPD E INDEPENDIENTES,310. VICTOR MANUEL RODRIGUEZ DIAZ,IND,3.0,False
1072869,LICANTEN,LICANTEN,LICEO AUGUSTO SANTELICES VALENZUELA,2V,YW.UNIDAD POR EL APRUEBO PS PPD E INDEPENDIENTES,311. MONICA DEL ROSARIO JOFRE CORREA,IND,2.0,False
1072870,LICANTEN,LICANTEN,LICEO AUGUSTO SANTELICES VALENZUELA,2V,ZG.CHILE VAMOS EVOPOLI - INDEPENDIENTES,312. DIEGO IGNACIO SAAVEDRA RUZ,EVOPOLI,5.0,False
1072871,LICANTEN,LICANTEN,LICEO AUGUSTO SANTELICES VALENZUELA,2V,ZG.CHILE VAMOS EVOPOLI - INDEPENDIENTES,313. PABLO ALEJANDRO GONZALEZ VALENZUELA,IND,1.0,False
1072872,LICANTEN,LICANTEN,LICEO AUGUSTO SANTELICES VALENZUELA,2V,ZG.CHILE VAMOS EVOPOLI - INDEPENDIENTES,314. ORFELINA VERGARA MORALES,IND,3.0,False
1072873,LICANTEN,LICANTEN,LICEO AUGUSTO SANTELICES VALENZUELA,2V,ZG.CHILE VAMOS EVOPOLI - INDEPENDIENTES,315. CRISTIAN ALFREDO CARRASCO CESPEDES,IND,1.0,False
1072874,LICANTEN,LICANTEN,LICEO AUGUSTO SANTELICES VALENZUELA,2V,ZG.CHILE VAMOS EVOPOLI - INDEPENDIENTES,316. ALVARO JAVIER GONZALEZ CORREA,IND,14.0,True
1072875,LICANTEN,LICANTEN,LICEO AUGUSTO SANTELICES VALENZUELA,2V,ZJ.CHILE VAMOS UDI - INDEPENDIENTES,317. HECTOR EXEQUIEL QUIERO PALACIOS,UDI,11.0,False
1072876,LICANTEN,LICANTEN,LICEO AUGUSTO SANTELICES VALENZUELA,2V,ZJ.CHILE VAMOS UDI - INDEPENDIENTES,318. ALVARO CHRISTIAN DONOSO PAVEZ,UDI,30.0,True
1072877,LICANTEN,LICANTEN,LICEO AUGUSTO SANTELICES VALENZUELA,2V,ZJ.CHILE VAMOS UDI - INDEPENDIENTES,319. VICTOR ALEJANDRO ORMAZABAL MORAGA,UDI,3.0,False
1072878,LICANTEN,LICANTEN,LICEO AUGUSTO SANTELICES VALENZUELA,2V,ZU.RADICALES E INDEPENDIENTES,320. VALERIE  COFFIN FUENZALIDA,PR,16.0,True
1072879,LICANTEN,LICANTEN,LICEO AUGUSTO SANTELICES VALENZUELA,2V,ZU.RADICALES E INDEPENDIENTES,321. CARLOS ALEJANDRO CANALES HAFEMANN,PR,4.0,False
1072880,LICANTEN,LICANTEN,LICEO AUGUSTO SANTELICES VALENZUELA,2V,ZU.RADICALES E INDEPENDIENTES,322. CARLOS  GONZALEZ HERNANDEZ,IND,2.0,False
1072881,LICANTEN,LICANTEN,LICEO AUGUSTO SANTELICES VALENZUELA,2V,ZU.RADICALES E INDEPENDIENTES,323. POLA PEREZ CABRERA,IND,1.0,False
1072882,LICANTEN,LICANTEN,LICEO AUGUSTO SANTELICES VALENZUELA,2V,ZU.RADICALES E INDEPENDIENTES,324. CESAR LIZARDO GONZALEZ MARTINEZ,IND,3.0,False
1072883,LICANTEN,LICANTEN,LICEO AUGUSTO SANTELICES VALENZUELA,2V,ZU.RADICALES E INDEPENDIENTES,325. YOLANDA HERNANDEZ PEÑA,IND,10.0,False
1072884,LICANTEN,LICANTEN,LICEO AUGUSTO SANTELICES VALENZUELA,3V,M.CHILE DIGNO VERDE Y SOBERANO,300. JAVIERA CAROLINA HORMAZABAL PEDRERO,PCCH,0.0,False
1072885,LICANTEN,LICANTEN,LICEO AUGUSTO SANTELICES VALENZUELA,3V,XK.CHILE VAMOS RENOVACION NACIONAL - INDEPENDIENTES,301. ARIEL ESPINOZA CERPA,RN,15.0,True
1072886,LICANTEN,LICANTEN,LICEO AUGUSTO SANTELICES VALENZUELA,3V,XK.CHILE VAMOS RENOVACION NACIONAL - INDEPENDIENTES,302. ESTEFANIA NICOLE JARA POZO,IND,1.0,False
1072887,LICANTEN,LICANTEN,LICEO AUGUSTO SANTELICES VALENZUELA,3V,XK.CHILE VAMOS RENOVACION NACIONAL - INDEPENDIENTES,303. CRISTHIAN PIEROLA RUIZ DE GAMBOA,IND,5.0,False
1072888,LICANTEN,LICANTEN,LICEO AUGUSTO SANTELICES VALENZUELA,3V,XO.REPUBLICANOS,304. PABLO ANDRES SILVA JELDRES,REPUBLICA.,0.0,False
1072889,LICANTEN,LICANTEN,LICEO AUGUSTO SANTELICES VALENZUELA,3V,XU.UNIDOS POR LA DIGNIDAD,305. VICTOR HUGO SAAVEDRA BENAVIDES,PDC,18.0,True
1072890,LICANTEN,LICANTEN,LICEO AUGUSTO SANTELICES VALENZUELA,3V,XU.UNIDOS POR LA DIGNIDAD,306. LORETO DEL CARMEN GUAJARDO MUÑOZ,IND,3.0,False
1072891,LICANTEN,LICANTEN,LICEO AUGUSTO SANTELICES VALENZUELA,3V,XU.UNIDOS POR LA DIGNIDAD,307. DELAIDA ROSA PONCE MUÑOZ,IND,0.0,False
1072892,LICANTEN,LICANTEN,LICEO AUGUSTO SANTELICES VALENZUELA,3V,YW.UNIDAD POR EL APRUEBO PS PPD E INDEPENDIENTES,308. CLAUDIO REYES FUENZALIDA,PS,10.0,True
1072893,LICANTEN,LICANTEN,LICEO AUGUSTO SANTELICES VALENZUELA,3V,YW.UNIDAD POR EL APRUEBO PS PPD E INDEPENDIENTES,309. JORGE ENRIQUE CESPEDES ROJAS,PS,0.0,False
1072894,LICANTEN,LICANTEN,LICEO AUGUSTO SANTELICES VALENZUELA,3V,YW.UNIDAD POR EL APRUEBO PS PPD E INDEPENDIENTES,310. VICTOR MANUEL RODRIGUEZ DIAZ,IND,8.0,False
1072895,LICANTEN,LICANTEN,LICEO AUGUSTO SANTELICES VALENZUELA,3V,YW.UNIDAD POR EL APRUEBO PS PPD E INDEPENDIENTES,311. MONICA DEL ROSARIO JOFRE CORREA,IND,3.0,False
1072896,LICANTEN,LICANTEN,LICEO AUGUSTO SANTELICES VALENZUELA,3V,ZG.CHILE VAMOS EVOPOLI - INDEPENDIENTES,312. DIEGO IGNACIO SAAVEDRA RUZ,EVOPOLI,2.0,False
1072897,LICANTEN,LICANTEN,LICEO AUGUSTO SANTELICES VALENZUELA,3V,ZG.CHILE VAMOS EVOPOLI - INDEPENDIENTES,313. PABLO ALEJANDRO GONZALEZ VALENZUELA,IND,4.0,False
1072898,LICANTEN,LICANTEN,LICEO AUGUSTO SANTELICES VALENZUELA,3V,ZG.CHILE VAMOS EVOPOLI - INDEPENDIENTES,314. ORFELINA VERGARA MORALES,IND,4.0,False
1072899,LICANTEN,LICANTEN,LICEO AUGUSTO SANTELICES VALENZUELA,3V,ZG.CHILE VAMOS EVOPOLI - INDEPENDIENTES,315. CRISTIAN ALFREDO CARRASCO CESPEDES,IND,6.0,False
1072900,LICANTEN,LICANTEN,LICEO AUGUSTO SANTELICES VALENZUELA,3V,ZG.CHILE VAMOS EVOPOLI - INDEPENDIENTES,316. ALVARO JAVIER GONZALEZ CORREA,IND,13.0,True
1072901,LICANTEN,LICANTEN,LICEO AUGUSTO SANTELICES VALENZUELA,3V,ZJ.CHILE VAMOS UDI - INDEPENDIENTES,317. HECTOR EXEQUIEL QUIERO PALACIOS,UDI,12.0,False
1072902,LICANTEN,LICANTEN,LICEO AUGUSTO SANTELICES VALENZUELA,3V,ZJ.CHILE VAMOS UDI - INDEPENDIENTES,318. ALVARO CHRISTIAN DONOSO PAVEZ,UDI,24.0,True
1072903,LICANTEN,LICANTEN,LICEO AUGUSTO SANTELICES VALENZUELA,3V,ZJ.CHILE VAMOS UDI - INDEPENDIENTES,319. VICTOR ALEJANDRO ORMAZABAL MORAGA,UDI,6.0,False
1072904,LICANTEN,LICANTEN,LICEO AUGUSTO SANTELICES VALENZUELA,3V,ZU.RADICALES E INDEPENDIENTES,320. VALERIE  COFFIN FUENZALIDA,PR,23.0,True
1072905,LICANTEN,LICANTEN,LICEO AUGUSTO SANTELICES VALENZUELA,3V,ZU.RADICALES E INDEPENDIENTES,321. CARLOS ALEJANDRO CANALES HAFEMANN,PR,4.0,False
1072906,LICANTEN,LICANTEN,LICEO AUGUSTO SANTELICES VALENZUELA,3V,ZU.RADICALES E INDEPENDIENTES,322. CARLOS  GONZALEZ HERNANDEZ,IND,2.0,False
1072907,LICANTEN,LICANTEN,LICEO AUGUSTO SANTELICES VALENZUELA,3V,ZU.RADICALES E INDEPENDIENTES,323. POLA PEREZ CABRERA,IND,1.0,False
1072908,LICANTEN,LICANTEN,LICEO AUGUSTO SANTELICES VALENZUELA,3V,ZU.RADICALES E INDEPENDIENTES,324. CESAR LIZARDO GONZALEZ MARTINEZ,IND,1.0,False
1072909,LICANTEN,LICANTEN,LICEO AUGUSTO SANTELICES VALENZUELA,3V,ZU.RADICALES E INDEPENDIENTES,325. YOLANDA HERNANDEZ PEÑA,IND,2.0,False
1072910,LICANTEN,LICANTEN,LICEO AUGUSTO SANTELICES VALENZUELA,4V,M.CHILE DIGNO VERDE Y SOBERANO,300. JAVIERA CAROLINA HORMAZABAL PEDRERO,PCCH,2.0,False
1072911,LICANTEN,LICANTEN,LICEO AUGUSTO SANTELICES VALENZUELA,4V,XK.CHILE VAMOS RENOVACION NACIONAL - INDEPENDIENTES,301. ARIEL ESPINOZA CERPA,RN,22.0,True
1072912,LICANTEN,LICANTEN,LICEO AUGUSTO SANTELICES VALENZUELA,4V,XK.CHILE VAMOS RENOVACION NACIONAL - INDEPENDIENTES,302. ESTEFANIA NICOLE JARA POZO,IND,6.0,False
1072913,LICANTEN,LICANTEN,LICEO AUGUSTO SANTELICES VALENZUELA,4V,XK.CHILE VAMOS RENOVACION NACIONAL - INDEPENDIENTES,303. CRISTHIAN PIEROLA RUIZ DE GAMBOA,IND,3.0,False
1072914,LICANTEN,LICANTEN,LICEO AUGUSTO SANTELICES VALENZUELA,4V,XO.REPUBLICANOS,304. PABLO ANDRES SILVA JELDRES,REPUBLICA.,0.0,False
1072915,LICANTEN,LICANTEN,LICEO AUGUSTO SANTELICES VALENZUELA,4V,XU.UNIDOS POR LA DIGNIDAD,305. VICTOR HUGO SAAVEDRA BENAVIDES,PDC,21.0,True
1072916,LICANTEN,LICANTEN,LICEO AUGUSTO SANTELICES VALENZUELA,4V,XU.UNIDOS POR LA DIGNIDAD,306. LORETO DEL CARMEN GUAJARDO MUÑOZ,IND,3.0,False
1072917,LICANTEN,LICANTEN,LICEO AUGUSTO SANTELICES VALENZUELA,4V,XU.UNIDOS POR LA DIGNIDAD,307. DELAIDA ROSA PONCE MUÑOZ,IND,1.0,False
1072918,LICANTEN,LICANTEN,LICEO AUGUSTO SANTELICES VALENZUELA,4V,YW.UNIDAD POR EL APRUEBO PS PPD E INDEPENDIENTES,308. CLAUDIO REYES FUENZALIDA,PS,23.0,True
1072919,LICANTEN,LICANTEN,LICEO AUGUSTO SANTELICES VALENZUELA,4V,YW.UNIDAD POR EL APRUEBO PS PPD E INDEPENDIENTES,309. JORGE ENRIQUE CESPEDES ROJAS,PS,0.0,False
1072920,LICANTEN,LICANTEN,LICEO AUGUSTO SANTELICES VALENZUELA,4V,YW.UNIDAD POR EL APRUEBO PS PPD E INDEPENDIENTES,310. VICTOR MANUEL RODRIGUEZ DIAZ,IND,5.0,False
1072921,LICANTEN,LICANTEN,LICEO AUGUSTO SANTELICES VALENZUELA,4V,YW.UNIDAD POR EL APRUEBO PS PPD E INDEPENDIENTES,311. MONICA DEL ROSARIO JOFRE CORREA,IND,3.0,False
1072922,LICANTEN,LICANTEN,LICEO AUGUSTO SANTELICES VALENZUELA,4V,ZG.CHILE VAMOS EVOPOLI - INDEPENDIENTES,312. DIEGO IGNACIO SAAVEDRA RUZ,EVOPOLI,2.0,False
1072923,LICANTEN,LICANTEN,LICEO AUGUSTO SANTELICES VALENZUELA,4V,ZG.CHILE VAMOS EVOPOLI - INDEPENDIENTES,313. PABLO ALEJANDRO GONZALEZ VALENZUELA,IND,8.0,False
1072924,LICANTEN,LICANTEN,LICEO AUGUSTO SANTELICES VALENZUELA,4V,ZG.CHILE VAMOS EVOPOLI - INDEPENDIENTES,314. ORFELINA VERGARA MORALES,IND,2.0,False
1072925,LICANTEN,LICANTEN,LICEO AUGUSTO SANTELICES VALENZUELA,4V,ZG.CHILE VAMOS EVOPOLI - INDEPENDIENTES,315. CRISTIAN ALFREDO CARRASCO CESPEDES,IND,1.0,False
1072926,LICANTEN,LICANTEN,LICEO AUGUSTO SANTELICES VALENZUELA,4V,ZG.CHILE VAMOS EVOPOLI - INDEPENDIENTES,316. ALVARO JAVIER GONZALEZ CORREA,IND,12.0,True
1072927,LICANTEN,LICANTEN,LICEO AUGUSTO SANTELICES VALENZUELA,4V,ZJ.CHILE VAMOS UDI - INDEPENDIENTES,317. HECTOR EXEQUIEL QUIERO PALACIOS,UDI,11.0,False
1072928,LICANTEN,LICANTEN,LICEO AUGUSTO SANTELICES VALENZUELA,4V,ZJ.CHILE VAMOS UDI - INDEPENDIENTES,318. ALVARO CHRISTIAN DONOSO PAVEZ,UDI,15.0,True
1072929,LICANTEN,LICANTEN,LICEO AUGUSTO SANTELICES VALENZUELA,4V,ZJ.CHILE VAMOS UDI - INDEPENDIENTES,319. VICTOR ALEJANDRO ORMAZABAL MORAGA,UDI,8.0,False
1072930,LICANTEN,LICANTEN,LICEO AUGUSTO SANTELICES VALENZUELA,4V,ZU.RADICALES E INDEPENDIENTES,320. VALERIE  COFFIN FUENZALIDA,PR,21.0,True
1072931,LICANTEN,LICANTEN,LICEO AUGUSTO SANTELICES VALENZUELA,4V,ZU.RADICALES E INDEPENDIENTES,321. CARLOS ALEJANDRO CANALES HAFEMANN,PR,4.0,False
1072932,LICANTEN,LICANTEN,LICEO AUGUSTO SANTELICES VALENZUELA,4V,ZU.RADICALES E INDEPENDIENTES,322. CARLOS  GONZALEZ HERNANDEZ,IND,2.0,False
1072933,LICANTEN,LICANTEN,LICEO AUGUSTO SANTELICES VALENZUELA,4V,ZU.RADICALES E INDEPENDIENTES,323. POLA PEREZ CABRERA,IND,1.0,False
1072934,LICANTEN,LICANTEN,LICEO AUGUSTO SANTELICES VALENZUELA,4V,ZU.RADICALES E INDEPENDIENTES,324. CESAR LIZARDO GONZALEZ MARTINEZ,IND,0.0,False
1072935,LICANTEN,LICANTEN,LICEO AUGUSTO SANTELICES VALENZUELA,4V,ZU.RADICALES E INDEPENDIENTES,325. YOLANDA HERNANDEZ PEÑA,IND,6.0,False
1072936,LICANTEN,LICANTEN,LICEO AUGUSTO SANTELICES VALENZUELA,5V,M.CHILE DIGNO VERDE Y SOBERANO,300. JAVIERA CAROLINA HORMAZABAL PEDRERO,PCCH,2.0,False
1072937,LICANTEN,LICANTEN,LICEO AUGUSTO SANTELICES VALENZUELA,5V,XK.CHILE VAMOS RENOVACION NACIONAL - INDEPENDIENTES,301. ARIEL ESPINOZA CERPA,RN,18.0,True
1072938,LICANTEN,LICANTEN,LICEO AUGUSTO SANTELICES VALENZUELA,5V,XK.CHILE VAMOS RENOVACION NACIONAL - INDEPENDIENTES,302. ESTEFANIA NICOLE JARA POZO,IND,0.0,False
1072939,LICANTEN,LICANTEN,LICEO AUGUSTO SANTELICES VALENZUELA,5V,XK.CHILE VAMOS RENOVACION NACIONAL - INDEPENDIENTES,303. CRISTHIAN PIEROLA RUIZ DE GAMBOA,IND,6.0,False
1072940,LICANTEN,LICANTEN,LICEO AUGUSTO SANTELICES VALENZUELA,5V,XO.REPUBLICANOS,304. PABLO ANDRES SILVA JELDRES,REPUBLICA.,0.0,False
1072941,LICANTEN,LICANTEN,LICEO AUGUSTO SANTELICES VALENZUELA,5V,XU.UNIDOS POR LA DIGNIDAD,305. VICTOR HUGO SAAVEDRA BENAVIDES,PDC,17.0,True
1072942,LICANTEN,LICANTEN,LICEO AUGUSTO SANTELICES VALENZUELA,5V,XU.UNIDOS POR LA DIGNIDAD,306. LORETO DEL CARMEN GUAJARDO MUÑOZ,IND,1.0,False
1072943,LICANTEN,LICANTEN,LICEO AUGUSTO SANTELICES VALENZUELA,5V,XU.UNIDOS POR LA DIGNIDAD,307. DELAIDA ROSA PONCE MUÑOZ,IND,0.0,False
1072944,LICANTEN,LICANTEN,LICEO AUGUSTO SANTELICES VALENZUELA,5V,YW.UNIDAD POR EL APRUEBO PS PPD E INDEPENDIENTES,308. CLAUDIO REYES FUENZALIDA,PS,11.0,True
1072945,LICANTEN,LICANTEN,LICEO AUGUSTO SANTELICES VALENZUELA,5V,YW.UNIDAD POR EL APRUEBO PS PPD E INDEPENDIENTES,309. JORGE ENRIQUE CESPEDES ROJAS,PS,1.0,False
1072946,LICANTEN,LICANTEN,LICEO AUGUSTO SANTELICES VALENZUELA,5V,YW.UNIDAD POR EL APRUEBO PS PPD E INDEPENDIENTES,310. VICTOR MANUEL RODRIGUEZ DIAZ,IND,7.0,False
1072947,LICANTEN,LICANTEN,LICEO AUGUSTO SANTELICES VALENZUELA,5V,YW.UNIDAD POR EL APRUEBO PS PPD E INDEPENDIENTES,311. MONICA DEL ROSARIO JOFRE CORREA,IND,1.0,False
1072948,LICANTEN,LICANTEN,LICEO AUGUSTO SANTELICES VALENZUELA,5V,ZG.CHILE VAMOS EVOPOLI - INDEPENDIENTES,312. DIEGO IGNACIO SAAVEDRA RUZ,EVOPOLI,2.0,False
1072949,LICANTEN,LICANTEN,LICEO AUGUSTO SANTELICES VALENZUELA,5V,ZG.CHILE VAMOS EVOPOLI - INDEPENDIENTES,313. PABLO ALEJANDRO GONZALEZ VALENZUELA,IND,5.0,False
1072950,LICANTEN,LICANTEN,LICEO AUGUSTO SANTELICES VALENZUELA,5V,ZG.CHILE VAMOS EVOPOLI - INDEPENDIENTES,314. ORFELINA VERGARA MORALES,IND,5.0,False
1072951,LICANTEN,LICANTEN,LICEO AUGUSTO SANTELICES VALENZUELA,5V,ZG.CHILE VAMOS EVOPOLI - INDEPENDIENTES,315. CRISTIAN ALFREDO CARRASCO CESPEDES,IND,1.0,False
1072952,LICANTEN,LICANTEN,LICEO AUGUSTO SANTELICES VALENZUELA,5V,ZG.CHILE VAMOS EVOPOLI - INDEPENDIENTES,316. ALVARO JAVIER GONZALEZ CORREA,IND,7.0,True
1072953,LICANTEN,LICANTEN,LICEO AUGUSTO SANTELICES VALENZUELA,5V,ZJ.CHILE VAMOS UDI - INDEPENDIENTES,317. HECTOR EXEQUIEL QUIERO PALACIOS,UDI,6.0,False
1072954,LICANTEN,LICANTEN,LICEO AUGUSTO SANTELICES VALENZUELA,5V,ZJ.CHILE VAMOS UDI - INDEPENDIENTES,318. ALVARO CHRISTIAN DONOSO PAVEZ,UDI,9.0,True
1072955,LICANTEN,LICANTEN,LICEO AUGUSTO SANTELICES VALENZUELA,5V,ZJ.CHILE VAMOS UDI - INDEPENDIENTES,319. VICTOR ALEJANDRO ORMAZABAL MORAGA,UDI,7.0,False
1072956,LICANTEN,LICANTEN,LICEO AUGUSTO SANTELICES VALENZUELA,5V,ZU.RADICALES E INDEPENDIENTES,320. VALERIE  COFFIN FUENZALIDA,PR,20.0,True
1072957,LICANTEN,LICANTEN,LICEO AUGUSTO SANTELICES VALENZUELA,5V,ZU.RADICALES E INDEPENDIENTES,321. CARLOS ALEJANDRO CANALES HAFEMANN,PR,7.0,False
1072958,LICANTEN,LICANTEN,LICEO AUGUSTO SANTELICES VALENZUELA,5V,ZU.RADICALES E INDEPENDIENTES,322. CARLOS  GONZALEZ HERNANDEZ,IND,2.0,False
1072959,LICANTEN,LICANTEN,LICEO AUGUSTO SANTELICES VALENZUELA,5V,ZU.RADICALES E INDEPENDIENTES,323. POLA PEREZ CABRERA,IND,6.0,False
1072960,LICANTEN,LICANTEN,LICEO AUGUSTO SANTELICES VALENZUELA,5V,ZU.RADICALES E INDEPENDIENTES,324. CESAR LIZARDO GONZALEZ MARTINEZ,IND,0.0,False
1072961,LICANTEN,LICANTEN,LICEO AUGUSTO SANTELICES VALENZUELA,5V,ZU.RADICALES E INDEPENDIENTES,325. YOLANDA HERNANDEZ PEÑA,IND,4.0,False
1072962,LICANTEN,LICANTEN,LICEO AUGUSTO SANTELICES VALENZUELA,6V,M.CHILE DIGNO VERDE Y SOBERANO,300. JAVIERA CAROLINA HORMAZABAL PEDRERO,PCCH,2.0,False
1072963,LICANTEN,LICANTEN,LICEO AUGUSTO SANTELICES VALENZUELA,6V,XK.CHILE VAMOS RENOVACION NACIONAL - INDEPENDIENTES,301. ARIEL ESPINOZA CERPA,RN,10.0,True
1072964,LICANTEN,LICANTEN,LICEO AUGUSTO SANTELICES VALENZUELA,6V,XK.CHILE VAMOS RENOVACION NACIONAL - INDEPENDIENTES,302. ESTEFANIA NICOLE JARA POZO,IND,5.0,False
1072965,LICANTEN,LICANTEN,LICEO AUGUSTO SANTELICES VALENZUELA,6V,XK.CHILE VAMOS RENOVACION NACIONAL - INDEPENDIENTES,303. CRISTHIAN PIEROLA RUIZ DE GAMBOA,IND,3.0,False
1072966,LICANTEN,LICANTEN,LICEO AUGUSTO SANTELICES VALENZUELA,6V,XO.REPUBLICANOS,304. PABLO ANDRES SILVA JELDRES,REPUBLICA.,1.0,False
1072967,LICANTEN,LICANTEN,LICEO AUGUSTO SANTELICES VALENZUELA,6V,XU.UNIDOS POR LA DIGNIDAD,305. VICTOR HUGO SAAVEDRA BENAVIDES,PDC,16.0,True
1072968,LICANTEN,LICANTEN,LICEO AUGUSTO SANTELICES VALENZUELA,6V,XU.UNIDOS POR LA DIGNIDAD,306. LORETO DEL CARMEN GUAJARDO MUÑOZ,IND,2.0,False
1072969,LICANTEN,LICANTEN,LICEO AUGUSTO SANTELICES VALENZUELA,6V,XU.UNIDOS POR LA DIGNIDAD,307. DELAIDA ROSA PONCE MUÑOZ,IND,2.0,False
1072970,LICANTEN,LICANTEN,LICEO AUGUSTO SANTELICES VALENZUELA,6V,YW.UNIDAD POR EL APRUEBO PS PPD E INDEPENDIENTES,308. CLAUDIO REYES FUENZALIDA,PS,17.0,True
1072971,LICANTEN,LICANTEN,LICEO AUGUSTO SANTELICES VALENZUELA,6V,YW.UNIDAD POR EL APRUEBO PS PPD E INDEPENDIENTES,309. JORGE ENRIQUE CESPEDES ROJAS,PS,2.0,False
1072972,LICANTEN,LICANTEN,LICEO AUGUSTO SANTELICES VALENZUELA,6V,YW.UNIDAD POR EL APRUEBO PS PPD E INDEPENDIENTES,310. VICTOR MANUEL RODRIGUEZ DIAZ,IND,2.0,False
1072973,LICANTEN,LICANTEN,LICEO AUGUSTO SANTELICES VALENZUELA,6V,YW.UNIDAD POR EL APRUEBO PS PPD E INDEPENDIENTES,311. MONICA DEL ROSARIO JOFRE CORREA,IND,2.0,False
1072974,LICANTEN,LICANTEN,LICEO AUGUSTO SANTELICES VALENZUELA,6V,ZG.CHILE VAMOS EVOPOLI - INDEPENDIENTES,312. DIEGO IGNACIO SAAVEDRA RUZ,EVOPOLI,4.0,False
1072975,LICANTEN,LICANTEN,LICEO AUGUSTO SANTELICES VALENZUELA,6V,ZG.CHILE VAMOS EVOPOLI - INDEPENDIENTES,313. PABLO ALEJANDRO GONZALEZ VALENZUELA,IND,5.0,False
1072976,LICANTEN,LICANTEN,LICEO AUGUSTO SANTELICES VALENZUELA,6V,ZG.CHILE VAMOS EVOPOLI - INDEPENDIENTES,314. ORFELINA VERGARA MORALES,IND,10.0,False
1072977,LICANTEN,LICANTEN,LICEO AUGUSTO SANTELICES VALENZUELA,6V,ZG.CHILE VAMOS EVOPOLI - INDEPENDIENTES,315. CRISTIAN ALFREDO CARRASCO CESPEDES,IND,0.0,False
1072978,LICANTEN,LICANTEN,LICEO AUGUSTO SANTELICES VALENZUELA,6V,ZG.CHILE VAMOS EVOPOLI - INDEPENDIENTES,316. ALVARO JAVIER GONZALEZ CORREA,IND,8.0,True
1072979,LICANTEN,LICANTEN,LICEO AUGUSTO SANTELICES VALENZUELA,6V,ZJ.CHILE VAMOS UDI - INDEPENDIENTES,317. HECTOR EXEQUIEL QUIERO PALACIOS,UDI,3.0,False
1072980,LICANTEN,LICANTEN,LICEO AUGUSTO SANTELICES VALENZUELA,6V,ZJ.CHILE VAMOS UDI - INDEPENDIENTES,318. ALVARO CHRISTIAN DONOSO PAVEZ,UDI,27.0,True
1072981,LICANTEN,LICANTEN,LICEO AUGUSTO SANTELICES VALENZUELA,6V,ZJ.CHILE VAMOS UDI - INDEPENDIENTES,319. VICTOR ALEJANDRO ORMAZABAL MORAGA,UDI,8.0,False
1072982,LICANTEN,LICANTEN,LICEO AUGUSTO SANTELICES VALENZUELA,6V,ZU.RADICALES E INDEPENDIENTES,320. VALERIE  COFFIN FUENZALIDA,PR,17.0,True
1072983,LICANTEN,LICANTEN,LICEO AUGUSTO SANTELICES VALENZUELA,6V,ZU.RADICALES E INDEPENDIENTES,321. CARLOS ALEJANDRO CANALES HAFEMANN,PR,10.0,False
1072984,LICANTEN,LICANTEN,LICEO AUGUSTO SANTELICES VALENZUELA,6V,ZU.RADICALES E INDEPENDIENTES,322. CARLOS  GONZALEZ HERNANDEZ,IND,1.0,False
1072985,LICANTEN,LICANTEN,LICEO AUGUSTO SANTELICES VALENZUELA,6V,ZU.RADICALES E INDEPENDIENTES,323. POLA PEREZ CABRERA,IND,1.0,False
1072986,LICANTEN,LICANTEN,LICEO AUGUSTO SANTELICES VALENZUELA,6V,ZU.RADICALES E INDEPENDIENTES,324. CESAR LIZARDO GONZALEZ MARTINEZ,IND,1.0,False
1072987,LICANTEN,LICANTEN,LICEO AUGUSTO SANTELICES VALENZUELA,6V,ZU.RADICALES E INDEPENDIENTES,325. YOLANDA HERNANDEZ PEÑA,IND,2.0,False
1072988,LICANTEN,LICANTEN,LICEO AUGUSTO SANTELICES VALENZUELA,7V,M.CHILE DIGNO VERDE Y SOBERANO,300. JAVIERA CAROLINA HORMAZABAL PEDRERO,PCCH,2.0,False
1072989,LICANTEN,LICANTEN,LICEO AUGUSTO SANTELICES VALENZUELA,7V,XK.CHILE VAMOS RENOVACION NACIONAL - INDEPENDIENTES,301. ARIEL ESPINOZA CERPA,RN,22.0,True
1072990,LICANTEN,LICANTEN,LICEO AUGUSTO SANTELICES VALENZUELA,7V,XK.CHILE VAMOS RENOVACION NACIONAL - INDEPENDIENTES,302. ESTEFANIA NICOLE JARA POZO,IND,2.0,False
1072991,LICANTEN,LICANTEN,LICEO AUGUSTO SANTELICES VALENZUELA,7V,XK.CHILE VAMOS RENOVACION NACIONAL - INDEPENDIENTES,303. CRISTHIAN PIEROLA RUIZ DE GAMBOA,IND,4.0,False
1072992,LICANTEN,LICANTEN,LICEO AUGUSTO SANTELICES VALENZUELA,7V,XO.REPUBLICANOS,304. PABLO ANDRES SILVA JELDRES,REPUBLICA.,1.0,False
1072993,LICANTEN,LICANTEN,LICEO AUGUSTO SANTELICES VALENZUELA,7V,XU.UNIDOS POR LA DIGNIDAD,305. VICTOR HUGO SAAVEDRA BENAVIDES,PDC,25.0,True
1072994,LICANTEN,LICANTEN,LICEO AUGUSTO SANTELICES VALENZUELA,7V,XU.UNIDOS POR LA DIGNIDAD,306. LORETO DEL CARMEN GUAJARDO MUÑOZ,IND,1.0,False
1072995,LICANTEN,LICANTEN,LICEO AUGUSTO SANTELICES VALENZUELA,7V,XU.UNIDOS POR LA DIGNIDAD,307. DELAIDA ROSA PONCE MUÑOZ,IND,3.0,False
1072996,LICANTEN,LICANTEN,LICEO AUGUSTO SANTELICES VALENZUELA,7V,YW.UNIDAD POR EL APRUEBO PS PPD E INDEPENDIENTES,308. CLAUDIO REYES FUENZALIDA,PS,20.0,True
1072997,LICANTEN,LICANTEN,LICEO AUGUSTO SANTELICES VALENZUELA,7V,YW.UNIDAD POR EL APRUEBO PS PPD E INDEPENDIENTES,309. JORGE ENRIQUE CESPEDES ROJAS,PS,2.0,False
1072998,LICANTEN,LICANTEN,LICEO AUGUSTO SANTELICES VALENZUELA,7V,YW.UNIDAD POR EL APRUEBO PS PPD E INDEPENDIENTES,310. VICTOR MANUEL RODRIGUEZ DIAZ,IND,3.0,False
1072999,LICANTEN,LICANTEN,LICEO AUGUSTO SANTELICES VALENZUELA,7V,YW.UNIDAD POR EL APRUEBO PS PPD E INDEPENDIENTES,311. MONICA DEL ROSARIO JOFRE CORREA,IND,0.0,False
1073000,LICANTEN,LICANTEN,LICEO AUGUSTO SANTELICES VALENZUELA,7V,ZG.CHILE VAMOS EVOPOLI - INDEPENDIENTES,312. DIEGO IGNACIO SAAVEDRA RUZ,EVOPOLI,3.0,False
1073001,LICANTEN,LICANTEN,LICEO AUGUSTO SANTELICES VALENZUELA,7V,ZG.CHILE VAMOS EVOPOLI - INDEPENDIENTES,313. PABLO ALEJANDRO GONZALEZ VALENZUELA,IND,7.0,False
1073002,LICANTEN,LICANTEN,LICEO AUGUSTO SANTELICES VALENZUELA,7V,ZG.CHILE VAMOS EVOPOLI - INDEPENDIENTES,314. ORFELINA VERGARA MORALES,IND,4.0,False
1073003,LICANTEN,LICANTEN,LICEO AUGUSTO SANTELICES VALENZUELA,7V,ZG.CHILE VAMOS EVOPOLI - INDEPENDIENTES,315. CRISTIAN ALFREDO CARRASCO CESPEDES,IND,0.0,False
1073004,LICANTEN,LICANTEN,LICEO AUGUSTO SANTELICES VALENZUELA,7V,ZG.CHILE VAMOS EVOPOLI - INDEPENDIENTES,316. ALVARO JAVIER GONZALEZ CORREA,IND,4.0,True
1073005,LICANTEN,LICANTEN,LICEO AUGUSTO SANTELICES VALENZUELA,7V,ZJ.CHILE VAMOS UDI - INDEPENDIENTES,317. HECTOR EXEQUIEL QUIERO PALACIOS,UDI,8.0,False
1073006,LICANTEN,LICANTEN,LICEO AUGUSTO SANTELICES VALENZUELA,7V,ZJ.CHILE VAMOS UDI - INDEPENDIENTES,318. ALVARO CHRISTIAN DONOSO PAVEZ,UDI,17.0,True
1073007,LICANTEN,LICANTEN,LICEO AUGUSTO SANTELICES VALENZUELA,7V,ZJ.CHILE VAMOS UDI - INDEPENDIENTES,319. VICTOR ALEJANDRO ORMAZABAL MORAGA,UDI,6.0,False
1073008,LICANTEN,LICANTEN,LICEO AUGUSTO SANTELICES VALENZUELA,7V,ZU.RADICALES E INDEPENDIENTES,320. VALERIE  COFFIN FUENZALIDA,PR,16.0,True
1073009,LICANTEN,LICANTEN,LICEO AUGUSTO SANTELICES VALENZUELA,7V,ZU.RADICALES E INDEPENDIENTES,321. CARLOS ALEJANDRO CANALES HAFEMANN,PR,1.0,False
1073010,LICANTEN,LICANTEN,LICEO AUGUSTO SANTELICES VALENZUELA,7V,ZU.RADICALES E INDEPENDIENTES,322. CARLOS  GONZALEZ HERNANDEZ,IND,2.0,False
1073011,LICANTEN,LICANTEN,LICEO AUGUSTO SANTELICES VALENZUELA,7V,ZU.RADICALES E INDEPENDIENTES,323. POLA PEREZ CABRERA,IND,2.0,False
1073012,LICANTEN,LICANTEN,LICEO AUGUSTO SANTELICES VALENZUELA,7V,ZU.RADICALES E INDEPENDIENTES,324. CESAR LIZARDO GONZALEZ MARTINEZ,IND,0.0,False
1073013,LICANTEN,LICANTEN,LICEO AUGUSTO SANTELICES VALENZUELA,7V,ZU.RADICALES E INDEPENDIENTES,325. YOLANDA HERNANDEZ PEÑA,IND,3.0,False
1073014,LICANTEN,LICANTEN,LICEO AUGUSTO SANTELICES VALENZUELA,8V,M.CHILE DIGNO VERDE Y SOBERANO,300. JAVIERA CAROLINA HORMAZABAL PEDRERO,PCCH,0.0,False
1073015,LICANTEN,LICANTEN,LICEO AUGUSTO SANTELICES VALENZUELA,8V,XK.CHILE VAMOS RENOVACION NACIONAL - INDEPENDIENTES,301. ARIEL ESPINOZA CERPA,RN,13.0,True
1073016,LICANTEN,LICANTEN,LICEO AUGUSTO SANTELICES VALENZUELA,8V,XK.CHILE VAMOS RENOVACION NACIONAL - INDEPENDIENTES,302. ESTEFANIA NICOLE JARA POZO,IND,2.0,False
1073017,LICANTEN,LICANTEN,LICEO AUGUSTO SANTELICES VALENZUELA,8V,XK.CHILE VAMOS RENOVACION NACIONAL - INDEPENDIENTES,303. CRISTHIAN PIEROLA RUIZ DE GAMBOA,IND,1.0,False
1073018,LICANTEN,LICANTEN,LICEO AUGUSTO SANTELICES VALENZUELA,8V,XO.REPUBLICANOS,304. PABLO ANDRES SILVA JELDRES,REPUBLICA.,1.0,False
1073019,LICANTEN,LICANTEN,LICEO AUGUSTO SANTELICES VALENZUELA,8V,XU.UNIDOS POR LA DIGNIDAD,305. VICTOR HUGO SAAVEDRA BENAVIDES,PDC,20.0,True
1073020,LICANTEN,LICANTEN,LICEO AUGUSTO SANTELICES VALENZUELA,8V,XU.UNIDOS POR LA DIGNIDAD,306. LORETO DEL CARMEN GUAJARDO MUÑOZ,IND,1.0,False
1073021,LICANTEN,LICANTEN,LICEO AUGUSTO SANTELICES VALENZUELA,8V,XU.UNIDOS POR LA DIGNIDAD,307. DELAIDA ROSA PONCE MUÑOZ,IND,5.0,False
1073022,LICANTEN,LICANTEN,LICEO AUGUSTO SANTELICES VALENZUELA,8V,YW.UNIDAD POR EL APRUEBO PS PPD E INDEPENDIENTES,308. CLAUDIO REYES FUENZALIDA,PS,18.0,True
1073023,LICANTEN,LICANTEN,LICEO AUGUSTO SANTELICES VALENZUELA,8V,YW.UNIDAD POR EL APRUEBO PS PPD E INDEPENDIENTES,309. JORGE ENRIQUE CESPEDES ROJAS,PS,1.0,False
1073024,LICANTEN,LICANTEN,LICEO AUGUSTO SANTELICES VALENZUELA,8V,YW.UNIDAD POR EL APRUEBO PS PPD E INDEPENDIENTES,310. VICTOR MANUEL RODRIGUEZ DIAZ,IND,3.0,False
1073025,LICANTEN,LICANTEN,LICEO AUGUSTO SANTELICES VALENZUELA,8V,YW.UNIDAD POR EL APRUEBO PS PPD E INDEPENDIENTES,311. MONICA DEL ROSARIO JOFRE CORREA,IND,2.0,False
1073026,LICANTEN,LICANTEN,LICEO AUGUSTO SANTELICES VALENZUELA,8V,ZG.CHILE VAMOS EVOPOLI - INDEPENDIENTES,312. DIEGO IGNACIO SAAVEDRA RUZ,EVOPOLI,3.0,False
1073027,LICANTEN,LICANTEN,LICEO AUGUSTO SANTELICES VALENZUELA,8V,ZG.CHILE VAMOS EVOPOLI - INDEPENDIENTES,313. PABLO ALEJANDRO GONZALEZ VALENZUELA,IND,6.0,False
1073028,LICANTEN,LICANTEN,LICEO AUGUSTO SANTELICES VALENZUELA,8V,ZG.CHILE VAMOS EVOPOLI - INDEPENDIENTES,314. ORFELINA VERGARA MORALES,IND,6.0,False
1073029,LICANTEN,LICANTEN,LICEO AUGUSTO SANTELICES VALENZUELA,8V,ZG.CHILE VAMOS EVOPOLI - INDEPENDIENTES,315. CRISTIAN ALFREDO CARRASCO CESPEDES,IND,1.0,False
1073030,LICANTEN,LICANTEN,LICEO AUGUSTO SANTELICES VALENZUELA,8V,ZG.CHILE VAMOS EVOPOLI - INDEPENDIENTES,316. ALVARO JAVIER GONZALEZ CORREA,IND,6.0,True
1073031,LICANTEN,LICANTEN,LICEO AUGUSTO SANTELICES VALENZUELA,8V,ZJ.CHILE VAMOS UDI - INDEPENDIENTES,317. HECTOR EXEQUIEL QUIERO PALACIOS,UDI,16.0,False
1073032,LICANTEN,LICANTEN,LICEO AUGUSTO SANTELICES VALENZUELA,8V,ZJ.CHILE VAMOS UDI - INDEPENDIENTES,318. ALVARO CHRISTIAN DONOSO PAVEZ,UDI,13.0,True
1073033,LICANTEN,LICANTEN,LICEO AUGUSTO SANTELICES VALENZUELA,8V,ZJ.CHILE VAMOS UDI - INDEPENDIENTES,319. VICTOR ALEJANDRO ORMAZABAL MORAGA,UDI,3.0,False
1073034,LICANTEN,LICANTEN,LICEO AUGUSTO SANTELICES VALENZUELA,8V,ZU.RADICALES E INDEPENDIENTES,320. VALERIE  COFFIN FUENZALIDA,PR,24.0,True
1073035,LICANTEN,LICANTEN,LICEO AUGUSTO SANTELICES VALENZUELA,8V,ZU.RADICALES E INDEPENDIENTES,321. CARLOS ALEJANDRO CANALES HAFEMANN,PR,2.0,False
1073036,LICANTEN,LICANTEN,LICEO AUGUSTO SANTELICES VALENZUELA,8V,ZU.RADICALES E INDEPENDIENTES,322. CARLOS  GONZALEZ HERNANDEZ,IND,5.0,False
1073037,LICANTEN,LICANTEN,LICEO AUGUSTO SANTELICES VALENZUELA,8V,ZU.RADICALES E INDEPENDIENTES,323. POLA PEREZ CABRERA,IND,3.0,False
1073038,LICANTEN,LICANTEN,LICEO AUGUSTO SANTELICES VALENZUELA,8V,ZU.RADICALES E INDEPENDIENTES,324. CESAR LIZARDO GONZALEZ MARTINEZ,IND,3.0,False
1073039,LICANTEN,LICANTEN,LICEO AUGUSTO SANTELICES VALENZUELA,8V,ZU.RADICALES E INDEPENDIENTES,325. YOLANDA HERNANDEZ PEÑA,IND,3.0,False
1073040,LICANTEN,LICANTEN,LICEO AUGUSTO SANTELICES VALENZUELA,9V,M.CHILE DIGNO VERDE Y SOBERANO,300. JAVIERA CAROLINA HORMAZABAL PEDRERO,PCCH,2.0,False
1073041,LICANTEN,LICANTEN,LICEO AUGUSTO SANTELICES VALENZUELA,9V,XK.CHILE VAMOS RENOVACION NACIONAL - INDEPENDIENTES,301. ARIEL ESPINOZA CERPA,RN,15.0,True
1073042,LICANTEN,LICANTEN,LICEO AUGUSTO SANTELICES VALENZUELA,9V,XK.CHILE VAMOS RENOVACION NACIONAL - INDEPENDIENTES,302. ESTEFANIA NICOLE JARA POZO,IND,2.0,False
1073043,LICANTEN,LICANTEN,LICEO AUGUSTO SANTELICES VALENZUELA,9V,XK.CHILE VAMOS RENOVACION NACIONAL - INDEPENDIENTES,303. CRISTHIAN PIEROLA RUIZ DE GAMBOA,IND,9.0,False
1073044,LICANTEN,LICANTEN,LICEO AUGUSTO SANTELICES VALENZUELA,9V,XO.REPUBLICANOS,304. PABLO ANDRES SILVA JELDRES,REPUBLICA.,0.0,False
1073045,LICANTEN,LICANTEN,LICEO AUGUSTO SANTELICES VALENZUELA,9V,XU.UNIDOS POR LA DIGNIDAD,305. VICTOR HUGO SAAVEDRA BENAVIDES,PDC,16.0,True
1073046,LICANTEN,LICANTEN,LICEO AUGUSTO SANTELICES VALENZUELA,9V,XU.UNIDOS POR LA DIGNIDAD,306. LORETO DEL CARMEN GUAJARDO MUÑOZ,IND,1.0,False
1073047,LICANTEN,LICANTEN,LICEO AUGUSTO SANTELICES VALENZUELA,9V,XU.UNIDOS POR LA DIGNIDAD,307. DELAIDA ROSA PONCE MUÑOZ,IND,2.0,False
1073048,LICANTEN,LICANTEN,LICEO AUGUSTO SANTELICES VALENZUELA,9V,YW.UNIDAD POR EL APRUEBO PS PPD E INDEPENDIENTES,308. CLAUDIO REYES FUENZALIDA,PS,19.0,True
1073049,LICANTEN,LICANTEN,LICEO AUGUSTO SANTELICES VALENZUELA,9V,YW.UNIDAD POR EL APRUEBO PS PPD E INDEPENDIENTES,309. JORGE ENRIQUE CESPEDES ROJAS,PS,1.0,False
1073050,LICANTEN,LICANTEN,LICEO AUGUSTO SANTELICES VALENZUELA,9V,YW.UNIDAD POR EL APRUEBO PS PPD E INDEPENDIENTES,310. VICTOR MANUEL RODRIGUEZ DIAZ,IND,2.0,False
1073051,LICANTEN,LICANTEN,LICEO AUGUSTO SANTELICES VALENZUELA,9V,YW.UNIDAD POR EL APRUEBO PS PPD E INDEPENDIENTES,311. MONICA DEL ROSARIO JOFRE CORREA,IND,0.0,False
1073052,LICANTEN,LICANTEN,LICEO AUGUSTO SANTELICES VALENZUELA,9V,ZG.CHILE VAMOS EVOPOLI - INDEPENDIENTES,312. DIEGO IGNACIO SAAVEDRA RUZ,EVOPOLI,2.0,False
1073053,LICANTEN,LICANTEN,LICEO AUGUSTO SANTELICES VALENZUELA,9V,ZG.CHILE VAMOS EVOPOLI - INDEPENDIENTES,313. PABLO ALEJANDRO GONZALEZ VALENZUELA,IND,5.0,False
1073054,LICANTEN,LICANTEN,LICEO AUGUSTO SANTELICES VALENZUELA,9V,ZG.CHILE VAMOS EVOPOLI - INDEPENDIENTES,314. ORFELINA VERGARA MORALES,IND,11.0,False
1073055,LICANTEN,LICANTEN,LICEO AUGUSTO SANTELICES VALENZUELA,9V,ZG.CHILE VAMOS EVOPOLI - INDEPENDIENTES,315. CRISTIAN ALFREDO CARRASCO CESPEDES,IND,4.0,False
1073056,LICANTEN,LICANTEN,LICEO AUGUSTO SANTELICES VALENZUELA,9V,ZG.CHILE VAMOS EVOPOLI - INDEPENDIENTES,316. ALVARO JAVIER GONZALEZ CORREA,IND,11.0,True
1073057,LICANTEN,LICANTEN,LICEO AUGUSTO SANTELICES VALENZUELA,9V,ZJ.CHILE VAMOS UDI - INDEPENDIENTES,317. HECTOR EXEQUIEL QUIERO PALACIOS,UDI,10.0,False
1073058,LICANTEN,LICANTEN,LICEO AUGUSTO SANTELICES VALENZUELA,9V,ZJ.CHILE VAMOS UDI - INDEPENDIENTES,318. ALVARO CHRISTIAN DONOSO PAVEZ,UDI,10.0,True
1073059,LICANTEN,LICANTEN,LICEO AUGUSTO SANTELICES VALENZUELA,9V,ZJ.CHILE VAMOS UDI - INDEPENDIENTES,319. VICTOR ALEJANDRO ORMAZABAL MORAGA,UDI,11.0,False
1073060,LICANTEN,LICANTEN,LICEO AUGUSTO SANTELICES VALENZUELA,9V,ZU.RADICALES E INDEPENDIENTES,320. VALERIE  COFFIN FUENZALIDA,PR,28.0,True
1073061,LICANTEN,LICANTEN,LICEO AUGUSTO SANTELICES VALENZUELA,9V,ZU.RADICALES E INDEPENDIENTES,321. CARLOS ALEJANDRO CANALES HAFEMANN,PR,1.0,False
1073062,LICANTEN,LICANTEN,LICEO AUGUSTO SANTELICES VALENZUELA,9V,ZU.RADICALES E INDEPENDIENTES,322. CARLOS  GONZALEZ HERNANDEZ,IND,7.0,False
1073063,LICANTEN,LICANTEN,LICEO AUGUSTO SANTELICES VALENZUELA,9V,ZU.RADICALES E INDEPENDIENTES,323. POLA PEREZ CABRERA,IND,2.0,False
1073064,LICANTEN,LICANTEN,LICEO AUGUSTO SANTELICES VALENZUELA,9V,ZU.RADICALES E INDEPENDIENTES,324. CESAR LIZARDO GONZALEZ MARTINEZ,IND,1.0,False
1073065,LICANTEN,LICANTEN,LICEO AUGUSTO SANTELICES VALENZUELA,9V,ZU.RADICALES E INDEPENDIENTES,325. YOLANDA HERNANDEZ PEÑA,IND,2.0,False
1073066,LICANTEN,LICANTEN,LICEO AUGUSTO SANTELICES VALENZUELA,10V,M.CHILE DIGNO VERDE Y SOBERANO,300. JAVIERA CAROLINA HORMAZABAL PEDRERO,PCCH,1.0,False
1073067,LICANTEN,LICANTEN,LICEO AUGUSTO SANTELICES VALENZUELA,10V,XK.CHILE VAMOS RENOVACION NACIONAL - INDEPENDIENTES,301. ARIEL ESPINOZA CERPA,RN,16.0,True
1073068,LICANTEN,LICANTEN,LICEO AUGUSTO SANTELICES VALENZUELA,10V,XK.CHILE VAMOS RENOVACION NACIONAL - INDEPENDIENTES,302. ESTEFANIA NICOLE JARA POZO,IND,5.0,False
1073069,LICANTEN,LICANTEN,LICEO AUGUSTO SANTELICES VALENZUELA,10V,XK.CHILE VAMOS RENOVACION NACIONAL - INDEPENDIENTES,303. CRISTHIAN PIEROLA RUIZ DE GAMBOA,IND,8.0,False
1073070,LICANTEN,LICANTEN,LICEO AUGUSTO SANTELICES VALENZUELA,10V,XO.REPUBLICANOS,304. PABLO ANDRES SILVA JELDRES,REPUBLICA.,2.0,False
1073071,LICANTEN,LICANTEN,LICEO AUGUSTO SANTELICES VALENZUELA,10V,XU.UNIDOS POR LA DIGNIDAD,305. VICTOR HUGO SAAVEDRA BENAVIDES,PDC,16.0,True
1073072,LICANTEN,LICANTEN,LICEO AUGUSTO SANTELICES VALENZUELA,10V,XU.UNIDOS POR LA DIGNIDAD,306. LORETO DEL CARMEN GUAJARDO MUÑOZ,IND,0.0,False
1073073,LICANTEN,LICANTEN,LICEO AUGUSTO SANTELICES VALENZUELA,10V,XU.UNIDOS POR LA DIGNIDAD,307. DELAIDA ROSA PONCE MUÑOZ,IND,2.0,False
1073074,LICANTEN,LICANTEN,LICEO AUGUSTO SANTELICES VALENZUELA,10V,YW.UNIDAD POR EL APRUEBO PS PPD E INDEPENDIENTES,308. CLAUDIO REYES FUENZALIDA,PS,10.0,True
1073075,LICANTEN,LICANTEN,LICEO AUGUSTO SANTELICES VALENZUELA,10V,YW.UNIDAD POR EL APRUEBO PS PPD E INDEPENDIENTES,309. JORGE ENRIQUE CESPEDES ROJAS,PS,1.0,False
1073076,LICANTEN,LICANTEN,LICEO AUGUSTO SANTELICES VALENZUELA,10V,YW.UNIDAD POR EL APRUEBO PS PPD E INDEPENDIENTES,310. VICTOR MANUEL RODRIGUEZ DIAZ,IND,6.0,False
1073077,LICANTEN,LICANTEN,LICEO AUGUSTO SANTELICES VALENZUELA,10V,YW.UNIDAD POR EL APRUEBO PS PPD E INDEPENDIENTES,311. MONICA DEL ROSARIO JOFRE CORREA,IND,0.0,False
1073078,LICANTEN,LICANTEN,LICEO AUGUSTO SANTELICES VALENZUELA,10V,ZG.CHILE VAMOS EVOPOLI - INDEPENDIENTES,312. DIEGO IGNACIO SAAVEDRA RUZ,EVOPOLI,2.0,False
1073079,LICANTEN,LICANTEN,LICEO AUGUSTO SANTELICES VALENZUELA,10V,ZG.CHILE VAMOS EVOPOLI - INDEPENDIENTES,313. PABLO ALEJANDRO GONZALEZ VALENZUELA,IND,6.0,False
1073080,LICANTEN,LICANTEN,LICEO AUGUSTO SANTELICES VALENZUELA,10V,ZG.CHILE VAMOS EVOPOLI - INDEPENDIENTES,314. ORFELINA VERGARA MORALES,IND,3.0,False
1073081,LICANTEN,LICANTEN,LICEO AUGUSTO SANTELICES VALENZUELA,10V,ZG.CHILE VAMOS EVOPOLI - INDEPENDIENTES,315. CRISTIAN ALFREDO CARRASCO CESPEDES,IND,1.0,False
1073082,LICANTEN,LICANTEN,LICEO AUGUSTO SANTELICES VALENZUELA,10V,ZG.CHILE VAMOS EVOPOLI - INDEPENDIENTES,316. ALVARO JAVIER GONZALEZ CORREA,IND,9.0,True
1073083,LICANTEN,LICANTEN,LICEO AUGUSTO SANTELICES VALENZUELA,10V,ZJ.CHILE VAMOS UDI - INDEPENDIENTES,317. HECTOR EXEQUIEL QUIERO PALACIOS,UDI,1.0,False
1073084,LICANTEN,LICANTEN,LICEO AUGUSTO SANTELICES VALENZUELA,10V,ZJ.CHILE VAMOS UDI - INDEPENDIENTES,318. ALVARO CHRISTIAN DONOSO PAVEZ,UDI,11.0,True
1073085,LICANTEN,LICANTEN,LICEO AUGUSTO SANTELICES VALENZUELA,10V,ZJ.CHILE VAMOS UDI - INDEPENDIENTES,319. VICTOR ALEJANDRO ORMAZABAL MORAGA,UDI,6.0,False
1073086,LICANTEN,LICANTEN,LICEO AUGUSTO SANTELICES VALENZUELA,10V,ZU.RADICALES E INDEPENDIENTES,320. VALERIE  COFFIN FUENZALIDA,PR,20.0,True
1073087,LICANTEN,LICANTEN,LICEO AUGUSTO SANTELICES VALENZUELA,10V,ZU.RADICALES E INDEPENDIENTES,321. CARLOS ALEJANDRO CANALES HAFEMANN,PR,2.0,False
1073088,LICANTEN,LICANTEN,LICEO AUGUSTO SANTELICES VALENZUELA,10V,ZU.RADICALES E INDEPENDIENTES,322. CARLOS  GONZALEZ HERNANDEZ,IND,2.0,False
1073089,LICANTEN,LICANTEN,LICEO AUGUSTO SANTELICES VALENZUELA,10V,ZU.RADICALES E INDEPENDIENTES,323. POLA PEREZ CABRERA,IND,1.0,False
1073090,LICANTEN,LICANTEN,LICEO AUGUSTO SANTELICES VALENZUELA,10V,ZU.RADICALES E INDEPENDIENTES,324. CESAR LIZARDO GONZALEZ MARTINEZ,IND,1.0,False
1073091,LICANTEN,LICANTEN,LICEO AUGUSTO SANTELICES VALENZUELA,10V,ZU.RADICALES E INDEPENDIENTES,325. YOLANDA HERNANDEZ PEÑA,IND,3.0,False
