,COMUNA,CIRC_ELEC,LOCAL,MESA,LISTA,CANDIDATX,PARTIDO,VOTOS,ELECTX
1093748,LITUECHE,LITUECHE,LICEO EL ROSARIO DE LITUECHE,1V,M.CHILE DIGNO VERDE Y SOBERANO,300. CLAUDIA DEL CARMEN ARELLANO HIDALGO,IND,5.0,False
1093749,LITUECHE,LITUECHE,LICEO EL ROSARIO DE LITUECHE,1V,M.CHILE DIGNO VERDE Y SOBERANO,301. HILDA ROSA YAÑEZ LISBOA,IND,10.0,True
1093750,LITUECHE,LITUECHE,LICEO EL ROSARIO DE LITUECHE,1V,M.CHILE DIGNO VERDE Y SOBERANO,302. LEONARDO DE LOS ANGELES CERDA CERDA,IND,2.0,False
1093751,LITUECHE,LITUECHE,LICEO EL ROSARIO DE LITUECHE,1V,M.CHILE DIGNO VERDE Y SOBERANO,303. RENE ALEJANDRO SANTANDER DONOSO,IND,9.0,False
1093752,LITUECHE,LITUECHE,LICEO EL ROSARIO DE LITUECHE,1V,M.CHILE DIGNO VERDE Y SOBERANO,304. PATRICIO GERARDO FERNANDEZ TAPIA,IND,4.0,False
1093753,LITUECHE,LITUECHE,LICEO EL ROSARIO DE LITUECHE,1V,M.CHILE DIGNO VERDE Y SOBERANO,305. CLAUDIO PATRICIO SOTO DONOSO,IND,3.0,False
1093754,LITUECHE,LITUECHE,LICEO EL ROSARIO DE LITUECHE,1V,XU.UNIDOS POR LA DIGNIDAD,306. FRESIA MARGARITA HERNANDEZ HERNANDEZ,PDC,7.0,True
1093755,LITUECHE,LITUECHE,LICEO EL ROSARIO DE LITUECHE,1V,XU.UNIDOS POR LA DIGNIDAD,307. RICARDO EUSEBIO VALERIA MATUS,PDC,6.0,False
1093756,LITUECHE,LITUECHE,LICEO EL ROSARIO DE LITUECHE,1V,XU.UNIDOS POR LA DIGNIDAD,308. CLAUDIA ALEJANDRA DONOSO DONOSO,PDC,24.0,True
1093757,LITUECHE,LITUECHE,LICEO EL ROSARIO DE LITUECHE,1V,XU.UNIDOS POR LA DIGNIDAD,309. CATALINA NAVARRO MONTENEGRO,IND,3.0,False
1093758,LITUECHE,LITUECHE,LICEO EL ROSARIO DE LITUECHE,1V,YW.UNIDAD POR EL APRUEBO PS PPD E INDEPENDIENTES,310. FABRIZIO ESTEBAN CACERES ABARCA,IND,1.0,False
1093759,LITUECHE,LITUECHE,LICEO EL ROSARIO DE LITUECHE,1V,YW.UNIDAD POR EL APRUEBO PS PPD E INDEPENDIENTES,311. CESAR MEZA MEJIAS,IND,1.0,False
1093760,LITUECHE,LITUECHE,LICEO EL ROSARIO DE LITUECHE,1V,YW.UNIDAD POR EL APRUEBO PS PPD E INDEPENDIENTES,312. MAURICIO MUÑOZ BRIONES,IND,1.0,False
1093761,LITUECHE,LITUECHE,LICEO EL ROSARIO DE LITUECHE,1V,YW.UNIDAD POR EL APRUEBO PS PPD E INDEPENDIENTES,313. JULIO FUENTES PEÑA,IND,3.0,False
1093762,LITUECHE,LITUECHE,LICEO EL ROSARIO DE LITUECHE,1V,YW.UNIDAD POR EL APRUEBO PS PPD E INDEPENDIENTES,314. OSVALDO CASTRO MORENO,IND,3.0,False
1093763,LITUECHE,LITUECHE,LICEO EL ROSARIO DE LITUECHE,1V,YW.UNIDAD POR EL APRUEBO PS PPD E INDEPENDIENTES,315. JUVENAL VIDAL BECERRA,IND,0.0,False
1093764,LITUECHE,LITUECHE,LICEO EL ROSARIO DE LITUECHE,1V,ZG.CHILE VAMOS EVOPOLI - INDEPENDIENTES,316.  GABRIEL ECHEVERRIA RUBIO,EVOPOLI,22.0,True
1093765,LITUECHE,LITUECHE,LICEO EL ROSARIO DE LITUECHE,1V,ZG.CHILE VAMOS EVOPOLI - INDEPENDIENTES,317. ANTONIO ALFREDO VES GAETE,EVOPOLI,0.0,False
1093766,LITUECHE,LITUECHE,LICEO EL ROSARIO DE LITUECHE,1V,ZG.CHILE VAMOS EVOPOLI - INDEPENDIENTES,318. WILLIAMS FERNANDO DONOSO LISBOA,IND,11.0,False
1093767,LITUECHE,LITUECHE,LICEO EL ROSARIO DE LITUECHE,1V,ZJ.CHILE VAMOS UDI - INDEPENDIENTES,319. ROSENDO ANTONIO GALLEGUILLOS VALDENEGRO,UDI,54.0,True
1093768,LITUECHE,LITUECHE,LICEO EL ROSARIO DE LITUECHE,1V,ZJ.CHILE VAMOS UDI - INDEPENDIENTES,320. SARA PAOLA DAZA GALLARDO,IND,12.0,True
1093769,LITUECHE,LITUECHE,LICEO EL ROSARIO DE LITUECHE,1V,ZJ.CHILE VAMOS UDI - INDEPENDIENTES,321. NANCY ANDREA MADARIAGA HERNANDEZ,IND,9.0,False
1093770,LITUECHE,LITUECHE,LICEO EL ROSARIO DE LITUECHE,2V,M.CHILE DIGNO VERDE Y SOBERANO,300. CLAUDIA DEL CARMEN ARELLANO HIDALGO,IND,2.0,False
1093771,LITUECHE,LITUECHE,LICEO EL ROSARIO DE LITUECHE,2V,M.CHILE DIGNO VERDE Y SOBERANO,301. HILDA ROSA YAÑEZ LISBOA,IND,5.0,True
1093772,LITUECHE,LITUECHE,LICEO EL ROSARIO DE LITUECHE,2V,M.CHILE DIGNO VERDE Y SOBERANO,302. LEONARDO DE LOS ANGELES CERDA CERDA,IND,2.0,False
1093773,LITUECHE,LITUECHE,LICEO EL ROSARIO DE LITUECHE,2V,M.CHILE DIGNO VERDE Y SOBERANO,303. RENE ALEJANDRO SANTANDER DONOSO,IND,11.0,False
1093774,LITUECHE,LITUECHE,LICEO EL ROSARIO DE LITUECHE,2V,M.CHILE DIGNO VERDE Y SOBERANO,304. PATRICIO GERARDO FERNANDEZ TAPIA,IND,2.0,False
1093775,LITUECHE,LITUECHE,LICEO EL ROSARIO DE LITUECHE,2V,M.CHILE DIGNO VERDE Y SOBERANO,305. CLAUDIO PATRICIO SOTO DONOSO,IND,6.0,False
1093776,LITUECHE,LITUECHE,LICEO EL ROSARIO DE LITUECHE,2V,XU.UNIDOS POR LA DIGNIDAD,306. FRESIA MARGARITA HERNANDEZ HERNANDEZ,PDC,3.0,True
1093777,LITUECHE,LITUECHE,LICEO EL ROSARIO DE LITUECHE,2V,XU.UNIDOS POR LA DIGNIDAD,307. RICARDO EUSEBIO VALERIA MATUS,PDC,4.0,False
1093778,LITUECHE,LITUECHE,LICEO EL ROSARIO DE LITUECHE,2V,XU.UNIDOS POR LA DIGNIDAD,308. CLAUDIA ALEJANDRA DONOSO DONOSO,PDC,31.0,True
1093779,LITUECHE,LITUECHE,LICEO EL ROSARIO DE LITUECHE,2V,XU.UNIDOS POR LA DIGNIDAD,309. CATALINA NAVARRO MONTENEGRO,IND,3.0,False
1093780,LITUECHE,LITUECHE,LICEO EL ROSARIO DE LITUECHE,2V,YW.UNIDAD POR EL APRUEBO PS PPD E INDEPENDIENTES,310. FABRIZIO ESTEBAN CACERES ABARCA,IND,2.0,False
1093781,LITUECHE,LITUECHE,LICEO EL ROSARIO DE LITUECHE,2V,YW.UNIDAD POR EL APRUEBO PS PPD E INDEPENDIENTES,311. CESAR MEZA MEJIAS,IND,2.0,False
1093782,LITUECHE,LITUECHE,LICEO EL ROSARIO DE LITUECHE,2V,YW.UNIDAD POR EL APRUEBO PS PPD E INDEPENDIENTES,312. MAURICIO MUÑOZ BRIONES,IND,0.0,False
1093783,LITUECHE,LITUECHE,LICEO EL ROSARIO DE LITUECHE,2V,YW.UNIDAD POR EL APRUEBO PS PPD E INDEPENDIENTES,313. JULIO FUENTES PEÑA,IND,0.0,False
1093784,LITUECHE,LITUECHE,LICEO EL ROSARIO DE LITUECHE,2V,YW.UNIDAD POR EL APRUEBO PS PPD E INDEPENDIENTES,314. OSVALDO CASTRO MORENO,IND,5.0,False
1093785,LITUECHE,LITUECHE,LICEO EL ROSARIO DE LITUECHE,2V,YW.UNIDAD POR EL APRUEBO PS PPD E INDEPENDIENTES,315. JUVENAL VIDAL BECERRA,IND,7.0,False
1093786,LITUECHE,LITUECHE,LICEO EL ROSARIO DE LITUECHE,2V,ZG.CHILE VAMOS EVOPOLI - INDEPENDIENTES,316.  GABRIEL ECHEVERRIA RUBIO,EVOPOLI,27.0,True
1093787,LITUECHE,LITUECHE,LICEO EL ROSARIO DE LITUECHE,2V,ZG.CHILE VAMOS EVOPOLI - INDEPENDIENTES,317. ANTONIO ALFREDO VES GAETE,EVOPOLI,0.0,False
1093788,LITUECHE,LITUECHE,LICEO EL ROSARIO DE LITUECHE,2V,ZG.CHILE VAMOS EVOPOLI - INDEPENDIENTES,318. WILLIAMS FERNANDO DONOSO LISBOA,IND,8.0,False
1093789,LITUECHE,LITUECHE,LICEO EL ROSARIO DE LITUECHE,2V,ZJ.CHILE VAMOS UDI - INDEPENDIENTES,319. ROSENDO ANTONIO GALLEGUILLOS VALDENEGRO,UDI,40.0,True
1093790,LITUECHE,LITUECHE,LICEO EL ROSARIO DE LITUECHE,2V,ZJ.CHILE VAMOS UDI - INDEPENDIENTES,320. SARA PAOLA DAZA GALLARDO,IND,12.0,True
1093791,LITUECHE,LITUECHE,LICEO EL ROSARIO DE LITUECHE,2V,ZJ.CHILE VAMOS UDI - INDEPENDIENTES,321. NANCY ANDREA MADARIAGA HERNANDEZ,IND,8.0,False
1093792,LITUECHE,LITUECHE,LICEO EL ROSARIO DE LITUECHE,3V,M.CHILE DIGNO VERDE Y SOBERANO,300. CLAUDIA DEL CARMEN ARELLANO HIDALGO,IND,0.0,False
1093793,LITUECHE,LITUECHE,LICEO EL ROSARIO DE LITUECHE,3V,M.CHILE DIGNO VERDE Y SOBERANO,301. HILDA ROSA YAÑEZ LISBOA,IND,10.0,True
1093794,LITUECHE,LITUECHE,LICEO EL ROSARIO DE LITUECHE,3V,M.CHILE DIGNO VERDE Y SOBERANO,302. LEONARDO DE LOS ANGELES CERDA CERDA,IND,4.0,False
1093795,LITUECHE,LITUECHE,LICEO EL ROSARIO DE LITUECHE,3V,M.CHILE DIGNO VERDE Y SOBERANO,303. RENE ALEJANDRO SANTANDER DONOSO,IND,7.0,False
1093796,LITUECHE,LITUECHE,LICEO EL ROSARIO DE LITUECHE,3V,M.CHILE DIGNO VERDE Y SOBERANO,304. PATRICIO GERARDO FERNANDEZ TAPIA,IND,7.0,False
1093797,LITUECHE,LITUECHE,LICEO EL ROSARIO DE LITUECHE,3V,M.CHILE DIGNO VERDE Y SOBERANO,305. CLAUDIO PATRICIO SOTO DONOSO,IND,7.0,False
1093798,LITUECHE,LITUECHE,LICEO EL ROSARIO DE LITUECHE,3V,XU.UNIDOS POR LA DIGNIDAD,306. FRESIA MARGARITA HERNANDEZ HERNANDEZ,PDC,7.0,True
1093799,LITUECHE,LITUECHE,LICEO EL ROSARIO DE LITUECHE,3V,XU.UNIDOS POR LA DIGNIDAD,307. RICARDO EUSEBIO VALERIA MATUS,PDC,9.0,False
1093800,LITUECHE,LITUECHE,LICEO EL ROSARIO DE LITUECHE,3V,XU.UNIDOS POR LA DIGNIDAD,308. CLAUDIA ALEJANDRA DONOSO DONOSO,PDC,35.0,True
1093801,LITUECHE,LITUECHE,LICEO EL ROSARIO DE LITUECHE,3V,XU.UNIDOS POR LA DIGNIDAD,309. CATALINA NAVARRO MONTENEGRO,IND,1.0,False
1093802,LITUECHE,LITUECHE,LICEO EL ROSARIO DE LITUECHE,3V,YW.UNIDAD POR EL APRUEBO PS PPD E INDEPENDIENTES,310. FABRIZIO ESTEBAN CACERES ABARCA,IND,2.0,False
1093803,LITUECHE,LITUECHE,LICEO EL ROSARIO DE LITUECHE,3V,YW.UNIDAD POR EL APRUEBO PS PPD E INDEPENDIENTES,311. CESAR MEZA MEJIAS,IND,0.0,False
1093804,LITUECHE,LITUECHE,LICEO EL ROSARIO DE LITUECHE,3V,YW.UNIDAD POR EL APRUEBO PS PPD E INDEPENDIENTES,312. MAURICIO MUÑOZ BRIONES,IND,0.0,False
1093805,LITUECHE,LITUECHE,LICEO EL ROSARIO DE LITUECHE,3V,YW.UNIDAD POR EL APRUEBO PS PPD E INDEPENDIENTES,313. JULIO FUENTES PEÑA,IND,0.0,False
1093806,LITUECHE,LITUECHE,LICEO EL ROSARIO DE LITUECHE,3V,YW.UNIDAD POR EL APRUEBO PS PPD E INDEPENDIENTES,314. OSVALDO CASTRO MORENO,IND,5.0,False
1093807,LITUECHE,LITUECHE,LICEO EL ROSARIO DE LITUECHE,3V,YW.UNIDAD POR EL APRUEBO PS PPD E INDEPENDIENTES,315. JUVENAL VIDAL BECERRA,IND,3.0,False
1093808,LITUECHE,LITUECHE,LICEO EL ROSARIO DE LITUECHE,3V,ZG.CHILE VAMOS EVOPOLI - INDEPENDIENTES,316.  GABRIEL ECHEVERRIA RUBIO,EVOPOLI,20.0,True
1093809,LITUECHE,LITUECHE,LICEO EL ROSARIO DE LITUECHE,3V,ZG.CHILE VAMOS EVOPOLI - INDEPENDIENTES,317. ANTONIO ALFREDO VES GAETE,EVOPOLI,0.0,False
1093810,LITUECHE,LITUECHE,LICEO EL ROSARIO DE LITUECHE,3V,ZG.CHILE VAMOS EVOPOLI - INDEPENDIENTES,318. WILLIAMS FERNANDO DONOSO LISBOA,IND,12.0,False
1093811,LITUECHE,LITUECHE,LICEO EL ROSARIO DE LITUECHE,3V,ZJ.CHILE VAMOS UDI - INDEPENDIENTES,319. ROSENDO ANTONIO GALLEGUILLOS VALDENEGRO,UDI,52.0,True
1093812,LITUECHE,LITUECHE,LICEO EL ROSARIO DE LITUECHE,3V,ZJ.CHILE VAMOS UDI - INDEPENDIENTES,320. SARA PAOLA DAZA GALLARDO,IND,18.0,True
1093813,LITUECHE,LITUECHE,LICEO EL ROSARIO DE LITUECHE,3V,ZJ.CHILE VAMOS UDI - INDEPENDIENTES,321. NANCY ANDREA MADARIAGA HERNANDEZ,IND,6.0,False
1093814,LITUECHE,LITUECHE,LICEO EL ROSARIO DE LITUECHE,4V,M.CHILE DIGNO VERDE Y SOBERANO,300. CLAUDIA DEL CARMEN ARELLANO HIDALGO,IND,8.0,False
1093815,LITUECHE,LITUECHE,LICEO EL ROSARIO DE LITUECHE,4V,M.CHILE DIGNO VERDE Y SOBERANO,301. HILDA ROSA YAÑEZ LISBOA,IND,16.0,True
1093816,LITUECHE,LITUECHE,LICEO EL ROSARIO DE LITUECHE,4V,M.CHILE DIGNO VERDE Y SOBERANO,302. LEONARDO DE LOS ANGELES CERDA CERDA,IND,3.0,False
1093817,LITUECHE,LITUECHE,LICEO EL ROSARIO DE LITUECHE,4V,M.CHILE DIGNO VERDE Y SOBERANO,303. RENE ALEJANDRO SANTANDER DONOSO,IND,9.0,False
1093818,LITUECHE,LITUECHE,LICEO EL ROSARIO DE LITUECHE,4V,M.CHILE DIGNO VERDE Y SOBERANO,304. PATRICIO GERARDO FERNANDEZ TAPIA,IND,6.0,False
1093819,LITUECHE,LITUECHE,LICEO EL ROSARIO DE LITUECHE,4V,M.CHILE DIGNO VERDE Y SOBERANO,305. CLAUDIO PATRICIO SOTO DONOSO,IND,8.0,False
1093820,LITUECHE,LITUECHE,LICEO EL ROSARIO DE LITUECHE,4V,XU.UNIDOS POR LA DIGNIDAD,306. FRESIA MARGARITA HERNANDEZ HERNANDEZ,PDC,7.0,True
1093821,LITUECHE,LITUECHE,LICEO EL ROSARIO DE LITUECHE,4V,XU.UNIDOS POR LA DIGNIDAD,307. RICARDO EUSEBIO VALERIA MATUS,PDC,11.0,False
1093822,LITUECHE,LITUECHE,LICEO EL ROSARIO DE LITUECHE,4V,XU.UNIDOS POR LA DIGNIDAD,308. CLAUDIA ALEJANDRA DONOSO DONOSO,PDC,35.0,True
1093823,LITUECHE,LITUECHE,LICEO EL ROSARIO DE LITUECHE,4V,XU.UNIDOS POR LA DIGNIDAD,309. CATALINA NAVARRO MONTENEGRO,IND,2.0,False
1093824,LITUECHE,LITUECHE,LICEO EL ROSARIO DE LITUECHE,4V,YW.UNIDAD POR EL APRUEBO PS PPD E INDEPENDIENTES,310. FABRIZIO ESTEBAN CACERES ABARCA,IND,0.0,False
1093825,LITUECHE,LITUECHE,LICEO EL ROSARIO DE LITUECHE,4V,YW.UNIDAD POR EL APRUEBO PS PPD E INDEPENDIENTES,311. CESAR MEZA MEJIAS,IND,0.0,False
1093826,LITUECHE,LITUECHE,LICEO EL ROSARIO DE LITUECHE,4V,YW.UNIDAD POR EL APRUEBO PS PPD E INDEPENDIENTES,312. MAURICIO MUÑOZ BRIONES,IND,1.0,False
1093827,LITUECHE,LITUECHE,LICEO EL ROSARIO DE LITUECHE,4V,YW.UNIDAD POR EL APRUEBO PS PPD E INDEPENDIENTES,313. JULIO FUENTES PEÑA,IND,0.0,False
1093828,LITUECHE,LITUECHE,LICEO EL ROSARIO DE LITUECHE,4V,YW.UNIDAD POR EL APRUEBO PS PPD E INDEPENDIENTES,314. OSVALDO CASTRO MORENO,IND,6.0,False
1093829,LITUECHE,LITUECHE,LICEO EL ROSARIO DE LITUECHE,4V,YW.UNIDAD POR EL APRUEBO PS PPD E INDEPENDIENTES,315. JUVENAL VIDAL BECERRA,IND,4.0,False
1093830,LITUECHE,LITUECHE,LICEO EL ROSARIO DE LITUECHE,4V,ZG.CHILE VAMOS EVOPOLI - INDEPENDIENTES,316.  GABRIEL ECHEVERRIA RUBIO,EVOPOLI,13.0,True
1093831,LITUECHE,LITUECHE,LICEO EL ROSARIO DE LITUECHE,4V,ZG.CHILE VAMOS EVOPOLI - INDEPENDIENTES,317. ANTONIO ALFREDO VES GAETE,EVOPOLI,1.0,False
1093832,LITUECHE,LITUECHE,LICEO EL ROSARIO DE LITUECHE,4V,ZG.CHILE VAMOS EVOPOLI - INDEPENDIENTES,318. WILLIAMS FERNANDO DONOSO LISBOA,IND,10.0,False
1093833,LITUECHE,LITUECHE,LICEO EL ROSARIO DE LITUECHE,4V,ZJ.CHILE VAMOS UDI - INDEPENDIENTES,319. ROSENDO ANTONIO GALLEGUILLOS VALDENEGRO,UDI,49.0,True
1093834,LITUECHE,LITUECHE,LICEO EL ROSARIO DE LITUECHE,4V,ZJ.CHILE VAMOS UDI - INDEPENDIENTES,320. SARA PAOLA DAZA GALLARDO,IND,12.0,True
1093835,LITUECHE,LITUECHE,LICEO EL ROSARIO DE LITUECHE,4V,ZJ.CHILE VAMOS UDI - INDEPENDIENTES,321. NANCY ANDREA MADARIAGA HERNANDEZ,IND,9.0,False
1093836,LITUECHE,LITUECHE,LICEO EL ROSARIO DE LITUECHE,5V,M.CHILE DIGNO VERDE Y SOBERANO,300. CLAUDIA DEL CARMEN ARELLANO HIDALGO,IND,14.0,False
1093837,LITUECHE,LITUECHE,LICEO EL ROSARIO DE LITUECHE,5V,M.CHILE DIGNO VERDE Y SOBERANO,301. HILDA ROSA YAÑEZ LISBOA,IND,4.0,True
1093838,LITUECHE,LITUECHE,LICEO EL ROSARIO DE LITUECHE,5V,M.CHILE DIGNO VERDE Y SOBERANO,302. LEONARDO DE LOS ANGELES CERDA CERDA,IND,8.0,False
1093839,LITUECHE,LITUECHE,LICEO EL ROSARIO DE LITUECHE,5V,M.CHILE DIGNO VERDE Y SOBERANO,303. RENE ALEJANDRO SANTANDER DONOSO,IND,9.0,False
1093840,LITUECHE,LITUECHE,LICEO EL ROSARIO DE LITUECHE,5V,M.CHILE DIGNO VERDE Y SOBERANO,304. PATRICIO GERARDO FERNANDEZ TAPIA,IND,18.0,False
1093841,LITUECHE,LITUECHE,LICEO EL ROSARIO DE LITUECHE,5V,M.CHILE DIGNO VERDE Y SOBERANO,305. CLAUDIO PATRICIO SOTO DONOSO,IND,12.0,False
1093842,LITUECHE,LITUECHE,LICEO EL ROSARIO DE LITUECHE,5V,XU.UNIDOS POR LA DIGNIDAD,306. FRESIA MARGARITA HERNANDEZ HERNANDEZ,PDC,11.0,True
1093843,LITUECHE,LITUECHE,LICEO EL ROSARIO DE LITUECHE,5V,XU.UNIDOS POR LA DIGNIDAD,307. RICARDO EUSEBIO VALERIA MATUS,PDC,9.0,False
1093844,LITUECHE,LITUECHE,LICEO EL ROSARIO DE LITUECHE,5V,XU.UNIDOS POR LA DIGNIDAD,308. CLAUDIA ALEJANDRA DONOSO DONOSO,PDC,27.0,True
1093845,LITUECHE,LITUECHE,LICEO EL ROSARIO DE LITUECHE,5V,XU.UNIDOS POR LA DIGNIDAD,309. CATALINA NAVARRO MONTENEGRO,IND,0.0,False
1093846,LITUECHE,LITUECHE,LICEO EL ROSARIO DE LITUECHE,5V,YW.UNIDAD POR EL APRUEBO PS PPD E INDEPENDIENTES,310. FABRIZIO ESTEBAN CACERES ABARCA,IND,4.0,False
1093847,LITUECHE,LITUECHE,LICEO EL ROSARIO DE LITUECHE,5V,YW.UNIDAD POR EL APRUEBO PS PPD E INDEPENDIENTES,311. CESAR MEZA MEJIAS,IND,15.0,False
1093848,LITUECHE,LITUECHE,LICEO EL ROSARIO DE LITUECHE,5V,YW.UNIDAD POR EL APRUEBO PS PPD E INDEPENDIENTES,312. MAURICIO MUÑOZ BRIONES,IND,3.0,False
1093849,LITUECHE,LITUECHE,LICEO EL ROSARIO DE LITUECHE,5V,YW.UNIDAD POR EL APRUEBO PS PPD E INDEPENDIENTES,313. JULIO FUENTES PEÑA,IND,4.0,False
1093850,LITUECHE,LITUECHE,LICEO EL ROSARIO DE LITUECHE,5V,YW.UNIDAD POR EL APRUEBO PS PPD E INDEPENDIENTES,314. OSVALDO CASTRO MORENO,IND,4.0,False
1093851,LITUECHE,LITUECHE,LICEO EL ROSARIO DE LITUECHE,5V,YW.UNIDAD POR EL APRUEBO PS PPD E INDEPENDIENTES,315. JUVENAL VIDAL BECERRA,IND,15.0,False
1093852,LITUECHE,LITUECHE,LICEO EL ROSARIO DE LITUECHE,5V,ZG.CHILE VAMOS EVOPOLI - INDEPENDIENTES,316.  GABRIEL ECHEVERRIA RUBIO,EVOPOLI,23.0,True
1093853,LITUECHE,LITUECHE,LICEO EL ROSARIO DE LITUECHE,5V,ZG.CHILE VAMOS EVOPOLI - INDEPENDIENTES,317. ANTONIO ALFREDO VES GAETE,EVOPOLI,1.0,False
1093854,LITUECHE,LITUECHE,LICEO EL ROSARIO DE LITUECHE,5V,ZG.CHILE VAMOS EVOPOLI - INDEPENDIENTES,318. WILLIAMS FERNANDO DONOSO LISBOA,IND,8.0,False
1093855,LITUECHE,LITUECHE,LICEO EL ROSARIO DE LITUECHE,5V,ZJ.CHILE VAMOS UDI - INDEPENDIENTES,319. ROSENDO ANTONIO GALLEGUILLOS VALDENEGRO,UDI,40.0,True
1093856,LITUECHE,LITUECHE,LICEO EL ROSARIO DE LITUECHE,5V,ZJ.CHILE VAMOS UDI - INDEPENDIENTES,320. SARA PAOLA DAZA GALLARDO,IND,10.0,True
1093857,LITUECHE,LITUECHE,LICEO EL ROSARIO DE LITUECHE,5V,ZJ.CHILE VAMOS UDI - INDEPENDIENTES,321. NANCY ANDREA MADARIAGA HERNANDEZ,IND,9.0,False
1093858,LITUECHE,LITUECHE,LICEO EL ROSARIO DE LITUECHE,6V,M.CHILE DIGNO VERDE Y SOBERANO,300. CLAUDIA DEL CARMEN ARELLANO HIDALGO,IND,3.0,False
1093859,LITUECHE,LITUECHE,LICEO EL ROSARIO DE LITUECHE,6V,M.CHILE DIGNO VERDE Y SOBERANO,301. HILDA ROSA YAÑEZ LISBOA,IND,7.0,True
1093860,LITUECHE,LITUECHE,LICEO EL ROSARIO DE LITUECHE,6V,M.CHILE DIGNO VERDE Y SOBERANO,302. LEONARDO DE LOS ANGELES CERDA CERDA,IND,6.0,False
1093861,LITUECHE,LITUECHE,LICEO EL ROSARIO DE LITUECHE,6V,M.CHILE DIGNO VERDE Y SOBERANO,303. RENE ALEJANDRO SANTANDER DONOSO,IND,6.0,False
1093862,LITUECHE,LITUECHE,LICEO EL ROSARIO DE LITUECHE,6V,M.CHILE DIGNO VERDE Y SOBERANO,304. PATRICIO GERARDO FERNANDEZ TAPIA,IND,5.0,False
1093863,LITUECHE,LITUECHE,LICEO EL ROSARIO DE LITUECHE,6V,M.CHILE DIGNO VERDE Y SOBERANO,305. CLAUDIO PATRICIO SOTO DONOSO,IND,10.0,False
1093864,LITUECHE,LITUECHE,LICEO EL ROSARIO DE LITUECHE,6V,XU.UNIDOS POR LA DIGNIDAD,306. FRESIA MARGARITA HERNANDEZ HERNANDEZ,PDC,5.0,True
1093865,LITUECHE,LITUECHE,LICEO EL ROSARIO DE LITUECHE,6V,XU.UNIDOS POR LA DIGNIDAD,307. RICARDO EUSEBIO VALERIA MATUS,PDC,3.0,False
1093866,LITUECHE,LITUECHE,LICEO EL ROSARIO DE LITUECHE,6V,XU.UNIDOS POR LA DIGNIDAD,308. CLAUDIA ALEJANDRA DONOSO DONOSO,PDC,28.0,True
1093867,LITUECHE,LITUECHE,LICEO EL ROSARIO DE LITUECHE,6V,XU.UNIDOS POR LA DIGNIDAD,309. CATALINA NAVARRO MONTENEGRO,IND,3.0,False
1093868,LITUECHE,LITUECHE,LICEO EL ROSARIO DE LITUECHE,6V,YW.UNIDAD POR EL APRUEBO PS PPD E INDEPENDIENTES,310. FABRIZIO ESTEBAN CACERES ABARCA,IND,4.0,False
1093869,LITUECHE,LITUECHE,LICEO EL ROSARIO DE LITUECHE,6V,YW.UNIDAD POR EL APRUEBO PS PPD E INDEPENDIENTES,311. CESAR MEZA MEJIAS,IND,0.0,False
1093870,LITUECHE,LITUECHE,LICEO EL ROSARIO DE LITUECHE,6V,YW.UNIDAD POR EL APRUEBO PS PPD E INDEPENDIENTES,312. MAURICIO MUÑOZ BRIONES,IND,1.0,False
1093871,LITUECHE,LITUECHE,LICEO EL ROSARIO DE LITUECHE,6V,YW.UNIDAD POR EL APRUEBO PS PPD E INDEPENDIENTES,313. JULIO FUENTES PEÑA,IND,0.0,False
1093872,LITUECHE,LITUECHE,LICEO EL ROSARIO DE LITUECHE,6V,YW.UNIDAD POR EL APRUEBO PS PPD E INDEPENDIENTES,314. OSVALDO CASTRO MORENO,IND,3.0,False
1093873,LITUECHE,LITUECHE,LICEO EL ROSARIO DE LITUECHE,6V,YW.UNIDAD POR EL APRUEBO PS PPD E INDEPENDIENTES,315. JUVENAL VIDAL BECERRA,IND,3.0,False
1093874,LITUECHE,LITUECHE,LICEO EL ROSARIO DE LITUECHE,6V,ZG.CHILE VAMOS EVOPOLI - INDEPENDIENTES,316.  GABRIEL ECHEVERRIA RUBIO,EVOPOLI,16.0,True
1093875,LITUECHE,LITUECHE,LICEO EL ROSARIO DE LITUECHE,6V,ZG.CHILE VAMOS EVOPOLI - INDEPENDIENTES,317. ANTONIO ALFREDO VES GAETE,EVOPOLI,0.0,False
1093876,LITUECHE,LITUECHE,LICEO EL ROSARIO DE LITUECHE,6V,ZG.CHILE VAMOS EVOPOLI - INDEPENDIENTES,318. WILLIAMS FERNANDO DONOSO LISBOA,IND,5.0,False
1093877,LITUECHE,LITUECHE,LICEO EL ROSARIO DE LITUECHE,6V,ZJ.CHILE VAMOS UDI - INDEPENDIENTES,319. ROSENDO ANTONIO GALLEGUILLOS VALDENEGRO,UDI,44.0,True
1093878,LITUECHE,LITUECHE,LICEO EL ROSARIO DE LITUECHE,6V,ZJ.CHILE VAMOS UDI - INDEPENDIENTES,320. SARA PAOLA DAZA GALLARDO,IND,10.0,True
1093879,LITUECHE,LITUECHE,LICEO EL ROSARIO DE LITUECHE,6V,ZJ.CHILE VAMOS UDI - INDEPENDIENTES,321. NANCY ANDREA MADARIAGA HERNANDEZ,IND,7.0,False
1093880,LITUECHE,LITUECHE,LICEO EL ROSARIO DE LITUECHE,7V,M.CHILE DIGNO VERDE Y SOBERANO,300. CLAUDIA DEL CARMEN ARELLANO HIDALGO,IND,6.0,False
1093881,LITUECHE,LITUECHE,LICEO EL ROSARIO DE LITUECHE,7V,M.CHILE DIGNO VERDE Y SOBERANO,301. HILDA ROSA YAÑEZ LISBOA,IND,8.0,True
1093882,LITUECHE,LITUECHE,LICEO EL ROSARIO DE LITUECHE,7V,M.CHILE DIGNO VERDE Y SOBERANO,302. LEONARDO DE LOS ANGELES CERDA CERDA,IND,1.0,False
1093883,LITUECHE,LITUECHE,LICEO EL ROSARIO DE LITUECHE,7V,M.CHILE DIGNO VERDE Y SOBERANO,303. RENE ALEJANDRO SANTANDER DONOSO,IND,8.0,False
1093884,LITUECHE,LITUECHE,LICEO EL ROSARIO DE LITUECHE,7V,M.CHILE DIGNO VERDE Y SOBERANO,304. PATRICIO GERARDO FERNANDEZ TAPIA,IND,9.0,False
1093885,LITUECHE,LITUECHE,LICEO EL ROSARIO DE LITUECHE,7V,M.CHILE DIGNO VERDE Y SOBERANO,305. CLAUDIO PATRICIO SOTO DONOSO,IND,8.0,False
1093886,LITUECHE,LITUECHE,LICEO EL ROSARIO DE LITUECHE,7V,XU.UNIDOS POR LA DIGNIDAD,306. FRESIA MARGARITA HERNANDEZ HERNANDEZ,PDC,10.0,True
1093887,LITUECHE,LITUECHE,LICEO EL ROSARIO DE LITUECHE,7V,XU.UNIDOS POR LA DIGNIDAD,307. RICARDO EUSEBIO VALERIA MATUS,PDC,8.0,False
1093888,LITUECHE,LITUECHE,LICEO EL ROSARIO DE LITUECHE,7V,XU.UNIDOS POR LA DIGNIDAD,308. CLAUDIA ALEJANDRA DONOSO DONOSO,PDC,25.0,True
1093889,LITUECHE,LITUECHE,LICEO EL ROSARIO DE LITUECHE,7V,XU.UNIDOS POR LA DIGNIDAD,309. CATALINA NAVARRO MONTENEGRO,IND,1.0,False
1093890,LITUECHE,LITUECHE,LICEO EL ROSARIO DE LITUECHE,7V,YW.UNIDAD POR EL APRUEBO PS PPD E INDEPENDIENTES,310. FABRIZIO ESTEBAN CACERES ABARCA,IND,2.0,False
1093891,LITUECHE,LITUECHE,LICEO EL ROSARIO DE LITUECHE,7V,YW.UNIDAD POR EL APRUEBO PS PPD E INDEPENDIENTES,311. CESAR MEZA MEJIAS,IND,2.0,False
1093892,LITUECHE,LITUECHE,LICEO EL ROSARIO DE LITUECHE,7V,YW.UNIDAD POR EL APRUEBO PS PPD E INDEPENDIENTES,312. MAURICIO MUÑOZ BRIONES,IND,1.0,False
1093893,LITUECHE,LITUECHE,LICEO EL ROSARIO DE LITUECHE,7V,YW.UNIDAD POR EL APRUEBO PS PPD E INDEPENDIENTES,313. JULIO FUENTES PEÑA,IND,2.0,False
1093894,LITUECHE,LITUECHE,LICEO EL ROSARIO DE LITUECHE,7V,YW.UNIDAD POR EL APRUEBO PS PPD E INDEPENDIENTES,314. OSVALDO CASTRO MORENO,IND,2.0,False
1093895,LITUECHE,LITUECHE,LICEO EL ROSARIO DE LITUECHE,7V,YW.UNIDAD POR EL APRUEBO PS PPD E INDEPENDIENTES,315. JUVENAL VIDAL BECERRA,IND,1.0,False
1093896,LITUECHE,LITUECHE,LICEO EL ROSARIO DE LITUECHE,7V,ZG.CHILE VAMOS EVOPOLI - INDEPENDIENTES,316.  GABRIEL ECHEVERRIA RUBIO,EVOPOLI,27.0,True
1093897,LITUECHE,LITUECHE,LICEO EL ROSARIO DE LITUECHE,7V,ZG.CHILE VAMOS EVOPOLI - INDEPENDIENTES,317. ANTONIO ALFREDO VES GAETE,EVOPOLI,0.0,False
1093898,LITUECHE,LITUECHE,LICEO EL ROSARIO DE LITUECHE,7V,ZG.CHILE VAMOS EVOPOLI - INDEPENDIENTES,318. WILLIAMS FERNANDO DONOSO LISBOA,IND,12.0,False
1093899,LITUECHE,LITUECHE,LICEO EL ROSARIO DE LITUECHE,7V,ZJ.CHILE VAMOS UDI - INDEPENDIENTES,319. ROSENDO ANTONIO GALLEGUILLOS VALDENEGRO,UDI,39.0,True
1093900,LITUECHE,LITUECHE,LICEO EL ROSARIO DE LITUECHE,7V,ZJ.CHILE VAMOS UDI - INDEPENDIENTES,320. SARA PAOLA DAZA GALLARDO,IND,15.0,True
1093901,LITUECHE,LITUECHE,LICEO EL ROSARIO DE LITUECHE,7V,ZJ.CHILE VAMOS UDI - INDEPENDIENTES,321. NANCY ANDREA MADARIAGA HERNANDEZ,IND,5.0,False
1093902,LITUECHE,LITUECHE,LICEO EL ROSARIO DE LITUECHE,8V,M.CHILE DIGNO VERDE Y SOBERANO,300. CLAUDIA DEL CARMEN ARELLANO HIDALGO,IND,4.0,False
1093903,LITUECHE,LITUECHE,LICEO EL ROSARIO DE LITUECHE,8V,M.CHILE DIGNO VERDE Y SOBERANO,301. HILDA ROSA YAÑEZ LISBOA,IND,14.0,True
1093904,LITUECHE,LITUECHE,LICEO EL ROSARIO DE LITUECHE,8V,M.CHILE DIGNO VERDE Y SOBERANO,302. LEONARDO DE LOS ANGELES CERDA CERDA,IND,4.0,False
1093905,LITUECHE,LITUECHE,LICEO EL ROSARIO DE LITUECHE,8V,M.CHILE DIGNO VERDE Y SOBERANO,303. RENE ALEJANDRO SANTANDER DONOSO,IND,12.0,False
1093906,LITUECHE,LITUECHE,LICEO EL ROSARIO DE LITUECHE,8V,M.CHILE DIGNO VERDE Y SOBERANO,304. PATRICIO GERARDO FERNANDEZ TAPIA,IND,4.0,False
1093907,LITUECHE,LITUECHE,LICEO EL ROSARIO DE LITUECHE,8V,M.CHILE DIGNO VERDE Y SOBERANO,305. CLAUDIO PATRICIO SOTO DONOSO,IND,5.0,False
1093908,LITUECHE,LITUECHE,LICEO EL ROSARIO DE LITUECHE,8V,XU.UNIDOS POR LA DIGNIDAD,306. FRESIA MARGARITA HERNANDEZ HERNANDEZ,PDC,11.0,True
1093909,LITUECHE,LITUECHE,LICEO EL ROSARIO DE LITUECHE,8V,XU.UNIDOS POR LA DIGNIDAD,307. RICARDO EUSEBIO VALERIA MATUS,PDC,12.0,False
1093910,LITUECHE,LITUECHE,LICEO EL ROSARIO DE LITUECHE,8V,XU.UNIDOS POR LA DIGNIDAD,308. CLAUDIA ALEJANDRA DONOSO DONOSO,PDC,17.0,True
1093911,LITUECHE,LITUECHE,LICEO EL ROSARIO DE LITUECHE,8V,XU.UNIDOS POR LA DIGNIDAD,309. CATALINA NAVARRO MONTENEGRO,IND,1.0,False
1093912,LITUECHE,LITUECHE,LICEO EL ROSARIO DE LITUECHE,8V,YW.UNIDAD POR EL APRUEBO PS PPD E INDEPENDIENTES,310. FABRIZIO ESTEBAN CACERES ABARCA,IND,1.0,False
1093913,LITUECHE,LITUECHE,LICEO EL ROSARIO DE LITUECHE,8V,YW.UNIDAD POR EL APRUEBO PS PPD E INDEPENDIENTES,311. CESAR MEZA MEJIAS,IND,1.0,False
1093914,LITUECHE,LITUECHE,LICEO EL ROSARIO DE LITUECHE,8V,YW.UNIDAD POR EL APRUEBO PS PPD E INDEPENDIENTES,312. MAURICIO MUÑOZ BRIONES,IND,4.0,False
1093915,LITUECHE,LITUECHE,LICEO EL ROSARIO DE LITUECHE,8V,YW.UNIDAD POR EL APRUEBO PS PPD E INDEPENDIENTES,313. JULIO FUENTES PEÑA,IND,0.0,False
1093916,LITUECHE,LITUECHE,LICEO EL ROSARIO DE LITUECHE,8V,YW.UNIDAD POR EL APRUEBO PS PPD E INDEPENDIENTES,314. OSVALDO CASTRO MORENO,IND,0.0,False
1093917,LITUECHE,LITUECHE,LICEO EL ROSARIO DE LITUECHE,8V,YW.UNIDAD POR EL APRUEBO PS PPD E INDEPENDIENTES,315. JUVENAL VIDAL BECERRA,IND,4.0,False
1093918,LITUECHE,LITUECHE,LICEO EL ROSARIO DE LITUECHE,8V,ZG.CHILE VAMOS EVOPOLI - INDEPENDIENTES,316.  GABRIEL ECHEVERRIA RUBIO,EVOPOLI,13.0,True
1093919,LITUECHE,LITUECHE,LICEO EL ROSARIO DE LITUECHE,8V,ZG.CHILE VAMOS EVOPOLI - INDEPENDIENTES,317. ANTONIO ALFREDO VES GAETE,EVOPOLI,1.0,False
1093920,LITUECHE,LITUECHE,LICEO EL ROSARIO DE LITUECHE,8V,ZG.CHILE VAMOS EVOPOLI - INDEPENDIENTES,318. WILLIAMS FERNANDO DONOSO LISBOA,IND,8.0,False
1093921,LITUECHE,LITUECHE,LICEO EL ROSARIO DE LITUECHE,8V,ZJ.CHILE VAMOS UDI - INDEPENDIENTES,319. ROSENDO ANTONIO GALLEGUILLOS VALDENEGRO,UDI,48.0,True
1093922,LITUECHE,LITUECHE,LICEO EL ROSARIO DE LITUECHE,8V,ZJ.CHILE VAMOS UDI - INDEPENDIENTES,320. SARA PAOLA DAZA GALLARDO,IND,12.0,True
1093923,LITUECHE,LITUECHE,LICEO EL ROSARIO DE LITUECHE,8V,ZJ.CHILE VAMOS UDI - INDEPENDIENTES,321. NANCY ANDREA MADARIAGA HERNANDEZ,IND,5.0,False
1093924,LITUECHE,LITUECHE,LICEO EL ROSARIO DE LITUECHE,9V,M.CHILE DIGNO VERDE Y SOBERANO,300. CLAUDIA DEL CARMEN ARELLANO HIDALGO,IND,4.0,False
1093925,LITUECHE,LITUECHE,LICEO EL ROSARIO DE LITUECHE,9V,M.CHILE DIGNO VERDE Y SOBERANO,301. HILDA ROSA YAÑEZ LISBOA,IND,7.0,True
1093926,LITUECHE,LITUECHE,LICEO EL ROSARIO DE LITUECHE,9V,M.CHILE DIGNO VERDE Y SOBERANO,302. LEONARDO DE LOS ANGELES CERDA CERDA,IND,6.0,False
1093927,LITUECHE,LITUECHE,LICEO EL ROSARIO DE LITUECHE,9V,M.CHILE DIGNO VERDE Y SOBERANO,303. RENE ALEJANDRO SANTANDER DONOSO,IND,9.0,False
1093928,LITUECHE,LITUECHE,LICEO EL ROSARIO DE LITUECHE,9V,M.CHILE DIGNO VERDE Y SOBERANO,304. PATRICIO GERARDO FERNANDEZ TAPIA,IND,6.0,False
1093929,LITUECHE,LITUECHE,LICEO EL ROSARIO DE LITUECHE,9V,M.CHILE DIGNO VERDE Y SOBERANO,305. CLAUDIO PATRICIO SOTO DONOSO,IND,9.0,False
1093930,LITUECHE,LITUECHE,LICEO EL ROSARIO DE LITUECHE,9V,XU.UNIDOS POR LA DIGNIDAD,306. FRESIA MARGARITA HERNANDEZ HERNANDEZ,PDC,2.0,True
1093931,LITUECHE,LITUECHE,LICEO EL ROSARIO DE LITUECHE,9V,XU.UNIDOS POR LA DIGNIDAD,307. RICARDO EUSEBIO VALERIA MATUS,PDC,6.0,False
1093932,LITUECHE,LITUECHE,LICEO EL ROSARIO DE LITUECHE,9V,XU.UNIDOS POR LA DIGNIDAD,308. CLAUDIA ALEJANDRA DONOSO DONOSO,PDC,23.0,True
1093933,LITUECHE,LITUECHE,LICEO EL ROSARIO DE LITUECHE,9V,XU.UNIDOS POR LA DIGNIDAD,309. CATALINA NAVARRO MONTENEGRO,IND,2.0,False
1093934,LITUECHE,LITUECHE,LICEO EL ROSARIO DE LITUECHE,9V,YW.UNIDAD POR EL APRUEBO PS PPD E INDEPENDIENTES,310. FABRIZIO ESTEBAN CACERES ABARCA,IND,2.0,False
1093935,LITUECHE,LITUECHE,LICEO EL ROSARIO DE LITUECHE,9V,YW.UNIDAD POR EL APRUEBO PS PPD E INDEPENDIENTES,311. CESAR MEZA MEJIAS,IND,0.0,False
1093936,LITUECHE,LITUECHE,LICEO EL ROSARIO DE LITUECHE,9V,YW.UNIDAD POR EL APRUEBO PS PPD E INDEPENDIENTES,312. MAURICIO MUÑOZ BRIONES,IND,0.0,False
1093937,LITUECHE,LITUECHE,LICEO EL ROSARIO DE LITUECHE,9V,YW.UNIDAD POR EL APRUEBO PS PPD E INDEPENDIENTES,313. JULIO FUENTES PEÑA,IND,1.0,False
1093938,LITUECHE,LITUECHE,LICEO EL ROSARIO DE LITUECHE,9V,YW.UNIDAD POR EL APRUEBO PS PPD E INDEPENDIENTES,314. OSVALDO CASTRO MORENO,IND,2.0,False
1093939,LITUECHE,LITUECHE,LICEO EL ROSARIO DE LITUECHE,9V,YW.UNIDAD POR EL APRUEBO PS PPD E INDEPENDIENTES,315. JUVENAL VIDAL BECERRA,IND,4.0,False
1093940,LITUECHE,LITUECHE,LICEO EL ROSARIO DE LITUECHE,9V,ZG.CHILE VAMOS EVOPOLI - INDEPENDIENTES,316.  GABRIEL ECHEVERRIA RUBIO,EVOPOLI,27.0,True
1093941,LITUECHE,LITUECHE,LICEO EL ROSARIO DE LITUECHE,9V,ZG.CHILE VAMOS EVOPOLI - INDEPENDIENTES,317. ANTONIO ALFREDO VES GAETE,EVOPOLI,0.0,False
1093942,LITUECHE,LITUECHE,LICEO EL ROSARIO DE LITUECHE,9V,ZG.CHILE VAMOS EVOPOLI - INDEPENDIENTES,318. WILLIAMS FERNANDO DONOSO LISBOA,IND,6.0,False
1093943,LITUECHE,LITUECHE,LICEO EL ROSARIO DE LITUECHE,9V,ZJ.CHILE VAMOS UDI - INDEPENDIENTES,319. ROSENDO ANTONIO GALLEGUILLOS VALDENEGRO,UDI,39.0,True
1093944,LITUECHE,LITUECHE,LICEO EL ROSARIO DE LITUECHE,9V,ZJ.CHILE VAMOS UDI - INDEPENDIENTES,320. SARA PAOLA DAZA GALLARDO,IND,15.0,True
1093945,LITUECHE,LITUECHE,LICEO EL ROSARIO DE LITUECHE,9V,ZJ.CHILE VAMOS UDI - INDEPENDIENTES,321. NANCY ANDREA MADARIAGA HERNANDEZ,IND,12.0,False
1093946,LITUECHE,LITUECHE,LICEO EL ROSARIO DE LITUECHE,10V,M.CHILE DIGNO VERDE Y SOBERANO,300. CLAUDIA DEL CARMEN ARELLANO HIDALGO,IND,5.0,False
1093947,LITUECHE,LITUECHE,LICEO EL ROSARIO DE LITUECHE,10V,M.CHILE DIGNO VERDE Y SOBERANO,301. HILDA ROSA YAÑEZ LISBOA,IND,5.0,True
1093948,LITUECHE,LITUECHE,LICEO EL ROSARIO DE LITUECHE,10V,M.CHILE DIGNO VERDE Y SOBERANO,302. LEONARDO DE LOS ANGELES CERDA CERDA,IND,4.0,False
1093949,LITUECHE,LITUECHE,LICEO EL ROSARIO DE LITUECHE,10V,M.CHILE DIGNO VERDE Y SOBERANO,303. RENE ALEJANDRO SANTANDER DONOSO,IND,10.0,False
1093950,LITUECHE,LITUECHE,LICEO EL ROSARIO DE LITUECHE,10V,M.CHILE DIGNO VERDE Y SOBERANO,304. PATRICIO GERARDO FERNANDEZ TAPIA,IND,5.0,False
1093951,LITUECHE,LITUECHE,LICEO EL ROSARIO DE LITUECHE,10V,M.CHILE DIGNO VERDE Y SOBERANO,305. CLAUDIO PATRICIO SOTO DONOSO,IND,10.0,False
1093952,LITUECHE,LITUECHE,LICEO EL ROSARIO DE LITUECHE,10V,XU.UNIDOS POR LA DIGNIDAD,306. FRESIA MARGARITA HERNANDEZ HERNANDEZ,PDC,4.0,True
1093953,LITUECHE,LITUECHE,LICEO EL ROSARIO DE LITUECHE,10V,XU.UNIDOS POR LA DIGNIDAD,307. RICARDO EUSEBIO VALERIA MATUS,PDC,7.0,False
1093954,LITUECHE,LITUECHE,LICEO EL ROSARIO DE LITUECHE,10V,XU.UNIDOS POR LA DIGNIDAD,308. CLAUDIA ALEJANDRA DONOSO DONOSO,PDC,27.0,True
1093955,LITUECHE,LITUECHE,LICEO EL ROSARIO DE LITUECHE,10V,XU.UNIDOS POR LA DIGNIDAD,309. CATALINA NAVARRO MONTENEGRO,IND,1.0,False
1093956,LITUECHE,LITUECHE,LICEO EL ROSARIO DE LITUECHE,10V,YW.UNIDAD POR EL APRUEBO PS PPD E INDEPENDIENTES,310. FABRIZIO ESTEBAN CACERES ABARCA,IND,0.0,False
1093957,LITUECHE,LITUECHE,LICEO EL ROSARIO DE LITUECHE,10V,YW.UNIDAD POR EL APRUEBO PS PPD E INDEPENDIENTES,311. CESAR MEZA MEJIAS,IND,3.0,False
1093958,LITUECHE,LITUECHE,LICEO EL ROSARIO DE LITUECHE,10V,YW.UNIDAD POR EL APRUEBO PS PPD E INDEPENDIENTES,312. MAURICIO MUÑOZ BRIONES,IND,2.0,False
1093959,LITUECHE,LITUECHE,LICEO EL ROSARIO DE LITUECHE,10V,YW.UNIDAD POR EL APRUEBO PS PPD E INDEPENDIENTES,313. JULIO FUENTES PEÑA,IND,1.0,False
1093960,LITUECHE,LITUECHE,LICEO EL ROSARIO DE LITUECHE,10V,YW.UNIDAD POR EL APRUEBO PS PPD E INDEPENDIENTES,314. OSVALDO CASTRO MORENO,IND,3.0,False
1093961,LITUECHE,LITUECHE,LICEO EL ROSARIO DE LITUECHE,10V,YW.UNIDAD POR EL APRUEBO PS PPD E INDEPENDIENTES,315. JUVENAL VIDAL BECERRA,IND,8.0,False
1093962,LITUECHE,LITUECHE,LICEO EL ROSARIO DE LITUECHE,10V,ZG.CHILE VAMOS EVOPOLI - INDEPENDIENTES,316.  GABRIEL ECHEVERRIA RUBIO,EVOPOLI,20.0,True
1093963,LITUECHE,LITUECHE,LICEO EL ROSARIO DE LITUECHE,10V,ZG.CHILE VAMOS EVOPOLI - INDEPENDIENTES,317. ANTONIO ALFREDO VES GAETE,EVOPOLI,0.0,False
1093964,LITUECHE,LITUECHE,LICEO EL ROSARIO DE LITUECHE,10V,ZG.CHILE VAMOS EVOPOLI - INDEPENDIENTES,318. WILLIAMS FERNANDO DONOSO LISBOA,IND,5.0,False
1093965,LITUECHE,LITUECHE,LICEO EL ROSARIO DE LITUECHE,10V,ZJ.CHILE VAMOS UDI - INDEPENDIENTES,319. ROSENDO ANTONIO GALLEGUILLOS VALDENEGRO,UDI,38.0,True
1093966,LITUECHE,LITUECHE,LICEO EL ROSARIO DE LITUECHE,10V,ZJ.CHILE VAMOS UDI - INDEPENDIENTES,320. SARA PAOLA DAZA GALLARDO,IND,10.0,True
1093967,LITUECHE,LITUECHE,LICEO EL ROSARIO DE LITUECHE,10V,ZJ.CHILE VAMOS UDI - INDEPENDIENTES,321. NANCY ANDREA MADARIAGA HERNANDEZ,IND,8.0,False
1093968,LITUECHE,LITUECHE,LICEO EL ROSARIO DE LITUECHE,11V,M.CHILE DIGNO VERDE Y SOBERANO,300. CLAUDIA DEL CARMEN ARELLANO HIDALGO,IND,4.0,False
1093969,LITUECHE,LITUECHE,LICEO EL ROSARIO DE LITUECHE,11V,M.CHILE DIGNO VERDE Y SOBERANO,301. HILDA ROSA YAÑEZ LISBOA,IND,9.0,True
1093970,LITUECHE,LITUECHE,LICEO EL ROSARIO DE LITUECHE,11V,M.CHILE DIGNO VERDE Y SOBERANO,302. LEONARDO DE LOS ANGELES CERDA CERDA,IND,2.0,False
1093971,LITUECHE,LITUECHE,LICEO EL ROSARIO DE LITUECHE,11V,M.CHILE DIGNO VERDE Y SOBERANO,303. RENE ALEJANDRO SANTANDER DONOSO,IND,13.0,False
1093972,LITUECHE,LITUECHE,LICEO EL ROSARIO DE LITUECHE,11V,M.CHILE DIGNO VERDE Y SOBERANO,304. PATRICIO GERARDO FERNANDEZ TAPIA,IND,5.0,False
1093973,LITUECHE,LITUECHE,LICEO EL ROSARIO DE LITUECHE,11V,M.CHILE DIGNO VERDE Y SOBERANO,305. CLAUDIO PATRICIO SOTO DONOSO,IND,5.0,False
1093974,LITUECHE,LITUECHE,LICEO EL ROSARIO DE LITUECHE,11V,XU.UNIDOS POR LA DIGNIDAD,306. FRESIA MARGARITA HERNANDEZ HERNANDEZ,PDC,4.0,True
1093975,LITUECHE,LITUECHE,LICEO EL ROSARIO DE LITUECHE,11V,XU.UNIDOS POR LA DIGNIDAD,307. RICARDO EUSEBIO VALERIA MATUS,PDC,2.0,False
1093976,LITUECHE,LITUECHE,LICEO EL ROSARIO DE LITUECHE,11V,XU.UNIDOS POR LA DIGNIDAD,308. CLAUDIA ALEJANDRA DONOSO DONOSO,PDC,19.0,True
1093977,LITUECHE,LITUECHE,LICEO EL ROSARIO DE LITUECHE,11V,XU.UNIDOS POR LA DIGNIDAD,309. CATALINA NAVARRO MONTENEGRO,IND,0.0,False
1093978,LITUECHE,LITUECHE,LICEO EL ROSARIO DE LITUECHE,11V,YW.UNIDAD POR EL APRUEBO PS PPD E INDEPENDIENTES,310. FABRIZIO ESTEBAN CACERES ABARCA,IND,0.0,False
1093979,LITUECHE,LITUECHE,LICEO EL ROSARIO DE LITUECHE,11V,YW.UNIDAD POR EL APRUEBO PS PPD E INDEPENDIENTES,311. CESAR MEZA MEJIAS,IND,0.0,False
1093980,LITUECHE,LITUECHE,LICEO EL ROSARIO DE LITUECHE,11V,YW.UNIDAD POR EL APRUEBO PS PPD E INDEPENDIENTES,312. MAURICIO MUÑOZ BRIONES,IND,2.0,False
1093981,LITUECHE,LITUECHE,LICEO EL ROSARIO DE LITUECHE,11V,YW.UNIDAD POR EL APRUEBO PS PPD E INDEPENDIENTES,313. JULIO FUENTES PEÑA,IND,4.0,False
1093982,LITUECHE,LITUECHE,LICEO EL ROSARIO DE LITUECHE,11V,YW.UNIDAD POR EL APRUEBO PS PPD E INDEPENDIENTES,314. OSVALDO CASTRO MORENO,IND,3.0,False
1093983,LITUECHE,LITUECHE,LICEO EL ROSARIO DE LITUECHE,11V,YW.UNIDAD POR EL APRUEBO PS PPD E INDEPENDIENTES,315. JUVENAL VIDAL BECERRA,IND,5.0,False
1093984,LITUECHE,LITUECHE,LICEO EL ROSARIO DE LITUECHE,11V,ZG.CHILE VAMOS EVOPOLI - INDEPENDIENTES,316.  GABRIEL ECHEVERRIA RUBIO,EVOPOLI,9.0,True
1093985,LITUECHE,LITUECHE,LICEO EL ROSARIO DE LITUECHE,11V,ZG.CHILE VAMOS EVOPOLI - INDEPENDIENTES,317. ANTONIO ALFREDO VES GAETE,EVOPOLI,0.0,False
1093986,LITUECHE,LITUECHE,LICEO EL ROSARIO DE LITUECHE,11V,ZG.CHILE VAMOS EVOPOLI - INDEPENDIENTES,318. WILLIAMS FERNANDO DONOSO LISBOA,IND,3.0,False
1093987,LITUECHE,LITUECHE,LICEO EL ROSARIO DE LITUECHE,11V,ZJ.CHILE VAMOS UDI - INDEPENDIENTES,319. ROSENDO ANTONIO GALLEGUILLOS VALDENEGRO,UDI,27.0,True
1093988,LITUECHE,LITUECHE,LICEO EL ROSARIO DE LITUECHE,11V,ZJ.CHILE VAMOS UDI - INDEPENDIENTES,320. SARA PAOLA DAZA GALLARDO,IND,4.0,True
1093989,LITUECHE,LITUECHE,LICEO EL ROSARIO DE LITUECHE,11V,ZJ.CHILE VAMOS UDI - INDEPENDIENTES,321. NANCY ANDREA MADARIAGA HERNANDEZ,IND,3.0,False
1093990,LITUECHE,LITUECHE,LICEO EL ROSARIO DE LITUECHE,12,M.CHILE DIGNO VERDE Y SOBERANO,300. CLAUDIA DEL CARMEN ARELLANO HIDALGO,IND,2.0,False
1093991,LITUECHE,LITUECHE,LICEO EL ROSARIO DE LITUECHE,12,M.CHILE DIGNO VERDE Y SOBERANO,301. HILDA ROSA YAÑEZ LISBOA,IND,6.0,True
1093992,LITUECHE,LITUECHE,LICEO EL ROSARIO DE LITUECHE,12,M.CHILE DIGNO VERDE Y SOBERANO,302. LEONARDO DE LOS ANGELES CERDA CERDA,IND,1.0,False
1093993,LITUECHE,LITUECHE,LICEO EL ROSARIO DE LITUECHE,12,M.CHILE DIGNO VERDE Y SOBERANO,303. RENE ALEJANDRO SANTANDER DONOSO,IND,9.0,False
1093994,LITUECHE,LITUECHE,LICEO EL ROSARIO DE LITUECHE,12,M.CHILE DIGNO VERDE Y SOBERANO,304. PATRICIO GERARDO FERNANDEZ TAPIA,IND,1.0,False
1093995,LITUECHE,LITUECHE,LICEO EL ROSARIO DE LITUECHE,12,M.CHILE DIGNO VERDE Y SOBERANO,305. CLAUDIO PATRICIO SOTO DONOSO,IND,6.0,False
1093996,LITUECHE,LITUECHE,LICEO EL ROSARIO DE LITUECHE,12,XU.UNIDOS POR LA DIGNIDAD,306. FRESIA MARGARITA HERNANDEZ HERNANDEZ,PDC,7.0,True
1093997,LITUECHE,LITUECHE,LICEO EL ROSARIO DE LITUECHE,12,XU.UNIDOS POR LA DIGNIDAD,307. RICARDO EUSEBIO VALERIA MATUS,PDC,2.0,False
1093998,LITUECHE,LITUECHE,LICEO EL ROSARIO DE LITUECHE,12,XU.UNIDOS POR LA DIGNIDAD,308. CLAUDIA ALEJANDRA DONOSO DONOSO,PDC,18.0,True
1093999,LITUECHE,LITUECHE,LICEO EL ROSARIO DE LITUECHE,12,XU.UNIDOS POR LA DIGNIDAD,309. CATALINA NAVARRO MONTENEGRO,IND,0.0,False
1094000,LITUECHE,LITUECHE,LICEO EL ROSARIO DE LITUECHE,12,YW.UNIDAD POR EL APRUEBO PS PPD E INDEPENDIENTES,310. FABRIZIO ESTEBAN CACERES ABARCA,IND,1.0,False
1094001,LITUECHE,LITUECHE,LICEO EL ROSARIO DE LITUECHE,12,YW.UNIDAD POR EL APRUEBO PS PPD E INDEPENDIENTES,311. CESAR MEZA MEJIAS,IND,1.0,False
1094002,LITUECHE,LITUECHE,LICEO EL ROSARIO DE LITUECHE,12,YW.UNIDAD POR EL APRUEBO PS PPD E INDEPENDIENTES,312. MAURICIO MUÑOZ BRIONES,IND,4.0,False
1094003,LITUECHE,LITUECHE,LICEO EL ROSARIO DE LITUECHE,12,YW.UNIDAD POR EL APRUEBO PS PPD E INDEPENDIENTES,313. JULIO FUENTES PEÑA,IND,2.0,False
1094004,LITUECHE,LITUECHE,LICEO EL ROSARIO DE LITUECHE,12,YW.UNIDAD POR EL APRUEBO PS PPD E INDEPENDIENTES,314. OSVALDO CASTRO MORENO,IND,0.0,False
1094005,LITUECHE,LITUECHE,LICEO EL ROSARIO DE LITUECHE,12,YW.UNIDAD POR EL APRUEBO PS PPD E INDEPENDIENTES,315. JUVENAL VIDAL BECERRA,IND,4.0,False
1094006,LITUECHE,LITUECHE,LICEO EL ROSARIO DE LITUECHE,12,ZG.CHILE VAMOS EVOPOLI - INDEPENDIENTES,316.  GABRIEL ECHEVERRIA RUBIO,EVOPOLI,6.0,True
1094007,LITUECHE,LITUECHE,LICEO EL ROSARIO DE LITUECHE,12,ZG.CHILE VAMOS EVOPOLI - INDEPENDIENTES,317. ANTONIO ALFREDO VES GAETE,EVOPOLI,0.0,False
1094008,LITUECHE,LITUECHE,LICEO EL ROSARIO DE LITUECHE,12,ZG.CHILE VAMOS EVOPOLI - INDEPENDIENTES,318. WILLIAMS FERNANDO DONOSO LISBOA,IND,9.0,False
1094009,LITUECHE,LITUECHE,LICEO EL ROSARIO DE LITUECHE,12,ZJ.CHILE VAMOS UDI - INDEPENDIENTES,319. ROSENDO ANTONIO GALLEGUILLOS VALDENEGRO,UDI,27.0,True
1094010,LITUECHE,LITUECHE,LICEO EL ROSARIO DE LITUECHE,12,ZJ.CHILE VAMOS UDI - INDEPENDIENTES,320. SARA PAOLA DAZA GALLARDO,IND,7.0,True
1094011,LITUECHE,LITUECHE,LICEO EL ROSARIO DE LITUECHE,12,ZJ.CHILE VAMOS UDI - INDEPENDIENTES,321. NANCY ANDREA MADARIAGA HERNANDEZ,IND,5.0,False
1094012,LITUECHE,LITUECHE,LICEO EL ROSARIO DE LITUECHE,13,M.CHILE DIGNO VERDE Y SOBERANO,300. CLAUDIA DEL CARMEN ARELLANO HIDALGO,IND,6.0,False
1094013,LITUECHE,LITUECHE,LICEO EL ROSARIO DE LITUECHE,13,M.CHILE DIGNO VERDE Y SOBERANO,301. HILDA ROSA YAÑEZ LISBOA,IND,9.0,True
1094014,LITUECHE,LITUECHE,LICEO EL ROSARIO DE LITUECHE,13,M.CHILE DIGNO VERDE Y SOBERANO,302. LEONARDO DE LOS ANGELES CERDA CERDA,IND,3.0,False
1094015,LITUECHE,LITUECHE,LICEO EL ROSARIO DE LITUECHE,13,M.CHILE DIGNO VERDE Y SOBERANO,303. RENE ALEJANDRO SANTANDER DONOSO,IND,11.0,False
1094016,LITUECHE,LITUECHE,LICEO EL ROSARIO DE LITUECHE,13,M.CHILE DIGNO VERDE Y SOBERANO,304. PATRICIO GERARDO FERNANDEZ TAPIA,IND,9.0,False
1094017,LITUECHE,LITUECHE,LICEO EL ROSARIO DE LITUECHE,13,M.CHILE DIGNO VERDE Y SOBERANO,305. CLAUDIO PATRICIO SOTO DONOSO,IND,7.0,False
1094018,LITUECHE,LITUECHE,LICEO EL ROSARIO DE LITUECHE,13,XU.UNIDOS POR LA DIGNIDAD,306. FRESIA MARGARITA HERNANDEZ HERNANDEZ,PDC,4.0,True
1094019,LITUECHE,LITUECHE,LICEO EL ROSARIO DE LITUECHE,13,XU.UNIDOS POR LA DIGNIDAD,307. RICARDO EUSEBIO VALERIA MATUS,PDC,3.0,False
1094020,LITUECHE,LITUECHE,LICEO EL ROSARIO DE LITUECHE,13,XU.UNIDOS POR LA DIGNIDAD,308. CLAUDIA ALEJANDRA DONOSO DONOSO,PDC,22.0,True
1094021,LITUECHE,LITUECHE,LICEO EL ROSARIO DE LITUECHE,13,XU.UNIDOS POR LA DIGNIDAD,309. CATALINA NAVARRO MONTENEGRO,IND,1.0,False
1094022,LITUECHE,LITUECHE,LICEO EL ROSARIO DE LITUECHE,13,YW.UNIDAD POR EL APRUEBO PS PPD E INDEPENDIENTES,310. FABRIZIO ESTEBAN CACERES ABARCA,IND,0.0,False
1094023,LITUECHE,LITUECHE,LICEO EL ROSARIO DE LITUECHE,13,YW.UNIDAD POR EL APRUEBO PS PPD E INDEPENDIENTES,311. CESAR MEZA MEJIAS,IND,4.0,False
1094024,LITUECHE,LITUECHE,LICEO EL ROSARIO DE LITUECHE,13,YW.UNIDAD POR EL APRUEBO PS PPD E INDEPENDIENTES,312. MAURICIO MUÑOZ BRIONES,IND,1.0,False
1094025,LITUECHE,LITUECHE,LICEO EL ROSARIO DE LITUECHE,13,YW.UNIDAD POR EL APRUEBO PS PPD E INDEPENDIENTES,313. JULIO FUENTES PEÑA,IND,2.0,False
1094026,LITUECHE,LITUECHE,LICEO EL ROSARIO DE LITUECHE,13,YW.UNIDAD POR EL APRUEBO PS PPD E INDEPENDIENTES,314. OSVALDO CASTRO MORENO,IND,2.0,False
1094027,LITUECHE,LITUECHE,LICEO EL ROSARIO DE LITUECHE,13,YW.UNIDAD POR EL APRUEBO PS PPD E INDEPENDIENTES,315. JUVENAL VIDAL BECERRA,IND,7.0,False
1094028,LITUECHE,LITUECHE,LICEO EL ROSARIO DE LITUECHE,13,ZG.CHILE VAMOS EVOPOLI - INDEPENDIENTES,316.  GABRIEL ECHEVERRIA RUBIO,EVOPOLI,8.0,True
1094029,LITUECHE,LITUECHE,LICEO EL ROSARIO DE LITUECHE,13,ZG.CHILE VAMOS EVOPOLI - INDEPENDIENTES,317. ANTONIO ALFREDO VES GAETE,EVOPOLI,0.0,False
1094030,LITUECHE,LITUECHE,LICEO EL ROSARIO DE LITUECHE,13,ZG.CHILE VAMOS EVOPOLI - INDEPENDIENTES,318. WILLIAMS FERNANDO DONOSO LISBOA,IND,6.0,False
1094031,LITUECHE,LITUECHE,LICEO EL ROSARIO DE LITUECHE,13,ZJ.CHILE VAMOS UDI - INDEPENDIENTES,319. ROSENDO ANTONIO GALLEGUILLOS VALDENEGRO,UDI,30.0,True
1094032,LITUECHE,LITUECHE,LICEO EL ROSARIO DE LITUECHE,13,ZJ.CHILE VAMOS UDI - INDEPENDIENTES,320. SARA PAOLA DAZA GALLARDO,IND,13.0,True
1094033,LITUECHE,LITUECHE,LICEO EL ROSARIO DE LITUECHE,13,ZJ.CHILE VAMOS UDI - INDEPENDIENTES,321. NANCY ANDREA MADARIAGA HERNANDEZ,IND,5.0,False
1094034,LITUECHE,LITUECHE,LICEO EL ROSARIO DE LITUECHE ANEXO,1M,M.CHILE DIGNO VERDE Y SOBERANO,300. CLAUDIA DEL CARMEN ARELLANO HIDALGO,IND,4.0,False
1094035,LITUECHE,LITUECHE,LICEO EL ROSARIO DE LITUECHE ANEXO,1M,M.CHILE DIGNO VERDE Y SOBERANO,301. HILDA ROSA YAÑEZ LISBOA,IND,13.0,True
1094036,LITUECHE,LITUECHE,LICEO EL ROSARIO DE LITUECHE ANEXO,1M,M.CHILE DIGNO VERDE Y SOBERANO,302. LEONARDO DE LOS ANGELES CERDA CERDA,IND,2.0,False
1094037,LITUECHE,LITUECHE,LICEO EL ROSARIO DE LITUECHE ANEXO,1M,M.CHILE DIGNO VERDE Y SOBERANO,303. RENE ALEJANDRO SANTANDER DONOSO,IND,10.0,False
1094038,LITUECHE,LITUECHE,LICEO EL ROSARIO DE LITUECHE ANEXO,1M,M.CHILE DIGNO VERDE Y SOBERANO,304. PATRICIO GERARDO FERNANDEZ TAPIA,IND,8.0,False
1094039,LITUECHE,LITUECHE,LICEO EL ROSARIO DE LITUECHE ANEXO,1M,M.CHILE DIGNO VERDE Y SOBERANO,305. CLAUDIO PATRICIO SOTO DONOSO,IND,2.0,False
1094040,LITUECHE,LITUECHE,LICEO EL ROSARIO DE LITUECHE ANEXO,1M,XU.UNIDOS POR LA DIGNIDAD,306. FRESIA MARGARITA HERNANDEZ HERNANDEZ,PDC,11.0,True
1094041,LITUECHE,LITUECHE,LICEO EL ROSARIO DE LITUECHE ANEXO,1M,XU.UNIDOS POR LA DIGNIDAD,307. RICARDO EUSEBIO VALERIA MATUS,PDC,4.0,False
1094042,LITUECHE,LITUECHE,LICEO EL ROSARIO DE LITUECHE ANEXO,1M,XU.UNIDOS POR LA DIGNIDAD,308. CLAUDIA ALEJANDRA DONOSO DONOSO,PDC,32.0,True
1094043,LITUECHE,LITUECHE,LICEO EL ROSARIO DE LITUECHE ANEXO,1M,XU.UNIDOS POR LA DIGNIDAD,309. CATALINA NAVARRO MONTENEGRO,IND,6.0,False
1094044,LITUECHE,LITUECHE,LICEO EL ROSARIO DE LITUECHE ANEXO,1M,YW.UNIDAD POR EL APRUEBO PS PPD E INDEPENDIENTES,310. FABRIZIO ESTEBAN CACERES ABARCA,IND,1.0,False
1094045,LITUECHE,LITUECHE,LICEO EL ROSARIO DE LITUECHE ANEXO,1M,YW.UNIDAD POR EL APRUEBO PS PPD E INDEPENDIENTES,311. CESAR MEZA MEJIAS,IND,1.0,False
1094046,LITUECHE,LITUECHE,LICEO EL ROSARIO DE LITUECHE ANEXO,1M,YW.UNIDAD POR EL APRUEBO PS PPD E INDEPENDIENTES,312. MAURICIO MUÑOZ BRIONES,IND,0.0,False
1094047,LITUECHE,LITUECHE,LICEO EL ROSARIO DE LITUECHE ANEXO,1M,YW.UNIDAD POR EL APRUEBO PS PPD E INDEPENDIENTES,313. JULIO FUENTES PEÑA,IND,1.0,False
1094048,LITUECHE,LITUECHE,LICEO EL ROSARIO DE LITUECHE ANEXO,1M,YW.UNIDAD POR EL APRUEBO PS PPD E INDEPENDIENTES,314. OSVALDO CASTRO MORENO,IND,3.0,False
1094049,LITUECHE,LITUECHE,LICEO EL ROSARIO DE LITUECHE ANEXO,1M,YW.UNIDAD POR EL APRUEBO PS PPD E INDEPENDIENTES,315. JUVENAL VIDAL BECERRA,IND,1.0,False
1094050,LITUECHE,LITUECHE,LICEO EL ROSARIO DE LITUECHE ANEXO,1M,ZG.CHILE VAMOS EVOPOLI - INDEPENDIENTES,316.  GABRIEL ECHEVERRIA RUBIO,EVOPOLI,22.0,True
1094051,LITUECHE,LITUECHE,LICEO EL ROSARIO DE LITUECHE ANEXO,1M,ZG.CHILE VAMOS EVOPOLI - INDEPENDIENTES,317. ANTONIO ALFREDO VES GAETE,EVOPOLI,0.0,False
1094052,LITUECHE,LITUECHE,LICEO EL ROSARIO DE LITUECHE ANEXO,1M,ZG.CHILE VAMOS EVOPOLI - INDEPENDIENTES,318. WILLIAMS FERNANDO DONOSO LISBOA,IND,7.0,False
1094053,LITUECHE,LITUECHE,LICEO EL ROSARIO DE LITUECHE ANEXO,1M,ZJ.CHILE VAMOS UDI - INDEPENDIENTES,319. ROSENDO ANTONIO GALLEGUILLOS VALDENEGRO,UDI,37.0,True
1094054,LITUECHE,LITUECHE,LICEO EL ROSARIO DE LITUECHE ANEXO,1M,ZJ.CHILE VAMOS UDI - INDEPENDIENTES,320. SARA PAOLA DAZA GALLARDO,IND,6.0,True
1094055,LITUECHE,LITUECHE,LICEO EL ROSARIO DE LITUECHE ANEXO,1M,ZJ.CHILE VAMOS UDI - INDEPENDIENTES,321. NANCY ANDREA MADARIAGA HERNANDEZ,IND,7.0,False
1094056,LITUECHE,LITUECHE,LICEO EL ROSARIO DE LITUECHE ANEXO,2M,M.CHILE DIGNO VERDE Y SOBERANO,300. CLAUDIA DEL CARMEN ARELLANO HIDALGO,IND,4.0,False
1094057,LITUECHE,LITUECHE,LICEO EL ROSARIO DE LITUECHE ANEXO,2M,M.CHILE DIGNO VERDE Y SOBERANO,301. HILDA ROSA YAÑEZ LISBOA,IND,14.0,True
1094058,LITUECHE,LITUECHE,LICEO EL ROSARIO DE LITUECHE ANEXO,2M,M.CHILE DIGNO VERDE Y SOBERANO,302. LEONARDO DE LOS ANGELES CERDA CERDA,IND,6.0,False
1094059,LITUECHE,LITUECHE,LICEO EL ROSARIO DE LITUECHE ANEXO,2M,M.CHILE DIGNO VERDE Y SOBERANO,303. RENE ALEJANDRO SANTANDER DONOSO,IND,8.0,False
1094060,LITUECHE,LITUECHE,LICEO EL ROSARIO DE LITUECHE ANEXO,2M,M.CHILE DIGNO VERDE Y SOBERANO,304. PATRICIO GERARDO FERNANDEZ TAPIA,IND,0.0,False
1094061,LITUECHE,LITUECHE,LICEO EL ROSARIO DE LITUECHE ANEXO,2M,M.CHILE DIGNO VERDE Y SOBERANO,305. CLAUDIO PATRICIO SOTO DONOSO,IND,6.0,False
1094062,LITUECHE,LITUECHE,LICEO EL ROSARIO DE LITUECHE ANEXO,2M,XU.UNIDOS POR LA DIGNIDAD,306. FRESIA MARGARITA HERNANDEZ HERNANDEZ,PDC,4.0,True
1094063,LITUECHE,LITUECHE,LICEO EL ROSARIO DE LITUECHE ANEXO,2M,XU.UNIDOS POR LA DIGNIDAD,307. RICARDO EUSEBIO VALERIA MATUS,PDC,10.0,False
1094064,LITUECHE,LITUECHE,LICEO EL ROSARIO DE LITUECHE ANEXO,2M,XU.UNIDOS POR LA DIGNIDAD,308. CLAUDIA ALEJANDRA DONOSO DONOSO,PDC,31.0,True
1094065,LITUECHE,LITUECHE,LICEO EL ROSARIO DE LITUECHE ANEXO,2M,XU.UNIDOS POR LA DIGNIDAD,309. CATALINA NAVARRO MONTENEGRO,IND,4.0,False
1094066,LITUECHE,LITUECHE,LICEO EL ROSARIO DE LITUECHE ANEXO,2M,YW.UNIDAD POR EL APRUEBO PS PPD E INDEPENDIENTES,310. FABRIZIO ESTEBAN CACERES ABARCA,IND,4.0,False
1094067,LITUECHE,LITUECHE,LICEO EL ROSARIO DE LITUECHE ANEXO,2M,YW.UNIDAD POR EL APRUEBO PS PPD E INDEPENDIENTES,311. CESAR MEZA MEJIAS,IND,0.0,False
1094068,LITUECHE,LITUECHE,LICEO EL ROSARIO DE LITUECHE ANEXO,2M,YW.UNIDAD POR EL APRUEBO PS PPD E INDEPENDIENTES,312. MAURICIO MUÑOZ BRIONES,IND,0.0,False
1094069,LITUECHE,LITUECHE,LICEO EL ROSARIO DE LITUECHE ANEXO,2M,YW.UNIDAD POR EL APRUEBO PS PPD E INDEPENDIENTES,313. JULIO FUENTES PEÑA,IND,0.0,False
1094070,LITUECHE,LITUECHE,LICEO EL ROSARIO DE LITUECHE ANEXO,2M,YW.UNIDAD POR EL APRUEBO PS PPD E INDEPENDIENTES,314. OSVALDO CASTRO MORENO,IND,1.0,False
1094071,LITUECHE,LITUECHE,LICEO EL ROSARIO DE LITUECHE ANEXO,2M,YW.UNIDAD POR EL APRUEBO PS PPD E INDEPENDIENTES,315. JUVENAL VIDAL BECERRA,IND,4.0,False
1094072,LITUECHE,LITUECHE,LICEO EL ROSARIO DE LITUECHE ANEXO,2M,ZG.CHILE VAMOS EVOPOLI - INDEPENDIENTES,316.  GABRIEL ECHEVERRIA RUBIO,EVOPOLI,26.0,True
1094073,LITUECHE,LITUECHE,LICEO EL ROSARIO DE LITUECHE ANEXO,2M,ZG.CHILE VAMOS EVOPOLI - INDEPENDIENTES,317. ANTONIO ALFREDO VES GAETE,EVOPOLI,1.0,False
1094074,LITUECHE,LITUECHE,LICEO EL ROSARIO DE LITUECHE ANEXO,2M,ZG.CHILE VAMOS EVOPOLI - INDEPENDIENTES,318. WILLIAMS FERNANDO DONOSO LISBOA,IND,7.0,False
1094075,LITUECHE,LITUECHE,LICEO EL ROSARIO DE LITUECHE ANEXO,2M,ZJ.CHILE VAMOS UDI - INDEPENDIENTES,319. ROSENDO ANTONIO GALLEGUILLOS VALDENEGRO,UDI,44.0,True
1094076,LITUECHE,LITUECHE,LICEO EL ROSARIO DE LITUECHE ANEXO,2M,ZJ.CHILE VAMOS UDI - INDEPENDIENTES,320. SARA PAOLA DAZA GALLARDO,IND,14.0,True
1094077,LITUECHE,LITUECHE,LICEO EL ROSARIO DE LITUECHE ANEXO,2M,ZJ.CHILE VAMOS UDI - INDEPENDIENTES,321. NANCY ANDREA MADARIAGA HERNANDEZ,IND,3.0,False
1094078,LITUECHE,LITUECHE,LICEO EL ROSARIO DE LITUECHE ANEXO,3M,M.CHILE DIGNO VERDE Y SOBERANO,300. CLAUDIA DEL CARMEN ARELLANO HIDALGO,IND,1.0,False
1094079,LITUECHE,LITUECHE,LICEO EL ROSARIO DE LITUECHE ANEXO,3M,M.CHILE DIGNO VERDE Y SOBERANO,301. HILDA ROSA YAÑEZ LISBOA,IND,16.0,True
1094080,LITUECHE,LITUECHE,LICEO EL ROSARIO DE LITUECHE ANEXO,3M,M.CHILE DIGNO VERDE Y SOBERANO,302. LEONARDO DE LOS ANGELES CERDA CERDA,IND,2.0,False
1094081,LITUECHE,LITUECHE,LICEO EL ROSARIO DE LITUECHE ANEXO,3M,M.CHILE DIGNO VERDE Y SOBERANO,303. RENE ALEJANDRO SANTANDER DONOSO,IND,6.0,False
1094082,LITUECHE,LITUECHE,LICEO EL ROSARIO DE LITUECHE ANEXO,3M,M.CHILE DIGNO VERDE Y SOBERANO,304. PATRICIO GERARDO FERNANDEZ TAPIA,IND,6.0,False
1094083,LITUECHE,LITUECHE,LICEO EL ROSARIO DE LITUECHE ANEXO,3M,M.CHILE DIGNO VERDE Y SOBERANO,305. CLAUDIO PATRICIO SOTO DONOSO,IND,7.0,False
1094084,LITUECHE,LITUECHE,LICEO EL ROSARIO DE LITUECHE ANEXO,3M,XU.UNIDOS POR LA DIGNIDAD,306. FRESIA MARGARITA HERNANDEZ HERNANDEZ,PDC,8.0,True
1094085,LITUECHE,LITUECHE,LICEO EL ROSARIO DE LITUECHE ANEXO,3M,XU.UNIDOS POR LA DIGNIDAD,307. RICARDO EUSEBIO VALERIA MATUS,PDC,11.0,False
1094086,LITUECHE,LITUECHE,LICEO EL ROSARIO DE LITUECHE ANEXO,3M,XU.UNIDOS POR LA DIGNIDAD,308. CLAUDIA ALEJANDRA DONOSO DONOSO,PDC,25.0,True
1094087,LITUECHE,LITUECHE,LICEO EL ROSARIO DE LITUECHE ANEXO,3M,XU.UNIDOS POR LA DIGNIDAD,309. CATALINA NAVARRO MONTENEGRO,IND,1.0,False
1094088,LITUECHE,LITUECHE,LICEO EL ROSARIO DE LITUECHE ANEXO,3M,YW.UNIDAD POR EL APRUEBO PS PPD E INDEPENDIENTES,310. FABRIZIO ESTEBAN CACERES ABARCA,IND,0.0,False
1094089,LITUECHE,LITUECHE,LICEO EL ROSARIO DE LITUECHE ANEXO,3M,YW.UNIDAD POR EL APRUEBO PS PPD E INDEPENDIENTES,311. CESAR MEZA MEJIAS,IND,0.0,False
1094090,LITUECHE,LITUECHE,LICEO EL ROSARIO DE LITUECHE ANEXO,3M,YW.UNIDAD POR EL APRUEBO PS PPD E INDEPENDIENTES,312. MAURICIO MUÑOZ BRIONES,IND,1.0,False
1094091,LITUECHE,LITUECHE,LICEO EL ROSARIO DE LITUECHE ANEXO,3M,YW.UNIDAD POR EL APRUEBO PS PPD E INDEPENDIENTES,313. JULIO FUENTES PEÑA,IND,0.0,False
1094092,LITUECHE,LITUECHE,LICEO EL ROSARIO DE LITUECHE ANEXO,3M,YW.UNIDAD POR EL APRUEBO PS PPD E INDEPENDIENTES,314. OSVALDO CASTRO MORENO,IND,5.0,False
1094093,LITUECHE,LITUECHE,LICEO EL ROSARIO DE LITUECHE ANEXO,3M,YW.UNIDAD POR EL APRUEBO PS PPD E INDEPENDIENTES,315. JUVENAL VIDAL BECERRA,IND,6.0,False
1094094,LITUECHE,LITUECHE,LICEO EL ROSARIO DE LITUECHE ANEXO,3M,ZG.CHILE VAMOS EVOPOLI - INDEPENDIENTES,316.  GABRIEL ECHEVERRIA RUBIO,EVOPOLI,16.0,True
1094095,LITUECHE,LITUECHE,LICEO EL ROSARIO DE LITUECHE ANEXO,3M,ZG.CHILE VAMOS EVOPOLI - INDEPENDIENTES,317. ANTONIO ALFREDO VES GAETE,EVOPOLI,0.0,False
1094096,LITUECHE,LITUECHE,LICEO EL ROSARIO DE LITUECHE ANEXO,3M,ZG.CHILE VAMOS EVOPOLI - INDEPENDIENTES,318. WILLIAMS FERNANDO DONOSO LISBOA,IND,11.0,False
1094097,LITUECHE,LITUECHE,LICEO EL ROSARIO DE LITUECHE ANEXO,3M,ZJ.CHILE VAMOS UDI - INDEPENDIENTES,319. ROSENDO ANTONIO GALLEGUILLOS VALDENEGRO,UDI,44.0,True
1094098,LITUECHE,LITUECHE,LICEO EL ROSARIO DE LITUECHE ANEXO,3M,ZJ.CHILE VAMOS UDI - INDEPENDIENTES,320. SARA PAOLA DAZA GALLARDO,IND,15.0,True
1094099,LITUECHE,LITUECHE,LICEO EL ROSARIO DE LITUECHE ANEXO,3M,ZJ.CHILE VAMOS UDI - INDEPENDIENTES,321. NANCY ANDREA MADARIAGA HERNANDEZ,IND,10.0,False
1094100,LITUECHE,LITUECHE,LICEO EL ROSARIO DE LITUECHE ANEXO,4M,M.CHILE DIGNO VERDE Y SOBERANO,300. CLAUDIA DEL CARMEN ARELLANO HIDALGO,IND,3.0,False
1094101,LITUECHE,LITUECHE,LICEO EL ROSARIO DE LITUECHE ANEXO,4M,M.CHILE DIGNO VERDE Y SOBERANO,301. HILDA ROSA YAÑEZ LISBOA,IND,11.0,True
1094102,LITUECHE,LITUECHE,LICEO EL ROSARIO DE LITUECHE ANEXO,4M,M.CHILE DIGNO VERDE Y SOBERANO,302. LEONARDO DE LOS ANGELES CERDA CERDA,IND,6.0,False
1094103,LITUECHE,LITUECHE,LICEO EL ROSARIO DE LITUECHE ANEXO,4M,M.CHILE DIGNO VERDE Y SOBERANO,303. RENE ALEJANDRO SANTANDER DONOSO,IND,8.0,False
1094104,LITUECHE,LITUECHE,LICEO EL ROSARIO DE LITUECHE ANEXO,4M,M.CHILE DIGNO VERDE Y SOBERANO,304. PATRICIO GERARDO FERNANDEZ TAPIA,IND,5.0,False
1094105,LITUECHE,LITUECHE,LICEO EL ROSARIO DE LITUECHE ANEXO,4M,M.CHILE DIGNO VERDE Y SOBERANO,305. CLAUDIO PATRICIO SOTO DONOSO,IND,9.0,False
1094106,LITUECHE,LITUECHE,LICEO EL ROSARIO DE LITUECHE ANEXO,4M,XU.UNIDOS POR LA DIGNIDAD,306. FRESIA MARGARITA HERNANDEZ HERNANDEZ,PDC,5.0,True
1094107,LITUECHE,LITUECHE,LICEO EL ROSARIO DE LITUECHE ANEXO,4M,XU.UNIDOS POR LA DIGNIDAD,307. RICARDO EUSEBIO VALERIA MATUS,PDC,8.0,False
1094108,LITUECHE,LITUECHE,LICEO EL ROSARIO DE LITUECHE ANEXO,4M,XU.UNIDOS POR LA DIGNIDAD,308. CLAUDIA ALEJANDRA DONOSO DONOSO,PDC,22.0,True
1094109,LITUECHE,LITUECHE,LICEO EL ROSARIO DE LITUECHE ANEXO,4M,XU.UNIDOS POR LA DIGNIDAD,309. CATALINA NAVARRO MONTENEGRO,IND,2.0,False
1094110,LITUECHE,LITUECHE,LICEO EL ROSARIO DE LITUECHE ANEXO,4M,YW.UNIDAD POR EL APRUEBO PS PPD E INDEPENDIENTES,310. FABRIZIO ESTEBAN CACERES ABARCA,IND,1.0,False
1094111,LITUECHE,LITUECHE,LICEO EL ROSARIO DE LITUECHE ANEXO,4M,YW.UNIDAD POR EL APRUEBO PS PPD E INDEPENDIENTES,311. CESAR MEZA MEJIAS,IND,2.0,False
1094112,LITUECHE,LITUECHE,LICEO EL ROSARIO DE LITUECHE ANEXO,4M,YW.UNIDAD POR EL APRUEBO PS PPD E INDEPENDIENTES,312. MAURICIO MUÑOZ BRIONES,IND,2.0,False
1094113,LITUECHE,LITUECHE,LICEO EL ROSARIO DE LITUECHE ANEXO,4M,YW.UNIDAD POR EL APRUEBO PS PPD E INDEPENDIENTES,313. JULIO FUENTES PEÑA,IND,3.0,False
1094114,LITUECHE,LITUECHE,LICEO EL ROSARIO DE LITUECHE ANEXO,4M,YW.UNIDAD POR EL APRUEBO PS PPD E INDEPENDIENTES,314. OSVALDO CASTRO MORENO,IND,1.0,False
1094115,LITUECHE,LITUECHE,LICEO EL ROSARIO DE LITUECHE ANEXO,4M,YW.UNIDAD POR EL APRUEBO PS PPD E INDEPENDIENTES,315. JUVENAL VIDAL BECERRA,IND,3.0,False
1094116,LITUECHE,LITUECHE,LICEO EL ROSARIO DE LITUECHE ANEXO,4M,ZG.CHILE VAMOS EVOPOLI - INDEPENDIENTES,316.  GABRIEL ECHEVERRIA RUBIO,EVOPOLI,27.0,True
1094117,LITUECHE,LITUECHE,LICEO EL ROSARIO DE LITUECHE ANEXO,4M,ZG.CHILE VAMOS EVOPOLI - INDEPENDIENTES,317. ANTONIO ALFREDO VES GAETE,EVOPOLI,0.0,False
1094118,LITUECHE,LITUECHE,LICEO EL ROSARIO DE LITUECHE ANEXO,4M,ZG.CHILE VAMOS EVOPOLI - INDEPENDIENTES,318. WILLIAMS FERNANDO DONOSO LISBOA,IND,4.0,False
1094119,LITUECHE,LITUECHE,LICEO EL ROSARIO DE LITUECHE ANEXO,4M,ZJ.CHILE VAMOS UDI - INDEPENDIENTES,319. ROSENDO ANTONIO GALLEGUILLOS VALDENEGRO,UDI,41.0,True
1094120,LITUECHE,LITUECHE,LICEO EL ROSARIO DE LITUECHE ANEXO,4M,ZJ.CHILE VAMOS UDI - INDEPENDIENTES,320. SARA PAOLA DAZA GALLARDO,IND,10.0,True
1094121,LITUECHE,LITUECHE,LICEO EL ROSARIO DE LITUECHE ANEXO,4M,ZJ.CHILE VAMOS UDI - INDEPENDIENTES,321. NANCY ANDREA MADARIAGA HERNANDEZ,IND,10.0,False
1094122,LITUECHE,LITUECHE,LICEO EL ROSARIO DE LITUECHE ANEXO,5M,M.CHILE DIGNO VERDE Y SOBERANO,300. CLAUDIA DEL CARMEN ARELLANO HIDALGO,IND,3.0,False
1094123,LITUECHE,LITUECHE,LICEO EL ROSARIO DE LITUECHE ANEXO,5M,M.CHILE DIGNO VERDE Y SOBERANO,301. HILDA ROSA YAÑEZ LISBOA,IND,15.0,True
1094124,LITUECHE,LITUECHE,LICEO EL ROSARIO DE LITUECHE ANEXO,5M,M.CHILE DIGNO VERDE Y SOBERANO,302. LEONARDO DE LOS ANGELES CERDA CERDA,IND,2.0,False
1094125,LITUECHE,LITUECHE,LICEO EL ROSARIO DE LITUECHE ANEXO,5M,M.CHILE DIGNO VERDE Y SOBERANO,303. RENE ALEJANDRO SANTANDER DONOSO,IND,3.0,False
1094126,LITUECHE,LITUECHE,LICEO EL ROSARIO DE LITUECHE ANEXO,5M,M.CHILE DIGNO VERDE Y SOBERANO,304. PATRICIO GERARDO FERNANDEZ TAPIA,IND,9.0,False
1094127,LITUECHE,LITUECHE,LICEO EL ROSARIO DE LITUECHE ANEXO,5M,M.CHILE DIGNO VERDE Y SOBERANO,305. CLAUDIO PATRICIO SOTO DONOSO,IND,8.0,False
1094128,LITUECHE,LITUECHE,LICEO EL ROSARIO DE LITUECHE ANEXO,5M,XU.UNIDOS POR LA DIGNIDAD,306. FRESIA MARGARITA HERNANDEZ HERNANDEZ,PDC,11.0,True
1094129,LITUECHE,LITUECHE,LICEO EL ROSARIO DE LITUECHE ANEXO,5M,XU.UNIDOS POR LA DIGNIDAD,307. RICARDO EUSEBIO VALERIA MATUS,PDC,9.0,False
1094130,LITUECHE,LITUECHE,LICEO EL ROSARIO DE LITUECHE ANEXO,5M,XU.UNIDOS POR LA DIGNIDAD,308. CLAUDIA ALEJANDRA DONOSO DONOSO,PDC,44.0,True
1094131,LITUECHE,LITUECHE,LICEO EL ROSARIO DE LITUECHE ANEXO,5M,XU.UNIDOS POR LA DIGNIDAD,309. CATALINA NAVARRO MONTENEGRO,IND,2.0,False
1094132,LITUECHE,LITUECHE,LICEO EL ROSARIO DE LITUECHE ANEXO,5M,YW.UNIDAD POR EL APRUEBO PS PPD E INDEPENDIENTES,310. FABRIZIO ESTEBAN CACERES ABARCA,IND,2.0,False
1094133,LITUECHE,LITUECHE,LICEO EL ROSARIO DE LITUECHE ANEXO,5M,YW.UNIDAD POR EL APRUEBO PS PPD E INDEPENDIENTES,311. CESAR MEZA MEJIAS,IND,0.0,False
1094134,LITUECHE,LITUECHE,LICEO EL ROSARIO DE LITUECHE ANEXO,5M,YW.UNIDAD POR EL APRUEBO PS PPD E INDEPENDIENTES,312. MAURICIO MUÑOZ BRIONES,IND,0.0,False
1094135,LITUECHE,LITUECHE,LICEO EL ROSARIO DE LITUECHE ANEXO,5M,YW.UNIDAD POR EL APRUEBO PS PPD E INDEPENDIENTES,313. JULIO FUENTES PEÑA,IND,1.0,False
1094136,LITUECHE,LITUECHE,LICEO EL ROSARIO DE LITUECHE ANEXO,5M,YW.UNIDAD POR EL APRUEBO PS PPD E INDEPENDIENTES,314. OSVALDO CASTRO MORENO,IND,2.0,False
1094137,LITUECHE,LITUECHE,LICEO EL ROSARIO DE LITUECHE ANEXO,5M,YW.UNIDAD POR EL APRUEBO PS PPD E INDEPENDIENTES,315. JUVENAL VIDAL BECERRA,IND,1.0,False
1094138,LITUECHE,LITUECHE,LICEO EL ROSARIO DE LITUECHE ANEXO,5M,ZG.CHILE VAMOS EVOPOLI - INDEPENDIENTES,316.  GABRIEL ECHEVERRIA RUBIO,EVOPOLI,27.0,True
1094139,LITUECHE,LITUECHE,LICEO EL ROSARIO DE LITUECHE ANEXO,5M,ZG.CHILE VAMOS EVOPOLI - INDEPENDIENTES,317. ANTONIO ALFREDO VES GAETE,EVOPOLI,0.0,False
1094140,LITUECHE,LITUECHE,LICEO EL ROSARIO DE LITUECHE ANEXO,5M,ZG.CHILE VAMOS EVOPOLI - INDEPENDIENTES,318. WILLIAMS FERNANDO DONOSO LISBOA,IND,10.0,False
1094141,LITUECHE,LITUECHE,LICEO EL ROSARIO DE LITUECHE ANEXO,5M,ZJ.CHILE VAMOS UDI - INDEPENDIENTES,319. ROSENDO ANTONIO GALLEGUILLOS VALDENEGRO,UDI,50.0,True
1094142,LITUECHE,LITUECHE,LICEO EL ROSARIO DE LITUECHE ANEXO,5M,ZJ.CHILE VAMOS UDI - INDEPENDIENTES,320. SARA PAOLA DAZA GALLARDO,IND,15.0,True
1094143,LITUECHE,LITUECHE,LICEO EL ROSARIO DE LITUECHE ANEXO,5M,ZJ.CHILE VAMOS UDI - INDEPENDIENTES,321. NANCY ANDREA MADARIAGA HERNANDEZ,IND,3.0,False
1094144,LITUECHE,LITUECHE,LICEO EL ROSARIO DE LITUECHE ANEXO,6M,M.CHILE DIGNO VERDE Y SOBERANO,300. CLAUDIA DEL CARMEN ARELLANO HIDALGO,IND,0.0,False
1094145,LITUECHE,LITUECHE,LICEO EL ROSARIO DE LITUECHE ANEXO,6M,M.CHILE DIGNO VERDE Y SOBERANO,301. HILDA ROSA YAÑEZ LISBOA,IND,16.0,True
1094146,LITUECHE,LITUECHE,LICEO EL ROSARIO DE LITUECHE ANEXO,6M,M.CHILE DIGNO VERDE Y SOBERANO,302. LEONARDO DE LOS ANGELES CERDA CERDA,IND,3.0,False
1094147,LITUECHE,LITUECHE,LICEO EL ROSARIO DE LITUECHE ANEXO,6M,M.CHILE DIGNO VERDE Y SOBERANO,303. RENE ALEJANDRO SANTANDER DONOSO,IND,6.0,False
1094148,LITUECHE,LITUECHE,LICEO EL ROSARIO DE LITUECHE ANEXO,6M,M.CHILE DIGNO VERDE Y SOBERANO,304. PATRICIO GERARDO FERNANDEZ TAPIA,IND,6.0,False
1094149,LITUECHE,LITUECHE,LICEO EL ROSARIO DE LITUECHE ANEXO,6M,M.CHILE DIGNO VERDE Y SOBERANO,305. CLAUDIO PATRICIO SOTO DONOSO,IND,11.0,False
1094150,LITUECHE,LITUECHE,LICEO EL ROSARIO DE LITUECHE ANEXO,6M,XU.UNIDOS POR LA DIGNIDAD,306. FRESIA MARGARITA HERNANDEZ HERNANDEZ,PDC,6.0,True
1094151,LITUECHE,LITUECHE,LICEO EL ROSARIO DE LITUECHE ANEXO,6M,XU.UNIDOS POR LA DIGNIDAD,307. RICARDO EUSEBIO VALERIA MATUS,PDC,3.0,False
1094152,LITUECHE,LITUECHE,LICEO EL ROSARIO DE LITUECHE ANEXO,6M,XU.UNIDOS POR LA DIGNIDAD,308. CLAUDIA ALEJANDRA DONOSO DONOSO,PDC,33.0,True
1094153,LITUECHE,LITUECHE,LICEO EL ROSARIO DE LITUECHE ANEXO,6M,XU.UNIDOS POR LA DIGNIDAD,309. CATALINA NAVARRO MONTENEGRO,IND,2.0,False
1094154,LITUECHE,LITUECHE,LICEO EL ROSARIO DE LITUECHE ANEXO,6M,YW.UNIDAD POR EL APRUEBO PS PPD E INDEPENDIENTES,310. FABRIZIO ESTEBAN CACERES ABARCA,IND,2.0,False
1094155,LITUECHE,LITUECHE,LICEO EL ROSARIO DE LITUECHE ANEXO,6M,YW.UNIDAD POR EL APRUEBO PS PPD E INDEPENDIENTES,311. CESAR MEZA MEJIAS,IND,2.0,False
1094156,LITUECHE,LITUECHE,LICEO EL ROSARIO DE LITUECHE ANEXO,6M,YW.UNIDAD POR EL APRUEBO PS PPD E INDEPENDIENTES,312. MAURICIO MUÑOZ BRIONES,IND,0.0,False
1094157,LITUECHE,LITUECHE,LICEO EL ROSARIO DE LITUECHE ANEXO,6M,YW.UNIDAD POR EL APRUEBO PS PPD E INDEPENDIENTES,313. JULIO FUENTES PEÑA,IND,1.0,False
1094158,LITUECHE,LITUECHE,LICEO EL ROSARIO DE LITUECHE ANEXO,6M,YW.UNIDAD POR EL APRUEBO PS PPD E INDEPENDIENTES,314. OSVALDO CASTRO MORENO,IND,2.0,False
1094159,LITUECHE,LITUECHE,LICEO EL ROSARIO DE LITUECHE ANEXO,6M,YW.UNIDAD POR EL APRUEBO PS PPD E INDEPENDIENTES,315. JUVENAL VIDAL BECERRA,IND,2.0,False
1094160,LITUECHE,LITUECHE,LICEO EL ROSARIO DE LITUECHE ANEXO,6M,ZG.CHILE VAMOS EVOPOLI - INDEPENDIENTES,316.  GABRIEL ECHEVERRIA RUBIO,EVOPOLI,23.0,True
1094161,LITUECHE,LITUECHE,LICEO EL ROSARIO DE LITUECHE ANEXO,6M,ZG.CHILE VAMOS EVOPOLI - INDEPENDIENTES,317. ANTONIO ALFREDO VES GAETE,EVOPOLI,0.0,False
1094162,LITUECHE,LITUECHE,LICEO EL ROSARIO DE LITUECHE ANEXO,6M,ZG.CHILE VAMOS EVOPOLI - INDEPENDIENTES,318. WILLIAMS FERNANDO DONOSO LISBOA,IND,14.0,False
1094163,LITUECHE,LITUECHE,LICEO EL ROSARIO DE LITUECHE ANEXO,6M,ZJ.CHILE VAMOS UDI - INDEPENDIENTES,319. ROSENDO ANTONIO GALLEGUILLOS VALDENEGRO,UDI,43.0,True
1094164,LITUECHE,LITUECHE,LICEO EL ROSARIO DE LITUECHE ANEXO,6M,ZJ.CHILE VAMOS UDI - INDEPENDIENTES,320. SARA PAOLA DAZA GALLARDO,IND,20.0,True
1094165,LITUECHE,LITUECHE,LICEO EL ROSARIO DE LITUECHE ANEXO,6M,ZJ.CHILE VAMOS UDI - INDEPENDIENTES,321. NANCY ANDREA MADARIAGA HERNANDEZ,IND,11.0,False
1094166,LITUECHE,LITUECHE,LICEO EL ROSARIO DE LITUECHE ANEXO,7M,M.CHILE DIGNO VERDE Y SOBERANO,300. CLAUDIA DEL CARMEN ARELLANO HIDALGO,IND,2.0,False
1094167,LITUECHE,LITUECHE,LICEO EL ROSARIO DE LITUECHE ANEXO,7M,M.CHILE DIGNO VERDE Y SOBERANO,301. HILDA ROSA YAÑEZ LISBOA,IND,7.0,True
1094168,LITUECHE,LITUECHE,LICEO EL ROSARIO DE LITUECHE ANEXO,7M,M.CHILE DIGNO VERDE Y SOBERANO,302. LEONARDO DE LOS ANGELES CERDA CERDA,IND,7.0,False
1094169,LITUECHE,LITUECHE,LICEO EL ROSARIO DE LITUECHE ANEXO,7M,M.CHILE DIGNO VERDE Y SOBERANO,303. RENE ALEJANDRO SANTANDER DONOSO,IND,16.0,False
1094170,LITUECHE,LITUECHE,LICEO EL ROSARIO DE LITUECHE ANEXO,7M,M.CHILE DIGNO VERDE Y SOBERANO,304. PATRICIO GERARDO FERNANDEZ TAPIA,IND,9.0,False
1094171,LITUECHE,LITUECHE,LICEO EL ROSARIO DE LITUECHE ANEXO,7M,M.CHILE DIGNO VERDE Y SOBERANO,305. CLAUDIO PATRICIO SOTO DONOSO,IND,3.0,False
1094172,LITUECHE,LITUECHE,LICEO EL ROSARIO DE LITUECHE ANEXO,7M,XU.UNIDOS POR LA DIGNIDAD,306. FRESIA MARGARITA HERNANDEZ HERNANDEZ,PDC,14.0,True
1094173,LITUECHE,LITUECHE,LICEO EL ROSARIO DE LITUECHE ANEXO,7M,XU.UNIDOS POR LA DIGNIDAD,307. RICARDO EUSEBIO VALERIA MATUS,PDC,3.0,False
1094174,LITUECHE,LITUECHE,LICEO EL ROSARIO DE LITUECHE ANEXO,7M,XU.UNIDOS POR LA DIGNIDAD,308. CLAUDIA ALEJANDRA DONOSO DONOSO,PDC,40.0,True
1094175,LITUECHE,LITUECHE,LICEO EL ROSARIO DE LITUECHE ANEXO,7M,XU.UNIDOS POR LA DIGNIDAD,309. CATALINA NAVARRO MONTENEGRO,IND,2.0,False
1094176,LITUECHE,LITUECHE,LICEO EL ROSARIO DE LITUECHE ANEXO,7M,YW.UNIDAD POR EL APRUEBO PS PPD E INDEPENDIENTES,310. FABRIZIO ESTEBAN CACERES ABARCA,IND,0.0,False
1094177,LITUECHE,LITUECHE,LICEO EL ROSARIO DE LITUECHE ANEXO,7M,YW.UNIDAD POR EL APRUEBO PS PPD E INDEPENDIENTES,311. CESAR MEZA MEJIAS,IND,2.0,False
1094178,LITUECHE,LITUECHE,LICEO EL ROSARIO DE LITUECHE ANEXO,7M,YW.UNIDAD POR EL APRUEBO PS PPD E INDEPENDIENTES,312. MAURICIO MUÑOZ BRIONES,IND,0.0,False
1094179,LITUECHE,LITUECHE,LICEO EL ROSARIO DE LITUECHE ANEXO,7M,YW.UNIDAD POR EL APRUEBO PS PPD E INDEPENDIENTES,313. JULIO FUENTES PEÑA,IND,3.0,False
1094180,LITUECHE,LITUECHE,LICEO EL ROSARIO DE LITUECHE ANEXO,7M,YW.UNIDAD POR EL APRUEBO PS PPD E INDEPENDIENTES,314. OSVALDO CASTRO MORENO,IND,1.0,False
1094181,LITUECHE,LITUECHE,LICEO EL ROSARIO DE LITUECHE ANEXO,7M,YW.UNIDAD POR EL APRUEBO PS PPD E INDEPENDIENTES,315. JUVENAL VIDAL BECERRA,IND,2.0,False
1094182,LITUECHE,LITUECHE,LICEO EL ROSARIO DE LITUECHE ANEXO,7M,ZG.CHILE VAMOS EVOPOLI - INDEPENDIENTES,316.  GABRIEL ECHEVERRIA RUBIO,EVOPOLI,10.0,True
1094183,LITUECHE,LITUECHE,LICEO EL ROSARIO DE LITUECHE ANEXO,7M,ZG.CHILE VAMOS EVOPOLI - INDEPENDIENTES,317. ANTONIO ALFREDO VES GAETE,EVOPOLI,0.0,False
1094184,LITUECHE,LITUECHE,LICEO EL ROSARIO DE LITUECHE ANEXO,7M,ZG.CHILE VAMOS EVOPOLI - INDEPENDIENTES,318. WILLIAMS FERNANDO DONOSO LISBOA,IND,7.0,False
1094185,LITUECHE,LITUECHE,LICEO EL ROSARIO DE LITUECHE ANEXO,7M,ZJ.CHILE VAMOS UDI - INDEPENDIENTES,319. ROSENDO ANTONIO GALLEGUILLOS VALDENEGRO,UDI,43.0,True
1094186,LITUECHE,LITUECHE,LICEO EL ROSARIO DE LITUECHE ANEXO,7M,ZJ.CHILE VAMOS UDI - INDEPENDIENTES,320. SARA PAOLA DAZA GALLARDO,IND,11.0,True
1094187,LITUECHE,LITUECHE,LICEO EL ROSARIO DE LITUECHE ANEXO,7M,ZJ.CHILE VAMOS UDI - INDEPENDIENTES,321. NANCY ANDREA MADARIAGA HERNANDEZ,IND,9.0,False
1094188,LITUECHE,LITUECHE,LICEO EL ROSARIO DE LITUECHE ANEXO,8M,M.CHILE DIGNO VERDE Y SOBERANO,300. CLAUDIA DEL CARMEN ARELLANO HIDALGO,IND,6.0,False
1094189,LITUECHE,LITUECHE,LICEO EL ROSARIO DE LITUECHE ANEXO,8M,M.CHILE DIGNO VERDE Y SOBERANO,301. HILDA ROSA YAÑEZ LISBOA,IND,16.0,True
1094190,LITUECHE,LITUECHE,LICEO EL ROSARIO DE LITUECHE ANEXO,8M,M.CHILE DIGNO VERDE Y SOBERANO,302. LEONARDO DE LOS ANGELES CERDA CERDA,IND,8.0,False
1094191,LITUECHE,LITUECHE,LICEO EL ROSARIO DE LITUECHE ANEXO,8M,M.CHILE DIGNO VERDE Y SOBERANO,303. RENE ALEJANDRO SANTANDER DONOSO,IND,11.0,False
1094192,LITUECHE,LITUECHE,LICEO EL ROSARIO DE LITUECHE ANEXO,8M,M.CHILE DIGNO VERDE Y SOBERANO,304. PATRICIO GERARDO FERNANDEZ TAPIA,IND,12.0,False
1094193,LITUECHE,LITUECHE,LICEO EL ROSARIO DE LITUECHE ANEXO,8M,M.CHILE DIGNO VERDE Y SOBERANO,305. CLAUDIO PATRICIO SOTO DONOSO,IND,7.0,False
1094194,LITUECHE,LITUECHE,LICEO EL ROSARIO DE LITUECHE ANEXO,8M,XU.UNIDOS POR LA DIGNIDAD,306. FRESIA MARGARITA HERNANDEZ HERNANDEZ,PDC,9.0,True
1094195,LITUECHE,LITUECHE,LICEO EL ROSARIO DE LITUECHE ANEXO,8M,XU.UNIDOS POR LA DIGNIDAD,307. RICARDO EUSEBIO VALERIA MATUS,PDC,5.0,False
1094196,LITUECHE,LITUECHE,LICEO EL ROSARIO DE LITUECHE ANEXO,8M,XU.UNIDOS POR LA DIGNIDAD,308. CLAUDIA ALEJANDRA DONOSO DONOSO,PDC,31.0,True
1094197,LITUECHE,LITUECHE,LICEO EL ROSARIO DE LITUECHE ANEXO,8M,XU.UNIDOS POR LA DIGNIDAD,309. CATALINA NAVARRO MONTENEGRO,IND,3.0,False
1094198,LITUECHE,LITUECHE,LICEO EL ROSARIO DE LITUECHE ANEXO,8M,YW.UNIDAD POR EL APRUEBO PS PPD E INDEPENDIENTES,310. FABRIZIO ESTEBAN CACERES ABARCA,IND,4.0,False
1094199,LITUECHE,LITUECHE,LICEO EL ROSARIO DE LITUECHE ANEXO,8M,YW.UNIDAD POR EL APRUEBO PS PPD E INDEPENDIENTES,311. CESAR MEZA MEJIAS,IND,3.0,False
1094200,LITUECHE,LITUECHE,LICEO EL ROSARIO DE LITUECHE ANEXO,8M,YW.UNIDAD POR EL APRUEBO PS PPD E INDEPENDIENTES,312. MAURICIO MUÑOZ BRIONES,IND,0.0,False
1094201,LITUECHE,LITUECHE,LICEO EL ROSARIO DE LITUECHE ANEXO,8M,YW.UNIDAD POR EL APRUEBO PS PPD E INDEPENDIENTES,313. JULIO FUENTES PEÑA,IND,2.0,False
1094202,LITUECHE,LITUECHE,LICEO EL ROSARIO DE LITUECHE ANEXO,8M,YW.UNIDAD POR EL APRUEBO PS PPD E INDEPENDIENTES,314. OSVALDO CASTRO MORENO,IND,1.0,False
1094203,LITUECHE,LITUECHE,LICEO EL ROSARIO DE LITUECHE ANEXO,8M,YW.UNIDAD POR EL APRUEBO PS PPD E INDEPENDIENTES,315. JUVENAL VIDAL BECERRA,IND,11.0,False
1094204,LITUECHE,LITUECHE,LICEO EL ROSARIO DE LITUECHE ANEXO,8M,ZG.CHILE VAMOS EVOPOLI - INDEPENDIENTES,316.  GABRIEL ECHEVERRIA RUBIO,EVOPOLI,21.0,True
1094205,LITUECHE,LITUECHE,LICEO EL ROSARIO DE LITUECHE ANEXO,8M,ZG.CHILE VAMOS EVOPOLI - INDEPENDIENTES,317. ANTONIO ALFREDO VES GAETE,EVOPOLI,0.0,False
1094206,LITUECHE,LITUECHE,LICEO EL ROSARIO DE LITUECHE ANEXO,8M,ZG.CHILE VAMOS EVOPOLI - INDEPENDIENTES,318. WILLIAMS FERNANDO DONOSO LISBOA,IND,6.0,False
1094207,LITUECHE,LITUECHE,LICEO EL ROSARIO DE LITUECHE ANEXO,8M,ZJ.CHILE VAMOS UDI - INDEPENDIENTES,319. ROSENDO ANTONIO GALLEGUILLOS VALDENEGRO,UDI,55.0,True
1094208,LITUECHE,LITUECHE,LICEO EL ROSARIO DE LITUECHE ANEXO,8M,ZJ.CHILE VAMOS UDI - INDEPENDIENTES,320. SARA PAOLA DAZA GALLARDO,IND,6.0,True
1094209,LITUECHE,LITUECHE,LICEO EL ROSARIO DE LITUECHE ANEXO,8M,ZJ.CHILE VAMOS UDI - INDEPENDIENTES,321. NANCY ANDREA MADARIAGA HERNANDEZ,IND,15.0,False
1094210,LITUECHE,LITUECHE,LICEO EL ROSARIO DE LITUECHE ANEXO,9M,M.CHILE DIGNO VERDE Y SOBERANO,300. CLAUDIA DEL CARMEN ARELLANO HIDALGO,IND,1.0,False
1094211,LITUECHE,LITUECHE,LICEO EL ROSARIO DE LITUECHE ANEXO,9M,M.CHILE DIGNO VERDE Y SOBERANO,301. HILDA ROSA YAÑEZ LISBOA,IND,8.0,True
1094212,LITUECHE,LITUECHE,LICEO EL ROSARIO DE LITUECHE ANEXO,9M,M.CHILE DIGNO VERDE Y SOBERANO,302. LEONARDO DE LOS ANGELES CERDA CERDA,IND,2.0,False
1094213,LITUECHE,LITUECHE,LICEO EL ROSARIO DE LITUECHE ANEXO,9M,M.CHILE DIGNO VERDE Y SOBERANO,303. RENE ALEJANDRO SANTANDER DONOSO,IND,11.0,False
1094214,LITUECHE,LITUECHE,LICEO EL ROSARIO DE LITUECHE ANEXO,9M,M.CHILE DIGNO VERDE Y SOBERANO,304. PATRICIO GERARDO FERNANDEZ TAPIA,IND,4.0,False
1094215,LITUECHE,LITUECHE,LICEO EL ROSARIO DE LITUECHE ANEXO,9M,M.CHILE DIGNO VERDE Y SOBERANO,305. CLAUDIO PATRICIO SOTO DONOSO,IND,5.0,False
1094216,LITUECHE,LITUECHE,LICEO EL ROSARIO DE LITUECHE ANEXO,9M,XU.UNIDOS POR LA DIGNIDAD,306. FRESIA MARGARITA HERNANDEZ HERNANDEZ,PDC,4.0,True
1094217,LITUECHE,LITUECHE,LICEO EL ROSARIO DE LITUECHE ANEXO,9M,XU.UNIDOS POR LA DIGNIDAD,307. RICARDO EUSEBIO VALERIA MATUS,PDC,3.0,False
1094218,LITUECHE,LITUECHE,LICEO EL ROSARIO DE LITUECHE ANEXO,9M,XU.UNIDOS POR LA DIGNIDAD,308. CLAUDIA ALEJANDRA DONOSO DONOSO,PDC,41.0,True
1094219,LITUECHE,LITUECHE,LICEO EL ROSARIO DE LITUECHE ANEXO,9M,XU.UNIDOS POR LA DIGNIDAD,309. CATALINA NAVARRO MONTENEGRO,IND,3.0,False
1094220,LITUECHE,LITUECHE,LICEO EL ROSARIO DE LITUECHE ANEXO,9M,YW.UNIDAD POR EL APRUEBO PS PPD E INDEPENDIENTES,310. FABRIZIO ESTEBAN CACERES ABARCA,IND,1.0,False
1094221,LITUECHE,LITUECHE,LICEO EL ROSARIO DE LITUECHE ANEXO,9M,YW.UNIDAD POR EL APRUEBO PS PPD E INDEPENDIENTES,311. CESAR MEZA MEJIAS,IND,1.0,False
1094222,LITUECHE,LITUECHE,LICEO EL ROSARIO DE LITUECHE ANEXO,9M,YW.UNIDAD POR EL APRUEBO PS PPD E INDEPENDIENTES,312. MAURICIO MUÑOZ BRIONES,IND,1.0,False
1094223,LITUECHE,LITUECHE,LICEO EL ROSARIO DE LITUECHE ANEXO,9M,YW.UNIDAD POR EL APRUEBO PS PPD E INDEPENDIENTES,313. JULIO FUENTES PEÑA,IND,0.0,False
1094224,LITUECHE,LITUECHE,LICEO EL ROSARIO DE LITUECHE ANEXO,9M,YW.UNIDAD POR EL APRUEBO PS PPD E INDEPENDIENTES,314. OSVALDO CASTRO MORENO,IND,0.0,False
1094225,LITUECHE,LITUECHE,LICEO EL ROSARIO DE LITUECHE ANEXO,9M,YW.UNIDAD POR EL APRUEBO PS PPD E INDEPENDIENTES,315. JUVENAL VIDAL BECERRA,IND,2.0,False
1094226,LITUECHE,LITUECHE,LICEO EL ROSARIO DE LITUECHE ANEXO,9M,ZG.CHILE VAMOS EVOPOLI - INDEPENDIENTES,316.  GABRIEL ECHEVERRIA RUBIO,EVOPOLI,17.0,True
1094227,LITUECHE,LITUECHE,LICEO EL ROSARIO DE LITUECHE ANEXO,9M,ZG.CHILE VAMOS EVOPOLI - INDEPENDIENTES,317. ANTONIO ALFREDO VES GAETE,EVOPOLI,0.0,False
1094228,LITUECHE,LITUECHE,LICEO EL ROSARIO DE LITUECHE ANEXO,9M,ZG.CHILE VAMOS EVOPOLI - INDEPENDIENTES,318. WILLIAMS FERNANDO DONOSO LISBOA,IND,10.0,False
1094229,LITUECHE,LITUECHE,LICEO EL ROSARIO DE LITUECHE ANEXO,9M,ZJ.CHILE VAMOS UDI - INDEPENDIENTES,319. ROSENDO ANTONIO GALLEGUILLOS VALDENEGRO,UDI,40.0,True
1094230,LITUECHE,LITUECHE,LICEO EL ROSARIO DE LITUECHE ANEXO,9M,ZJ.CHILE VAMOS UDI - INDEPENDIENTES,320. SARA PAOLA DAZA GALLARDO,IND,19.0,True
1094231,LITUECHE,LITUECHE,LICEO EL ROSARIO DE LITUECHE ANEXO,9M,ZJ.CHILE VAMOS UDI - INDEPENDIENTES,321. NANCY ANDREA MADARIAGA HERNANDEZ,IND,7.0,False
