,COMUNA,CIRC_ELEC,LOCAL,MESA,LISTA,CANDIDATX,PARTIDO,VOTOS,ELECTX
1146789,LOLOL,LOLOL,ESCUELA GALVARINO VALENZUELA MORAGA,1V,M.CHILE DIGNO VERDE Y SOBERANO,300. VICTOR WLADIMIR MARTINEZ MUÑOZ,PCCH,3.0,False
1146790,LOLOL,LOLOL,ESCUELA GALVARINO VALENZUELA MORAGA,1V,M.CHILE DIGNO VERDE Y SOBERANO,301. FLOR MIREYA MUÑOZ PIZARRO,FREVS,6.0,False
1146791,LOLOL,LOLOL,ESCUELA GALVARINO VALENZUELA MORAGA,1V,M.CHILE DIGNO VERDE Y SOBERANO,302. JOSE LUIS REYES RODRIGUEZ,FREVS,7.0,False
1146792,LOLOL,LOLOL,ESCUELA GALVARINO VALENZUELA MORAGA,1V,M.CHILE DIGNO VERDE Y SOBERANO,303. ROBINSON MARIO BECERRA ALARCON,IND,4.0,True
1146793,LOLOL,LOLOL,ESCUELA GALVARINO VALENZUELA MORAGA,1V,M.CHILE DIGNO VERDE Y SOBERANO,304. LUIS ARMANDO CUBILLOS GAJARDO,IND,4.0,False
1146794,LOLOL,LOLOL,ESCUELA GALVARINO VALENZUELA MORAGA,1V,M.CHILE DIGNO VERDE Y SOBERANO,305. LORENA ISABEL DROGUETT MUÑOZ,IND,5.0,False
1146795,LOLOL,LOLOL,ESCUELA GALVARINO VALENZUELA MORAGA,1V,XK.CHILE VAMOS RENOVACION NACIONAL - INDEPENDIENTES,306. MARIA JOSE GOMEZ ABARCA,RN,7.0,False
1146796,LOLOL,LOLOL,ESCUELA GALVARINO VALENZUELA MORAGA,1V,XU.UNIDOS POR LA DIGNIDAD,307. GUIDO HERNAN CORNEJO BRAVO,PDC,3.0,False
1146797,LOLOL,LOLOL,ESCUELA GALVARINO VALENZUELA MORAGA,1V,XU.UNIDOS POR LA DIGNIDAD,308. FRANCISCO JOSE CONTRERAS ARAYA,IND,6.0,False
1146798,LOLOL,LOLOL,ESCUELA GALVARINO VALENZUELA MORAGA,1V,XU.UNIDOS POR LA DIGNIDAD,309. PATRICIA DEL CARMEN ORTIZ ARAYA,IND,1.0,False
1146799,LOLOL,LOLOL,ESCUELA GALVARINO VALENZUELA MORAGA,1V,XU.UNIDOS POR LA DIGNIDAD,310. JOSE EUSEBIO RODRIGUEZ GAJARDO,IND,8.0,True
1146800,LOLOL,LOLOL,ESCUELA GALVARINO VALENZUELA MORAGA,1V,XU.UNIDOS POR LA DIGNIDAD,311. LUIS NELSON QUITRAL PEREZ,IND,3.0,False
1146801,LOLOL,LOLOL,ESCUELA GALVARINO VALENZUELA MORAGA,1V,YW.UNIDAD POR EL APRUEBO PS PPD E INDEPENDIENTES,312. PAULINA LOPEZ CUBILLOS,PPD,8.0,True
1146802,LOLOL,LOLOL,ESCUELA GALVARINO VALENZUELA MORAGA,1V,YW.UNIDAD POR EL APRUEBO PS PPD E INDEPENDIENTES,313. MARIA XIMENA GALAZ CASTRO,IND,3.0,False
1146803,LOLOL,LOLOL,ESCUELA GALVARINO VALENZUELA MORAGA,1V,YW.UNIDAD POR EL APRUEBO PS PPD E INDEPENDIENTES,314. JUAN BASOALTO LEON,PS,7.0,False
1146804,LOLOL,LOLOL,ESCUELA GALVARINO VALENZUELA MORAGA,1V,YW.UNIDAD POR EL APRUEBO PS PPD E INDEPENDIENTES,315. JOSE MORALES ESPINOZA,IND,20.0,True
1146805,LOLOL,LOLOL,ESCUELA GALVARINO VALENZUELA MORAGA,1V,ZG.CHILE VAMOS EVOPOLI - INDEPENDIENTES,316. PEDRO EDUARDO VIAL VIAL,EVOPOLI,8.0,False
1146806,LOLOL,LOLOL,ESCUELA GALVARINO VALENZUELA MORAGA,1V,ZG.CHILE VAMOS EVOPOLI - INDEPENDIENTES,317. MATIAS GILBERTO URZUA GALLARDO,IND,9.0,False
1146807,LOLOL,LOLOL,ESCUELA GALVARINO VALENZUELA MORAGA,1V,ZJ.CHILE VAMOS UDI - INDEPENDIENTES,318. DARIO OSVALDO DUQUE ROJAS,UDI,10.0,True
1146808,LOLOL,LOLOL,ESCUELA GALVARINO VALENZUELA MORAGA,1V,ZJ.CHILE VAMOS UDI - INDEPENDIENTES,319. CESAR FERNANDO MACHUCA DIAZ,UDI,11.0,False
1146809,LOLOL,LOLOL,ESCUELA GALVARINO VALENZUELA MORAGA,1V,ZJ.CHILE VAMOS UDI - INDEPENDIENTES,320. JUAN OSVALDO QUEZADA GARATE,UDI,5.0,False
1146810,LOLOL,LOLOL,ESCUELA GALVARINO VALENZUELA MORAGA,1V,ZJ.CHILE VAMOS UDI - INDEPENDIENTES,321. MARITHZA LORENA PEREZ PIZARRO,IND,6.0,True
1146811,LOLOL,LOLOL,ESCUELA GALVARINO VALENZUELA MORAGA,1V,ZU.RADICALES E INDEPENDIENTES,322. PABLO ALEJANDRO DE HUHERTEN CORTES,PR,5.0,False
1146812,LOLOL,LOLOL,ESCUELA GALVARINO VALENZUELA MORAGA,1V,ZU.RADICALES E INDEPENDIENTES,323. YOVE LUIS BRIONES ALIAGA,IND,8.0,False
1146813,LOLOL,LOLOL,ESCUELA GALVARINO VALENZUELA MORAGA,1V,ZU.RADICALES E INDEPENDIENTES,324. MAURICIO ALEJANDRO CELIS LEON,IND,7.0,False
1146814,LOLOL,LOLOL,ESCUELA GALVARINO VALENZUELA MORAGA,1V,CANDIDATURA INDEPENDIENTE,325. VALENTINA FERNANDA RAMOS RAMOS,IND,4.0,False
1146815,LOLOL,LOLOL,ESCUELA GALVARINO VALENZUELA MORAGA,2V,M.CHILE DIGNO VERDE Y SOBERANO,300. VICTOR WLADIMIR MARTINEZ MUÑOZ,PCCH,0.0,False
1146816,LOLOL,LOLOL,ESCUELA GALVARINO VALENZUELA MORAGA,2V,M.CHILE DIGNO VERDE Y SOBERANO,301. FLOR MIREYA MUÑOZ PIZARRO,FREVS,5.0,False
1146817,LOLOL,LOLOL,ESCUELA GALVARINO VALENZUELA MORAGA,2V,M.CHILE DIGNO VERDE Y SOBERANO,302. JOSE LUIS REYES RODRIGUEZ,FREVS,7.0,False
1146818,LOLOL,LOLOL,ESCUELA GALVARINO VALENZUELA MORAGA,2V,M.CHILE DIGNO VERDE Y SOBERANO,303. ROBINSON MARIO BECERRA ALARCON,IND,14.0,True
1146819,LOLOL,LOLOL,ESCUELA GALVARINO VALENZUELA MORAGA,2V,M.CHILE DIGNO VERDE Y SOBERANO,304. LUIS ARMANDO CUBILLOS GAJARDO,IND,9.0,False
1146820,LOLOL,LOLOL,ESCUELA GALVARINO VALENZUELA MORAGA,2V,M.CHILE DIGNO VERDE Y SOBERANO,305. LORENA ISABEL DROGUETT MUÑOZ,IND,1.0,False
1146821,LOLOL,LOLOL,ESCUELA GALVARINO VALENZUELA MORAGA,2V,XK.CHILE VAMOS RENOVACION NACIONAL - INDEPENDIENTES,306. MARIA JOSE GOMEZ ABARCA,RN,12.0,False
1146822,LOLOL,LOLOL,ESCUELA GALVARINO VALENZUELA MORAGA,2V,XU.UNIDOS POR LA DIGNIDAD,307. GUIDO HERNAN CORNEJO BRAVO,PDC,2.0,False
1146823,LOLOL,LOLOL,ESCUELA GALVARINO VALENZUELA MORAGA,2V,XU.UNIDOS POR LA DIGNIDAD,308. FRANCISCO JOSE CONTRERAS ARAYA,IND,10.0,False
1146824,LOLOL,LOLOL,ESCUELA GALVARINO VALENZUELA MORAGA,2V,XU.UNIDOS POR LA DIGNIDAD,309. PATRICIA DEL CARMEN ORTIZ ARAYA,IND,0.0,False
1146825,LOLOL,LOLOL,ESCUELA GALVARINO VALENZUELA MORAGA,2V,XU.UNIDOS POR LA DIGNIDAD,310. JOSE EUSEBIO RODRIGUEZ GAJARDO,IND,10.0,True
1146826,LOLOL,LOLOL,ESCUELA GALVARINO VALENZUELA MORAGA,2V,XU.UNIDOS POR LA DIGNIDAD,311. LUIS NELSON QUITRAL PEREZ,IND,5.0,False
1146827,LOLOL,LOLOL,ESCUELA GALVARINO VALENZUELA MORAGA,2V,YW.UNIDAD POR EL APRUEBO PS PPD E INDEPENDIENTES,312. PAULINA LOPEZ CUBILLOS,PPD,8.0,True
1146828,LOLOL,LOLOL,ESCUELA GALVARINO VALENZUELA MORAGA,2V,YW.UNIDAD POR EL APRUEBO PS PPD E INDEPENDIENTES,313. MARIA XIMENA GALAZ CASTRO,IND,8.0,False
1146829,LOLOL,LOLOL,ESCUELA GALVARINO VALENZUELA MORAGA,2V,YW.UNIDAD POR EL APRUEBO PS PPD E INDEPENDIENTES,314. JUAN BASOALTO LEON,PS,10.0,False
1146830,LOLOL,LOLOL,ESCUELA GALVARINO VALENZUELA MORAGA,2V,YW.UNIDAD POR EL APRUEBO PS PPD E INDEPENDIENTES,315. JOSE MORALES ESPINOZA,IND,25.0,True
1146831,LOLOL,LOLOL,ESCUELA GALVARINO VALENZUELA MORAGA,2V,ZG.CHILE VAMOS EVOPOLI - INDEPENDIENTES,316. PEDRO EDUARDO VIAL VIAL,EVOPOLI,4.0,False
1146832,LOLOL,LOLOL,ESCUELA GALVARINO VALENZUELA MORAGA,2V,ZG.CHILE VAMOS EVOPOLI - INDEPENDIENTES,317. MATIAS GILBERTO URZUA GALLARDO,IND,7.0,False
1146833,LOLOL,LOLOL,ESCUELA GALVARINO VALENZUELA MORAGA,2V,ZJ.CHILE VAMOS UDI - INDEPENDIENTES,318. DARIO OSVALDO DUQUE ROJAS,UDI,19.0,True
1146834,LOLOL,LOLOL,ESCUELA GALVARINO VALENZUELA MORAGA,2V,ZJ.CHILE VAMOS UDI - INDEPENDIENTES,319. CESAR FERNANDO MACHUCA DIAZ,UDI,4.0,False
1146835,LOLOL,LOLOL,ESCUELA GALVARINO VALENZUELA MORAGA,2V,ZJ.CHILE VAMOS UDI - INDEPENDIENTES,320. JUAN OSVALDO QUEZADA GARATE,UDI,8.0,False
1146836,LOLOL,LOLOL,ESCUELA GALVARINO VALENZUELA MORAGA,2V,ZJ.CHILE VAMOS UDI - INDEPENDIENTES,321. MARITHZA LORENA PEREZ PIZARRO,IND,15.0,True
1146837,LOLOL,LOLOL,ESCUELA GALVARINO VALENZUELA MORAGA,2V,ZU.RADICALES E INDEPENDIENTES,322. PABLO ALEJANDRO DE HUHERTEN CORTES,PR,3.0,False
1146838,LOLOL,LOLOL,ESCUELA GALVARINO VALENZUELA MORAGA,2V,ZU.RADICALES E INDEPENDIENTES,323. YOVE LUIS BRIONES ALIAGA,IND,9.0,False
1146839,LOLOL,LOLOL,ESCUELA GALVARINO VALENZUELA MORAGA,2V,ZU.RADICALES E INDEPENDIENTES,324. MAURICIO ALEJANDRO CELIS LEON,IND,3.0,False
1146840,LOLOL,LOLOL,ESCUELA GALVARINO VALENZUELA MORAGA,2V,CANDIDATURA INDEPENDIENTE,325. VALENTINA FERNANDA RAMOS RAMOS,IND,6.0,False
1146841,LOLOL,LOLOL,ESCUELA GALVARINO VALENZUELA MORAGA,3V,M.CHILE DIGNO VERDE Y SOBERANO,300. VICTOR WLADIMIR MARTINEZ MUÑOZ,PCCH,0.0,False
1146842,LOLOL,LOLOL,ESCUELA GALVARINO VALENZUELA MORAGA,3V,M.CHILE DIGNO VERDE Y SOBERANO,301. FLOR MIREYA MUÑOZ PIZARRO,FREVS,4.0,False
1146843,LOLOL,LOLOL,ESCUELA GALVARINO VALENZUELA MORAGA,3V,M.CHILE DIGNO VERDE Y SOBERANO,302. JOSE LUIS REYES RODRIGUEZ,FREVS,11.0,False
1146844,LOLOL,LOLOL,ESCUELA GALVARINO VALENZUELA MORAGA,3V,M.CHILE DIGNO VERDE Y SOBERANO,303. ROBINSON MARIO BECERRA ALARCON,IND,16.0,True
1146845,LOLOL,LOLOL,ESCUELA GALVARINO VALENZUELA MORAGA,3V,M.CHILE DIGNO VERDE Y SOBERANO,304. LUIS ARMANDO CUBILLOS GAJARDO,IND,6.0,False
1146846,LOLOL,LOLOL,ESCUELA GALVARINO VALENZUELA MORAGA,3V,M.CHILE DIGNO VERDE Y SOBERANO,305. LORENA ISABEL DROGUETT MUÑOZ,IND,7.0,False
1146847,LOLOL,LOLOL,ESCUELA GALVARINO VALENZUELA MORAGA,3V,XK.CHILE VAMOS RENOVACION NACIONAL - INDEPENDIENTES,306. MARIA JOSE GOMEZ ABARCA,RN,7.0,False
1146848,LOLOL,LOLOL,ESCUELA GALVARINO VALENZUELA MORAGA,3V,XU.UNIDOS POR LA DIGNIDAD,307. GUIDO HERNAN CORNEJO BRAVO,PDC,4.0,False
1146849,LOLOL,LOLOL,ESCUELA GALVARINO VALENZUELA MORAGA,3V,XU.UNIDOS POR LA DIGNIDAD,308. FRANCISCO JOSE CONTRERAS ARAYA,IND,6.0,False
1146850,LOLOL,LOLOL,ESCUELA GALVARINO VALENZUELA MORAGA,3V,XU.UNIDOS POR LA DIGNIDAD,309. PATRICIA DEL CARMEN ORTIZ ARAYA,IND,4.0,False
1146851,LOLOL,LOLOL,ESCUELA GALVARINO VALENZUELA MORAGA,3V,XU.UNIDOS POR LA DIGNIDAD,310. JOSE EUSEBIO RODRIGUEZ GAJARDO,IND,18.0,True
1146852,LOLOL,LOLOL,ESCUELA GALVARINO VALENZUELA MORAGA,3V,XU.UNIDOS POR LA DIGNIDAD,311. LUIS NELSON QUITRAL PEREZ,IND,2.0,False
1146853,LOLOL,LOLOL,ESCUELA GALVARINO VALENZUELA MORAGA,3V,YW.UNIDAD POR EL APRUEBO PS PPD E INDEPENDIENTES,312. PAULINA LOPEZ CUBILLOS,PPD,10.0,True
1146854,LOLOL,LOLOL,ESCUELA GALVARINO VALENZUELA MORAGA,3V,YW.UNIDAD POR EL APRUEBO PS PPD E INDEPENDIENTES,313. MARIA XIMENA GALAZ CASTRO,IND,6.0,False
1146855,LOLOL,LOLOL,ESCUELA GALVARINO VALENZUELA MORAGA,3V,YW.UNIDAD POR EL APRUEBO PS PPD E INDEPENDIENTES,314. JUAN BASOALTO LEON,PS,6.0,False
1146856,LOLOL,LOLOL,ESCUELA GALVARINO VALENZUELA MORAGA,3V,YW.UNIDAD POR EL APRUEBO PS PPD E INDEPENDIENTES,315. JOSE MORALES ESPINOZA,IND,18.0,True
1146857,LOLOL,LOLOL,ESCUELA GALVARINO VALENZUELA MORAGA,3V,ZG.CHILE VAMOS EVOPOLI - INDEPENDIENTES,316. PEDRO EDUARDO VIAL VIAL,EVOPOLI,9.0,False
1146858,LOLOL,LOLOL,ESCUELA GALVARINO VALENZUELA MORAGA,3V,ZG.CHILE VAMOS EVOPOLI - INDEPENDIENTES,317. MATIAS GILBERTO URZUA GALLARDO,IND,5.0,False
1146859,LOLOL,LOLOL,ESCUELA GALVARINO VALENZUELA MORAGA,3V,ZJ.CHILE VAMOS UDI - INDEPENDIENTES,318. DARIO OSVALDO DUQUE ROJAS,UDI,14.0,True
1146860,LOLOL,LOLOL,ESCUELA GALVARINO VALENZUELA MORAGA,3V,ZJ.CHILE VAMOS UDI - INDEPENDIENTES,319. CESAR FERNANDO MACHUCA DIAZ,UDI,4.0,False
1146861,LOLOL,LOLOL,ESCUELA GALVARINO VALENZUELA MORAGA,3V,ZJ.CHILE VAMOS UDI - INDEPENDIENTES,320. JUAN OSVALDO QUEZADA GARATE,UDI,6.0,False
1146862,LOLOL,LOLOL,ESCUELA GALVARINO VALENZUELA MORAGA,3V,ZJ.CHILE VAMOS UDI - INDEPENDIENTES,321. MARITHZA LORENA PEREZ PIZARRO,IND,12.0,True
1146863,LOLOL,LOLOL,ESCUELA GALVARINO VALENZUELA MORAGA,3V,ZU.RADICALES E INDEPENDIENTES,322. PABLO ALEJANDRO DE HUHERTEN CORTES,PR,5.0,False
1146864,LOLOL,LOLOL,ESCUELA GALVARINO VALENZUELA MORAGA,3V,ZU.RADICALES E INDEPENDIENTES,323. YOVE LUIS BRIONES ALIAGA,IND,11.0,False
1146865,LOLOL,LOLOL,ESCUELA GALVARINO VALENZUELA MORAGA,3V,ZU.RADICALES E INDEPENDIENTES,324. MAURICIO ALEJANDRO CELIS LEON,IND,6.0,False
1146866,LOLOL,LOLOL,ESCUELA GALVARINO VALENZUELA MORAGA,3V,CANDIDATURA INDEPENDIENTE,325. VALENTINA FERNANDA RAMOS RAMOS,IND,5.0,False
1146867,LOLOL,LOLOL,ESCUELA GALVARINO VALENZUELA MORAGA,4V,M.CHILE DIGNO VERDE Y SOBERANO,300. VICTOR WLADIMIR MARTINEZ MUÑOZ,PCCH,1.0,False
1146868,LOLOL,LOLOL,ESCUELA GALVARINO VALENZUELA MORAGA,4V,M.CHILE DIGNO VERDE Y SOBERANO,301. FLOR MIREYA MUÑOZ PIZARRO,FREVS,5.0,False
1146869,LOLOL,LOLOL,ESCUELA GALVARINO VALENZUELA MORAGA,4V,M.CHILE DIGNO VERDE Y SOBERANO,302. JOSE LUIS REYES RODRIGUEZ,FREVS,10.0,False
1146870,LOLOL,LOLOL,ESCUELA GALVARINO VALENZUELA MORAGA,4V,M.CHILE DIGNO VERDE Y SOBERANO,303. ROBINSON MARIO BECERRA ALARCON,IND,9.0,True
1146871,LOLOL,LOLOL,ESCUELA GALVARINO VALENZUELA MORAGA,4V,M.CHILE DIGNO VERDE Y SOBERANO,304. LUIS ARMANDO CUBILLOS GAJARDO,IND,4.0,False
1146872,LOLOL,LOLOL,ESCUELA GALVARINO VALENZUELA MORAGA,4V,M.CHILE DIGNO VERDE Y SOBERANO,305. LORENA ISABEL DROGUETT MUÑOZ,IND,4.0,False
1146873,LOLOL,LOLOL,ESCUELA GALVARINO VALENZUELA MORAGA,4V,XK.CHILE VAMOS RENOVACION NACIONAL - INDEPENDIENTES,306. MARIA JOSE GOMEZ ABARCA,RN,9.0,False
1146874,LOLOL,LOLOL,ESCUELA GALVARINO VALENZUELA MORAGA,4V,XU.UNIDOS POR LA DIGNIDAD,307. GUIDO HERNAN CORNEJO BRAVO,PDC,7.0,False
1146875,LOLOL,LOLOL,ESCUELA GALVARINO VALENZUELA MORAGA,4V,XU.UNIDOS POR LA DIGNIDAD,308. FRANCISCO JOSE CONTRERAS ARAYA,IND,14.0,False
1146876,LOLOL,LOLOL,ESCUELA GALVARINO VALENZUELA MORAGA,4V,XU.UNIDOS POR LA DIGNIDAD,309. PATRICIA DEL CARMEN ORTIZ ARAYA,IND,3.0,False
1146877,LOLOL,LOLOL,ESCUELA GALVARINO VALENZUELA MORAGA,4V,XU.UNIDOS POR LA DIGNIDAD,310. JOSE EUSEBIO RODRIGUEZ GAJARDO,IND,12.0,True
1146878,LOLOL,LOLOL,ESCUELA GALVARINO VALENZUELA MORAGA,4V,XU.UNIDOS POR LA DIGNIDAD,311. LUIS NELSON QUITRAL PEREZ,IND,5.0,False
1146879,LOLOL,LOLOL,ESCUELA GALVARINO VALENZUELA MORAGA,4V,YW.UNIDAD POR EL APRUEBO PS PPD E INDEPENDIENTES,312. PAULINA LOPEZ CUBILLOS,PPD,8.0,True
1146880,LOLOL,LOLOL,ESCUELA GALVARINO VALENZUELA MORAGA,4V,YW.UNIDAD POR EL APRUEBO PS PPD E INDEPENDIENTES,313. MARIA XIMENA GALAZ CASTRO,IND,9.0,False
1146881,LOLOL,LOLOL,ESCUELA GALVARINO VALENZUELA MORAGA,4V,YW.UNIDAD POR EL APRUEBO PS PPD E INDEPENDIENTES,314. JUAN BASOALTO LEON,PS,13.0,False
1146882,LOLOL,LOLOL,ESCUELA GALVARINO VALENZUELA MORAGA,4V,YW.UNIDAD POR EL APRUEBO PS PPD E INDEPENDIENTES,315. JOSE MORALES ESPINOZA,IND,18.0,True
1146883,LOLOL,LOLOL,ESCUELA GALVARINO VALENZUELA MORAGA,4V,ZG.CHILE VAMOS EVOPOLI - INDEPENDIENTES,316. PEDRO EDUARDO VIAL VIAL,EVOPOLI,5.0,False
1146884,LOLOL,LOLOL,ESCUELA GALVARINO VALENZUELA MORAGA,4V,ZG.CHILE VAMOS EVOPOLI - INDEPENDIENTES,317. MATIAS GILBERTO URZUA GALLARDO,IND,6.0,False
1146885,LOLOL,LOLOL,ESCUELA GALVARINO VALENZUELA MORAGA,4V,ZJ.CHILE VAMOS UDI - INDEPENDIENTES,318. DARIO OSVALDO DUQUE ROJAS,UDI,8.0,True
1146886,LOLOL,LOLOL,ESCUELA GALVARINO VALENZUELA MORAGA,4V,ZJ.CHILE VAMOS UDI - INDEPENDIENTES,319. CESAR FERNANDO MACHUCA DIAZ,UDI,11.0,False
1146887,LOLOL,LOLOL,ESCUELA GALVARINO VALENZUELA MORAGA,4V,ZJ.CHILE VAMOS UDI - INDEPENDIENTES,320. JUAN OSVALDO QUEZADA GARATE,UDI,6.0,False
1146888,LOLOL,LOLOL,ESCUELA GALVARINO VALENZUELA MORAGA,4V,ZJ.CHILE VAMOS UDI - INDEPENDIENTES,321. MARITHZA LORENA PEREZ PIZARRO,IND,16.0,True
1146889,LOLOL,LOLOL,ESCUELA GALVARINO VALENZUELA MORAGA,4V,ZU.RADICALES E INDEPENDIENTES,322. PABLO ALEJANDRO DE HUHERTEN CORTES,PR,3.0,False
1146890,LOLOL,LOLOL,ESCUELA GALVARINO VALENZUELA MORAGA,4V,ZU.RADICALES E INDEPENDIENTES,323. YOVE LUIS BRIONES ALIAGA,IND,12.0,False
1146891,LOLOL,LOLOL,ESCUELA GALVARINO VALENZUELA MORAGA,4V,ZU.RADICALES E INDEPENDIENTES,324. MAURICIO ALEJANDRO CELIS LEON,IND,1.0,False
1146892,LOLOL,LOLOL,ESCUELA GALVARINO VALENZUELA MORAGA,4V,CANDIDATURA INDEPENDIENTE,325. VALENTINA FERNANDA RAMOS RAMOS,IND,12.0,False
1146893,LOLOL,LOLOL,ESCUELA GALVARINO VALENZUELA MORAGA,5V,M.CHILE DIGNO VERDE Y SOBERANO,300. VICTOR WLADIMIR MARTINEZ MUÑOZ,PCCH,0.0,False
1146894,LOLOL,LOLOL,ESCUELA GALVARINO VALENZUELA MORAGA,5V,M.CHILE DIGNO VERDE Y SOBERANO,301. FLOR MIREYA MUÑOZ PIZARRO,FREVS,4.0,False
1146895,LOLOL,LOLOL,ESCUELA GALVARINO VALENZUELA MORAGA,5V,M.CHILE DIGNO VERDE Y SOBERANO,302. JOSE LUIS REYES RODRIGUEZ,FREVS,7.0,False
1146896,LOLOL,LOLOL,ESCUELA GALVARINO VALENZUELA MORAGA,5V,M.CHILE DIGNO VERDE Y SOBERANO,303. ROBINSON MARIO BECERRA ALARCON,IND,10.0,True
1146897,LOLOL,LOLOL,ESCUELA GALVARINO VALENZUELA MORAGA,5V,M.CHILE DIGNO VERDE Y SOBERANO,304. LUIS ARMANDO CUBILLOS GAJARDO,IND,5.0,False
1146898,LOLOL,LOLOL,ESCUELA GALVARINO VALENZUELA MORAGA,5V,M.CHILE DIGNO VERDE Y SOBERANO,305. LORENA ISABEL DROGUETT MUÑOZ,IND,4.0,False
1146899,LOLOL,LOLOL,ESCUELA GALVARINO VALENZUELA MORAGA,5V,XK.CHILE VAMOS RENOVACION NACIONAL - INDEPENDIENTES,306. MARIA JOSE GOMEZ ABARCA,RN,3.0,False
1146900,LOLOL,LOLOL,ESCUELA GALVARINO VALENZUELA MORAGA,5V,XU.UNIDOS POR LA DIGNIDAD,307. GUIDO HERNAN CORNEJO BRAVO,PDC,7.0,False
1146901,LOLOL,LOLOL,ESCUELA GALVARINO VALENZUELA MORAGA,5V,XU.UNIDOS POR LA DIGNIDAD,308. FRANCISCO JOSE CONTRERAS ARAYA,IND,6.0,False
1146902,LOLOL,LOLOL,ESCUELA GALVARINO VALENZUELA MORAGA,5V,XU.UNIDOS POR LA DIGNIDAD,309. PATRICIA DEL CARMEN ORTIZ ARAYA,IND,2.0,False
1146903,LOLOL,LOLOL,ESCUELA GALVARINO VALENZUELA MORAGA,5V,XU.UNIDOS POR LA DIGNIDAD,310. JOSE EUSEBIO RODRIGUEZ GAJARDO,IND,15.0,True
1146904,LOLOL,LOLOL,ESCUELA GALVARINO VALENZUELA MORAGA,5V,XU.UNIDOS POR LA DIGNIDAD,311. LUIS NELSON QUITRAL PEREZ,IND,8.0,False
1146905,LOLOL,LOLOL,ESCUELA GALVARINO VALENZUELA MORAGA,5V,YW.UNIDAD POR EL APRUEBO PS PPD E INDEPENDIENTES,312. PAULINA LOPEZ CUBILLOS,PPD,7.0,True
1146906,LOLOL,LOLOL,ESCUELA GALVARINO VALENZUELA MORAGA,5V,YW.UNIDAD POR EL APRUEBO PS PPD E INDEPENDIENTES,313. MARIA XIMENA GALAZ CASTRO,IND,9.0,False
1146907,LOLOL,LOLOL,ESCUELA GALVARINO VALENZUELA MORAGA,5V,YW.UNIDAD POR EL APRUEBO PS PPD E INDEPENDIENTES,314. JUAN BASOALTO LEON,PS,9.0,False
1146908,LOLOL,LOLOL,ESCUELA GALVARINO VALENZUELA MORAGA,5V,YW.UNIDAD POR EL APRUEBO PS PPD E INDEPENDIENTES,315. JOSE MORALES ESPINOZA,IND,16.0,True
1146909,LOLOL,LOLOL,ESCUELA GALVARINO VALENZUELA MORAGA,5V,ZG.CHILE VAMOS EVOPOLI - INDEPENDIENTES,316. PEDRO EDUARDO VIAL VIAL,EVOPOLI,13.0,False
1146910,LOLOL,LOLOL,ESCUELA GALVARINO VALENZUELA MORAGA,5V,ZG.CHILE VAMOS EVOPOLI - INDEPENDIENTES,317. MATIAS GILBERTO URZUA GALLARDO,IND,8.0,False
1146911,LOLOL,LOLOL,ESCUELA GALVARINO VALENZUELA MORAGA,5V,ZJ.CHILE VAMOS UDI - INDEPENDIENTES,318. DARIO OSVALDO DUQUE ROJAS,UDI,15.0,True
1146912,LOLOL,LOLOL,ESCUELA GALVARINO VALENZUELA MORAGA,5V,ZJ.CHILE VAMOS UDI - INDEPENDIENTES,319. CESAR FERNANDO MACHUCA DIAZ,UDI,4.0,False
1146913,LOLOL,LOLOL,ESCUELA GALVARINO VALENZUELA MORAGA,5V,ZJ.CHILE VAMOS UDI - INDEPENDIENTES,320. JUAN OSVALDO QUEZADA GARATE,UDI,8.0,False
1146914,LOLOL,LOLOL,ESCUELA GALVARINO VALENZUELA MORAGA,5V,ZJ.CHILE VAMOS UDI - INDEPENDIENTES,321. MARITHZA LORENA PEREZ PIZARRO,IND,9.0,True
1146915,LOLOL,LOLOL,ESCUELA GALVARINO VALENZUELA MORAGA,5V,ZU.RADICALES E INDEPENDIENTES,322. PABLO ALEJANDRO DE HUHERTEN CORTES,PR,7.0,False
1146916,LOLOL,LOLOL,ESCUELA GALVARINO VALENZUELA MORAGA,5V,ZU.RADICALES E INDEPENDIENTES,323. YOVE LUIS BRIONES ALIAGA,IND,8.0,False
1146917,LOLOL,LOLOL,ESCUELA GALVARINO VALENZUELA MORAGA,5V,ZU.RADICALES E INDEPENDIENTES,324. MAURICIO ALEJANDRO CELIS LEON,IND,1.0,False
1146918,LOLOL,LOLOL,ESCUELA GALVARINO VALENZUELA MORAGA,5V,CANDIDATURA INDEPENDIENTE,325. VALENTINA FERNANDA RAMOS RAMOS,IND,5.0,False
1146919,LOLOL,LOLOL,ESCUELA GALVARINO VALENZUELA MORAGA,6V,M.CHILE DIGNO VERDE Y SOBERANO,300. VICTOR WLADIMIR MARTINEZ MUÑOZ,PCCH,1.0,False
1146920,LOLOL,LOLOL,ESCUELA GALVARINO VALENZUELA MORAGA,6V,M.CHILE DIGNO VERDE Y SOBERANO,301. FLOR MIREYA MUÑOZ PIZARRO,FREVS,1.0,False
1146921,LOLOL,LOLOL,ESCUELA GALVARINO VALENZUELA MORAGA,6V,M.CHILE DIGNO VERDE Y SOBERANO,302. JOSE LUIS REYES RODRIGUEZ,FREVS,7.0,False
1146922,LOLOL,LOLOL,ESCUELA GALVARINO VALENZUELA MORAGA,6V,M.CHILE DIGNO VERDE Y SOBERANO,303. ROBINSON MARIO BECERRA ALARCON,IND,8.0,True
1146923,LOLOL,LOLOL,ESCUELA GALVARINO VALENZUELA MORAGA,6V,M.CHILE DIGNO VERDE Y SOBERANO,304. LUIS ARMANDO CUBILLOS GAJARDO,IND,6.0,False
1146924,LOLOL,LOLOL,ESCUELA GALVARINO VALENZUELA MORAGA,6V,M.CHILE DIGNO VERDE Y SOBERANO,305. LORENA ISABEL DROGUETT MUÑOZ,IND,1.0,False
1146925,LOLOL,LOLOL,ESCUELA GALVARINO VALENZUELA MORAGA,6V,XK.CHILE VAMOS RENOVACION NACIONAL - INDEPENDIENTES,306. MARIA JOSE GOMEZ ABARCA,RN,1.0,False
1146926,LOLOL,LOLOL,ESCUELA GALVARINO VALENZUELA MORAGA,6V,XU.UNIDOS POR LA DIGNIDAD,307. GUIDO HERNAN CORNEJO BRAVO,PDC,4.0,False
1146927,LOLOL,LOLOL,ESCUELA GALVARINO VALENZUELA MORAGA,6V,XU.UNIDOS POR LA DIGNIDAD,308. FRANCISCO JOSE CONTRERAS ARAYA,IND,9.0,False
1146928,LOLOL,LOLOL,ESCUELA GALVARINO VALENZUELA MORAGA,6V,XU.UNIDOS POR LA DIGNIDAD,309. PATRICIA DEL CARMEN ORTIZ ARAYA,IND,1.0,False
1146929,LOLOL,LOLOL,ESCUELA GALVARINO VALENZUELA MORAGA,6V,XU.UNIDOS POR LA DIGNIDAD,310. JOSE EUSEBIO RODRIGUEZ GAJARDO,IND,8.0,True
1146930,LOLOL,LOLOL,ESCUELA GALVARINO VALENZUELA MORAGA,6V,XU.UNIDOS POR LA DIGNIDAD,311. LUIS NELSON QUITRAL PEREZ,IND,3.0,False
1146931,LOLOL,LOLOL,ESCUELA GALVARINO VALENZUELA MORAGA,6V,YW.UNIDAD POR EL APRUEBO PS PPD E INDEPENDIENTES,312. PAULINA LOPEZ CUBILLOS,PPD,9.0,True
1146932,LOLOL,LOLOL,ESCUELA GALVARINO VALENZUELA MORAGA,6V,YW.UNIDAD POR EL APRUEBO PS PPD E INDEPENDIENTES,313. MARIA XIMENA GALAZ CASTRO,IND,3.0,False
1146933,LOLOL,LOLOL,ESCUELA GALVARINO VALENZUELA MORAGA,6V,YW.UNIDAD POR EL APRUEBO PS PPD E INDEPENDIENTES,314. JUAN BASOALTO LEON,PS,7.0,False
1146934,LOLOL,LOLOL,ESCUELA GALVARINO VALENZUELA MORAGA,6V,YW.UNIDAD POR EL APRUEBO PS PPD E INDEPENDIENTES,315. JOSE MORALES ESPINOZA,IND,20.0,True
1146935,LOLOL,LOLOL,ESCUELA GALVARINO VALENZUELA MORAGA,6V,ZG.CHILE VAMOS EVOPOLI - INDEPENDIENTES,316. PEDRO EDUARDO VIAL VIAL,EVOPOLI,8.0,False
1146936,LOLOL,LOLOL,ESCUELA GALVARINO VALENZUELA MORAGA,6V,ZG.CHILE VAMOS EVOPOLI - INDEPENDIENTES,317. MATIAS GILBERTO URZUA GALLARDO,IND,6.0,False
1146937,LOLOL,LOLOL,ESCUELA GALVARINO VALENZUELA MORAGA,6V,ZJ.CHILE VAMOS UDI - INDEPENDIENTES,318. DARIO OSVALDO DUQUE ROJAS,UDI,11.0,True
1146938,LOLOL,LOLOL,ESCUELA GALVARINO VALENZUELA MORAGA,6V,ZJ.CHILE VAMOS UDI - INDEPENDIENTES,319. CESAR FERNANDO MACHUCA DIAZ,UDI,7.0,False
1146939,LOLOL,LOLOL,ESCUELA GALVARINO VALENZUELA MORAGA,6V,ZJ.CHILE VAMOS UDI - INDEPENDIENTES,320. JUAN OSVALDO QUEZADA GARATE,UDI,2.0,False
1146940,LOLOL,LOLOL,ESCUELA GALVARINO VALENZUELA MORAGA,6V,ZJ.CHILE VAMOS UDI - INDEPENDIENTES,321. MARITHZA LORENA PEREZ PIZARRO,IND,7.0,True
1146941,LOLOL,LOLOL,ESCUELA GALVARINO VALENZUELA MORAGA,6V,ZU.RADICALES E INDEPENDIENTES,322. PABLO ALEJANDRO DE HUHERTEN CORTES,PR,2.0,False
1146942,LOLOL,LOLOL,ESCUELA GALVARINO VALENZUELA MORAGA,6V,ZU.RADICALES E INDEPENDIENTES,323. YOVE LUIS BRIONES ALIAGA,IND,5.0,False
1146943,LOLOL,LOLOL,ESCUELA GALVARINO VALENZUELA MORAGA,6V,ZU.RADICALES E INDEPENDIENTES,324. MAURICIO ALEJANDRO CELIS LEON,IND,1.0,False
1146944,LOLOL,LOLOL,ESCUELA GALVARINO VALENZUELA MORAGA,6V,CANDIDATURA INDEPENDIENTE,325. VALENTINA FERNANDA RAMOS RAMOS,IND,4.0,False
1146945,LOLOL,LOLOL,ESCUELA GALVARINO VALENZUELA MORAGA,7V,M.CHILE DIGNO VERDE Y SOBERANO,300. VICTOR WLADIMIR MARTINEZ MUÑOZ,PCCH,0.0,False
1146946,LOLOL,LOLOL,ESCUELA GALVARINO VALENZUELA MORAGA,7V,M.CHILE DIGNO VERDE Y SOBERANO,301. FLOR MIREYA MUÑOZ PIZARRO,FREVS,7.0,False
1146947,LOLOL,LOLOL,ESCUELA GALVARINO VALENZUELA MORAGA,7V,M.CHILE DIGNO VERDE Y SOBERANO,302. JOSE LUIS REYES RODRIGUEZ,FREVS,13.0,False
1146948,LOLOL,LOLOL,ESCUELA GALVARINO VALENZUELA MORAGA,7V,M.CHILE DIGNO VERDE Y SOBERANO,303. ROBINSON MARIO BECERRA ALARCON,IND,8.0,True
1146949,LOLOL,LOLOL,ESCUELA GALVARINO VALENZUELA MORAGA,7V,M.CHILE DIGNO VERDE Y SOBERANO,304. LUIS ARMANDO CUBILLOS GAJARDO,IND,4.0,False
1146950,LOLOL,LOLOL,ESCUELA GALVARINO VALENZUELA MORAGA,7V,M.CHILE DIGNO VERDE Y SOBERANO,305. LORENA ISABEL DROGUETT MUÑOZ,IND,3.0,False
1146951,LOLOL,LOLOL,ESCUELA GALVARINO VALENZUELA MORAGA,7V,XK.CHILE VAMOS RENOVACION NACIONAL - INDEPENDIENTES,306. MARIA JOSE GOMEZ ABARCA,RN,8.0,False
1146952,LOLOL,LOLOL,ESCUELA GALVARINO VALENZUELA MORAGA,7V,XU.UNIDOS POR LA DIGNIDAD,307. GUIDO HERNAN CORNEJO BRAVO,PDC,7.0,False
1146953,LOLOL,LOLOL,ESCUELA GALVARINO VALENZUELA MORAGA,7V,XU.UNIDOS POR LA DIGNIDAD,308. FRANCISCO JOSE CONTRERAS ARAYA,IND,11.0,False
1146954,LOLOL,LOLOL,ESCUELA GALVARINO VALENZUELA MORAGA,7V,XU.UNIDOS POR LA DIGNIDAD,309. PATRICIA DEL CARMEN ORTIZ ARAYA,IND,4.0,False
1146955,LOLOL,LOLOL,ESCUELA GALVARINO VALENZUELA MORAGA,7V,XU.UNIDOS POR LA DIGNIDAD,310. JOSE EUSEBIO RODRIGUEZ GAJARDO,IND,11.0,True
1146956,LOLOL,LOLOL,ESCUELA GALVARINO VALENZUELA MORAGA,7V,XU.UNIDOS POR LA DIGNIDAD,311. LUIS NELSON QUITRAL PEREZ,IND,3.0,False
1146957,LOLOL,LOLOL,ESCUELA GALVARINO VALENZUELA MORAGA,7V,YW.UNIDAD POR EL APRUEBO PS PPD E INDEPENDIENTES,312. PAULINA LOPEZ CUBILLOS,PPD,8.0,True
1146958,LOLOL,LOLOL,ESCUELA GALVARINO VALENZUELA MORAGA,7V,YW.UNIDAD POR EL APRUEBO PS PPD E INDEPENDIENTES,313. MARIA XIMENA GALAZ CASTRO,IND,3.0,False
1146959,LOLOL,LOLOL,ESCUELA GALVARINO VALENZUELA MORAGA,7V,YW.UNIDAD POR EL APRUEBO PS PPD E INDEPENDIENTES,314. JUAN BASOALTO LEON,PS,5.0,False
1146960,LOLOL,LOLOL,ESCUELA GALVARINO VALENZUELA MORAGA,7V,YW.UNIDAD POR EL APRUEBO PS PPD E INDEPENDIENTES,315. JOSE MORALES ESPINOZA,IND,17.0,True
1146961,LOLOL,LOLOL,ESCUELA GALVARINO VALENZUELA MORAGA,7V,ZG.CHILE VAMOS EVOPOLI - INDEPENDIENTES,316. PEDRO EDUARDO VIAL VIAL,EVOPOLI,17.0,False
1146962,LOLOL,LOLOL,ESCUELA GALVARINO VALENZUELA MORAGA,7V,ZG.CHILE VAMOS EVOPOLI - INDEPENDIENTES,317. MATIAS GILBERTO URZUA GALLARDO,IND,4.0,False
1146963,LOLOL,LOLOL,ESCUELA GALVARINO VALENZUELA MORAGA,7V,ZJ.CHILE VAMOS UDI - INDEPENDIENTES,318. DARIO OSVALDO DUQUE ROJAS,UDI,25.0,True
1146964,LOLOL,LOLOL,ESCUELA GALVARINO VALENZUELA MORAGA,7V,ZJ.CHILE VAMOS UDI - INDEPENDIENTES,319. CESAR FERNANDO MACHUCA DIAZ,UDI,2.0,False
1146965,LOLOL,LOLOL,ESCUELA GALVARINO VALENZUELA MORAGA,7V,ZJ.CHILE VAMOS UDI - INDEPENDIENTES,320. JUAN OSVALDO QUEZADA GARATE,UDI,11.0,False
1146966,LOLOL,LOLOL,ESCUELA GALVARINO VALENZUELA MORAGA,7V,ZJ.CHILE VAMOS UDI - INDEPENDIENTES,321. MARITHZA LORENA PEREZ PIZARRO,IND,12.0,True
1146967,LOLOL,LOLOL,ESCUELA GALVARINO VALENZUELA MORAGA,7V,ZU.RADICALES E INDEPENDIENTES,322. PABLO ALEJANDRO DE HUHERTEN CORTES,PR,6.0,False
1146968,LOLOL,LOLOL,ESCUELA GALVARINO VALENZUELA MORAGA,7V,ZU.RADICALES E INDEPENDIENTES,323. YOVE LUIS BRIONES ALIAGA,IND,7.0,False
1146969,LOLOL,LOLOL,ESCUELA GALVARINO VALENZUELA MORAGA,7V,ZU.RADICALES E INDEPENDIENTES,324. MAURICIO ALEJANDRO CELIS LEON,IND,0.0,False
1146970,LOLOL,LOLOL,ESCUELA GALVARINO VALENZUELA MORAGA,7V,CANDIDATURA INDEPENDIENTE,325. VALENTINA FERNANDA RAMOS RAMOS,IND,6.0,False
1146971,LOLOL,LOLOL,ESCUELA GALVARINO VALENZUELA MORAGA,8V,M.CHILE DIGNO VERDE Y SOBERANO,300. VICTOR WLADIMIR MARTINEZ MUÑOZ,PCCH,0.0,False
1146972,LOLOL,LOLOL,ESCUELA GALVARINO VALENZUELA MORAGA,8V,M.CHILE DIGNO VERDE Y SOBERANO,301. FLOR MIREYA MUÑOZ PIZARRO,FREVS,6.0,False
1146973,LOLOL,LOLOL,ESCUELA GALVARINO VALENZUELA MORAGA,8V,M.CHILE DIGNO VERDE Y SOBERANO,302. JOSE LUIS REYES RODRIGUEZ,FREVS,11.0,False
1146974,LOLOL,LOLOL,ESCUELA GALVARINO VALENZUELA MORAGA,8V,M.CHILE DIGNO VERDE Y SOBERANO,303. ROBINSON MARIO BECERRA ALARCON,IND,13.0,True
1146975,LOLOL,LOLOL,ESCUELA GALVARINO VALENZUELA MORAGA,8V,M.CHILE DIGNO VERDE Y SOBERANO,304. LUIS ARMANDO CUBILLOS GAJARDO,IND,6.0,False
1146976,LOLOL,LOLOL,ESCUELA GALVARINO VALENZUELA MORAGA,8V,M.CHILE DIGNO VERDE Y SOBERANO,305. LORENA ISABEL DROGUETT MUÑOZ,IND,6.0,False
1146977,LOLOL,LOLOL,ESCUELA GALVARINO VALENZUELA MORAGA,8V,XK.CHILE VAMOS RENOVACION NACIONAL - INDEPENDIENTES,306. MARIA JOSE GOMEZ ABARCA,RN,8.0,False
1146978,LOLOL,LOLOL,ESCUELA GALVARINO VALENZUELA MORAGA,8V,XU.UNIDOS POR LA DIGNIDAD,307. GUIDO HERNAN CORNEJO BRAVO,PDC,9.0,False
1146979,LOLOL,LOLOL,ESCUELA GALVARINO VALENZUELA MORAGA,8V,XU.UNIDOS POR LA DIGNIDAD,308. FRANCISCO JOSE CONTRERAS ARAYA,IND,10.0,False
1146980,LOLOL,LOLOL,ESCUELA GALVARINO VALENZUELA MORAGA,8V,XU.UNIDOS POR LA DIGNIDAD,309. PATRICIA DEL CARMEN ORTIZ ARAYA,IND,2.0,False
1146981,LOLOL,LOLOL,ESCUELA GALVARINO VALENZUELA MORAGA,8V,XU.UNIDOS POR LA DIGNIDAD,310. JOSE EUSEBIO RODRIGUEZ GAJARDO,IND,14.0,True
1146982,LOLOL,LOLOL,ESCUELA GALVARINO VALENZUELA MORAGA,8V,XU.UNIDOS POR LA DIGNIDAD,311. LUIS NELSON QUITRAL PEREZ,IND,4.0,False
1146983,LOLOL,LOLOL,ESCUELA GALVARINO VALENZUELA MORAGA,8V,YW.UNIDAD POR EL APRUEBO PS PPD E INDEPENDIENTES,312. PAULINA LOPEZ CUBILLOS,PPD,9.0,True
1146984,LOLOL,LOLOL,ESCUELA GALVARINO VALENZUELA MORAGA,8V,YW.UNIDAD POR EL APRUEBO PS PPD E INDEPENDIENTES,313. MARIA XIMENA GALAZ CASTRO,IND,5.0,False
1146985,LOLOL,LOLOL,ESCUELA GALVARINO VALENZUELA MORAGA,8V,YW.UNIDAD POR EL APRUEBO PS PPD E INDEPENDIENTES,314. JUAN BASOALTO LEON,PS,5.0,False
1146986,LOLOL,LOLOL,ESCUELA GALVARINO VALENZUELA MORAGA,8V,YW.UNIDAD POR EL APRUEBO PS PPD E INDEPENDIENTES,315. JOSE MORALES ESPINOZA,IND,21.0,True
1146987,LOLOL,LOLOL,ESCUELA GALVARINO VALENZUELA MORAGA,8V,ZG.CHILE VAMOS EVOPOLI - INDEPENDIENTES,316. PEDRO EDUARDO VIAL VIAL,EVOPOLI,10.0,False
1146988,LOLOL,LOLOL,ESCUELA GALVARINO VALENZUELA MORAGA,8V,ZG.CHILE VAMOS EVOPOLI - INDEPENDIENTES,317. MATIAS GILBERTO URZUA GALLARDO,IND,11.0,False
1146989,LOLOL,LOLOL,ESCUELA GALVARINO VALENZUELA MORAGA,8V,ZJ.CHILE VAMOS UDI - INDEPENDIENTES,318. DARIO OSVALDO DUQUE ROJAS,UDI,24.0,True
1146990,LOLOL,LOLOL,ESCUELA GALVARINO VALENZUELA MORAGA,8V,ZJ.CHILE VAMOS UDI - INDEPENDIENTES,319. CESAR FERNANDO MACHUCA DIAZ,UDI,4.0,False
1146991,LOLOL,LOLOL,ESCUELA GALVARINO VALENZUELA MORAGA,8V,ZJ.CHILE VAMOS UDI - INDEPENDIENTES,320. JUAN OSVALDO QUEZADA GARATE,UDI,7.0,False
1146992,LOLOL,LOLOL,ESCUELA GALVARINO VALENZUELA MORAGA,8V,ZJ.CHILE VAMOS UDI - INDEPENDIENTES,321. MARITHZA LORENA PEREZ PIZARRO,IND,3.0,True
1146993,LOLOL,LOLOL,ESCUELA GALVARINO VALENZUELA MORAGA,8V,ZU.RADICALES E INDEPENDIENTES,322. PABLO ALEJANDRO DE HUHERTEN CORTES,PR,3.0,False
1146994,LOLOL,LOLOL,ESCUELA GALVARINO VALENZUELA MORAGA,8V,ZU.RADICALES E INDEPENDIENTES,323. YOVE LUIS BRIONES ALIAGA,IND,4.0,False
1146995,LOLOL,LOLOL,ESCUELA GALVARINO VALENZUELA MORAGA,8V,ZU.RADICALES E INDEPENDIENTES,324. MAURICIO ALEJANDRO CELIS LEON,IND,2.0,False
1146996,LOLOL,LOLOL,ESCUELA GALVARINO VALENZUELA MORAGA,8V,CANDIDATURA INDEPENDIENTE,325. VALENTINA FERNANDA RAMOS RAMOS,IND,7.0,False
1146997,LOLOL,LOLOL,ESCUELA GALVARINO VALENZUELA MORAGA,9V,M.CHILE DIGNO VERDE Y SOBERANO,300. VICTOR WLADIMIR MARTINEZ MUÑOZ,PCCH,0.0,False
1146998,LOLOL,LOLOL,ESCUELA GALVARINO VALENZUELA MORAGA,9V,M.CHILE DIGNO VERDE Y SOBERANO,301. FLOR MIREYA MUÑOZ PIZARRO,FREVS,3.0,False
1146999,LOLOL,LOLOL,ESCUELA GALVARINO VALENZUELA MORAGA,9V,M.CHILE DIGNO VERDE Y SOBERANO,302. JOSE LUIS REYES RODRIGUEZ,FREVS,11.0,False
1147000,LOLOL,LOLOL,ESCUELA GALVARINO VALENZUELA MORAGA,9V,M.CHILE DIGNO VERDE Y SOBERANO,303. ROBINSON MARIO BECERRA ALARCON,IND,14.0,True
1147001,LOLOL,LOLOL,ESCUELA GALVARINO VALENZUELA MORAGA,9V,M.CHILE DIGNO VERDE Y SOBERANO,304. LUIS ARMANDO CUBILLOS GAJARDO,IND,5.0,False
1147002,LOLOL,LOLOL,ESCUELA GALVARINO VALENZUELA MORAGA,9V,M.CHILE DIGNO VERDE Y SOBERANO,305. LORENA ISABEL DROGUETT MUÑOZ,IND,3.0,False
1147003,LOLOL,LOLOL,ESCUELA GALVARINO VALENZUELA MORAGA,9V,XK.CHILE VAMOS RENOVACION NACIONAL - INDEPENDIENTES,306. MARIA JOSE GOMEZ ABARCA,RN,6.0,False
1147004,LOLOL,LOLOL,ESCUELA GALVARINO VALENZUELA MORAGA,9V,XU.UNIDOS POR LA DIGNIDAD,307. GUIDO HERNAN CORNEJO BRAVO,PDC,10.0,False
1147005,LOLOL,LOLOL,ESCUELA GALVARINO VALENZUELA MORAGA,9V,XU.UNIDOS POR LA DIGNIDAD,308. FRANCISCO JOSE CONTRERAS ARAYA,IND,11.0,False
1147006,LOLOL,LOLOL,ESCUELA GALVARINO VALENZUELA MORAGA,9V,XU.UNIDOS POR LA DIGNIDAD,309. PATRICIA DEL CARMEN ORTIZ ARAYA,IND,1.0,False
1147007,LOLOL,LOLOL,ESCUELA GALVARINO VALENZUELA MORAGA,9V,XU.UNIDOS POR LA DIGNIDAD,310. JOSE EUSEBIO RODRIGUEZ GAJARDO,IND,15.0,True
1147008,LOLOL,LOLOL,ESCUELA GALVARINO VALENZUELA MORAGA,9V,XU.UNIDOS POR LA DIGNIDAD,311. LUIS NELSON QUITRAL PEREZ,IND,9.0,False
1147009,LOLOL,LOLOL,ESCUELA GALVARINO VALENZUELA MORAGA,9V,YW.UNIDAD POR EL APRUEBO PS PPD E INDEPENDIENTES,312. PAULINA LOPEZ CUBILLOS,PPD,9.0,True
1147010,LOLOL,LOLOL,ESCUELA GALVARINO VALENZUELA MORAGA,9V,YW.UNIDAD POR EL APRUEBO PS PPD E INDEPENDIENTES,313. MARIA XIMENA GALAZ CASTRO,IND,8.0,False
1147011,LOLOL,LOLOL,ESCUELA GALVARINO VALENZUELA MORAGA,9V,YW.UNIDAD POR EL APRUEBO PS PPD E INDEPENDIENTES,314. JUAN BASOALTO LEON,PS,9.0,False
1147012,LOLOL,LOLOL,ESCUELA GALVARINO VALENZUELA MORAGA,9V,YW.UNIDAD POR EL APRUEBO PS PPD E INDEPENDIENTES,315. JOSE MORALES ESPINOZA,IND,26.0,True
1147013,LOLOL,LOLOL,ESCUELA GALVARINO VALENZUELA MORAGA,9V,ZG.CHILE VAMOS EVOPOLI - INDEPENDIENTES,316. PEDRO EDUARDO VIAL VIAL,EVOPOLI,14.0,False
1147014,LOLOL,LOLOL,ESCUELA GALVARINO VALENZUELA MORAGA,9V,ZG.CHILE VAMOS EVOPOLI - INDEPENDIENTES,317. MATIAS GILBERTO URZUA GALLARDO,IND,3.0,False
1147015,LOLOL,LOLOL,ESCUELA GALVARINO VALENZUELA MORAGA,9V,ZJ.CHILE VAMOS UDI - INDEPENDIENTES,318. DARIO OSVALDO DUQUE ROJAS,UDI,23.0,True
1147016,LOLOL,LOLOL,ESCUELA GALVARINO VALENZUELA MORAGA,9V,ZJ.CHILE VAMOS UDI - INDEPENDIENTES,319. CESAR FERNANDO MACHUCA DIAZ,UDI,7.0,False
1147017,LOLOL,LOLOL,ESCUELA GALVARINO VALENZUELA MORAGA,9V,ZJ.CHILE VAMOS UDI - INDEPENDIENTES,320. JUAN OSVALDO QUEZADA GARATE,UDI,4.0,False
1147018,LOLOL,LOLOL,ESCUELA GALVARINO VALENZUELA MORAGA,9V,ZJ.CHILE VAMOS UDI - INDEPENDIENTES,321. MARITHZA LORENA PEREZ PIZARRO,IND,10.0,True
1147019,LOLOL,LOLOL,ESCUELA GALVARINO VALENZUELA MORAGA,9V,ZU.RADICALES E INDEPENDIENTES,322. PABLO ALEJANDRO DE HUHERTEN CORTES,PR,1.0,False
1147020,LOLOL,LOLOL,ESCUELA GALVARINO VALENZUELA MORAGA,9V,ZU.RADICALES E INDEPENDIENTES,323. YOVE LUIS BRIONES ALIAGA,IND,6.0,False
1147021,LOLOL,LOLOL,ESCUELA GALVARINO VALENZUELA MORAGA,9V,ZU.RADICALES E INDEPENDIENTES,324. MAURICIO ALEJANDRO CELIS LEON,IND,2.0,False
1147022,LOLOL,LOLOL,ESCUELA GALVARINO VALENZUELA MORAGA,9V,CANDIDATURA INDEPENDIENTE,325. VALENTINA FERNANDA RAMOS RAMOS,IND,9.0,False
1147023,LOLOL,LOLOL,ESCUELA GALVARINO VALENZUELA MORAGA,10V,M.CHILE DIGNO VERDE Y SOBERANO,300. VICTOR WLADIMIR MARTINEZ MUÑOZ,PCCH,0.0,False
1147024,LOLOL,LOLOL,ESCUELA GALVARINO VALENZUELA MORAGA,10V,M.CHILE DIGNO VERDE Y SOBERANO,301. FLOR MIREYA MUÑOZ PIZARRO,FREVS,2.0,False
1147025,LOLOL,LOLOL,ESCUELA GALVARINO VALENZUELA MORAGA,10V,M.CHILE DIGNO VERDE Y SOBERANO,302. JOSE LUIS REYES RODRIGUEZ,FREVS,15.0,False
1147026,LOLOL,LOLOL,ESCUELA GALVARINO VALENZUELA MORAGA,10V,M.CHILE DIGNO VERDE Y SOBERANO,303. ROBINSON MARIO BECERRA ALARCON,IND,11.0,True
1147027,LOLOL,LOLOL,ESCUELA GALVARINO VALENZUELA MORAGA,10V,M.CHILE DIGNO VERDE Y SOBERANO,304. LUIS ARMANDO CUBILLOS GAJARDO,IND,2.0,False
1147028,LOLOL,LOLOL,ESCUELA GALVARINO VALENZUELA MORAGA,10V,M.CHILE DIGNO VERDE Y SOBERANO,305. LORENA ISABEL DROGUETT MUÑOZ,IND,11.0,False
1147029,LOLOL,LOLOL,ESCUELA GALVARINO VALENZUELA MORAGA,10V,XK.CHILE VAMOS RENOVACION NACIONAL - INDEPENDIENTES,306. MARIA JOSE GOMEZ ABARCA,RN,5.0,False
1147030,LOLOL,LOLOL,ESCUELA GALVARINO VALENZUELA MORAGA,10V,XU.UNIDOS POR LA DIGNIDAD,307. GUIDO HERNAN CORNEJO BRAVO,PDC,7.0,False
1147031,LOLOL,LOLOL,ESCUELA GALVARINO VALENZUELA MORAGA,10V,XU.UNIDOS POR LA DIGNIDAD,308. FRANCISCO JOSE CONTRERAS ARAYA,IND,17.0,False
1147032,LOLOL,LOLOL,ESCUELA GALVARINO VALENZUELA MORAGA,10V,XU.UNIDOS POR LA DIGNIDAD,309. PATRICIA DEL CARMEN ORTIZ ARAYA,IND,0.0,False
1147033,LOLOL,LOLOL,ESCUELA GALVARINO VALENZUELA MORAGA,10V,XU.UNIDOS POR LA DIGNIDAD,310. JOSE EUSEBIO RODRIGUEZ GAJARDO,IND,10.0,True
1147034,LOLOL,LOLOL,ESCUELA GALVARINO VALENZUELA MORAGA,10V,XU.UNIDOS POR LA DIGNIDAD,311. LUIS NELSON QUITRAL PEREZ,IND,7.0,False
1147035,LOLOL,LOLOL,ESCUELA GALVARINO VALENZUELA MORAGA,10V,YW.UNIDAD POR EL APRUEBO PS PPD E INDEPENDIENTES,312. PAULINA LOPEZ CUBILLOS,PPD,10.0,True
1147036,LOLOL,LOLOL,ESCUELA GALVARINO VALENZUELA MORAGA,10V,YW.UNIDAD POR EL APRUEBO PS PPD E INDEPENDIENTES,313. MARIA XIMENA GALAZ CASTRO,IND,14.0,False
1147037,LOLOL,LOLOL,ESCUELA GALVARINO VALENZUELA MORAGA,10V,YW.UNIDAD POR EL APRUEBO PS PPD E INDEPENDIENTES,314. JUAN BASOALTO LEON,PS,8.0,False
1147038,LOLOL,LOLOL,ESCUELA GALVARINO VALENZUELA MORAGA,10V,YW.UNIDAD POR EL APRUEBO PS PPD E INDEPENDIENTES,315. JOSE MORALES ESPINOZA,IND,17.0,True
1147039,LOLOL,LOLOL,ESCUELA GALVARINO VALENZUELA MORAGA,10V,ZG.CHILE VAMOS EVOPOLI - INDEPENDIENTES,316. PEDRO EDUARDO VIAL VIAL,EVOPOLI,7.0,False
1147040,LOLOL,LOLOL,ESCUELA GALVARINO VALENZUELA MORAGA,10V,ZG.CHILE VAMOS EVOPOLI - INDEPENDIENTES,317. MATIAS GILBERTO URZUA GALLARDO,IND,8.0,False
1147041,LOLOL,LOLOL,ESCUELA GALVARINO VALENZUELA MORAGA,10V,ZJ.CHILE VAMOS UDI - INDEPENDIENTES,318. DARIO OSVALDO DUQUE ROJAS,UDI,13.0,True
1147042,LOLOL,LOLOL,ESCUELA GALVARINO VALENZUELA MORAGA,10V,ZJ.CHILE VAMOS UDI - INDEPENDIENTES,319. CESAR FERNANDO MACHUCA DIAZ,UDI,5.0,False
1147043,LOLOL,LOLOL,ESCUELA GALVARINO VALENZUELA MORAGA,10V,ZJ.CHILE VAMOS UDI - INDEPENDIENTES,320. JUAN OSVALDO QUEZADA GARATE,UDI,9.0,False
1147044,LOLOL,LOLOL,ESCUELA GALVARINO VALENZUELA MORAGA,10V,ZJ.CHILE VAMOS UDI - INDEPENDIENTES,321. MARITHZA LORENA PEREZ PIZARRO,IND,14.0,True
1147045,LOLOL,LOLOL,ESCUELA GALVARINO VALENZUELA MORAGA,10V,ZU.RADICALES E INDEPENDIENTES,322. PABLO ALEJANDRO DE HUHERTEN CORTES,PR,0.0,False
1147046,LOLOL,LOLOL,ESCUELA GALVARINO VALENZUELA MORAGA,10V,ZU.RADICALES E INDEPENDIENTES,323. YOVE LUIS BRIONES ALIAGA,IND,9.0,False
1147047,LOLOL,LOLOL,ESCUELA GALVARINO VALENZUELA MORAGA,10V,ZU.RADICALES E INDEPENDIENTES,324. MAURICIO ALEJANDRO CELIS LEON,IND,2.0,False
1147048,LOLOL,LOLOL,ESCUELA GALVARINO VALENZUELA MORAGA,10V,CANDIDATURA INDEPENDIENTE,325. VALENTINA FERNANDA RAMOS RAMOS,IND,8.0,False
1147049,LOLOL,LOLOL,ESCUELA GALVARINO VALENZUELA MORAGA,11V,M.CHILE DIGNO VERDE Y SOBERANO,300. VICTOR WLADIMIR MARTINEZ MUÑOZ,PCCH,2.0,False
1147050,LOLOL,LOLOL,ESCUELA GALVARINO VALENZUELA MORAGA,11V,M.CHILE DIGNO VERDE Y SOBERANO,301. FLOR MIREYA MUÑOZ PIZARRO,FREVS,2.0,False
1147051,LOLOL,LOLOL,ESCUELA GALVARINO VALENZUELA MORAGA,11V,M.CHILE DIGNO VERDE Y SOBERANO,302. JOSE LUIS REYES RODRIGUEZ,FREVS,3.0,False
1147052,LOLOL,LOLOL,ESCUELA GALVARINO VALENZUELA MORAGA,11V,M.CHILE DIGNO VERDE Y SOBERANO,303. ROBINSON MARIO BECERRA ALARCON,IND,9.0,True
1147053,LOLOL,LOLOL,ESCUELA GALVARINO VALENZUELA MORAGA,11V,M.CHILE DIGNO VERDE Y SOBERANO,304. LUIS ARMANDO CUBILLOS GAJARDO,IND,5.0,False
1147054,LOLOL,LOLOL,ESCUELA GALVARINO VALENZUELA MORAGA,11V,M.CHILE DIGNO VERDE Y SOBERANO,305. LORENA ISABEL DROGUETT MUÑOZ,IND,4.0,False
1147055,LOLOL,LOLOL,ESCUELA GALVARINO VALENZUELA MORAGA,11V,XK.CHILE VAMOS RENOVACION NACIONAL - INDEPENDIENTES,306. MARIA JOSE GOMEZ ABARCA,RN,4.0,False
1147056,LOLOL,LOLOL,ESCUELA GALVARINO VALENZUELA MORAGA,11V,XU.UNIDOS POR LA DIGNIDAD,307. GUIDO HERNAN CORNEJO BRAVO,PDC,6.0,False
1147057,LOLOL,LOLOL,ESCUELA GALVARINO VALENZUELA MORAGA,11V,XU.UNIDOS POR LA DIGNIDAD,308. FRANCISCO JOSE CONTRERAS ARAYA,IND,12.0,False
1147058,LOLOL,LOLOL,ESCUELA GALVARINO VALENZUELA MORAGA,11V,XU.UNIDOS POR LA DIGNIDAD,309. PATRICIA DEL CARMEN ORTIZ ARAYA,IND,1.0,False
1147059,LOLOL,LOLOL,ESCUELA GALVARINO VALENZUELA MORAGA,11V,XU.UNIDOS POR LA DIGNIDAD,310. JOSE EUSEBIO RODRIGUEZ GAJARDO,IND,4.0,True
1147060,LOLOL,LOLOL,ESCUELA GALVARINO VALENZUELA MORAGA,11V,XU.UNIDOS POR LA DIGNIDAD,311. LUIS NELSON QUITRAL PEREZ,IND,5.0,False
1147061,LOLOL,LOLOL,ESCUELA GALVARINO VALENZUELA MORAGA,11V,YW.UNIDAD POR EL APRUEBO PS PPD E INDEPENDIENTES,312. PAULINA LOPEZ CUBILLOS,PPD,11.0,True
1147062,LOLOL,LOLOL,ESCUELA GALVARINO VALENZUELA MORAGA,11V,YW.UNIDAD POR EL APRUEBO PS PPD E INDEPENDIENTES,313. MARIA XIMENA GALAZ CASTRO,IND,3.0,False
1147063,LOLOL,LOLOL,ESCUELA GALVARINO VALENZUELA MORAGA,11V,YW.UNIDAD POR EL APRUEBO PS PPD E INDEPENDIENTES,314. JUAN BASOALTO LEON,PS,9.0,False
1147064,LOLOL,LOLOL,ESCUELA GALVARINO VALENZUELA MORAGA,11V,YW.UNIDAD POR EL APRUEBO PS PPD E INDEPENDIENTES,315. JOSE MORALES ESPINOZA,IND,12.0,True
1147065,LOLOL,LOLOL,ESCUELA GALVARINO VALENZUELA MORAGA,11V,ZG.CHILE VAMOS EVOPOLI - INDEPENDIENTES,316. PEDRO EDUARDO VIAL VIAL,EVOPOLI,9.0,False
1147066,LOLOL,LOLOL,ESCUELA GALVARINO VALENZUELA MORAGA,11V,ZG.CHILE VAMOS EVOPOLI - INDEPENDIENTES,317. MATIAS GILBERTO URZUA GALLARDO,IND,7.0,False
1147067,LOLOL,LOLOL,ESCUELA GALVARINO VALENZUELA MORAGA,11V,ZJ.CHILE VAMOS UDI - INDEPENDIENTES,318. DARIO OSVALDO DUQUE ROJAS,UDI,21.0,True
1147068,LOLOL,LOLOL,ESCUELA GALVARINO VALENZUELA MORAGA,11V,ZJ.CHILE VAMOS UDI - INDEPENDIENTES,319. CESAR FERNANDO MACHUCA DIAZ,UDI,9.0,False
1147069,LOLOL,LOLOL,ESCUELA GALVARINO VALENZUELA MORAGA,11V,ZJ.CHILE VAMOS UDI - INDEPENDIENTES,320. JUAN OSVALDO QUEZADA GARATE,UDI,6.0,False
1147070,LOLOL,LOLOL,ESCUELA GALVARINO VALENZUELA MORAGA,11V,ZJ.CHILE VAMOS UDI - INDEPENDIENTES,321. MARITHZA LORENA PEREZ PIZARRO,IND,19.0,True
1147071,LOLOL,LOLOL,ESCUELA GALVARINO VALENZUELA MORAGA,11V,ZU.RADICALES E INDEPENDIENTES,322. PABLO ALEJANDRO DE HUHERTEN CORTES,PR,4.0,False
1147072,LOLOL,LOLOL,ESCUELA GALVARINO VALENZUELA MORAGA,11V,ZU.RADICALES E INDEPENDIENTES,323. YOVE LUIS BRIONES ALIAGA,IND,6.0,False
1147073,LOLOL,LOLOL,ESCUELA GALVARINO VALENZUELA MORAGA,11V,ZU.RADICALES E INDEPENDIENTES,324. MAURICIO ALEJANDRO CELIS LEON,IND,1.0,False
1147074,LOLOL,LOLOL,ESCUELA GALVARINO VALENZUELA MORAGA,11V,CANDIDATURA INDEPENDIENTE,325. VALENTINA FERNANDA RAMOS RAMOS,IND,10.0,False
1147075,LOLOL,LOLOL,LICEO MUNICIPAL DE LOLOL,1M,M.CHILE DIGNO VERDE Y SOBERANO,300. VICTOR WLADIMIR MARTINEZ MUÑOZ,PCCH,2.0,False
1147076,LOLOL,LOLOL,LICEO MUNICIPAL DE LOLOL,1M,M.CHILE DIGNO VERDE Y SOBERANO,301. FLOR MIREYA MUÑOZ PIZARRO,FREVS,4.0,False
1147077,LOLOL,LOLOL,LICEO MUNICIPAL DE LOLOL,1M,M.CHILE DIGNO VERDE Y SOBERANO,302. JOSE LUIS REYES RODRIGUEZ,FREVS,9.0,False
1147078,LOLOL,LOLOL,LICEO MUNICIPAL DE LOLOL,1M,M.CHILE DIGNO VERDE Y SOBERANO,303. ROBINSON MARIO BECERRA ALARCON,IND,8.0,True
1147079,LOLOL,LOLOL,LICEO MUNICIPAL DE LOLOL,1M,M.CHILE DIGNO VERDE Y SOBERANO,304. LUIS ARMANDO CUBILLOS GAJARDO,IND,9.0,False
1147080,LOLOL,LOLOL,LICEO MUNICIPAL DE LOLOL,1M,M.CHILE DIGNO VERDE Y SOBERANO,305. LORENA ISABEL DROGUETT MUÑOZ,IND,2.0,False
1147081,LOLOL,LOLOL,LICEO MUNICIPAL DE LOLOL,1M,XK.CHILE VAMOS RENOVACION NACIONAL - INDEPENDIENTES,306. MARIA JOSE GOMEZ ABARCA,RN,5.0,False
1147082,LOLOL,LOLOL,LICEO MUNICIPAL DE LOLOL,1M,XU.UNIDOS POR LA DIGNIDAD,307. GUIDO HERNAN CORNEJO BRAVO,PDC,7.0,False
1147083,LOLOL,LOLOL,LICEO MUNICIPAL DE LOLOL,1M,XU.UNIDOS POR LA DIGNIDAD,308. FRANCISCO JOSE CONTRERAS ARAYA,IND,10.0,False
1147084,LOLOL,LOLOL,LICEO MUNICIPAL DE LOLOL,1M,XU.UNIDOS POR LA DIGNIDAD,309. PATRICIA DEL CARMEN ORTIZ ARAYA,IND,2.0,False
1147085,LOLOL,LOLOL,LICEO MUNICIPAL DE LOLOL,1M,XU.UNIDOS POR LA DIGNIDAD,310. JOSE EUSEBIO RODRIGUEZ GAJARDO,IND,8.0,True
1147086,LOLOL,LOLOL,LICEO MUNICIPAL DE LOLOL,1M,XU.UNIDOS POR LA DIGNIDAD,311. LUIS NELSON QUITRAL PEREZ,IND,3.0,False
1147087,LOLOL,LOLOL,LICEO MUNICIPAL DE LOLOL,1M,YW.UNIDAD POR EL APRUEBO PS PPD E INDEPENDIENTES,312. PAULINA LOPEZ CUBILLOS,PPD,5.0,True
1147088,LOLOL,LOLOL,LICEO MUNICIPAL DE LOLOL,1M,YW.UNIDAD POR EL APRUEBO PS PPD E INDEPENDIENTES,313. MARIA XIMENA GALAZ CASTRO,IND,8.0,False
1147089,LOLOL,LOLOL,LICEO MUNICIPAL DE LOLOL,1M,YW.UNIDAD POR EL APRUEBO PS PPD E INDEPENDIENTES,314. JUAN BASOALTO LEON,PS,5.0,False
1147090,LOLOL,LOLOL,LICEO MUNICIPAL DE LOLOL,1M,YW.UNIDAD POR EL APRUEBO PS PPD E INDEPENDIENTES,315. JOSE MORALES ESPINOZA,IND,20.0,True
1147091,LOLOL,LOLOL,LICEO MUNICIPAL DE LOLOL,1M,ZG.CHILE VAMOS EVOPOLI - INDEPENDIENTES,316. PEDRO EDUARDO VIAL VIAL,EVOPOLI,10.0,False
1147092,LOLOL,LOLOL,LICEO MUNICIPAL DE LOLOL,1M,ZG.CHILE VAMOS EVOPOLI - INDEPENDIENTES,317. MATIAS GILBERTO URZUA GALLARDO,IND,7.0,False
1147093,LOLOL,LOLOL,LICEO MUNICIPAL DE LOLOL,1M,ZJ.CHILE VAMOS UDI - INDEPENDIENTES,318. DARIO OSVALDO DUQUE ROJAS,UDI,13.0,True
1147094,LOLOL,LOLOL,LICEO MUNICIPAL DE LOLOL,1M,ZJ.CHILE VAMOS UDI - INDEPENDIENTES,319. CESAR FERNANDO MACHUCA DIAZ,UDI,8.0,False
1147095,LOLOL,LOLOL,LICEO MUNICIPAL DE LOLOL,1M,ZJ.CHILE VAMOS UDI - INDEPENDIENTES,320. JUAN OSVALDO QUEZADA GARATE,UDI,4.0,False
1147096,LOLOL,LOLOL,LICEO MUNICIPAL DE LOLOL,1M,ZJ.CHILE VAMOS UDI - INDEPENDIENTES,321. MARITHZA LORENA PEREZ PIZARRO,IND,11.0,True
1147097,LOLOL,LOLOL,LICEO MUNICIPAL DE LOLOL,1M,ZU.RADICALES E INDEPENDIENTES,322. PABLO ALEJANDRO DE HUHERTEN CORTES,PR,2.0,False
1147098,LOLOL,LOLOL,LICEO MUNICIPAL DE LOLOL,1M,ZU.RADICALES E INDEPENDIENTES,323. YOVE LUIS BRIONES ALIAGA,IND,5.0,False
1147099,LOLOL,LOLOL,LICEO MUNICIPAL DE LOLOL,1M,ZU.RADICALES E INDEPENDIENTES,324. MAURICIO ALEJANDRO CELIS LEON,IND,6.0,False
1147100,LOLOL,LOLOL,LICEO MUNICIPAL DE LOLOL,1M,CANDIDATURA INDEPENDIENTE,325. VALENTINA FERNANDA RAMOS RAMOS,IND,7.0,False
1147101,LOLOL,LOLOL,LICEO MUNICIPAL DE LOLOL,2M,M.CHILE DIGNO VERDE Y SOBERANO,300. VICTOR WLADIMIR MARTINEZ MUÑOZ,PCCH,0.0,False
1147102,LOLOL,LOLOL,LICEO MUNICIPAL DE LOLOL,2M,M.CHILE DIGNO VERDE Y SOBERANO,301. FLOR MIREYA MUÑOZ PIZARRO,FREVS,5.0,False
1147103,LOLOL,LOLOL,LICEO MUNICIPAL DE LOLOL,2M,M.CHILE DIGNO VERDE Y SOBERANO,302. JOSE LUIS REYES RODRIGUEZ,FREVS,7.0,False
1147104,LOLOL,LOLOL,LICEO MUNICIPAL DE LOLOL,2M,M.CHILE DIGNO VERDE Y SOBERANO,303. ROBINSON MARIO BECERRA ALARCON,IND,7.0,True
1147105,LOLOL,LOLOL,LICEO MUNICIPAL DE LOLOL,2M,M.CHILE DIGNO VERDE Y SOBERANO,304. LUIS ARMANDO CUBILLOS GAJARDO,IND,11.0,False
1147106,LOLOL,LOLOL,LICEO MUNICIPAL DE LOLOL,2M,M.CHILE DIGNO VERDE Y SOBERANO,305. LORENA ISABEL DROGUETT MUÑOZ,IND,4.0,False
1147107,LOLOL,LOLOL,LICEO MUNICIPAL DE LOLOL,2M,XK.CHILE VAMOS RENOVACION NACIONAL - INDEPENDIENTES,306. MARIA JOSE GOMEZ ABARCA,RN,4.0,False
1147108,LOLOL,LOLOL,LICEO MUNICIPAL DE LOLOL,2M,XU.UNIDOS POR LA DIGNIDAD,307. GUIDO HERNAN CORNEJO BRAVO,PDC,5.0,False
1147109,LOLOL,LOLOL,LICEO MUNICIPAL DE LOLOL,2M,XU.UNIDOS POR LA DIGNIDAD,308. FRANCISCO JOSE CONTRERAS ARAYA,IND,2.0,False
1147110,LOLOL,LOLOL,LICEO MUNICIPAL DE LOLOL,2M,XU.UNIDOS POR LA DIGNIDAD,309. PATRICIA DEL CARMEN ORTIZ ARAYA,IND,1.0,False
1147111,LOLOL,LOLOL,LICEO MUNICIPAL DE LOLOL,2M,XU.UNIDOS POR LA DIGNIDAD,310. JOSE EUSEBIO RODRIGUEZ GAJARDO,IND,11.0,True
1147112,LOLOL,LOLOL,LICEO MUNICIPAL DE LOLOL,2M,XU.UNIDOS POR LA DIGNIDAD,311. LUIS NELSON QUITRAL PEREZ,IND,1.0,False
1147113,LOLOL,LOLOL,LICEO MUNICIPAL DE LOLOL,2M,YW.UNIDAD POR EL APRUEBO PS PPD E INDEPENDIENTES,312. PAULINA LOPEZ CUBILLOS,PPD,6.0,True
1147114,LOLOL,LOLOL,LICEO MUNICIPAL DE LOLOL,2M,YW.UNIDAD POR EL APRUEBO PS PPD E INDEPENDIENTES,313. MARIA XIMENA GALAZ CASTRO,IND,9.0,False
1147115,LOLOL,LOLOL,LICEO MUNICIPAL DE LOLOL,2M,YW.UNIDAD POR EL APRUEBO PS PPD E INDEPENDIENTES,314. JUAN BASOALTO LEON,PS,10.0,False
1147116,LOLOL,LOLOL,LICEO MUNICIPAL DE LOLOL,2M,YW.UNIDAD POR EL APRUEBO PS PPD E INDEPENDIENTES,315. JOSE MORALES ESPINOZA,IND,28.0,True
1147117,LOLOL,LOLOL,LICEO MUNICIPAL DE LOLOL,2M,ZG.CHILE VAMOS EVOPOLI - INDEPENDIENTES,316. PEDRO EDUARDO VIAL VIAL,EVOPOLI,7.0,False
1147118,LOLOL,LOLOL,LICEO MUNICIPAL DE LOLOL,2M,ZG.CHILE VAMOS EVOPOLI - INDEPENDIENTES,317. MATIAS GILBERTO URZUA GALLARDO,IND,3.0,False
1147119,LOLOL,LOLOL,LICEO MUNICIPAL DE LOLOL,2M,ZJ.CHILE VAMOS UDI - INDEPENDIENTES,318. DARIO OSVALDO DUQUE ROJAS,UDI,20.0,True
1147120,LOLOL,LOLOL,LICEO MUNICIPAL DE LOLOL,2M,ZJ.CHILE VAMOS UDI - INDEPENDIENTES,319. CESAR FERNANDO MACHUCA DIAZ,UDI,6.0,False
1147121,LOLOL,LOLOL,LICEO MUNICIPAL DE LOLOL,2M,ZJ.CHILE VAMOS UDI - INDEPENDIENTES,320. JUAN OSVALDO QUEZADA GARATE,UDI,5.0,False
1147122,LOLOL,LOLOL,LICEO MUNICIPAL DE LOLOL,2M,ZJ.CHILE VAMOS UDI - INDEPENDIENTES,321. MARITHZA LORENA PEREZ PIZARRO,IND,6.0,True
1147123,LOLOL,LOLOL,LICEO MUNICIPAL DE LOLOL,2M,ZU.RADICALES E INDEPENDIENTES,322. PABLO ALEJANDRO DE HUHERTEN CORTES,PR,5.0,False
1147124,LOLOL,LOLOL,LICEO MUNICIPAL DE LOLOL,2M,ZU.RADICALES E INDEPENDIENTES,323. YOVE LUIS BRIONES ALIAGA,IND,7.0,False
1147125,LOLOL,LOLOL,LICEO MUNICIPAL DE LOLOL,2M,ZU.RADICALES E INDEPENDIENTES,324. MAURICIO ALEJANDRO CELIS LEON,IND,3.0,False
1147126,LOLOL,LOLOL,LICEO MUNICIPAL DE LOLOL,2M,CANDIDATURA INDEPENDIENTE,325. VALENTINA FERNANDA RAMOS RAMOS,IND,3.0,False
1147127,LOLOL,LOLOL,LICEO MUNICIPAL DE LOLOL,3M,M.CHILE DIGNO VERDE Y SOBERANO,300. VICTOR WLADIMIR MARTINEZ MUÑOZ,PCCH,0.0,False
1147128,LOLOL,LOLOL,LICEO MUNICIPAL DE LOLOL,3M,M.CHILE DIGNO VERDE Y SOBERANO,301. FLOR MIREYA MUÑOZ PIZARRO,FREVS,4.0,False
1147129,LOLOL,LOLOL,LICEO MUNICIPAL DE LOLOL,3M,M.CHILE DIGNO VERDE Y SOBERANO,302. JOSE LUIS REYES RODRIGUEZ,FREVS,10.0,False
1147130,LOLOL,LOLOL,LICEO MUNICIPAL DE LOLOL,3M,M.CHILE DIGNO VERDE Y SOBERANO,303. ROBINSON MARIO BECERRA ALARCON,IND,7.0,True
1147131,LOLOL,LOLOL,LICEO MUNICIPAL DE LOLOL,3M,M.CHILE DIGNO VERDE Y SOBERANO,304. LUIS ARMANDO CUBILLOS GAJARDO,IND,6.0,False
1147132,LOLOL,LOLOL,LICEO MUNICIPAL DE LOLOL,3M,M.CHILE DIGNO VERDE Y SOBERANO,305. LORENA ISABEL DROGUETT MUÑOZ,IND,7.0,False
1147133,LOLOL,LOLOL,LICEO MUNICIPAL DE LOLOL,3M,XK.CHILE VAMOS RENOVACION NACIONAL - INDEPENDIENTES,306. MARIA JOSE GOMEZ ABARCA,RN,5.0,False
1147134,LOLOL,LOLOL,LICEO MUNICIPAL DE LOLOL,3M,XU.UNIDOS POR LA DIGNIDAD,307. GUIDO HERNAN CORNEJO BRAVO,PDC,5.0,False
1147135,LOLOL,LOLOL,LICEO MUNICIPAL DE LOLOL,3M,XU.UNIDOS POR LA DIGNIDAD,308. FRANCISCO JOSE CONTRERAS ARAYA,IND,4.0,False
1147136,LOLOL,LOLOL,LICEO MUNICIPAL DE LOLOL,3M,XU.UNIDOS POR LA DIGNIDAD,309. PATRICIA DEL CARMEN ORTIZ ARAYA,IND,1.0,False
1147137,LOLOL,LOLOL,LICEO MUNICIPAL DE LOLOL,3M,XU.UNIDOS POR LA DIGNIDAD,310. JOSE EUSEBIO RODRIGUEZ GAJARDO,IND,18.0,True
1147138,LOLOL,LOLOL,LICEO MUNICIPAL DE LOLOL,3M,XU.UNIDOS POR LA DIGNIDAD,311. LUIS NELSON QUITRAL PEREZ,IND,2.0,False
1147139,LOLOL,LOLOL,LICEO MUNICIPAL DE LOLOL,3M,YW.UNIDAD POR EL APRUEBO PS PPD E INDEPENDIENTES,312. PAULINA LOPEZ CUBILLOS,PPD,7.0,True
1147140,LOLOL,LOLOL,LICEO MUNICIPAL DE LOLOL,3M,YW.UNIDAD POR EL APRUEBO PS PPD E INDEPENDIENTES,313. MARIA XIMENA GALAZ CASTRO,IND,4.0,False
1147141,LOLOL,LOLOL,LICEO MUNICIPAL DE LOLOL,3M,YW.UNIDAD POR EL APRUEBO PS PPD E INDEPENDIENTES,314. JUAN BASOALTO LEON,PS,8.0,False
1147142,LOLOL,LOLOL,LICEO MUNICIPAL DE LOLOL,3M,YW.UNIDAD POR EL APRUEBO PS PPD E INDEPENDIENTES,315. JOSE MORALES ESPINOZA,IND,21.0,True
1147143,LOLOL,LOLOL,LICEO MUNICIPAL DE LOLOL,3M,ZG.CHILE VAMOS EVOPOLI - INDEPENDIENTES,316. PEDRO EDUARDO VIAL VIAL,EVOPOLI,9.0,False
1147144,LOLOL,LOLOL,LICEO MUNICIPAL DE LOLOL,3M,ZG.CHILE VAMOS EVOPOLI - INDEPENDIENTES,317. MATIAS GILBERTO URZUA GALLARDO,IND,2.0,False
1147145,LOLOL,LOLOL,LICEO MUNICIPAL DE LOLOL,3M,ZJ.CHILE VAMOS UDI - INDEPENDIENTES,318. DARIO OSVALDO DUQUE ROJAS,UDI,20.0,True
1147146,LOLOL,LOLOL,LICEO MUNICIPAL DE LOLOL,3M,ZJ.CHILE VAMOS UDI - INDEPENDIENTES,319. CESAR FERNANDO MACHUCA DIAZ,UDI,9.0,False
1147147,LOLOL,LOLOL,LICEO MUNICIPAL DE LOLOL,3M,ZJ.CHILE VAMOS UDI - INDEPENDIENTES,320. JUAN OSVALDO QUEZADA GARATE,UDI,4.0,False
1147148,LOLOL,LOLOL,LICEO MUNICIPAL DE LOLOL,3M,ZJ.CHILE VAMOS UDI - INDEPENDIENTES,321. MARITHZA LORENA PEREZ PIZARRO,IND,14.0,True
1147149,LOLOL,LOLOL,LICEO MUNICIPAL DE LOLOL,3M,ZU.RADICALES E INDEPENDIENTES,322. PABLO ALEJANDRO DE HUHERTEN CORTES,PR,3.0,False
1147150,LOLOL,LOLOL,LICEO MUNICIPAL DE LOLOL,3M,ZU.RADICALES E INDEPENDIENTES,323. YOVE LUIS BRIONES ALIAGA,IND,6.0,False
1147151,LOLOL,LOLOL,LICEO MUNICIPAL DE LOLOL,3M,ZU.RADICALES E INDEPENDIENTES,324. MAURICIO ALEJANDRO CELIS LEON,IND,7.0,False
1147152,LOLOL,LOLOL,LICEO MUNICIPAL DE LOLOL,3M,CANDIDATURA INDEPENDIENTE,325. VALENTINA FERNANDA RAMOS RAMOS,IND,5.0,False
1147153,LOLOL,LOLOL,LICEO MUNICIPAL DE LOLOL,4M,M.CHILE DIGNO VERDE Y SOBERANO,300. VICTOR WLADIMIR MARTINEZ MUÑOZ,PCCH,,False
1147154,LOLOL,LOLOL,LICEO MUNICIPAL DE LOLOL,4M,M.CHILE DIGNO VERDE Y SOBERANO,301. FLOR MIREYA MUÑOZ PIZARRO,FREVS,5.0,False
1147155,LOLOL,LOLOL,LICEO MUNICIPAL DE LOLOL,4M,M.CHILE DIGNO VERDE Y SOBERANO,302. JOSE LUIS REYES RODRIGUEZ,FREVS,10.0,False
1147156,LOLOL,LOLOL,LICEO MUNICIPAL DE LOLOL,4M,M.CHILE DIGNO VERDE Y SOBERANO,303. ROBINSON MARIO BECERRA ALARCON,IND,9.0,True
1147157,LOLOL,LOLOL,LICEO MUNICIPAL DE LOLOL,4M,M.CHILE DIGNO VERDE Y SOBERANO,304. LUIS ARMANDO CUBILLOS GAJARDO,IND,9.0,False
1147158,LOLOL,LOLOL,LICEO MUNICIPAL DE LOLOL,4M,M.CHILE DIGNO VERDE Y SOBERANO,305. LORENA ISABEL DROGUETT MUÑOZ,IND,5.0,False
1147159,LOLOL,LOLOL,LICEO MUNICIPAL DE LOLOL,4M,XK.CHILE VAMOS RENOVACION NACIONAL - INDEPENDIENTES,306. MARIA JOSE GOMEZ ABARCA,RN,5.0,False
1147160,LOLOL,LOLOL,LICEO MUNICIPAL DE LOLOL,4M,XU.UNIDOS POR LA DIGNIDAD,307. GUIDO HERNAN CORNEJO BRAVO,PDC,6.0,False
1147161,LOLOL,LOLOL,LICEO MUNICIPAL DE LOLOL,4M,XU.UNIDOS POR LA DIGNIDAD,308. FRANCISCO JOSE CONTRERAS ARAYA,IND,8.0,False
1147162,LOLOL,LOLOL,LICEO MUNICIPAL DE LOLOL,4M,XU.UNIDOS POR LA DIGNIDAD,309. PATRICIA DEL CARMEN ORTIZ ARAYA,IND,2.0,False
1147163,LOLOL,LOLOL,LICEO MUNICIPAL DE LOLOL,4M,XU.UNIDOS POR LA DIGNIDAD,310. JOSE EUSEBIO RODRIGUEZ GAJARDO,IND,14.0,True
1147164,LOLOL,LOLOL,LICEO MUNICIPAL DE LOLOL,4M,XU.UNIDOS POR LA DIGNIDAD,311. LUIS NELSON QUITRAL PEREZ,IND,4.0,False
1147165,LOLOL,LOLOL,LICEO MUNICIPAL DE LOLOL,4M,YW.UNIDAD POR EL APRUEBO PS PPD E INDEPENDIENTES,312. PAULINA LOPEZ CUBILLOS,PPD,7.0,True
1147166,LOLOL,LOLOL,LICEO MUNICIPAL DE LOLOL,4M,YW.UNIDAD POR EL APRUEBO PS PPD E INDEPENDIENTES,313. MARIA XIMENA GALAZ CASTRO,IND,4.0,False
1147167,LOLOL,LOLOL,LICEO MUNICIPAL DE LOLOL,4M,YW.UNIDAD POR EL APRUEBO PS PPD E INDEPENDIENTES,314. JUAN BASOALTO LEON,PS,6.0,False
1147168,LOLOL,LOLOL,LICEO MUNICIPAL DE LOLOL,4M,YW.UNIDAD POR EL APRUEBO PS PPD E INDEPENDIENTES,315. JOSE MORALES ESPINOZA,IND,19.0,True
1147169,LOLOL,LOLOL,LICEO MUNICIPAL DE LOLOL,4M,ZG.CHILE VAMOS EVOPOLI - INDEPENDIENTES,316. PEDRO EDUARDO VIAL VIAL,EVOPOLI,10.0,False
1147170,LOLOL,LOLOL,LICEO MUNICIPAL DE LOLOL,4M,ZG.CHILE VAMOS EVOPOLI - INDEPENDIENTES,317. MATIAS GILBERTO URZUA GALLARDO,IND,1.0,False
1147171,LOLOL,LOLOL,LICEO MUNICIPAL DE LOLOL,4M,ZJ.CHILE VAMOS UDI - INDEPENDIENTES,318. DARIO OSVALDO DUQUE ROJAS,UDI,19.0,True
1147172,LOLOL,LOLOL,LICEO MUNICIPAL DE LOLOL,4M,ZJ.CHILE VAMOS UDI - INDEPENDIENTES,319. CESAR FERNANDO MACHUCA DIAZ,UDI,10.0,False
1147173,LOLOL,LOLOL,LICEO MUNICIPAL DE LOLOL,4M,ZJ.CHILE VAMOS UDI - INDEPENDIENTES,320. JUAN OSVALDO QUEZADA GARATE,UDI,2.0,False
1147174,LOLOL,LOLOL,LICEO MUNICIPAL DE LOLOL,4M,ZJ.CHILE VAMOS UDI - INDEPENDIENTES,321. MARITHZA LORENA PEREZ PIZARRO,IND,11.0,True
1147175,LOLOL,LOLOL,LICEO MUNICIPAL DE LOLOL,4M,ZU.RADICALES E INDEPENDIENTES,322. PABLO ALEJANDRO DE HUHERTEN CORTES,PR,4.0,False
1147176,LOLOL,LOLOL,LICEO MUNICIPAL DE LOLOL,4M,ZU.RADICALES E INDEPENDIENTES,323. YOVE LUIS BRIONES ALIAGA,IND,10.0,False
1147177,LOLOL,LOLOL,LICEO MUNICIPAL DE LOLOL,4M,ZU.RADICALES E INDEPENDIENTES,324. MAURICIO ALEJANDRO CELIS LEON,IND,5.0,False
1147178,LOLOL,LOLOL,LICEO MUNICIPAL DE LOLOL,4M,CANDIDATURA INDEPENDIENTE,325. VALENTINA FERNANDA RAMOS RAMOS,IND,9.0,False
1147179,LOLOL,LOLOL,LICEO MUNICIPAL DE LOLOL,5M,M.CHILE DIGNO VERDE Y SOBERANO,300. VICTOR WLADIMIR MARTINEZ MUÑOZ,PCCH,0.0,False
1147180,LOLOL,LOLOL,LICEO MUNICIPAL DE LOLOL,5M,M.CHILE DIGNO VERDE Y SOBERANO,301. FLOR MIREYA MUÑOZ PIZARRO,FREVS,4.0,False
1147181,LOLOL,LOLOL,LICEO MUNICIPAL DE LOLOL,5M,M.CHILE DIGNO VERDE Y SOBERANO,302. JOSE LUIS REYES RODRIGUEZ,FREVS,14.0,False
1147182,LOLOL,LOLOL,LICEO MUNICIPAL DE LOLOL,5M,M.CHILE DIGNO VERDE Y SOBERANO,303. ROBINSON MARIO BECERRA ALARCON,IND,7.0,True
1147183,LOLOL,LOLOL,LICEO MUNICIPAL DE LOLOL,5M,M.CHILE DIGNO VERDE Y SOBERANO,304. LUIS ARMANDO CUBILLOS GAJARDO,IND,9.0,False
1147184,LOLOL,LOLOL,LICEO MUNICIPAL DE LOLOL,5M,M.CHILE DIGNO VERDE Y SOBERANO,305. LORENA ISABEL DROGUETT MUÑOZ,IND,6.0,False
1147185,LOLOL,LOLOL,LICEO MUNICIPAL DE LOLOL,5M,XK.CHILE VAMOS RENOVACION NACIONAL - INDEPENDIENTES,306. MARIA JOSE GOMEZ ABARCA,RN,4.0,False
1147186,LOLOL,LOLOL,LICEO MUNICIPAL DE LOLOL,5M,XU.UNIDOS POR LA DIGNIDAD,307. GUIDO HERNAN CORNEJO BRAVO,PDC,4.0,False
1147187,LOLOL,LOLOL,LICEO MUNICIPAL DE LOLOL,5M,XU.UNIDOS POR LA DIGNIDAD,308. FRANCISCO JOSE CONTRERAS ARAYA,IND,11.0,False
1147188,LOLOL,LOLOL,LICEO MUNICIPAL DE LOLOL,5M,XU.UNIDOS POR LA DIGNIDAD,309. PATRICIA DEL CARMEN ORTIZ ARAYA,IND,1.0,False
1147189,LOLOL,LOLOL,LICEO MUNICIPAL DE LOLOL,5M,XU.UNIDOS POR LA DIGNIDAD,310. JOSE EUSEBIO RODRIGUEZ GAJARDO,IND,12.0,True
1147190,LOLOL,LOLOL,LICEO MUNICIPAL DE LOLOL,5M,XU.UNIDOS POR LA DIGNIDAD,311. LUIS NELSON QUITRAL PEREZ,IND,5.0,False
1147191,LOLOL,LOLOL,LICEO MUNICIPAL DE LOLOL,5M,YW.UNIDAD POR EL APRUEBO PS PPD E INDEPENDIENTES,312. PAULINA LOPEZ CUBILLOS,PPD,11.0,True
1147192,LOLOL,LOLOL,LICEO MUNICIPAL DE LOLOL,5M,YW.UNIDAD POR EL APRUEBO PS PPD E INDEPENDIENTES,313. MARIA XIMENA GALAZ CASTRO,IND,2.0,False
1147193,LOLOL,LOLOL,LICEO MUNICIPAL DE LOLOL,5M,YW.UNIDAD POR EL APRUEBO PS PPD E INDEPENDIENTES,314. JUAN BASOALTO LEON,PS,6.0,False
1147194,LOLOL,LOLOL,LICEO MUNICIPAL DE LOLOL,5M,YW.UNIDAD POR EL APRUEBO PS PPD E INDEPENDIENTES,315. JOSE MORALES ESPINOZA,IND,24.0,True
1147195,LOLOL,LOLOL,LICEO MUNICIPAL DE LOLOL,5M,ZG.CHILE VAMOS EVOPOLI - INDEPENDIENTES,316. PEDRO EDUARDO VIAL VIAL,EVOPOLI,14.0,False
1147196,LOLOL,LOLOL,LICEO MUNICIPAL DE LOLOL,5M,ZG.CHILE VAMOS EVOPOLI - INDEPENDIENTES,317. MATIAS GILBERTO URZUA GALLARDO,IND,5.0,False
1147197,LOLOL,LOLOL,LICEO MUNICIPAL DE LOLOL,5M,ZJ.CHILE VAMOS UDI - INDEPENDIENTES,318. DARIO OSVALDO DUQUE ROJAS,UDI,23.0,True
1147198,LOLOL,LOLOL,LICEO MUNICIPAL DE LOLOL,5M,ZJ.CHILE VAMOS UDI - INDEPENDIENTES,319. CESAR FERNANDO MACHUCA DIAZ,UDI,7.0,False
1147199,LOLOL,LOLOL,LICEO MUNICIPAL DE LOLOL,5M,ZJ.CHILE VAMOS UDI - INDEPENDIENTES,320. JUAN OSVALDO QUEZADA GARATE,UDI,7.0,False
1147200,LOLOL,LOLOL,LICEO MUNICIPAL DE LOLOL,5M,ZJ.CHILE VAMOS UDI - INDEPENDIENTES,321. MARITHZA LORENA PEREZ PIZARRO,IND,11.0,True
1147201,LOLOL,LOLOL,LICEO MUNICIPAL DE LOLOL,5M,ZU.RADICALES E INDEPENDIENTES,322. PABLO ALEJANDRO DE HUHERTEN CORTES,PR,5.0,False
1147202,LOLOL,LOLOL,LICEO MUNICIPAL DE LOLOL,5M,ZU.RADICALES E INDEPENDIENTES,323. YOVE LUIS BRIONES ALIAGA,IND,10.0,False
1147203,LOLOL,LOLOL,LICEO MUNICIPAL DE LOLOL,5M,ZU.RADICALES E INDEPENDIENTES,324. MAURICIO ALEJANDRO CELIS LEON,IND,5.0,False
1147204,LOLOL,LOLOL,LICEO MUNICIPAL DE LOLOL,5M,CANDIDATURA INDEPENDIENTE,325. VALENTINA FERNANDA RAMOS RAMOS,IND,6.0,False
1147205,LOLOL,LOLOL,LICEO MUNICIPAL DE LOLOL,6M,M.CHILE DIGNO VERDE Y SOBERANO,300. VICTOR WLADIMIR MARTINEZ MUÑOZ,PCCH,1.0,False
1147206,LOLOL,LOLOL,LICEO MUNICIPAL DE LOLOL,6M,M.CHILE DIGNO VERDE Y SOBERANO,301. FLOR MIREYA MUÑOZ PIZARRO,FREVS,2.0,False
1147207,LOLOL,LOLOL,LICEO MUNICIPAL DE LOLOL,6M,M.CHILE DIGNO VERDE Y SOBERANO,302. JOSE LUIS REYES RODRIGUEZ,FREVS,6.0,False
1147208,LOLOL,LOLOL,LICEO MUNICIPAL DE LOLOL,6M,M.CHILE DIGNO VERDE Y SOBERANO,303. ROBINSON MARIO BECERRA ALARCON,IND,6.0,True
1147209,LOLOL,LOLOL,LICEO MUNICIPAL DE LOLOL,6M,M.CHILE DIGNO VERDE Y SOBERANO,304. LUIS ARMANDO CUBILLOS GAJARDO,IND,11.0,False
1147210,LOLOL,LOLOL,LICEO MUNICIPAL DE LOLOL,6M,M.CHILE DIGNO VERDE Y SOBERANO,305. LORENA ISABEL DROGUETT MUÑOZ,IND,9.0,False
1147211,LOLOL,LOLOL,LICEO MUNICIPAL DE LOLOL,6M,XK.CHILE VAMOS RENOVACION NACIONAL - INDEPENDIENTES,306. MARIA JOSE GOMEZ ABARCA,RN,5.0,False
1147212,LOLOL,LOLOL,LICEO MUNICIPAL DE LOLOL,6M,XU.UNIDOS POR LA DIGNIDAD,307. GUIDO HERNAN CORNEJO BRAVO,PDC,6.0,False
1147213,LOLOL,LOLOL,LICEO MUNICIPAL DE LOLOL,6M,XU.UNIDOS POR LA DIGNIDAD,308. FRANCISCO JOSE CONTRERAS ARAYA,IND,22.0,False
1147214,LOLOL,LOLOL,LICEO MUNICIPAL DE LOLOL,6M,XU.UNIDOS POR LA DIGNIDAD,309. PATRICIA DEL CARMEN ORTIZ ARAYA,IND,1.0,False
1147215,LOLOL,LOLOL,LICEO MUNICIPAL DE LOLOL,6M,XU.UNIDOS POR LA DIGNIDAD,310. JOSE EUSEBIO RODRIGUEZ GAJARDO,IND,13.0,True
1147216,LOLOL,LOLOL,LICEO MUNICIPAL DE LOLOL,6M,XU.UNIDOS POR LA DIGNIDAD,311. LUIS NELSON QUITRAL PEREZ,IND,4.0,False
1147217,LOLOL,LOLOL,LICEO MUNICIPAL DE LOLOL,6M,YW.UNIDAD POR EL APRUEBO PS PPD E INDEPENDIENTES,312. PAULINA LOPEZ CUBILLOS,PPD,5.0,True
1147218,LOLOL,LOLOL,LICEO MUNICIPAL DE LOLOL,6M,YW.UNIDAD POR EL APRUEBO PS PPD E INDEPENDIENTES,313. MARIA XIMENA GALAZ CASTRO,IND,3.0,False
1147219,LOLOL,LOLOL,LICEO MUNICIPAL DE LOLOL,6M,YW.UNIDAD POR EL APRUEBO PS PPD E INDEPENDIENTES,314. JUAN BASOALTO LEON,PS,10.0,False
1147220,LOLOL,LOLOL,LICEO MUNICIPAL DE LOLOL,6M,YW.UNIDAD POR EL APRUEBO PS PPD E INDEPENDIENTES,315. JOSE MORALES ESPINOZA,IND,12.0,True
1147221,LOLOL,LOLOL,LICEO MUNICIPAL DE LOLOL,6M,ZG.CHILE VAMOS EVOPOLI - INDEPENDIENTES,316. PEDRO EDUARDO VIAL VIAL,EVOPOLI,13.0,False
1147222,LOLOL,LOLOL,LICEO MUNICIPAL DE LOLOL,6M,ZG.CHILE VAMOS EVOPOLI - INDEPENDIENTES,317. MATIAS GILBERTO URZUA GALLARDO,IND,10.0,False
1147223,LOLOL,LOLOL,LICEO MUNICIPAL DE LOLOL,6M,ZJ.CHILE VAMOS UDI - INDEPENDIENTES,318. DARIO OSVALDO DUQUE ROJAS,UDI,20.0,True
1147224,LOLOL,LOLOL,LICEO MUNICIPAL DE LOLOL,6M,ZJ.CHILE VAMOS UDI - INDEPENDIENTES,319. CESAR FERNANDO MACHUCA DIAZ,UDI,6.0,False
1147225,LOLOL,LOLOL,LICEO MUNICIPAL DE LOLOL,6M,ZJ.CHILE VAMOS UDI - INDEPENDIENTES,320. JUAN OSVALDO QUEZADA GARATE,UDI,6.0,False
1147226,LOLOL,LOLOL,LICEO MUNICIPAL DE LOLOL,6M,ZJ.CHILE VAMOS UDI - INDEPENDIENTES,321. MARITHZA LORENA PEREZ PIZARRO,IND,10.0,True
1147227,LOLOL,LOLOL,LICEO MUNICIPAL DE LOLOL,6M,ZU.RADICALES E INDEPENDIENTES,322. PABLO ALEJANDRO DE HUHERTEN CORTES,PR,7.0,False
1147228,LOLOL,LOLOL,LICEO MUNICIPAL DE LOLOL,6M,ZU.RADICALES E INDEPENDIENTES,323. YOVE LUIS BRIONES ALIAGA,IND,8.0,False
1147229,LOLOL,LOLOL,LICEO MUNICIPAL DE LOLOL,6M,ZU.RADICALES E INDEPENDIENTES,324. MAURICIO ALEJANDRO CELIS LEON,IND,5.0,False
1147230,LOLOL,LOLOL,LICEO MUNICIPAL DE LOLOL,6M,CANDIDATURA INDEPENDIENTE,325. VALENTINA FERNANDA RAMOS RAMOS,IND,6.0,False
1147231,LOLOL,LOLOL,LICEO MUNICIPAL DE LOLOL,7M,M.CHILE DIGNO VERDE Y SOBERANO,300. VICTOR WLADIMIR MARTINEZ MUÑOZ,PCCH,0.0,False
1147232,LOLOL,LOLOL,LICEO MUNICIPAL DE LOLOL,7M,M.CHILE DIGNO VERDE Y SOBERANO,301. FLOR MIREYA MUÑOZ PIZARRO,FREVS,7.0,False
1147233,LOLOL,LOLOL,LICEO MUNICIPAL DE LOLOL,7M,M.CHILE DIGNO VERDE Y SOBERANO,302. JOSE LUIS REYES RODRIGUEZ,FREVS,4.0,False
1147234,LOLOL,LOLOL,LICEO MUNICIPAL DE LOLOL,7M,M.CHILE DIGNO VERDE Y SOBERANO,303. ROBINSON MARIO BECERRA ALARCON,IND,16.0,True
1147235,LOLOL,LOLOL,LICEO MUNICIPAL DE LOLOL,7M,M.CHILE DIGNO VERDE Y SOBERANO,304. LUIS ARMANDO CUBILLOS GAJARDO,IND,9.0,False
1147236,LOLOL,LOLOL,LICEO MUNICIPAL DE LOLOL,7M,M.CHILE DIGNO VERDE Y SOBERANO,305. LORENA ISABEL DROGUETT MUÑOZ,IND,3.0,False
1147237,LOLOL,LOLOL,LICEO MUNICIPAL DE LOLOL,7M,XK.CHILE VAMOS RENOVACION NACIONAL - INDEPENDIENTES,306. MARIA JOSE GOMEZ ABARCA,RN,8.0,False
1147238,LOLOL,LOLOL,LICEO MUNICIPAL DE LOLOL,7M,XU.UNIDOS POR LA DIGNIDAD,307. GUIDO HERNAN CORNEJO BRAVO,PDC,4.0,False
1147239,LOLOL,LOLOL,LICEO MUNICIPAL DE LOLOL,7M,XU.UNIDOS POR LA DIGNIDAD,308. FRANCISCO JOSE CONTRERAS ARAYA,IND,13.0,False
1147240,LOLOL,LOLOL,LICEO MUNICIPAL DE LOLOL,7M,XU.UNIDOS POR LA DIGNIDAD,309. PATRICIA DEL CARMEN ORTIZ ARAYA,IND,6.0,False
1147241,LOLOL,LOLOL,LICEO MUNICIPAL DE LOLOL,7M,XU.UNIDOS POR LA DIGNIDAD,310. JOSE EUSEBIO RODRIGUEZ GAJARDO,IND,3.0,True
1147242,LOLOL,LOLOL,LICEO MUNICIPAL DE LOLOL,7M,XU.UNIDOS POR LA DIGNIDAD,311. LUIS NELSON QUITRAL PEREZ,IND,5.0,False
1147243,LOLOL,LOLOL,LICEO MUNICIPAL DE LOLOL,7M,YW.UNIDAD POR EL APRUEBO PS PPD E INDEPENDIENTES,312. PAULINA LOPEZ CUBILLOS,PPD,12.0,True
1147244,LOLOL,LOLOL,LICEO MUNICIPAL DE LOLOL,7M,YW.UNIDAD POR EL APRUEBO PS PPD E INDEPENDIENTES,313. MARIA XIMENA GALAZ CASTRO,IND,6.0,False
1147245,LOLOL,LOLOL,LICEO MUNICIPAL DE LOLOL,7M,YW.UNIDAD POR EL APRUEBO PS PPD E INDEPENDIENTES,314. JUAN BASOALTO LEON,PS,5.0,False
1147246,LOLOL,LOLOL,LICEO MUNICIPAL DE LOLOL,7M,YW.UNIDAD POR EL APRUEBO PS PPD E INDEPENDIENTES,315. JOSE MORALES ESPINOZA,IND,23.0,True
1147247,LOLOL,LOLOL,LICEO MUNICIPAL DE LOLOL,7M,ZG.CHILE VAMOS EVOPOLI - INDEPENDIENTES,316. PEDRO EDUARDO VIAL VIAL,EVOPOLI,8.0,False
1147248,LOLOL,LOLOL,LICEO MUNICIPAL DE LOLOL,7M,ZG.CHILE VAMOS EVOPOLI - INDEPENDIENTES,317. MATIAS GILBERTO URZUA GALLARDO,IND,7.0,False
1147249,LOLOL,LOLOL,LICEO MUNICIPAL DE LOLOL,7M,ZJ.CHILE VAMOS UDI - INDEPENDIENTES,318. DARIO OSVALDO DUQUE ROJAS,UDI,17.0,True
1147250,LOLOL,LOLOL,LICEO MUNICIPAL DE LOLOL,7M,ZJ.CHILE VAMOS UDI - INDEPENDIENTES,319. CESAR FERNANDO MACHUCA DIAZ,UDI,9.0,False
1147251,LOLOL,LOLOL,LICEO MUNICIPAL DE LOLOL,7M,ZJ.CHILE VAMOS UDI - INDEPENDIENTES,320. JUAN OSVALDO QUEZADA GARATE,UDI,6.0,False
1147252,LOLOL,LOLOL,LICEO MUNICIPAL DE LOLOL,7M,ZJ.CHILE VAMOS UDI - INDEPENDIENTES,321. MARITHZA LORENA PEREZ PIZARRO,IND,11.0,True
1147253,LOLOL,LOLOL,LICEO MUNICIPAL DE LOLOL,7M,ZU.RADICALES E INDEPENDIENTES,322. PABLO ALEJANDRO DE HUHERTEN CORTES,PR,3.0,False
1147254,LOLOL,LOLOL,LICEO MUNICIPAL DE LOLOL,7M,ZU.RADICALES E INDEPENDIENTES,323. YOVE LUIS BRIONES ALIAGA,IND,14.0,False
1147255,LOLOL,LOLOL,LICEO MUNICIPAL DE LOLOL,7M,ZU.RADICALES E INDEPENDIENTES,324. MAURICIO ALEJANDRO CELIS LEON,IND,3.0,False
1147256,LOLOL,LOLOL,LICEO MUNICIPAL DE LOLOL,7M,CANDIDATURA INDEPENDIENTE,325. VALENTINA FERNANDA RAMOS RAMOS,IND,15.0,False
1147257,LOLOL,LOLOL,LICEO MUNICIPAL DE LOLOL,8M,M.CHILE DIGNO VERDE Y SOBERANO,300. VICTOR WLADIMIR MARTINEZ MUÑOZ,PCCH,0.0,False
1147258,LOLOL,LOLOL,LICEO MUNICIPAL DE LOLOL,8M,M.CHILE DIGNO VERDE Y SOBERANO,301. FLOR MIREYA MUÑOZ PIZARRO,FREVS,2.0,False
1147259,LOLOL,LOLOL,LICEO MUNICIPAL DE LOLOL,8M,M.CHILE DIGNO VERDE Y SOBERANO,302. JOSE LUIS REYES RODRIGUEZ,FREVS,15.0,False
1147260,LOLOL,LOLOL,LICEO MUNICIPAL DE LOLOL,8M,M.CHILE DIGNO VERDE Y SOBERANO,303. ROBINSON MARIO BECERRA ALARCON,IND,14.0,True
1147261,LOLOL,LOLOL,LICEO MUNICIPAL DE LOLOL,8M,M.CHILE DIGNO VERDE Y SOBERANO,304. LUIS ARMANDO CUBILLOS GAJARDO,IND,5.0,False
1147262,LOLOL,LOLOL,LICEO MUNICIPAL DE LOLOL,8M,M.CHILE DIGNO VERDE Y SOBERANO,305. LORENA ISABEL DROGUETT MUÑOZ,IND,5.0,False
1147263,LOLOL,LOLOL,LICEO MUNICIPAL DE LOLOL,8M,XK.CHILE VAMOS RENOVACION NACIONAL - INDEPENDIENTES,306. MARIA JOSE GOMEZ ABARCA,RN,9.0,False
1147264,LOLOL,LOLOL,LICEO MUNICIPAL DE LOLOL,8M,XU.UNIDOS POR LA DIGNIDAD,307. GUIDO HERNAN CORNEJO BRAVO,PDC,14.0,False
1147265,LOLOL,LOLOL,LICEO MUNICIPAL DE LOLOL,8M,XU.UNIDOS POR LA DIGNIDAD,308. FRANCISCO JOSE CONTRERAS ARAYA,IND,16.0,False
1147266,LOLOL,LOLOL,LICEO MUNICIPAL DE LOLOL,8M,XU.UNIDOS POR LA DIGNIDAD,309. PATRICIA DEL CARMEN ORTIZ ARAYA,IND,4.0,False
1147267,LOLOL,LOLOL,LICEO MUNICIPAL DE LOLOL,8M,XU.UNIDOS POR LA DIGNIDAD,310. JOSE EUSEBIO RODRIGUEZ GAJARDO,IND,9.0,True
1147268,LOLOL,LOLOL,LICEO MUNICIPAL DE LOLOL,8M,XU.UNIDOS POR LA DIGNIDAD,311. LUIS NELSON QUITRAL PEREZ,IND,6.0,False
1147269,LOLOL,LOLOL,LICEO MUNICIPAL DE LOLOL,8M,YW.UNIDAD POR EL APRUEBO PS PPD E INDEPENDIENTES,312. PAULINA LOPEZ CUBILLOS,PPD,6.0,True
1147270,LOLOL,LOLOL,LICEO MUNICIPAL DE LOLOL,8M,YW.UNIDAD POR EL APRUEBO PS PPD E INDEPENDIENTES,313. MARIA XIMENA GALAZ CASTRO,IND,11.0,False
1147271,LOLOL,LOLOL,LICEO MUNICIPAL DE LOLOL,8M,YW.UNIDAD POR EL APRUEBO PS PPD E INDEPENDIENTES,314. JUAN BASOALTO LEON,PS,12.0,False
1147272,LOLOL,LOLOL,LICEO MUNICIPAL DE LOLOL,8M,YW.UNIDAD POR EL APRUEBO PS PPD E INDEPENDIENTES,315. JOSE MORALES ESPINOZA,IND,20.0,True
1147273,LOLOL,LOLOL,LICEO MUNICIPAL DE LOLOL,8M,ZG.CHILE VAMOS EVOPOLI - INDEPENDIENTES,316. PEDRO EDUARDO VIAL VIAL,EVOPOLI,13.0,False
1147274,LOLOL,LOLOL,LICEO MUNICIPAL DE LOLOL,8M,ZG.CHILE VAMOS EVOPOLI - INDEPENDIENTES,317. MATIAS GILBERTO URZUA GALLARDO,IND,5.0,False
1147275,LOLOL,LOLOL,LICEO MUNICIPAL DE LOLOL,8M,ZJ.CHILE VAMOS UDI - INDEPENDIENTES,318. DARIO OSVALDO DUQUE ROJAS,UDI,29.0,True
1147276,LOLOL,LOLOL,LICEO MUNICIPAL DE LOLOL,8M,ZJ.CHILE VAMOS UDI - INDEPENDIENTES,319. CESAR FERNANDO MACHUCA DIAZ,UDI,10.0,False
1147277,LOLOL,LOLOL,LICEO MUNICIPAL DE LOLOL,8M,ZJ.CHILE VAMOS UDI - INDEPENDIENTES,320. JUAN OSVALDO QUEZADA GARATE,UDI,2.0,False
1147278,LOLOL,LOLOL,LICEO MUNICIPAL DE LOLOL,8M,ZJ.CHILE VAMOS UDI - INDEPENDIENTES,321. MARITHZA LORENA PEREZ PIZARRO,IND,8.0,True
1147279,LOLOL,LOLOL,LICEO MUNICIPAL DE LOLOL,8M,ZU.RADICALES E INDEPENDIENTES,322. PABLO ALEJANDRO DE HUHERTEN CORTES,PR,6.0,False
1147280,LOLOL,LOLOL,LICEO MUNICIPAL DE LOLOL,8M,ZU.RADICALES E INDEPENDIENTES,323. YOVE LUIS BRIONES ALIAGA,IND,11.0,False
1147281,LOLOL,LOLOL,LICEO MUNICIPAL DE LOLOL,8M,ZU.RADICALES E INDEPENDIENTES,324. MAURICIO ALEJANDRO CELIS LEON,IND,6.0,False
1147282,LOLOL,LOLOL,LICEO MUNICIPAL DE LOLOL,8M,CANDIDATURA INDEPENDIENTE,325. VALENTINA FERNANDA RAMOS RAMOS,IND,15.0,False
1147283,LOLOL,LOLOL,LICEO MUNICIPAL DE LOLOL,9M,M.CHILE DIGNO VERDE Y SOBERANO,300. VICTOR WLADIMIR MARTINEZ MUÑOZ,PCCH,1.0,False
1147284,LOLOL,LOLOL,LICEO MUNICIPAL DE LOLOL,9M,M.CHILE DIGNO VERDE Y SOBERANO,301. FLOR MIREYA MUÑOZ PIZARRO,FREVS,6.0,False
1147285,LOLOL,LOLOL,LICEO MUNICIPAL DE LOLOL,9M,M.CHILE DIGNO VERDE Y SOBERANO,302. JOSE LUIS REYES RODRIGUEZ,FREVS,16.0,False
1147286,LOLOL,LOLOL,LICEO MUNICIPAL DE LOLOL,9M,M.CHILE DIGNO VERDE Y SOBERANO,303. ROBINSON MARIO BECERRA ALARCON,IND,18.0,True
1147287,LOLOL,LOLOL,LICEO MUNICIPAL DE LOLOL,9M,M.CHILE DIGNO VERDE Y SOBERANO,304. LUIS ARMANDO CUBILLOS GAJARDO,IND,4.0,False
1147288,LOLOL,LOLOL,LICEO MUNICIPAL DE LOLOL,9M,M.CHILE DIGNO VERDE Y SOBERANO,305. LORENA ISABEL DROGUETT MUÑOZ,IND,11.0,False
1147289,LOLOL,LOLOL,LICEO MUNICIPAL DE LOLOL,9M,XK.CHILE VAMOS RENOVACION NACIONAL - INDEPENDIENTES,306. MARIA JOSE GOMEZ ABARCA,RN,8.0,False
1147290,LOLOL,LOLOL,LICEO MUNICIPAL DE LOLOL,9M,XU.UNIDOS POR LA DIGNIDAD,307. GUIDO HERNAN CORNEJO BRAVO,PDC,8.0,False
1147291,LOLOL,LOLOL,LICEO MUNICIPAL DE LOLOL,9M,XU.UNIDOS POR LA DIGNIDAD,308. FRANCISCO JOSE CONTRERAS ARAYA,IND,13.0,False
1147292,LOLOL,LOLOL,LICEO MUNICIPAL DE LOLOL,9M,XU.UNIDOS POR LA DIGNIDAD,309. PATRICIA DEL CARMEN ORTIZ ARAYA,IND,3.0,False
1147293,LOLOL,LOLOL,LICEO MUNICIPAL DE LOLOL,9M,XU.UNIDOS POR LA DIGNIDAD,310. JOSE EUSEBIO RODRIGUEZ GAJARDO,IND,11.0,True
1147294,LOLOL,LOLOL,LICEO MUNICIPAL DE LOLOL,9M,XU.UNIDOS POR LA DIGNIDAD,311. LUIS NELSON QUITRAL PEREZ,IND,9.0,False
1147295,LOLOL,LOLOL,LICEO MUNICIPAL DE LOLOL,9M,YW.UNIDAD POR EL APRUEBO PS PPD E INDEPENDIENTES,312. PAULINA LOPEZ CUBILLOS,PPD,11.0,True
1147296,LOLOL,LOLOL,LICEO MUNICIPAL DE LOLOL,9M,YW.UNIDAD POR EL APRUEBO PS PPD E INDEPENDIENTES,313. MARIA XIMENA GALAZ CASTRO,IND,9.0,False
1147297,LOLOL,LOLOL,LICEO MUNICIPAL DE LOLOL,9M,YW.UNIDAD POR EL APRUEBO PS PPD E INDEPENDIENTES,314. JUAN BASOALTO LEON,PS,8.0,False
1147298,LOLOL,LOLOL,LICEO MUNICIPAL DE LOLOL,9M,YW.UNIDAD POR EL APRUEBO PS PPD E INDEPENDIENTES,315. JOSE MORALES ESPINOZA,IND,23.0,True
1147299,LOLOL,LOLOL,LICEO MUNICIPAL DE LOLOL,9M,ZG.CHILE VAMOS EVOPOLI - INDEPENDIENTES,316. PEDRO EDUARDO VIAL VIAL,EVOPOLI,13.0,False
1147300,LOLOL,LOLOL,LICEO MUNICIPAL DE LOLOL,9M,ZG.CHILE VAMOS EVOPOLI - INDEPENDIENTES,317. MATIAS GILBERTO URZUA GALLARDO,IND,2.0,False
1147301,LOLOL,LOLOL,LICEO MUNICIPAL DE LOLOL,9M,ZJ.CHILE VAMOS UDI - INDEPENDIENTES,318. DARIO OSVALDO DUQUE ROJAS,UDI,19.0,True
1147302,LOLOL,LOLOL,LICEO MUNICIPAL DE LOLOL,9M,ZJ.CHILE VAMOS UDI - INDEPENDIENTES,319. CESAR FERNANDO MACHUCA DIAZ,UDI,5.0,False
1147303,LOLOL,LOLOL,LICEO MUNICIPAL DE LOLOL,9M,ZJ.CHILE VAMOS UDI - INDEPENDIENTES,320. JUAN OSVALDO QUEZADA GARATE,UDI,6.0,False
1147304,LOLOL,LOLOL,LICEO MUNICIPAL DE LOLOL,9M,ZJ.CHILE VAMOS UDI - INDEPENDIENTES,321. MARITHZA LORENA PEREZ PIZARRO,IND,16.0,True
1147305,LOLOL,LOLOL,LICEO MUNICIPAL DE LOLOL,9M,ZU.RADICALES E INDEPENDIENTES,322. PABLO ALEJANDRO DE HUHERTEN CORTES,PR,4.0,False
1147306,LOLOL,LOLOL,LICEO MUNICIPAL DE LOLOL,9M,ZU.RADICALES E INDEPENDIENTES,323. YOVE LUIS BRIONES ALIAGA,IND,8.0,False
1147307,LOLOL,LOLOL,LICEO MUNICIPAL DE LOLOL,9M,ZU.RADICALES E INDEPENDIENTES,324. MAURICIO ALEJANDRO CELIS LEON,IND,2.0,False
1147308,LOLOL,LOLOL,LICEO MUNICIPAL DE LOLOL,9M,CANDIDATURA INDEPENDIENTE,325. VALENTINA FERNANDA RAMOS RAMOS,IND,8.0,False
1147309,LOLOL,LOLOL,LICEO MUNICIPAL DE LOLOL,10M,M.CHILE DIGNO VERDE Y SOBERANO,300. VICTOR WLADIMIR MARTINEZ MUÑOZ,PCCH,2.0,False
1147310,LOLOL,LOLOL,LICEO MUNICIPAL DE LOLOL,10M,M.CHILE DIGNO VERDE Y SOBERANO,301. FLOR MIREYA MUÑOZ PIZARRO,FREVS,0.0,False
1147311,LOLOL,LOLOL,LICEO MUNICIPAL DE LOLOL,10M,M.CHILE DIGNO VERDE Y SOBERANO,302. JOSE LUIS REYES RODRIGUEZ,FREVS,9.0,False
1147312,LOLOL,LOLOL,LICEO MUNICIPAL DE LOLOL,10M,M.CHILE DIGNO VERDE Y SOBERANO,303. ROBINSON MARIO BECERRA ALARCON,IND,12.0,True
1147313,LOLOL,LOLOL,LICEO MUNICIPAL DE LOLOL,10M,M.CHILE DIGNO VERDE Y SOBERANO,304. LUIS ARMANDO CUBILLOS GAJARDO,IND,3.0,False
1147314,LOLOL,LOLOL,LICEO MUNICIPAL DE LOLOL,10M,M.CHILE DIGNO VERDE Y SOBERANO,305. LORENA ISABEL DROGUETT MUÑOZ,IND,7.0,False
1147315,LOLOL,LOLOL,LICEO MUNICIPAL DE LOLOL,10M,XK.CHILE VAMOS RENOVACION NACIONAL - INDEPENDIENTES,306. MARIA JOSE GOMEZ ABARCA,RN,10.0,False
1147316,LOLOL,LOLOL,LICEO MUNICIPAL DE LOLOL,10M,XU.UNIDOS POR LA DIGNIDAD,307. GUIDO HERNAN CORNEJO BRAVO,PDC,6.0,False
1147317,LOLOL,LOLOL,LICEO MUNICIPAL DE LOLOL,10M,XU.UNIDOS POR LA DIGNIDAD,308. FRANCISCO JOSE CONTRERAS ARAYA,IND,9.0,False
1147318,LOLOL,LOLOL,LICEO MUNICIPAL DE LOLOL,10M,XU.UNIDOS POR LA DIGNIDAD,309. PATRICIA DEL CARMEN ORTIZ ARAYA,IND,0.0,False
1147319,LOLOL,LOLOL,LICEO MUNICIPAL DE LOLOL,10M,XU.UNIDOS POR LA DIGNIDAD,310. JOSE EUSEBIO RODRIGUEZ GAJARDO,IND,13.0,True
1147320,LOLOL,LOLOL,LICEO MUNICIPAL DE LOLOL,10M,XU.UNIDOS POR LA DIGNIDAD,311. LUIS NELSON QUITRAL PEREZ,IND,6.0,False
1147321,LOLOL,LOLOL,LICEO MUNICIPAL DE LOLOL,10M,YW.UNIDAD POR EL APRUEBO PS PPD E INDEPENDIENTES,312. PAULINA LOPEZ CUBILLOS,PPD,12.0,True
1147322,LOLOL,LOLOL,LICEO MUNICIPAL DE LOLOL,10M,YW.UNIDAD POR EL APRUEBO PS PPD E INDEPENDIENTES,313. MARIA XIMENA GALAZ CASTRO,IND,1.0,False
1147323,LOLOL,LOLOL,LICEO MUNICIPAL DE LOLOL,10M,YW.UNIDAD POR EL APRUEBO PS PPD E INDEPENDIENTES,314. JUAN BASOALTO LEON,PS,4.0,False
1147324,LOLOL,LOLOL,LICEO MUNICIPAL DE LOLOL,10M,YW.UNIDAD POR EL APRUEBO PS PPD E INDEPENDIENTES,315. JOSE MORALES ESPINOZA,IND,14.0,True
1147325,LOLOL,LOLOL,LICEO MUNICIPAL DE LOLOL,10M,ZG.CHILE VAMOS EVOPOLI - INDEPENDIENTES,316. PEDRO EDUARDO VIAL VIAL,EVOPOLI,14.0,False
1147326,LOLOL,LOLOL,LICEO MUNICIPAL DE LOLOL,10M,ZG.CHILE VAMOS EVOPOLI - INDEPENDIENTES,317. MATIAS GILBERTO URZUA GALLARDO,IND,7.0,False
1147327,LOLOL,LOLOL,LICEO MUNICIPAL DE LOLOL,10M,ZJ.CHILE VAMOS UDI - INDEPENDIENTES,318. DARIO OSVALDO DUQUE ROJAS,UDI,28.0,True
1147328,LOLOL,LOLOL,LICEO MUNICIPAL DE LOLOL,10M,ZJ.CHILE VAMOS UDI - INDEPENDIENTES,319. CESAR FERNANDO MACHUCA DIAZ,UDI,3.0,False
1147329,LOLOL,LOLOL,LICEO MUNICIPAL DE LOLOL,10M,ZJ.CHILE VAMOS UDI - INDEPENDIENTES,320. JUAN OSVALDO QUEZADA GARATE,UDI,10.0,False
1147330,LOLOL,LOLOL,LICEO MUNICIPAL DE LOLOL,10M,ZJ.CHILE VAMOS UDI - INDEPENDIENTES,321. MARITHZA LORENA PEREZ PIZARRO,IND,10.0,True
1147331,LOLOL,LOLOL,LICEO MUNICIPAL DE LOLOL,10M,ZU.RADICALES E INDEPENDIENTES,322. PABLO ALEJANDRO DE HUHERTEN CORTES,PR,3.0,False
1147332,LOLOL,LOLOL,LICEO MUNICIPAL DE LOLOL,10M,ZU.RADICALES E INDEPENDIENTES,323. YOVE LUIS BRIONES ALIAGA,IND,10.0,False
1147333,LOLOL,LOLOL,LICEO MUNICIPAL DE LOLOL,10M,ZU.RADICALES E INDEPENDIENTES,324. MAURICIO ALEJANDRO CELIS LEON,IND,3.0,False
1147334,LOLOL,LOLOL,LICEO MUNICIPAL DE LOLOL,10M,CANDIDATURA INDEPENDIENTE,325. VALENTINA FERNANDA RAMOS RAMOS,IND,18.0,False
