,COMUNA,CIRC_ELEC,LOCAL,MESA,LISTA,CANDIDATX,PARTIDO,VOTOS,ELECTX
1245138,MAFIL,MAFIL,LICEO GABRIELA MISTRAL,1V,M.CHILE DIGNO VERDE Y SOBERANO,300. BERNARDA SUSANA GUERRERO SALINAS,IND,0.0,False
1245139,MAFIL,MAFIL,LICEO GABRIELA MISTRAL,1V,M.CHILE DIGNO VERDE Y SOBERANO,301. JIMENA DEL CARMEN LLANQUILEF ALVIAL,IND,0.0,False
1245140,MAFIL,MAFIL,LICEO GABRIELA MISTRAL,1V,M.CHILE DIGNO VERDE Y SOBERANO,302. ANYELA LISBET MUÑOZ VALLEJOS,IND,0.0,False
1245141,MAFIL,MAFIL,LICEO GABRIELA MISTRAL,1V,M.CHILE DIGNO VERDE Y SOBERANO,303. JORGE ARMANDO ALVAREZ MELLADO,IND,0.0,False
1245142,MAFIL,MAFIL,LICEO GABRIELA MISTRAL,1V,M.CHILE DIGNO VERDE Y SOBERANO,304. LUIS SERAFIN PEÑA VERA,IND,7.0,False
1245143,MAFIL,MAFIL,LICEO GABRIELA MISTRAL,1V,XK.CHILE VAMOS RENOVACION NACIONAL - INDEPENDIENTES,305. CARLOS JAVIER TALADRIZ GARCIA,RN,5.0,True
1245144,MAFIL,MAFIL,LICEO GABRIELA MISTRAL,1V,XK.CHILE VAMOS RENOVACION NACIONAL - INDEPENDIENTES,306. SANDRA BASTIAS BILBAO,IND,7.0,True
1245145,MAFIL,MAFIL,LICEO GABRIELA MISTRAL,1V,XK.CHILE VAMOS RENOVACION NACIONAL - INDEPENDIENTES,307. LUIS EDUARDO GONZALEZ HUERAMAN,IND,5.0,False
1245146,MAFIL,MAFIL,LICEO GABRIELA MISTRAL,1V,XK.CHILE VAMOS RENOVACION NACIONAL - INDEPENDIENTES,308. PAZ SANCHEZ FLORES,IND,2.0,False
1245147,MAFIL,MAFIL,LICEO GABRIELA MISTRAL,1V,XK.CHILE VAMOS RENOVACION NACIONAL - INDEPENDIENTES,309. EDUARDO SEGUEL FLORES,IND,1.0,False
1245148,MAFIL,MAFIL,LICEO GABRIELA MISTRAL,1V,XK.CHILE VAMOS RENOVACION NACIONAL - INDEPENDIENTES,310. GERARDO ANTONIO URREA VASQUEZ,IND,4.0,False
1245149,MAFIL,MAFIL,LICEO GABRIELA MISTRAL,1V,XU.UNIDOS POR LA DIGNIDAD,311. DAVID EXEQUIEL SALGADO MORALES,PDC,4.0,True
1245150,MAFIL,MAFIL,LICEO GABRIELA MISTRAL,1V,XU.UNIDOS POR LA DIGNIDAD,312. JOSE MAXIMO CAMPOS BEROIZA,PDC,2.0,False
1245151,MAFIL,MAFIL,LICEO GABRIELA MISTRAL,1V,XU.UNIDOS POR LA DIGNIDAD,313. GUILLERMINA DEL CARMEN PEDRAZA DIAZ,IND,0.0,False
1245152,MAFIL,MAFIL,LICEO GABRIELA MISTRAL,1V,XU.UNIDOS POR LA DIGNIDAD,314. EDGARDO ANDRES ESPINOZA GARAY,IND,5.0,True
1245153,MAFIL,MAFIL,LICEO GABRIELA MISTRAL,1V,XU.UNIDOS POR LA DIGNIDAD,315. IVAN CARLOS SANCHEZ VASQUEZ,IND,8.0,False
1245154,MAFIL,MAFIL,LICEO GABRIELA MISTRAL,1V,XZ.ECOLOGISTAS E INDEPENDIENTES,316. XIMENA LAURENCE ALARCON,PEV,3.0,False
1245155,MAFIL,MAFIL,LICEO GABRIELA MISTRAL,1V,YM.CHILE VAMOS - PRI E INDEPENDIENTES,317. NATALIA ELVIRA ESCOBAR PALACIOS,IND,4.0,False
1245156,MAFIL,MAFIL,LICEO GABRIELA MISTRAL,1V,YM.CHILE VAMOS - PRI E INDEPENDIENTES,318. GHISLAINE DE LOURDES ZURITA URREA,IND,8.0,True
1245157,MAFIL,MAFIL,LICEO GABRIELA MISTRAL,1V,YW.UNIDAD POR EL APRUEBO PS PPD E INDEPENDIENTES,319. GIOVANNI SALOMON FIGUEROA VEGA,PPD,1.0,False
1245158,MAFIL,MAFIL,LICEO GABRIELA MISTRAL,1V,YW.UNIDAD POR EL APRUEBO PS PPD E INDEPENDIENTES,320. ESTER CASTILLO GUTIERREZ,PPD,4.0,False
1245159,MAFIL,MAFIL,LICEO GABRIELA MISTRAL,1V,YW.UNIDAD POR EL APRUEBO PS PPD E INDEPENDIENTES,321. CARLOS ORTIZ SOTO,PPD,0.0,False
1245160,MAFIL,MAFIL,LICEO GABRIELA MISTRAL,1V,YW.UNIDAD POR EL APRUEBO PS PPD E INDEPENDIENTES,322. EDUARDO GERMAN ACUÑA ACUÑA,PS,5.0,True
1245161,MAFIL,MAFIL,LICEO GABRIELA MISTRAL,1V,YW.UNIDAD POR EL APRUEBO PS PPD E INDEPENDIENTES,323. ERICA DEL CARMEN LAURENCE AGUERO,IND,0.0,False
1245162,MAFIL,MAFIL,LICEO GABRIELA MISTRAL,1V,ZJ.CHILE VAMOS UDI - INDEPENDIENTES,324. GLORIA PATRICIA FLANDEZ DEL VALLE,UDI,1.0,False
1245163,MAFIL,MAFIL,LICEO GABRIELA MISTRAL,1V,ZJ.CHILE VAMOS UDI - INDEPENDIENTES,325. JUAN EDUARDO ESCOBAR CAMPOS,UDI,3.0,False
1245164,MAFIL,MAFIL,LICEO GABRIELA MISTRAL,1V,ZJ.CHILE VAMOS UDI - INDEPENDIENTES,326. XIMENA DEL PILAR SCHLEEF VARGAS,IND,0.0,False
1245165,MAFIL,MAFIL,LICEO GABRIELA MISTRAL,2V,M.CHILE DIGNO VERDE Y SOBERANO,300. BERNARDA SUSANA GUERRERO SALINAS,IND,0.0,False
1245166,MAFIL,MAFIL,LICEO GABRIELA MISTRAL,2V,M.CHILE DIGNO VERDE Y SOBERANO,301. JIMENA DEL CARMEN LLANQUILEF ALVIAL,IND,5.0,False
1245167,MAFIL,MAFIL,LICEO GABRIELA MISTRAL,2V,M.CHILE DIGNO VERDE Y SOBERANO,302. ANYELA LISBET MUÑOZ VALLEJOS,IND,2.0,False
1245168,MAFIL,MAFIL,LICEO GABRIELA MISTRAL,2V,M.CHILE DIGNO VERDE Y SOBERANO,303. JORGE ARMANDO ALVAREZ MELLADO,IND,0.0,False
1245169,MAFIL,MAFIL,LICEO GABRIELA MISTRAL,2V,M.CHILE DIGNO VERDE Y SOBERANO,304. LUIS SERAFIN PEÑA VERA,IND,7.0,False
1245170,MAFIL,MAFIL,LICEO GABRIELA MISTRAL,2V,XK.CHILE VAMOS RENOVACION NACIONAL - INDEPENDIENTES,305. CARLOS JAVIER TALADRIZ GARCIA,RN,6.0,True
1245171,MAFIL,MAFIL,LICEO GABRIELA MISTRAL,2V,XK.CHILE VAMOS RENOVACION NACIONAL - INDEPENDIENTES,306. SANDRA BASTIAS BILBAO,IND,18.0,True
1245172,MAFIL,MAFIL,LICEO GABRIELA MISTRAL,2V,XK.CHILE VAMOS RENOVACION NACIONAL - INDEPENDIENTES,307. LUIS EDUARDO GONZALEZ HUERAMAN,IND,7.0,False
1245173,MAFIL,MAFIL,LICEO GABRIELA MISTRAL,2V,XK.CHILE VAMOS RENOVACION NACIONAL - INDEPENDIENTES,308. PAZ SANCHEZ FLORES,IND,5.0,False
1245174,MAFIL,MAFIL,LICEO GABRIELA MISTRAL,2V,XK.CHILE VAMOS RENOVACION NACIONAL - INDEPENDIENTES,309. EDUARDO SEGUEL FLORES,IND,0.0,False
1245175,MAFIL,MAFIL,LICEO GABRIELA MISTRAL,2V,XK.CHILE VAMOS RENOVACION NACIONAL - INDEPENDIENTES,310. GERARDO ANTONIO URREA VASQUEZ,IND,6.0,False
1245176,MAFIL,MAFIL,LICEO GABRIELA MISTRAL,2V,XU.UNIDOS POR LA DIGNIDAD,311. DAVID EXEQUIEL SALGADO MORALES,PDC,17.0,True
1245177,MAFIL,MAFIL,LICEO GABRIELA MISTRAL,2V,XU.UNIDOS POR LA DIGNIDAD,312. JOSE MAXIMO CAMPOS BEROIZA,PDC,6.0,False
1245178,MAFIL,MAFIL,LICEO GABRIELA MISTRAL,2V,XU.UNIDOS POR LA DIGNIDAD,313. GUILLERMINA DEL CARMEN PEDRAZA DIAZ,IND,1.0,False
1245179,MAFIL,MAFIL,LICEO GABRIELA MISTRAL,2V,XU.UNIDOS POR LA DIGNIDAD,314. EDGARDO ANDRES ESPINOZA GARAY,IND,9.0,True
1245180,MAFIL,MAFIL,LICEO GABRIELA MISTRAL,2V,XU.UNIDOS POR LA DIGNIDAD,315. IVAN CARLOS SANCHEZ VASQUEZ,IND,13.0,False
1245181,MAFIL,MAFIL,LICEO GABRIELA MISTRAL,2V,XZ.ECOLOGISTAS E INDEPENDIENTES,316. XIMENA LAURENCE ALARCON,PEV,8.0,False
1245182,MAFIL,MAFIL,LICEO GABRIELA MISTRAL,2V,YM.CHILE VAMOS - PRI E INDEPENDIENTES,317. NATALIA ELVIRA ESCOBAR PALACIOS,IND,3.0,False
1245183,MAFIL,MAFIL,LICEO GABRIELA MISTRAL,2V,YM.CHILE VAMOS - PRI E INDEPENDIENTES,318. GHISLAINE DE LOURDES ZURITA URREA,IND,13.0,True
1245184,MAFIL,MAFIL,LICEO GABRIELA MISTRAL,2V,YW.UNIDAD POR EL APRUEBO PS PPD E INDEPENDIENTES,319. GIOVANNI SALOMON FIGUEROA VEGA,PPD,2.0,False
1245185,MAFIL,MAFIL,LICEO GABRIELA MISTRAL,2V,YW.UNIDAD POR EL APRUEBO PS PPD E INDEPENDIENTES,320. ESTER CASTILLO GUTIERREZ,PPD,7.0,False
1245186,MAFIL,MAFIL,LICEO GABRIELA MISTRAL,2V,YW.UNIDAD POR EL APRUEBO PS PPD E INDEPENDIENTES,321. CARLOS ORTIZ SOTO,PPD,1.0,False
1245187,MAFIL,MAFIL,LICEO GABRIELA MISTRAL,2V,YW.UNIDAD POR EL APRUEBO PS PPD E INDEPENDIENTES,322. EDUARDO GERMAN ACUÑA ACUÑA,PS,9.0,True
1245188,MAFIL,MAFIL,LICEO GABRIELA MISTRAL,2V,YW.UNIDAD POR EL APRUEBO PS PPD E INDEPENDIENTES,323. ERICA DEL CARMEN LAURENCE AGUERO,IND,2.0,False
1245189,MAFIL,MAFIL,LICEO GABRIELA MISTRAL,2V,ZJ.CHILE VAMOS UDI - INDEPENDIENTES,324. GLORIA PATRICIA FLANDEZ DEL VALLE,UDI,0.0,False
1245190,MAFIL,MAFIL,LICEO GABRIELA MISTRAL,2V,ZJ.CHILE VAMOS UDI - INDEPENDIENTES,325. JUAN EDUARDO ESCOBAR CAMPOS,UDI,3.0,False
1245191,MAFIL,MAFIL,LICEO GABRIELA MISTRAL,2V,ZJ.CHILE VAMOS UDI - INDEPENDIENTES,326. XIMENA DEL PILAR SCHLEEF VARGAS,IND,0.0,False
1245192,MAFIL,MAFIL,LICEO GABRIELA MISTRAL,3V,M.CHILE DIGNO VERDE Y SOBERANO,300. BERNARDA SUSANA GUERRERO SALINAS,IND,0.0,False
1245193,MAFIL,MAFIL,LICEO GABRIELA MISTRAL,3V,M.CHILE DIGNO VERDE Y SOBERANO,301. JIMENA DEL CARMEN LLANQUILEF ALVIAL,IND,6.0,False
1245194,MAFIL,MAFIL,LICEO GABRIELA MISTRAL,3V,M.CHILE DIGNO VERDE Y SOBERANO,302. ANYELA LISBET MUÑOZ VALLEJOS,IND,1.0,False
1245195,MAFIL,MAFIL,LICEO GABRIELA MISTRAL,3V,M.CHILE DIGNO VERDE Y SOBERANO,303. JORGE ARMANDO ALVAREZ MELLADO,IND,0.0,False
1245196,MAFIL,MAFIL,LICEO GABRIELA MISTRAL,3V,M.CHILE DIGNO VERDE Y SOBERANO,304. LUIS SERAFIN PEÑA VERA,IND,7.0,False
1245197,MAFIL,MAFIL,LICEO GABRIELA MISTRAL,3V,XK.CHILE VAMOS RENOVACION NACIONAL - INDEPENDIENTES,305. CARLOS JAVIER TALADRIZ GARCIA,RN,10.0,True
1245198,MAFIL,MAFIL,LICEO GABRIELA MISTRAL,3V,XK.CHILE VAMOS RENOVACION NACIONAL - INDEPENDIENTES,306. SANDRA BASTIAS BILBAO,IND,15.0,True
1245199,MAFIL,MAFIL,LICEO GABRIELA MISTRAL,3V,XK.CHILE VAMOS RENOVACION NACIONAL - INDEPENDIENTES,307. LUIS EDUARDO GONZALEZ HUERAMAN,IND,10.0,False
1245200,MAFIL,MAFIL,LICEO GABRIELA MISTRAL,3V,XK.CHILE VAMOS RENOVACION NACIONAL - INDEPENDIENTES,308. PAZ SANCHEZ FLORES,IND,4.0,False
1245201,MAFIL,MAFIL,LICEO GABRIELA MISTRAL,3V,XK.CHILE VAMOS RENOVACION NACIONAL - INDEPENDIENTES,309. EDUARDO SEGUEL FLORES,IND,1.0,False
1245202,MAFIL,MAFIL,LICEO GABRIELA MISTRAL,3V,XK.CHILE VAMOS RENOVACION NACIONAL - INDEPENDIENTES,310. GERARDO ANTONIO URREA VASQUEZ,IND,3.0,False
1245203,MAFIL,MAFIL,LICEO GABRIELA MISTRAL,3V,XU.UNIDOS POR LA DIGNIDAD,311. DAVID EXEQUIEL SALGADO MORALES,PDC,15.0,True
1245204,MAFIL,MAFIL,LICEO GABRIELA MISTRAL,3V,XU.UNIDOS POR LA DIGNIDAD,312. JOSE MAXIMO CAMPOS BEROIZA,PDC,11.0,False
1245205,MAFIL,MAFIL,LICEO GABRIELA MISTRAL,3V,XU.UNIDOS POR LA DIGNIDAD,313. GUILLERMINA DEL CARMEN PEDRAZA DIAZ,IND,2.0,False
1245206,MAFIL,MAFIL,LICEO GABRIELA MISTRAL,3V,XU.UNIDOS POR LA DIGNIDAD,314. EDGARDO ANDRES ESPINOZA GARAY,IND,18.0,True
1245207,MAFIL,MAFIL,LICEO GABRIELA MISTRAL,3V,XU.UNIDOS POR LA DIGNIDAD,315. IVAN CARLOS SANCHEZ VASQUEZ,IND,15.0,False
1245208,MAFIL,MAFIL,LICEO GABRIELA MISTRAL,3V,XZ.ECOLOGISTAS E INDEPENDIENTES,316. XIMENA LAURENCE ALARCON,PEV,2.0,False
1245209,MAFIL,MAFIL,LICEO GABRIELA MISTRAL,3V,YM.CHILE VAMOS - PRI E INDEPENDIENTES,317. NATALIA ELVIRA ESCOBAR PALACIOS,IND,2.0,False
1245210,MAFIL,MAFIL,LICEO GABRIELA MISTRAL,3V,YM.CHILE VAMOS - PRI E INDEPENDIENTES,318. GHISLAINE DE LOURDES ZURITA URREA,IND,17.0,True
1245211,MAFIL,MAFIL,LICEO GABRIELA MISTRAL,3V,YW.UNIDAD POR EL APRUEBO PS PPD E INDEPENDIENTES,319. GIOVANNI SALOMON FIGUEROA VEGA,PPD,9.0,False
1245212,MAFIL,MAFIL,LICEO GABRIELA MISTRAL,3V,YW.UNIDAD POR EL APRUEBO PS PPD E INDEPENDIENTES,320. ESTER CASTILLO GUTIERREZ,PPD,5.0,False
1245213,MAFIL,MAFIL,LICEO GABRIELA MISTRAL,3V,YW.UNIDAD POR EL APRUEBO PS PPD E INDEPENDIENTES,321. CARLOS ORTIZ SOTO,PPD,5.0,False
1245214,MAFIL,MAFIL,LICEO GABRIELA MISTRAL,3V,YW.UNIDAD POR EL APRUEBO PS PPD E INDEPENDIENTES,322. EDUARDO GERMAN ACUÑA ACUÑA,PS,15.0,True
1245215,MAFIL,MAFIL,LICEO GABRIELA MISTRAL,3V,YW.UNIDAD POR EL APRUEBO PS PPD E INDEPENDIENTES,323. ERICA DEL CARMEN LAURENCE AGUERO,IND,4.0,False
1245216,MAFIL,MAFIL,LICEO GABRIELA MISTRAL,3V,ZJ.CHILE VAMOS UDI - INDEPENDIENTES,324. GLORIA PATRICIA FLANDEZ DEL VALLE,UDI,3.0,False
1245217,MAFIL,MAFIL,LICEO GABRIELA MISTRAL,3V,ZJ.CHILE VAMOS UDI - INDEPENDIENTES,325. JUAN EDUARDO ESCOBAR CAMPOS,UDI,5.0,False
1245218,MAFIL,MAFIL,LICEO GABRIELA MISTRAL,3V,ZJ.CHILE VAMOS UDI - INDEPENDIENTES,326. XIMENA DEL PILAR SCHLEEF VARGAS,IND,0.0,False
1245219,MAFIL,MAFIL,LICEO GABRIELA MISTRAL,4V,M.CHILE DIGNO VERDE Y SOBERANO,300. BERNARDA SUSANA GUERRERO SALINAS,IND,3.0,False
1245220,MAFIL,MAFIL,LICEO GABRIELA MISTRAL,4V,M.CHILE DIGNO VERDE Y SOBERANO,301. JIMENA DEL CARMEN LLANQUILEF ALVIAL,IND,5.0,False
1245221,MAFIL,MAFIL,LICEO GABRIELA MISTRAL,4V,M.CHILE DIGNO VERDE Y SOBERANO,302. ANYELA LISBET MUÑOZ VALLEJOS,IND,1.0,False
1245222,MAFIL,MAFIL,LICEO GABRIELA MISTRAL,4V,M.CHILE DIGNO VERDE Y SOBERANO,303. JORGE ARMANDO ALVAREZ MELLADO,IND,0.0,False
1245223,MAFIL,MAFIL,LICEO GABRIELA MISTRAL,4V,M.CHILE DIGNO VERDE Y SOBERANO,304. LUIS SERAFIN PEÑA VERA,IND,0.0,False
1245224,MAFIL,MAFIL,LICEO GABRIELA MISTRAL,4V,XK.CHILE VAMOS RENOVACION NACIONAL - INDEPENDIENTES,305. CARLOS JAVIER TALADRIZ GARCIA,RN,7.0,True
1245225,MAFIL,MAFIL,LICEO GABRIELA MISTRAL,4V,XK.CHILE VAMOS RENOVACION NACIONAL - INDEPENDIENTES,306. SANDRA BASTIAS BILBAO,IND,12.0,True
1245226,MAFIL,MAFIL,LICEO GABRIELA MISTRAL,4V,XK.CHILE VAMOS RENOVACION NACIONAL - INDEPENDIENTES,307. LUIS EDUARDO GONZALEZ HUERAMAN,IND,9.0,False
1245227,MAFIL,MAFIL,LICEO GABRIELA MISTRAL,4V,XK.CHILE VAMOS RENOVACION NACIONAL - INDEPENDIENTES,308. PAZ SANCHEZ FLORES,IND,14.0,False
1245228,MAFIL,MAFIL,LICEO GABRIELA MISTRAL,4V,XK.CHILE VAMOS RENOVACION NACIONAL - INDEPENDIENTES,309. EDUARDO SEGUEL FLORES,IND,0.0,False
1245229,MAFIL,MAFIL,LICEO GABRIELA MISTRAL,4V,XK.CHILE VAMOS RENOVACION NACIONAL - INDEPENDIENTES,310. GERARDO ANTONIO URREA VASQUEZ,IND,9.0,False
1245230,MAFIL,MAFIL,LICEO GABRIELA MISTRAL,4V,XU.UNIDOS POR LA DIGNIDAD,311. DAVID EXEQUIEL SALGADO MORALES,PDC,13.0,True
1245231,MAFIL,MAFIL,LICEO GABRIELA MISTRAL,4V,XU.UNIDOS POR LA DIGNIDAD,312. JOSE MAXIMO CAMPOS BEROIZA,PDC,12.0,False
1245232,MAFIL,MAFIL,LICEO GABRIELA MISTRAL,4V,XU.UNIDOS POR LA DIGNIDAD,313. GUILLERMINA DEL CARMEN PEDRAZA DIAZ,IND,0.0,False
1245233,MAFIL,MAFIL,LICEO GABRIELA MISTRAL,4V,XU.UNIDOS POR LA DIGNIDAD,314. EDGARDO ANDRES ESPINOZA GARAY,IND,11.0,True
1245234,MAFIL,MAFIL,LICEO GABRIELA MISTRAL,4V,XU.UNIDOS POR LA DIGNIDAD,315. IVAN CARLOS SANCHEZ VASQUEZ,IND,6.0,False
1245235,MAFIL,MAFIL,LICEO GABRIELA MISTRAL,4V,XZ.ECOLOGISTAS E INDEPENDIENTES,316. XIMENA LAURENCE ALARCON,PEV,5.0,False
1245236,MAFIL,MAFIL,LICEO GABRIELA MISTRAL,4V,YM.CHILE VAMOS - PRI E INDEPENDIENTES,317. NATALIA ELVIRA ESCOBAR PALACIOS,IND,4.0,False
1245237,MAFIL,MAFIL,LICEO GABRIELA MISTRAL,4V,YM.CHILE VAMOS - PRI E INDEPENDIENTES,318. GHISLAINE DE LOURDES ZURITA URREA,IND,8.0,True
1245238,MAFIL,MAFIL,LICEO GABRIELA MISTRAL,4V,YW.UNIDAD POR EL APRUEBO PS PPD E INDEPENDIENTES,319. GIOVANNI SALOMON FIGUEROA VEGA,PPD,5.0,False
1245239,MAFIL,MAFIL,LICEO GABRIELA MISTRAL,4V,YW.UNIDAD POR EL APRUEBO PS PPD E INDEPENDIENTES,320. ESTER CASTILLO GUTIERREZ,PPD,7.0,False
1245240,MAFIL,MAFIL,LICEO GABRIELA MISTRAL,4V,YW.UNIDAD POR EL APRUEBO PS PPD E INDEPENDIENTES,321. CARLOS ORTIZ SOTO,PPD,2.0,False
1245241,MAFIL,MAFIL,LICEO GABRIELA MISTRAL,4V,YW.UNIDAD POR EL APRUEBO PS PPD E INDEPENDIENTES,322. EDUARDO GERMAN ACUÑA ACUÑA,PS,6.0,True
1245242,MAFIL,MAFIL,LICEO GABRIELA MISTRAL,4V,YW.UNIDAD POR EL APRUEBO PS PPD E INDEPENDIENTES,323. ERICA DEL CARMEN LAURENCE AGUERO,IND,4.0,False
1245243,MAFIL,MAFIL,LICEO GABRIELA MISTRAL,4V,ZJ.CHILE VAMOS UDI - INDEPENDIENTES,324. GLORIA PATRICIA FLANDEZ DEL VALLE,UDI,4.0,False
1245244,MAFIL,MAFIL,LICEO GABRIELA MISTRAL,4V,ZJ.CHILE VAMOS UDI - INDEPENDIENTES,325. JUAN EDUARDO ESCOBAR CAMPOS,UDI,5.0,False
1245245,MAFIL,MAFIL,LICEO GABRIELA MISTRAL,4V,ZJ.CHILE VAMOS UDI - INDEPENDIENTES,326. XIMENA DEL PILAR SCHLEEF VARGAS,IND,0.0,False
1245246,MAFIL,MAFIL,LICEO GABRIELA MISTRAL,5V,M.CHILE DIGNO VERDE Y SOBERANO,300. BERNARDA SUSANA GUERRERO SALINAS,IND,0.0,False
1245247,MAFIL,MAFIL,LICEO GABRIELA MISTRAL,5V,M.CHILE DIGNO VERDE Y SOBERANO,301. JIMENA DEL CARMEN LLANQUILEF ALVIAL,IND,1.0,False
1245248,MAFIL,MAFIL,LICEO GABRIELA MISTRAL,5V,M.CHILE DIGNO VERDE Y SOBERANO,302. ANYELA LISBET MUÑOZ VALLEJOS,IND,0.0,False
1245249,MAFIL,MAFIL,LICEO GABRIELA MISTRAL,5V,M.CHILE DIGNO VERDE Y SOBERANO,303. JORGE ARMANDO ALVAREZ MELLADO,IND,0.0,False
1245250,MAFIL,MAFIL,LICEO GABRIELA MISTRAL,5V,M.CHILE DIGNO VERDE Y SOBERANO,304. LUIS SERAFIN PEÑA VERA,IND,6.0,False
1245251,MAFIL,MAFIL,LICEO GABRIELA MISTRAL,5V,XK.CHILE VAMOS RENOVACION NACIONAL - INDEPENDIENTES,305. CARLOS JAVIER TALADRIZ GARCIA,RN,9.0,True
1245252,MAFIL,MAFIL,LICEO GABRIELA MISTRAL,5V,XK.CHILE VAMOS RENOVACION NACIONAL - INDEPENDIENTES,306. SANDRA BASTIAS BILBAO,IND,17.0,True
1245253,MAFIL,MAFIL,LICEO GABRIELA MISTRAL,5V,XK.CHILE VAMOS RENOVACION NACIONAL - INDEPENDIENTES,307. LUIS EDUARDO GONZALEZ HUERAMAN,IND,8.0,False
1245254,MAFIL,MAFIL,LICEO GABRIELA MISTRAL,5V,XK.CHILE VAMOS RENOVACION NACIONAL - INDEPENDIENTES,308. PAZ SANCHEZ FLORES,IND,9.0,False
1245255,MAFIL,MAFIL,LICEO GABRIELA MISTRAL,5V,XK.CHILE VAMOS RENOVACION NACIONAL - INDEPENDIENTES,309. EDUARDO SEGUEL FLORES,IND,2.0,False
1245256,MAFIL,MAFIL,LICEO GABRIELA MISTRAL,5V,XK.CHILE VAMOS RENOVACION NACIONAL - INDEPENDIENTES,310. GERARDO ANTONIO URREA VASQUEZ,IND,4.0,False
1245257,MAFIL,MAFIL,LICEO GABRIELA MISTRAL,5V,XU.UNIDOS POR LA DIGNIDAD,311. DAVID EXEQUIEL SALGADO MORALES,PDC,13.0,True
1245258,MAFIL,MAFIL,LICEO GABRIELA MISTRAL,5V,XU.UNIDOS POR LA DIGNIDAD,312. JOSE MAXIMO CAMPOS BEROIZA,PDC,10.0,False
1245259,MAFIL,MAFIL,LICEO GABRIELA MISTRAL,5V,XU.UNIDOS POR LA DIGNIDAD,313. GUILLERMINA DEL CARMEN PEDRAZA DIAZ,IND,0.0,False
1245260,MAFIL,MAFIL,LICEO GABRIELA MISTRAL,5V,XU.UNIDOS POR LA DIGNIDAD,314. EDGARDO ANDRES ESPINOZA GARAY,IND,4.0,True
1245261,MAFIL,MAFIL,LICEO GABRIELA MISTRAL,5V,XU.UNIDOS POR LA DIGNIDAD,315. IVAN CARLOS SANCHEZ VASQUEZ,IND,8.0,False
1245262,MAFIL,MAFIL,LICEO GABRIELA MISTRAL,5V,XZ.ECOLOGISTAS E INDEPENDIENTES,316. XIMENA LAURENCE ALARCON,PEV,5.0,False
1245263,MAFIL,MAFIL,LICEO GABRIELA MISTRAL,5V,YM.CHILE VAMOS - PRI E INDEPENDIENTES,317. NATALIA ELVIRA ESCOBAR PALACIOS,IND,6.0,False
1245264,MAFIL,MAFIL,LICEO GABRIELA MISTRAL,5V,YM.CHILE VAMOS - PRI E INDEPENDIENTES,318. GHISLAINE DE LOURDES ZURITA URREA,IND,5.0,True
1245265,MAFIL,MAFIL,LICEO GABRIELA MISTRAL,5V,YW.UNIDAD POR EL APRUEBO PS PPD E INDEPENDIENTES,319. GIOVANNI SALOMON FIGUEROA VEGA,PPD,4.0,False
1245266,MAFIL,MAFIL,LICEO GABRIELA MISTRAL,5V,YW.UNIDAD POR EL APRUEBO PS PPD E INDEPENDIENTES,320. ESTER CASTILLO GUTIERREZ,PPD,6.0,False
1245267,MAFIL,MAFIL,LICEO GABRIELA MISTRAL,5V,YW.UNIDAD POR EL APRUEBO PS PPD E INDEPENDIENTES,321. CARLOS ORTIZ SOTO,PPD,2.0,False
1245268,MAFIL,MAFIL,LICEO GABRIELA MISTRAL,5V,YW.UNIDAD POR EL APRUEBO PS PPD E INDEPENDIENTES,322. EDUARDO GERMAN ACUÑA ACUÑA,PS,16.0,True
1245269,MAFIL,MAFIL,LICEO GABRIELA MISTRAL,5V,YW.UNIDAD POR EL APRUEBO PS PPD E INDEPENDIENTES,323. ERICA DEL CARMEN LAURENCE AGUERO,IND,3.0,False
1245270,MAFIL,MAFIL,LICEO GABRIELA MISTRAL,5V,ZJ.CHILE VAMOS UDI - INDEPENDIENTES,324. GLORIA PATRICIA FLANDEZ DEL VALLE,UDI,1.0,False
1245271,MAFIL,MAFIL,LICEO GABRIELA MISTRAL,5V,ZJ.CHILE VAMOS UDI - INDEPENDIENTES,325. JUAN EDUARDO ESCOBAR CAMPOS,UDI,4.0,False
1245272,MAFIL,MAFIL,LICEO GABRIELA MISTRAL,5V,ZJ.CHILE VAMOS UDI - INDEPENDIENTES,326. XIMENA DEL PILAR SCHLEEF VARGAS,IND,3.0,False
1245273,MAFIL,MAFIL,LICEO GABRIELA MISTRAL,6V,M.CHILE DIGNO VERDE Y SOBERANO,300. BERNARDA SUSANA GUERRERO SALINAS,IND,3.0,False
1245274,MAFIL,MAFIL,LICEO GABRIELA MISTRAL,6V,M.CHILE DIGNO VERDE Y SOBERANO,301. JIMENA DEL CARMEN LLANQUILEF ALVIAL,IND,3.0,False
1245275,MAFIL,MAFIL,LICEO GABRIELA MISTRAL,6V,M.CHILE DIGNO VERDE Y SOBERANO,302. ANYELA LISBET MUÑOZ VALLEJOS,IND,0.0,False
1245276,MAFIL,MAFIL,LICEO GABRIELA MISTRAL,6V,M.CHILE DIGNO VERDE Y SOBERANO,303. JORGE ARMANDO ALVAREZ MELLADO,IND,0.0,False
1245277,MAFIL,MAFIL,LICEO GABRIELA MISTRAL,6V,M.CHILE DIGNO VERDE Y SOBERANO,304. LUIS SERAFIN PEÑA VERA,IND,4.0,False
1245278,MAFIL,MAFIL,LICEO GABRIELA MISTRAL,6V,XK.CHILE VAMOS RENOVACION NACIONAL - INDEPENDIENTES,305. CARLOS JAVIER TALADRIZ GARCIA,RN,20.0,True
1245279,MAFIL,MAFIL,LICEO GABRIELA MISTRAL,6V,XK.CHILE VAMOS RENOVACION NACIONAL - INDEPENDIENTES,306. SANDRA BASTIAS BILBAO,IND,11.0,True
1245280,MAFIL,MAFIL,LICEO GABRIELA MISTRAL,6V,XK.CHILE VAMOS RENOVACION NACIONAL - INDEPENDIENTES,307. LUIS EDUARDO GONZALEZ HUERAMAN,IND,5.0,False
1245281,MAFIL,MAFIL,LICEO GABRIELA MISTRAL,6V,XK.CHILE VAMOS RENOVACION NACIONAL - INDEPENDIENTES,308. PAZ SANCHEZ FLORES,IND,5.0,False
1245282,MAFIL,MAFIL,LICEO GABRIELA MISTRAL,6V,XK.CHILE VAMOS RENOVACION NACIONAL - INDEPENDIENTES,309. EDUARDO SEGUEL FLORES,IND,1.0,False
1245283,MAFIL,MAFIL,LICEO GABRIELA MISTRAL,6V,XK.CHILE VAMOS RENOVACION NACIONAL - INDEPENDIENTES,310. GERARDO ANTONIO URREA VASQUEZ,IND,7.0,False
1245284,MAFIL,MAFIL,LICEO GABRIELA MISTRAL,6V,XU.UNIDOS POR LA DIGNIDAD,311. DAVID EXEQUIEL SALGADO MORALES,PDC,12.0,True
1245285,MAFIL,MAFIL,LICEO GABRIELA MISTRAL,6V,XU.UNIDOS POR LA DIGNIDAD,312. JOSE MAXIMO CAMPOS BEROIZA,PDC,6.0,False
1245286,MAFIL,MAFIL,LICEO GABRIELA MISTRAL,6V,XU.UNIDOS POR LA DIGNIDAD,313. GUILLERMINA DEL CARMEN PEDRAZA DIAZ,IND,2.0,False
1245287,MAFIL,MAFIL,LICEO GABRIELA MISTRAL,6V,XU.UNIDOS POR LA DIGNIDAD,314. EDGARDO ANDRES ESPINOZA GARAY,IND,5.0,True
1245288,MAFIL,MAFIL,LICEO GABRIELA MISTRAL,6V,XU.UNIDOS POR LA DIGNIDAD,315. IVAN CARLOS SANCHEZ VASQUEZ,IND,15.0,False
1245289,MAFIL,MAFIL,LICEO GABRIELA MISTRAL,6V,XZ.ECOLOGISTAS E INDEPENDIENTES,316. XIMENA LAURENCE ALARCON,PEV,4.0,False
1245290,MAFIL,MAFIL,LICEO GABRIELA MISTRAL,6V,YM.CHILE VAMOS - PRI E INDEPENDIENTES,317. NATALIA ELVIRA ESCOBAR PALACIOS,IND,7.0,False
1245291,MAFIL,MAFIL,LICEO GABRIELA MISTRAL,6V,YM.CHILE VAMOS - PRI E INDEPENDIENTES,318. GHISLAINE DE LOURDES ZURITA URREA,IND,10.0,True
1245292,MAFIL,MAFIL,LICEO GABRIELA MISTRAL,6V,YW.UNIDAD POR EL APRUEBO PS PPD E INDEPENDIENTES,319. GIOVANNI SALOMON FIGUEROA VEGA,PPD,5.0,False
1245293,MAFIL,MAFIL,LICEO GABRIELA MISTRAL,6V,YW.UNIDAD POR EL APRUEBO PS PPD E INDEPENDIENTES,320. ESTER CASTILLO GUTIERREZ,PPD,3.0,False
1245294,MAFIL,MAFIL,LICEO GABRIELA MISTRAL,6V,YW.UNIDAD POR EL APRUEBO PS PPD E INDEPENDIENTES,321. CARLOS ORTIZ SOTO,PPD,2.0,False
1245295,MAFIL,MAFIL,LICEO GABRIELA MISTRAL,6V,YW.UNIDAD POR EL APRUEBO PS PPD E INDEPENDIENTES,322. EDUARDO GERMAN ACUÑA ACUÑA,PS,13.0,True
1245296,MAFIL,MAFIL,LICEO GABRIELA MISTRAL,6V,YW.UNIDAD POR EL APRUEBO PS PPD E INDEPENDIENTES,323. ERICA DEL CARMEN LAURENCE AGUERO,IND,2.0,False
1245297,MAFIL,MAFIL,LICEO GABRIELA MISTRAL,6V,ZJ.CHILE VAMOS UDI - INDEPENDIENTES,324. GLORIA PATRICIA FLANDEZ DEL VALLE,UDI,1.0,False
1245298,MAFIL,MAFIL,LICEO GABRIELA MISTRAL,6V,ZJ.CHILE VAMOS UDI - INDEPENDIENTES,325. JUAN EDUARDO ESCOBAR CAMPOS,UDI,3.0,False
1245299,MAFIL,MAFIL,LICEO GABRIELA MISTRAL,6V,ZJ.CHILE VAMOS UDI - INDEPENDIENTES,326. XIMENA DEL PILAR SCHLEEF VARGAS,IND,0.0,False
1245300,MAFIL,MAFIL,LICEO GABRIELA MISTRAL,7V,M.CHILE DIGNO VERDE Y SOBERANO,300. BERNARDA SUSANA GUERRERO SALINAS,IND,2.0,False
1245301,MAFIL,MAFIL,LICEO GABRIELA MISTRAL,7V,M.CHILE DIGNO VERDE Y SOBERANO,301. JIMENA DEL CARMEN LLANQUILEF ALVIAL,IND,3.0,False
1245302,MAFIL,MAFIL,LICEO GABRIELA MISTRAL,7V,M.CHILE DIGNO VERDE Y SOBERANO,302. ANYELA LISBET MUÑOZ VALLEJOS,IND,0.0,False
1245303,MAFIL,MAFIL,LICEO GABRIELA MISTRAL,7V,M.CHILE DIGNO VERDE Y SOBERANO,303. JORGE ARMANDO ALVAREZ MELLADO,IND,0.0,False
1245304,MAFIL,MAFIL,LICEO GABRIELA MISTRAL,7V,M.CHILE DIGNO VERDE Y SOBERANO,304. LUIS SERAFIN PEÑA VERA,IND,11.0,False
1245305,MAFIL,MAFIL,LICEO GABRIELA MISTRAL,7V,XK.CHILE VAMOS RENOVACION NACIONAL - INDEPENDIENTES,305. CARLOS JAVIER TALADRIZ GARCIA,RN,12.0,True
1245306,MAFIL,MAFIL,LICEO GABRIELA MISTRAL,7V,XK.CHILE VAMOS RENOVACION NACIONAL - INDEPENDIENTES,306. SANDRA BASTIAS BILBAO,IND,10.0,True
1245307,MAFIL,MAFIL,LICEO GABRIELA MISTRAL,7V,XK.CHILE VAMOS RENOVACION NACIONAL - INDEPENDIENTES,307. LUIS EDUARDO GONZALEZ HUERAMAN,IND,10.0,False
1245308,MAFIL,MAFIL,LICEO GABRIELA MISTRAL,7V,XK.CHILE VAMOS RENOVACION NACIONAL - INDEPENDIENTES,308. PAZ SANCHEZ FLORES,IND,5.0,False
1245309,MAFIL,MAFIL,LICEO GABRIELA MISTRAL,7V,XK.CHILE VAMOS RENOVACION NACIONAL - INDEPENDIENTES,309. EDUARDO SEGUEL FLORES,IND,2.0,False
1245310,MAFIL,MAFIL,LICEO GABRIELA MISTRAL,7V,XK.CHILE VAMOS RENOVACION NACIONAL - INDEPENDIENTES,310. GERARDO ANTONIO URREA VASQUEZ,IND,8.0,False
1245311,MAFIL,MAFIL,LICEO GABRIELA MISTRAL,7V,XU.UNIDOS POR LA DIGNIDAD,311. DAVID EXEQUIEL SALGADO MORALES,PDC,22.0,True
1245312,MAFIL,MAFIL,LICEO GABRIELA MISTRAL,7V,XU.UNIDOS POR LA DIGNIDAD,312. JOSE MAXIMO CAMPOS BEROIZA,PDC,11.0,False
1245313,MAFIL,MAFIL,LICEO GABRIELA MISTRAL,7V,XU.UNIDOS POR LA DIGNIDAD,313. GUILLERMINA DEL CARMEN PEDRAZA DIAZ,IND,1.0,False
1245314,MAFIL,MAFIL,LICEO GABRIELA MISTRAL,7V,XU.UNIDOS POR LA DIGNIDAD,314. EDGARDO ANDRES ESPINOZA GARAY,IND,10.0,True
1245315,MAFIL,MAFIL,LICEO GABRIELA MISTRAL,7V,XU.UNIDOS POR LA DIGNIDAD,315. IVAN CARLOS SANCHEZ VASQUEZ,IND,7.0,False
1245316,MAFIL,MAFIL,LICEO GABRIELA MISTRAL,7V,XZ.ECOLOGISTAS E INDEPENDIENTES,316. XIMENA LAURENCE ALARCON,PEV,5.0,False
1245317,MAFIL,MAFIL,LICEO GABRIELA MISTRAL,7V,YM.CHILE VAMOS - PRI E INDEPENDIENTES,317. NATALIA ELVIRA ESCOBAR PALACIOS,IND,3.0,False
1245318,MAFIL,MAFIL,LICEO GABRIELA MISTRAL,7V,YM.CHILE VAMOS - PRI E INDEPENDIENTES,318. GHISLAINE DE LOURDES ZURITA URREA,IND,11.0,True
1245319,MAFIL,MAFIL,LICEO GABRIELA MISTRAL,7V,YW.UNIDAD POR EL APRUEBO PS PPD E INDEPENDIENTES,319. GIOVANNI SALOMON FIGUEROA VEGA,PPD,3.0,False
1245320,MAFIL,MAFIL,LICEO GABRIELA MISTRAL,7V,YW.UNIDAD POR EL APRUEBO PS PPD E INDEPENDIENTES,320. ESTER CASTILLO GUTIERREZ,PPD,3.0,False
1245321,MAFIL,MAFIL,LICEO GABRIELA MISTRAL,7V,YW.UNIDAD POR EL APRUEBO PS PPD E INDEPENDIENTES,321. CARLOS ORTIZ SOTO,PPD,2.0,False
1245322,MAFIL,MAFIL,LICEO GABRIELA MISTRAL,7V,YW.UNIDAD POR EL APRUEBO PS PPD E INDEPENDIENTES,322. EDUARDO GERMAN ACUÑA ACUÑA,PS,10.0,True
1245323,MAFIL,MAFIL,LICEO GABRIELA MISTRAL,7V,YW.UNIDAD POR EL APRUEBO PS PPD E INDEPENDIENTES,323. ERICA DEL CARMEN LAURENCE AGUERO,IND,0.0,False
1245324,MAFIL,MAFIL,LICEO GABRIELA MISTRAL,7V,ZJ.CHILE VAMOS UDI - INDEPENDIENTES,324. GLORIA PATRICIA FLANDEZ DEL VALLE,UDI,3.0,False
1245325,MAFIL,MAFIL,LICEO GABRIELA MISTRAL,7V,ZJ.CHILE VAMOS UDI - INDEPENDIENTES,325. JUAN EDUARDO ESCOBAR CAMPOS,UDI,4.0,False
1245326,MAFIL,MAFIL,LICEO GABRIELA MISTRAL,7V,ZJ.CHILE VAMOS UDI - INDEPENDIENTES,326. XIMENA DEL PILAR SCHLEEF VARGAS,IND,1.0,False
1245327,MAFIL,MAFIL,LICEO GABRIELA MISTRAL,8V,M.CHILE DIGNO VERDE Y SOBERANO,300. BERNARDA SUSANA GUERRERO SALINAS,IND,2.0,False
1245328,MAFIL,MAFIL,LICEO GABRIELA MISTRAL,8V,M.CHILE DIGNO VERDE Y SOBERANO,301. JIMENA DEL CARMEN LLANQUILEF ALVIAL,IND,3.0,False
1245329,MAFIL,MAFIL,LICEO GABRIELA MISTRAL,8V,M.CHILE DIGNO VERDE Y SOBERANO,302. ANYELA LISBET MUÑOZ VALLEJOS,IND,2.0,False
1245330,MAFIL,MAFIL,LICEO GABRIELA MISTRAL,8V,M.CHILE DIGNO VERDE Y SOBERANO,303. JORGE ARMANDO ALVAREZ MELLADO,IND,1.0,False
1245331,MAFIL,MAFIL,LICEO GABRIELA MISTRAL,8V,M.CHILE DIGNO VERDE Y SOBERANO,304. LUIS SERAFIN PEÑA VERA,IND,4.0,False
1245332,MAFIL,MAFIL,LICEO GABRIELA MISTRAL,8V,XK.CHILE VAMOS RENOVACION NACIONAL - INDEPENDIENTES,305. CARLOS JAVIER TALADRIZ GARCIA,RN,5.0,True
1245333,MAFIL,MAFIL,LICEO GABRIELA MISTRAL,8V,XK.CHILE VAMOS RENOVACION NACIONAL - INDEPENDIENTES,306. SANDRA BASTIAS BILBAO,IND,9.0,True
1245334,MAFIL,MAFIL,LICEO GABRIELA MISTRAL,8V,XK.CHILE VAMOS RENOVACION NACIONAL - INDEPENDIENTES,307. LUIS EDUARDO GONZALEZ HUERAMAN,IND,2.0,False
1245335,MAFIL,MAFIL,LICEO GABRIELA MISTRAL,8V,XK.CHILE VAMOS RENOVACION NACIONAL - INDEPENDIENTES,308. PAZ SANCHEZ FLORES,IND,5.0,False
1245336,MAFIL,MAFIL,LICEO GABRIELA MISTRAL,8V,XK.CHILE VAMOS RENOVACION NACIONAL - INDEPENDIENTES,309. EDUARDO SEGUEL FLORES,IND,1.0,False
1245337,MAFIL,MAFIL,LICEO GABRIELA MISTRAL,8V,XK.CHILE VAMOS RENOVACION NACIONAL - INDEPENDIENTES,310. GERARDO ANTONIO URREA VASQUEZ,IND,4.0,False
1245338,MAFIL,MAFIL,LICEO GABRIELA MISTRAL,8V,XU.UNIDOS POR LA DIGNIDAD,311. DAVID EXEQUIEL SALGADO MORALES,PDC,13.0,True
1245339,MAFIL,MAFIL,LICEO GABRIELA MISTRAL,8V,XU.UNIDOS POR LA DIGNIDAD,312. JOSE MAXIMO CAMPOS BEROIZA,PDC,5.0,False
1245340,MAFIL,MAFIL,LICEO GABRIELA MISTRAL,8V,XU.UNIDOS POR LA DIGNIDAD,313. GUILLERMINA DEL CARMEN PEDRAZA DIAZ,IND,0.0,False
1245341,MAFIL,MAFIL,LICEO GABRIELA MISTRAL,8V,XU.UNIDOS POR LA DIGNIDAD,314. EDGARDO ANDRES ESPINOZA GARAY,IND,9.0,True
1245342,MAFIL,MAFIL,LICEO GABRIELA MISTRAL,8V,XU.UNIDOS POR LA DIGNIDAD,315. IVAN CARLOS SANCHEZ VASQUEZ,IND,11.0,False
1245343,MAFIL,MAFIL,LICEO GABRIELA MISTRAL,8V,XZ.ECOLOGISTAS E INDEPENDIENTES,316. XIMENA LAURENCE ALARCON,PEV,4.0,False
1245344,MAFIL,MAFIL,LICEO GABRIELA MISTRAL,8V,YM.CHILE VAMOS - PRI E INDEPENDIENTES,317. NATALIA ELVIRA ESCOBAR PALACIOS,IND,3.0,False
1245345,MAFIL,MAFIL,LICEO GABRIELA MISTRAL,8V,YM.CHILE VAMOS - PRI E INDEPENDIENTES,318. GHISLAINE DE LOURDES ZURITA URREA,IND,5.0,True
1245346,MAFIL,MAFIL,LICEO GABRIELA MISTRAL,8V,YW.UNIDAD POR EL APRUEBO PS PPD E INDEPENDIENTES,319. GIOVANNI SALOMON FIGUEROA VEGA,PPD,3.0,False
1245347,MAFIL,MAFIL,LICEO GABRIELA MISTRAL,8V,YW.UNIDAD POR EL APRUEBO PS PPD E INDEPENDIENTES,320. ESTER CASTILLO GUTIERREZ,PPD,2.0,False
1245348,MAFIL,MAFIL,LICEO GABRIELA MISTRAL,8V,YW.UNIDAD POR EL APRUEBO PS PPD E INDEPENDIENTES,321. CARLOS ORTIZ SOTO,PPD,3.0,False
1245349,MAFIL,MAFIL,LICEO GABRIELA MISTRAL,8V,YW.UNIDAD POR EL APRUEBO PS PPD E INDEPENDIENTES,322. EDUARDO GERMAN ACUÑA ACUÑA,PS,5.0,True
1245350,MAFIL,MAFIL,LICEO GABRIELA MISTRAL,8V,YW.UNIDAD POR EL APRUEBO PS PPD E INDEPENDIENTES,323. ERICA DEL CARMEN LAURENCE AGUERO,IND,1.0,False
1245351,MAFIL,MAFIL,LICEO GABRIELA MISTRAL,8V,ZJ.CHILE VAMOS UDI - INDEPENDIENTES,324. GLORIA PATRICIA FLANDEZ DEL VALLE,UDI,5.0,False
1245352,MAFIL,MAFIL,LICEO GABRIELA MISTRAL,8V,ZJ.CHILE VAMOS UDI - INDEPENDIENTES,325. JUAN EDUARDO ESCOBAR CAMPOS,UDI,4.0,False
1245353,MAFIL,MAFIL,LICEO GABRIELA MISTRAL,8V,ZJ.CHILE VAMOS UDI - INDEPENDIENTES,326. XIMENA DEL PILAR SCHLEEF VARGAS,IND,0.0,False
1245354,MAFIL,MAFIL,LICEO GABRIELA MISTRAL,9V,M.CHILE DIGNO VERDE Y SOBERANO,300. BERNARDA SUSANA GUERRERO SALINAS,IND,2.0,False
1245355,MAFIL,MAFIL,LICEO GABRIELA MISTRAL,9V,M.CHILE DIGNO VERDE Y SOBERANO,301. JIMENA DEL CARMEN LLANQUILEF ALVIAL,IND,0.0,False
1245356,MAFIL,MAFIL,LICEO GABRIELA MISTRAL,9V,M.CHILE DIGNO VERDE Y SOBERANO,302. ANYELA LISBET MUÑOZ VALLEJOS,IND,3.0,False
1245357,MAFIL,MAFIL,LICEO GABRIELA MISTRAL,9V,M.CHILE DIGNO VERDE Y SOBERANO,303. JORGE ARMANDO ALVAREZ MELLADO,IND,0.0,False
1245358,MAFIL,MAFIL,LICEO GABRIELA MISTRAL,9V,M.CHILE DIGNO VERDE Y SOBERANO,304. LUIS SERAFIN PEÑA VERA,IND,12.0,False
1245359,MAFIL,MAFIL,LICEO GABRIELA MISTRAL,9V,XK.CHILE VAMOS RENOVACION NACIONAL - INDEPENDIENTES,305. CARLOS JAVIER TALADRIZ GARCIA,RN,14.0,True
1245360,MAFIL,MAFIL,LICEO GABRIELA MISTRAL,9V,XK.CHILE VAMOS RENOVACION NACIONAL - INDEPENDIENTES,306. SANDRA BASTIAS BILBAO,IND,11.0,True
1245361,MAFIL,MAFIL,LICEO GABRIELA MISTRAL,9V,XK.CHILE VAMOS RENOVACION NACIONAL - INDEPENDIENTES,307. LUIS EDUARDO GONZALEZ HUERAMAN,IND,4.0,False
1245362,MAFIL,MAFIL,LICEO GABRIELA MISTRAL,9V,XK.CHILE VAMOS RENOVACION NACIONAL - INDEPENDIENTES,308. PAZ SANCHEZ FLORES,IND,5.0,False
1245363,MAFIL,MAFIL,LICEO GABRIELA MISTRAL,9V,XK.CHILE VAMOS RENOVACION NACIONAL - INDEPENDIENTES,309. EDUARDO SEGUEL FLORES,IND,0.0,False
1245364,MAFIL,MAFIL,LICEO GABRIELA MISTRAL,9V,XK.CHILE VAMOS RENOVACION NACIONAL - INDEPENDIENTES,310. GERARDO ANTONIO URREA VASQUEZ,IND,3.0,False
1245365,MAFIL,MAFIL,LICEO GABRIELA MISTRAL,9V,XU.UNIDOS POR LA DIGNIDAD,311. DAVID EXEQUIEL SALGADO MORALES,PDC,15.0,True
1245366,MAFIL,MAFIL,LICEO GABRIELA MISTRAL,9V,XU.UNIDOS POR LA DIGNIDAD,312. JOSE MAXIMO CAMPOS BEROIZA,PDC,3.0,False
1245367,MAFIL,MAFIL,LICEO GABRIELA MISTRAL,9V,XU.UNIDOS POR LA DIGNIDAD,313. GUILLERMINA DEL CARMEN PEDRAZA DIAZ,IND,2.0,False
1245368,MAFIL,MAFIL,LICEO GABRIELA MISTRAL,9V,XU.UNIDOS POR LA DIGNIDAD,314. EDGARDO ANDRES ESPINOZA GARAY,IND,9.0,True
1245369,MAFIL,MAFIL,LICEO GABRIELA MISTRAL,9V,XU.UNIDOS POR LA DIGNIDAD,315. IVAN CARLOS SANCHEZ VASQUEZ,IND,7.0,False
1245370,MAFIL,MAFIL,LICEO GABRIELA MISTRAL,9V,XZ.ECOLOGISTAS E INDEPENDIENTES,316. XIMENA LAURENCE ALARCON,PEV,3.0,False
1245371,MAFIL,MAFIL,LICEO GABRIELA MISTRAL,9V,YM.CHILE VAMOS - PRI E INDEPENDIENTES,317. NATALIA ELVIRA ESCOBAR PALACIOS,IND,5.0,False
1245372,MAFIL,MAFIL,LICEO GABRIELA MISTRAL,9V,YM.CHILE VAMOS - PRI E INDEPENDIENTES,318. GHISLAINE DE LOURDES ZURITA URREA,IND,11.0,True
1245373,MAFIL,MAFIL,LICEO GABRIELA MISTRAL,9V,YW.UNIDAD POR EL APRUEBO PS PPD E INDEPENDIENTES,319. GIOVANNI SALOMON FIGUEROA VEGA,PPD,4.0,False
1245374,MAFIL,MAFIL,LICEO GABRIELA MISTRAL,9V,YW.UNIDAD POR EL APRUEBO PS PPD E INDEPENDIENTES,320. ESTER CASTILLO GUTIERREZ,PPD,7.0,False
1245375,MAFIL,MAFIL,LICEO GABRIELA MISTRAL,9V,YW.UNIDAD POR EL APRUEBO PS PPD E INDEPENDIENTES,321. CARLOS ORTIZ SOTO,PPD,6.0,False
1245376,MAFIL,MAFIL,LICEO GABRIELA MISTRAL,9V,YW.UNIDAD POR EL APRUEBO PS PPD E INDEPENDIENTES,322. EDUARDO GERMAN ACUÑA ACUÑA,PS,6.0,True
1245377,MAFIL,MAFIL,LICEO GABRIELA MISTRAL,9V,YW.UNIDAD POR EL APRUEBO PS PPD E INDEPENDIENTES,323. ERICA DEL CARMEN LAURENCE AGUERO,IND,3.0,False
1245378,MAFIL,MAFIL,LICEO GABRIELA MISTRAL,9V,ZJ.CHILE VAMOS UDI - INDEPENDIENTES,324. GLORIA PATRICIA FLANDEZ DEL VALLE,UDI,1.0,False
1245379,MAFIL,MAFIL,LICEO GABRIELA MISTRAL,9V,ZJ.CHILE VAMOS UDI - INDEPENDIENTES,325. JUAN EDUARDO ESCOBAR CAMPOS,UDI,6.0,False
1245380,MAFIL,MAFIL,LICEO GABRIELA MISTRAL,9V,ZJ.CHILE VAMOS UDI - INDEPENDIENTES,326. XIMENA DEL PILAR SCHLEEF VARGAS,IND,1.0,False
1245381,MAFIL,MAFIL,LICEO GABRIELA MISTRAL,10V,M.CHILE DIGNO VERDE Y SOBERANO,300. BERNARDA SUSANA GUERRERO SALINAS,IND,0.0,False
1245382,MAFIL,MAFIL,LICEO GABRIELA MISTRAL,10V,M.CHILE DIGNO VERDE Y SOBERANO,301. JIMENA DEL CARMEN LLANQUILEF ALVIAL,IND,2.0,False
1245383,MAFIL,MAFIL,LICEO GABRIELA MISTRAL,10V,M.CHILE DIGNO VERDE Y SOBERANO,302. ANYELA LISBET MUÑOZ VALLEJOS,IND,0.0,False
1245384,MAFIL,MAFIL,LICEO GABRIELA MISTRAL,10V,M.CHILE DIGNO VERDE Y SOBERANO,303. JORGE ARMANDO ALVAREZ MELLADO,IND,0.0,False
1245385,MAFIL,MAFIL,LICEO GABRIELA MISTRAL,10V,M.CHILE DIGNO VERDE Y SOBERANO,304. LUIS SERAFIN PEÑA VERA,IND,10.0,False
1245386,MAFIL,MAFIL,LICEO GABRIELA MISTRAL,10V,XK.CHILE VAMOS RENOVACION NACIONAL - INDEPENDIENTES,305. CARLOS JAVIER TALADRIZ GARCIA,RN,11.0,True
1245387,MAFIL,MAFIL,LICEO GABRIELA MISTRAL,10V,XK.CHILE VAMOS RENOVACION NACIONAL - INDEPENDIENTES,306. SANDRA BASTIAS BILBAO,IND,5.0,True
1245388,MAFIL,MAFIL,LICEO GABRIELA MISTRAL,10V,XK.CHILE VAMOS RENOVACION NACIONAL - INDEPENDIENTES,307. LUIS EDUARDO GONZALEZ HUERAMAN,IND,8.0,False
1245389,MAFIL,MAFIL,LICEO GABRIELA MISTRAL,10V,XK.CHILE VAMOS RENOVACION NACIONAL - INDEPENDIENTES,308. PAZ SANCHEZ FLORES,IND,3.0,False
1245390,MAFIL,MAFIL,LICEO GABRIELA MISTRAL,10V,XK.CHILE VAMOS RENOVACION NACIONAL - INDEPENDIENTES,309. EDUARDO SEGUEL FLORES,IND,1.0,False
1245391,MAFIL,MAFIL,LICEO GABRIELA MISTRAL,10V,XK.CHILE VAMOS RENOVACION NACIONAL - INDEPENDIENTES,310. GERARDO ANTONIO URREA VASQUEZ,IND,3.0,False
1245392,MAFIL,MAFIL,LICEO GABRIELA MISTRAL,10V,XU.UNIDOS POR LA DIGNIDAD,311. DAVID EXEQUIEL SALGADO MORALES,PDC,17.0,True
1245393,MAFIL,MAFIL,LICEO GABRIELA MISTRAL,10V,XU.UNIDOS POR LA DIGNIDAD,312. JOSE MAXIMO CAMPOS BEROIZA,PDC,9.0,False
1245394,MAFIL,MAFIL,LICEO GABRIELA MISTRAL,10V,XU.UNIDOS POR LA DIGNIDAD,313. GUILLERMINA DEL CARMEN PEDRAZA DIAZ,IND,0.0,False
1245395,MAFIL,MAFIL,LICEO GABRIELA MISTRAL,10V,XU.UNIDOS POR LA DIGNIDAD,314. EDGARDO ANDRES ESPINOZA GARAY,IND,11.0,True
1245396,MAFIL,MAFIL,LICEO GABRIELA MISTRAL,10V,XU.UNIDOS POR LA DIGNIDAD,315. IVAN CARLOS SANCHEZ VASQUEZ,IND,4.0,False
1245397,MAFIL,MAFIL,LICEO GABRIELA MISTRAL,10V,XZ.ECOLOGISTAS E INDEPENDIENTES,316. XIMENA LAURENCE ALARCON,PEV,6.0,False
1245398,MAFIL,MAFIL,LICEO GABRIELA MISTRAL,10V,YM.CHILE VAMOS - PRI E INDEPENDIENTES,317. NATALIA ELVIRA ESCOBAR PALACIOS,IND,6.0,False
1245399,MAFIL,MAFIL,LICEO GABRIELA MISTRAL,10V,YM.CHILE VAMOS - PRI E INDEPENDIENTES,318. GHISLAINE DE LOURDES ZURITA URREA,IND,5.0,True
1245400,MAFIL,MAFIL,LICEO GABRIELA MISTRAL,10V,YW.UNIDAD POR EL APRUEBO PS PPD E INDEPENDIENTES,319. GIOVANNI SALOMON FIGUEROA VEGA,PPD,2.0,False
1245401,MAFIL,MAFIL,LICEO GABRIELA MISTRAL,10V,YW.UNIDAD POR EL APRUEBO PS PPD E INDEPENDIENTES,320. ESTER CASTILLO GUTIERREZ,PPD,2.0,False
1245402,MAFIL,MAFIL,LICEO GABRIELA MISTRAL,10V,YW.UNIDAD POR EL APRUEBO PS PPD E INDEPENDIENTES,321. CARLOS ORTIZ SOTO,PPD,6.0,False
1245403,MAFIL,MAFIL,LICEO GABRIELA MISTRAL,10V,YW.UNIDAD POR EL APRUEBO PS PPD E INDEPENDIENTES,322. EDUARDO GERMAN ACUÑA ACUÑA,PS,10.0,True
1245404,MAFIL,MAFIL,LICEO GABRIELA MISTRAL,10V,YW.UNIDAD POR EL APRUEBO PS PPD E INDEPENDIENTES,323. ERICA DEL CARMEN LAURENCE AGUERO,IND,3.0,False
1245405,MAFIL,MAFIL,LICEO GABRIELA MISTRAL,10V,ZJ.CHILE VAMOS UDI - INDEPENDIENTES,324. GLORIA PATRICIA FLANDEZ DEL VALLE,UDI,3.0,False
1245406,MAFIL,MAFIL,LICEO GABRIELA MISTRAL,10V,ZJ.CHILE VAMOS UDI - INDEPENDIENTES,325. JUAN EDUARDO ESCOBAR CAMPOS,UDI,9.0,False
1245407,MAFIL,MAFIL,LICEO GABRIELA MISTRAL,10V,ZJ.CHILE VAMOS UDI - INDEPENDIENTES,326. XIMENA DEL PILAR SCHLEEF VARGAS,IND,0.0,False
1245408,MAFIL,MAFIL,LICEO GABRIELA MISTRAL,11V,M.CHILE DIGNO VERDE Y SOBERANO,300. BERNARDA SUSANA GUERRERO SALINAS,IND,,False
1245409,MAFIL,MAFIL,LICEO GABRIELA MISTRAL,11V,M.CHILE DIGNO VERDE Y SOBERANO,301. JIMENA DEL CARMEN LLANQUILEF ALVIAL,IND,,False
1245410,MAFIL,MAFIL,LICEO GABRIELA MISTRAL,11V,M.CHILE DIGNO VERDE Y SOBERANO,302. ANYELA LISBET MUÑOZ VALLEJOS,IND,,False
1245411,MAFIL,MAFIL,LICEO GABRIELA MISTRAL,11V,M.CHILE DIGNO VERDE Y SOBERANO,303. JORGE ARMANDO ALVAREZ MELLADO,IND,,False
1245412,MAFIL,MAFIL,LICEO GABRIELA MISTRAL,11V,M.CHILE DIGNO VERDE Y SOBERANO,304. LUIS SERAFIN PEÑA VERA,IND,,False
1245413,MAFIL,MAFIL,LICEO GABRIELA MISTRAL,11V,XK.CHILE VAMOS RENOVACION NACIONAL - INDEPENDIENTES,305. CARLOS JAVIER TALADRIZ GARCIA,RN,,True
1245414,MAFIL,MAFIL,LICEO GABRIELA MISTRAL,11V,XK.CHILE VAMOS RENOVACION NACIONAL - INDEPENDIENTES,306. SANDRA BASTIAS BILBAO,IND,,True
1245415,MAFIL,MAFIL,LICEO GABRIELA MISTRAL,11V,XK.CHILE VAMOS RENOVACION NACIONAL - INDEPENDIENTES,307. LUIS EDUARDO GONZALEZ HUERAMAN,IND,,False
1245416,MAFIL,MAFIL,LICEO GABRIELA MISTRAL,11V,XK.CHILE VAMOS RENOVACION NACIONAL - INDEPENDIENTES,308. PAZ SANCHEZ FLORES,IND,,False
1245417,MAFIL,MAFIL,LICEO GABRIELA MISTRAL,11V,XK.CHILE VAMOS RENOVACION NACIONAL - INDEPENDIENTES,309. EDUARDO SEGUEL FLORES,IND,,False
1245418,MAFIL,MAFIL,LICEO GABRIELA MISTRAL,11V,XK.CHILE VAMOS RENOVACION NACIONAL - INDEPENDIENTES,310. GERARDO ANTONIO URREA VASQUEZ,IND,,False
1245419,MAFIL,MAFIL,LICEO GABRIELA MISTRAL,11V,XU.UNIDOS POR LA DIGNIDAD,311. DAVID EXEQUIEL SALGADO MORALES,PDC,,True
1245420,MAFIL,MAFIL,LICEO GABRIELA MISTRAL,11V,XU.UNIDOS POR LA DIGNIDAD,312. JOSE MAXIMO CAMPOS BEROIZA,PDC,,False
1245421,MAFIL,MAFIL,LICEO GABRIELA MISTRAL,11V,XU.UNIDOS POR LA DIGNIDAD,313. GUILLERMINA DEL CARMEN PEDRAZA DIAZ,IND,,False
1245422,MAFIL,MAFIL,LICEO GABRIELA MISTRAL,11V,XU.UNIDOS POR LA DIGNIDAD,314. EDGARDO ANDRES ESPINOZA GARAY,IND,,True
1245423,MAFIL,MAFIL,LICEO GABRIELA MISTRAL,11V,XU.UNIDOS POR LA DIGNIDAD,315. IVAN CARLOS SANCHEZ VASQUEZ,IND,,False
1245424,MAFIL,MAFIL,LICEO GABRIELA MISTRAL,11V,XZ.ECOLOGISTAS E INDEPENDIENTES,316. XIMENA LAURENCE ALARCON,PEV,,False
1245425,MAFIL,MAFIL,LICEO GABRIELA MISTRAL,11V,YM.CHILE VAMOS - PRI E INDEPENDIENTES,317. NATALIA ELVIRA ESCOBAR PALACIOS,IND,,False
1245426,MAFIL,MAFIL,LICEO GABRIELA MISTRAL,11V,YM.CHILE VAMOS - PRI E INDEPENDIENTES,318. GHISLAINE DE LOURDES ZURITA URREA,IND,,True
1245427,MAFIL,MAFIL,LICEO GABRIELA MISTRAL,11V,YW.UNIDAD POR EL APRUEBO PS PPD E INDEPENDIENTES,319. GIOVANNI SALOMON FIGUEROA VEGA,PPD,,False
1245428,MAFIL,MAFIL,LICEO GABRIELA MISTRAL,11V,YW.UNIDAD POR EL APRUEBO PS PPD E INDEPENDIENTES,320. ESTER CASTILLO GUTIERREZ,PPD,,False
1245429,MAFIL,MAFIL,LICEO GABRIELA MISTRAL,11V,YW.UNIDAD POR EL APRUEBO PS PPD E INDEPENDIENTES,321. CARLOS ORTIZ SOTO,PPD,,False
1245430,MAFIL,MAFIL,LICEO GABRIELA MISTRAL,11V,YW.UNIDAD POR EL APRUEBO PS PPD E INDEPENDIENTES,322. EDUARDO GERMAN ACUÑA ACUÑA,PS,,True
1245431,MAFIL,MAFIL,LICEO GABRIELA MISTRAL,11V,YW.UNIDAD POR EL APRUEBO PS PPD E INDEPENDIENTES,323. ERICA DEL CARMEN LAURENCE AGUERO,IND,,False
1245432,MAFIL,MAFIL,LICEO GABRIELA MISTRAL,11V,ZJ.CHILE VAMOS UDI - INDEPENDIENTES,324. GLORIA PATRICIA FLANDEZ DEL VALLE,UDI,,False
1245433,MAFIL,MAFIL,LICEO GABRIELA MISTRAL,11V,ZJ.CHILE VAMOS UDI - INDEPENDIENTES,325. JUAN EDUARDO ESCOBAR CAMPOS,UDI,,False
1245434,MAFIL,MAFIL,LICEO GABRIELA MISTRAL,11V,ZJ.CHILE VAMOS UDI - INDEPENDIENTES,326. XIMENA DEL PILAR SCHLEEF VARGAS,IND,,False
1245435,MAFIL,MAFIL,LICEO GABRIELA MISTRAL,12V,M.CHILE DIGNO VERDE Y SOBERANO,300. BERNARDA SUSANA GUERRERO SALINAS,IND,0.0,False
1245436,MAFIL,MAFIL,LICEO GABRIELA MISTRAL,12V,M.CHILE DIGNO VERDE Y SOBERANO,301. JIMENA DEL CARMEN LLANQUILEF ALVIAL,IND,1.0,False
1245437,MAFIL,MAFIL,LICEO GABRIELA MISTRAL,12V,M.CHILE DIGNO VERDE Y SOBERANO,302. ANYELA LISBET MUÑOZ VALLEJOS,IND,1.0,False
1245438,MAFIL,MAFIL,LICEO GABRIELA MISTRAL,12V,M.CHILE DIGNO VERDE Y SOBERANO,303. JORGE ARMANDO ALVAREZ MELLADO,IND,0.0,False
1245439,MAFIL,MAFIL,LICEO GABRIELA MISTRAL,12V,M.CHILE DIGNO VERDE Y SOBERANO,304. LUIS SERAFIN PEÑA VERA,IND,6.0,False
1245440,MAFIL,MAFIL,LICEO GABRIELA MISTRAL,12V,XK.CHILE VAMOS RENOVACION NACIONAL - INDEPENDIENTES,305. CARLOS JAVIER TALADRIZ GARCIA,RN,12.0,True
1245441,MAFIL,MAFIL,LICEO GABRIELA MISTRAL,12V,XK.CHILE VAMOS RENOVACION NACIONAL - INDEPENDIENTES,306. SANDRA BASTIAS BILBAO,IND,4.0,True
1245442,MAFIL,MAFIL,LICEO GABRIELA MISTRAL,12V,XK.CHILE VAMOS RENOVACION NACIONAL - INDEPENDIENTES,307. LUIS EDUARDO GONZALEZ HUERAMAN,IND,5.0,False
1245443,MAFIL,MAFIL,LICEO GABRIELA MISTRAL,12V,XK.CHILE VAMOS RENOVACION NACIONAL - INDEPENDIENTES,308. PAZ SANCHEZ FLORES,IND,6.0,False
1245444,MAFIL,MAFIL,LICEO GABRIELA MISTRAL,12V,XK.CHILE VAMOS RENOVACION NACIONAL - INDEPENDIENTES,309. EDUARDO SEGUEL FLORES,IND,1.0,False
1245445,MAFIL,MAFIL,LICEO GABRIELA MISTRAL,12V,XK.CHILE VAMOS RENOVACION NACIONAL - INDEPENDIENTES,310. GERARDO ANTONIO URREA VASQUEZ,IND,4.0,False
1245446,MAFIL,MAFIL,LICEO GABRIELA MISTRAL,12V,XU.UNIDOS POR LA DIGNIDAD,311. DAVID EXEQUIEL SALGADO MORALES,PDC,6.0,True
1245447,MAFIL,MAFIL,LICEO GABRIELA MISTRAL,12V,XU.UNIDOS POR LA DIGNIDAD,312. JOSE MAXIMO CAMPOS BEROIZA,PDC,4.0,False
1245448,MAFIL,MAFIL,LICEO GABRIELA MISTRAL,12V,XU.UNIDOS POR LA DIGNIDAD,313. GUILLERMINA DEL CARMEN PEDRAZA DIAZ,IND,1.0,False
1245449,MAFIL,MAFIL,LICEO GABRIELA MISTRAL,12V,XU.UNIDOS POR LA DIGNIDAD,314. EDGARDO ANDRES ESPINOZA GARAY,IND,3.0,True
1245450,MAFIL,MAFIL,LICEO GABRIELA MISTRAL,12V,XU.UNIDOS POR LA DIGNIDAD,315. IVAN CARLOS SANCHEZ VASQUEZ,IND,4.0,False
1245451,MAFIL,MAFIL,LICEO GABRIELA MISTRAL,12V,XZ.ECOLOGISTAS E INDEPENDIENTES,316. XIMENA LAURENCE ALARCON,PEV,4.0,False
1245452,MAFIL,MAFIL,LICEO GABRIELA MISTRAL,12V,YM.CHILE VAMOS - PRI E INDEPENDIENTES,317. NATALIA ELVIRA ESCOBAR PALACIOS,IND,3.0,False
1245453,MAFIL,MAFIL,LICEO GABRIELA MISTRAL,12V,YM.CHILE VAMOS - PRI E INDEPENDIENTES,318. GHISLAINE DE LOURDES ZURITA URREA,IND,8.0,True
1245454,MAFIL,MAFIL,LICEO GABRIELA MISTRAL,12V,YW.UNIDAD POR EL APRUEBO PS PPD E INDEPENDIENTES,319. GIOVANNI SALOMON FIGUEROA VEGA,PPD,2.0,False
1245455,MAFIL,MAFIL,LICEO GABRIELA MISTRAL,12V,YW.UNIDAD POR EL APRUEBO PS PPD E INDEPENDIENTES,320. ESTER CASTILLO GUTIERREZ,PPD,4.0,False
1245456,MAFIL,MAFIL,LICEO GABRIELA MISTRAL,12V,YW.UNIDAD POR EL APRUEBO PS PPD E INDEPENDIENTES,321. CARLOS ORTIZ SOTO,PPD,1.0,False
1245457,MAFIL,MAFIL,LICEO GABRIELA MISTRAL,12V,YW.UNIDAD POR EL APRUEBO PS PPD E INDEPENDIENTES,322. EDUARDO GERMAN ACUÑA ACUÑA,PS,11.0,True
1245458,MAFIL,MAFIL,LICEO GABRIELA MISTRAL,12V,YW.UNIDAD POR EL APRUEBO PS PPD E INDEPENDIENTES,323. ERICA DEL CARMEN LAURENCE AGUERO,IND,0.0,False
1245459,MAFIL,MAFIL,LICEO GABRIELA MISTRAL,12V,ZJ.CHILE VAMOS UDI - INDEPENDIENTES,324. GLORIA PATRICIA FLANDEZ DEL VALLE,UDI,1.0,False
1245460,MAFIL,MAFIL,LICEO GABRIELA MISTRAL,12V,ZJ.CHILE VAMOS UDI - INDEPENDIENTES,325. JUAN EDUARDO ESCOBAR CAMPOS,UDI,4.0,False
1245461,MAFIL,MAFIL,LICEO GABRIELA MISTRAL,12V,ZJ.CHILE VAMOS UDI - INDEPENDIENTES,326. XIMENA DEL PILAR SCHLEEF VARGAS,IND,1.0,False
1245462,MAFIL,MAFIL,LICEO SANTO CURA DE ARS,1M,M.CHILE DIGNO VERDE Y SOBERANO,300. BERNARDA SUSANA GUERRERO SALINAS,IND,,False
1245463,MAFIL,MAFIL,LICEO SANTO CURA DE ARS,1M,M.CHILE DIGNO VERDE Y SOBERANO,301. JIMENA DEL CARMEN LLANQUILEF ALVIAL,IND,,False
1245464,MAFIL,MAFIL,LICEO SANTO CURA DE ARS,1M,M.CHILE DIGNO VERDE Y SOBERANO,302. ANYELA LISBET MUÑOZ VALLEJOS,IND,,False
1245465,MAFIL,MAFIL,LICEO SANTO CURA DE ARS,1M,M.CHILE DIGNO VERDE Y SOBERANO,303. JORGE ARMANDO ALVAREZ MELLADO,IND,,False
1245466,MAFIL,MAFIL,LICEO SANTO CURA DE ARS,1M,M.CHILE DIGNO VERDE Y SOBERANO,304. LUIS SERAFIN PEÑA VERA,IND,3.0,False
1245467,MAFIL,MAFIL,LICEO SANTO CURA DE ARS,1M,XK.CHILE VAMOS RENOVACION NACIONAL - INDEPENDIENTES,305. CARLOS JAVIER TALADRIZ GARCIA,RN,5.0,True
1245468,MAFIL,MAFIL,LICEO SANTO CURA DE ARS,1M,XK.CHILE VAMOS RENOVACION NACIONAL - INDEPENDIENTES,306. SANDRA BASTIAS BILBAO,IND,10.0,True
1245469,MAFIL,MAFIL,LICEO SANTO CURA DE ARS,1M,XK.CHILE VAMOS RENOVACION NACIONAL - INDEPENDIENTES,307. LUIS EDUARDO GONZALEZ HUERAMAN,IND,6.0,False
1245470,MAFIL,MAFIL,LICEO SANTO CURA DE ARS,1M,XK.CHILE VAMOS RENOVACION NACIONAL - INDEPENDIENTES,308. PAZ SANCHEZ FLORES,IND,3.0,False
1245471,MAFIL,MAFIL,LICEO SANTO CURA DE ARS,1M,XK.CHILE VAMOS RENOVACION NACIONAL - INDEPENDIENTES,309. EDUARDO SEGUEL FLORES,IND,3.0,False
1245472,MAFIL,MAFIL,LICEO SANTO CURA DE ARS,1M,XK.CHILE VAMOS RENOVACION NACIONAL - INDEPENDIENTES,310. GERARDO ANTONIO URREA VASQUEZ,IND,1.0,False
1245473,MAFIL,MAFIL,LICEO SANTO CURA DE ARS,1M,XU.UNIDOS POR LA DIGNIDAD,311. DAVID EXEQUIEL SALGADO MORALES,PDC,6.0,True
1245474,MAFIL,MAFIL,LICEO SANTO CURA DE ARS,1M,XU.UNIDOS POR LA DIGNIDAD,312. JOSE MAXIMO CAMPOS BEROIZA,PDC,4.0,False
1245475,MAFIL,MAFIL,LICEO SANTO CURA DE ARS,1M,XU.UNIDOS POR LA DIGNIDAD,313. GUILLERMINA DEL CARMEN PEDRAZA DIAZ,IND,4.0,False
1245476,MAFIL,MAFIL,LICEO SANTO CURA DE ARS,1M,XU.UNIDOS POR LA DIGNIDAD,314. EDGARDO ANDRES ESPINOZA GARAY,IND,3.0,True
1245477,MAFIL,MAFIL,LICEO SANTO CURA DE ARS,1M,XU.UNIDOS POR LA DIGNIDAD,315. IVAN CARLOS SANCHEZ VASQUEZ,IND,5.0,False
1245478,MAFIL,MAFIL,LICEO SANTO CURA DE ARS,1M,XZ.ECOLOGISTAS E INDEPENDIENTES,316. XIMENA LAURENCE ALARCON,PEV,3.0,False
1245479,MAFIL,MAFIL,LICEO SANTO CURA DE ARS,1M,YM.CHILE VAMOS - PRI E INDEPENDIENTES,317. NATALIA ELVIRA ESCOBAR PALACIOS,IND,5.0,False
1245480,MAFIL,MAFIL,LICEO SANTO CURA DE ARS,1M,YM.CHILE VAMOS - PRI E INDEPENDIENTES,318. GHISLAINE DE LOURDES ZURITA URREA,IND,6.0,True
1245481,MAFIL,MAFIL,LICEO SANTO CURA DE ARS,1M,YW.UNIDAD POR EL APRUEBO PS PPD E INDEPENDIENTES,319. GIOVANNI SALOMON FIGUEROA VEGA,PPD,3.0,False
1245482,MAFIL,MAFIL,LICEO SANTO CURA DE ARS,1M,YW.UNIDAD POR EL APRUEBO PS PPD E INDEPENDIENTES,320. ESTER CASTILLO GUTIERREZ,PPD,5.0,False
1245483,MAFIL,MAFIL,LICEO SANTO CURA DE ARS,1M,YW.UNIDAD POR EL APRUEBO PS PPD E INDEPENDIENTES,321. CARLOS ORTIZ SOTO,PPD,1.0,False
1245484,MAFIL,MAFIL,LICEO SANTO CURA DE ARS,1M,YW.UNIDAD POR EL APRUEBO PS PPD E INDEPENDIENTES,322. EDUARDO GERMAN ACUÑA ACUÑA,PS,7.0,True
1245485,MAFIL,MAFIL,LICEO SANTO CURA DE ARS,1M,YW.UNIDAD POR EL APRUEBO PS PPD E INDEPENDIENTES,323. ERICA DEL CARMEN LAURENCE AGUERO,IND,4.0,False
1245486,MAFIL,MAFIL,LICEO SANTO CURA DE ARS,1M,ZJ.CHILE VAMOS UDI - INDEPENDIENTES,324. GLORIA PATRICIA FLANDEZ DEL VALLE,UDI,2.0,False
1245487,MAFIL,MAFIL,LICEO SANTO CURA DE ARS,1M,ZJ.CHILE VAMOS UDI - INDEPENDIENTES,325. JUAN EDUARDO ESCOBAR CAMPOS,UDI,4.0,False
1245488,MAFIL,MAFIL,LICEO SANTO CURA DE ARS,1M,ZJ.CHILE VAMOS UDI - INDEPENDIENTES,326. XIMENA DEL PILAR SCHLEEF VARGAS,IND,,False
1245489,MAFIL,MAFIL,LICEO SANTO CURA DE ARS,2M,M.CHILE DIGNO VERDE Y SOBERANO,300. BERNARDA SUSANA GUERRERO SALINAS,IND,1.0,False
1245490,MAFIL,MAFIL,LICEO SANTO CURA DE ARS,2M,M.CHILE DIGNO VERDE Y SOBERANO,301. JIMENA DEL CARMEN LLANQUILEF ALVIAL,IND,1.0,False
1245491,MAFIL,MAFIL,LICEO SANTO CURA DE ARS,2M,M.CHILE DIGNO VERDE Y SOBERANO,302. ANYELA LISBET MUÑOZ VALLEJOS,IND,1.0,False
1245492,MAFIL,MAFIL,LICEO SANTO CURA DE ARS,2M,M.CHILE DIGNO VERDE Y SOBERANO,303. JORGE ARMANDO ALVAREZ MELLADO,IND,,False
1245493,MAFIL,MAFIL,LICEO SANTO CURA DE ARS,2M,M.CHILE DIGNO VERDE Y SOBERANO,304. LUIS SERAFIN PEÑA VERA,IND,1.0,False
1245494,MAFIL,MAFIL,LICEO SANTO CURA DE ARS,2M,XK.CHILE VAMOS RENOVACION NACIONAL - INDEPENDIENTES,305. CARLOS JAVIER TALADRIZ GARCIA,RN,5.0,True
1245495,MAFIL,MAFIL,LICEO SANTO CURA DE ARS,2M,XK.CHILE VAMOS RENOVACION NACIONAL - INDEPENDIENTES,306. SANDRA BASTIAS BILBAO,IND,10.0,True
1245496,MAFIL,MAFIL,LICEO SANTO CURA DE ARS,2M,XK.CHILE VAMOS RENOVACION NACIONAL - INDEPENDIENTES,307. LUIS EDUARDO GONZALEZ HUERAMAN,IND,8.0,False
1245497,MAFIL,MAFIL,LICEO SANTO CURA DE ARS,2M,XK.CHILE VAMOS RENOVACION NACIONAL - INDEPENDIENTES,308. PAZ SANCHEZ FLORES,IND,8.0,False
1245498,MAFIL,MAFIL,LICEO SANTO CURA DE ARS,2M,XK.CHILE VAMOS RENOVACION NACIONAL - INDEPENDIENTES,309. EDUARDO SEGUEL FLORES,IND,,False
1245499,MAFIL,MAFIL,LICEO SANTO CURA DE ARS,2M,XK.CHILE VAMOS RENOVACION NACIONAL - INDEPENDIENTES,310. GERARDO ANTONIO URREA VASQUEZ,IND,5.0,False
1245500,MAFIL,MAFIL,LICEO SANTO CURA DE ARS,2M,XU.UNIDOS POR LA DIGNIDAD,311. DAVID EXEQUIEL SALGADO MORALES,PDC,12.0,True
1245501,MAFIL,MAFIL,LICEO SANTO CURA DE ARS,2M,XU.UNIDOS POR LA DIGNIDAD,312. JOSE MAXIMO CAMPOS BEROIZA,PDC,4.0,False
1245502,MAFIL,MAFIL,LICEO SANTO CURA DE ARS,2M,XU.UNIDOS POR LA DIGNIDAD,313. GUILLERMINA DEL CARMEN PEDRAZA DIAZ,IND,2.0,False
1245503,MAFIL,MAFIL,LICEO SANTO CURA DE ARS,2M,XU.UNIDOS POR LA DIGNIDAD,314. EDGARDO ANDRES ESPINOZA GARAY,IND,7.0,True
1245504,MAFIL,MAFIL,LICEO SANTO CURA DE ARS,2M,XU.UNIDOS POR LA DIGNIDAD,315. IVAN CARLOS SANCHEZ VASQUEZ,IND,4.0,False
1245505,MAFIL,MAFIL,LICEO SANTO CURA DE ARS,2M,XZ.ECOLOGISTAS E INDEPENDIENTES,316. XIMENA LAURENCE ALARCON,PEV,2.0,False
1245506,MAFIL,MAFIL,LICEO SANTO CURA DE ARS,2M,YM.CHILE VAMOS - PRI E INDEPENDIENTES,317. NATALIA ELVIRA ESCOBAR PALACIOS,IND,3.0,False
1245507,MAFIL,MAFIL,LICEO SANTO CURA DE ARS,2M,YM.CHILE VAMOS - PRI E INDEPENDIENTES,318. GHISLAINE DE LOURDES ZURITA URREA,IND,9.0,True
1245508,MAFIL,MAFIL,LICEO SANTO CURA DE ARS,2M,YW.UNIDAD POR EL APRUEBO PS PPD E INDEPENDIENTES,319. GIOVANNI SALOMON FIGUEROA VEGA,PPD,5.0,False
1245509,MAFIL,MAFIL,LICEO SANTO CURA DE ARS,2M,YW.UNIDAD POR EL APRUEBO PS PPD E INDEPENDIENTES,320. ESTER CASTILLO GUTIERREZ,PPD,7.0,False
1245510,MAFIL,MAFIL,LICEO SANTO CURA DE ARS,2M,YW.UNIDAD POR EL APRUEBO PS PPD E INDEPENDIENTES,321. CARLOS ORTIZ SOTO,PPD,3.0,False
1245511,MAFIL,MAFIL,LICEO SANTO CURA DE ARS,2M,YW.UNIDAD POR EL APRUEBO PS PPD E INDEPENDIENTES,322. EDUARDO GERMAN ACUÑA ACUÑA,PS,9.0,True
1245512,MAFIL,MAFIL,LICEO SANTO CURA DE ARS,2M,YW.UNIDAD POR EL APRUEBO PS PPD E INDEPENDIENTES,323. ERICA DEL CARMEN LAURENCE AGUERO,IND,4.0,False
1245513,MAFIL,MAFIL,LICEO SANTO CURA DE ARS,2M,ZJ.CHILE VAMOS UDI - INDEPENDIENTES,324. GLORIA PATRICIA FLANDEZ DEL VALLE,UDI,1.0,False
1245514,MAFIL,MAFIL,LICEO SANTO CURA DE ARS,2M,ZJ.CHILE VAMOS UDI - INDEPENDIENTES,325. JUAN EDUARDO ESCOBAR CAMPOS,UDI,6.0,False
1245515,MAFIL,MAFIL,LICEO SANTO CURA DE ARS,2M,ZJ.CHILE VAMOS UDI - INDEPENDIENTES,326. XIMENA DEL PILAR SCHLEEF VARGAS,IND,1.0,False
1245516,MAFIL,MAFIL,LICEO SANTO CURA DE ARS,3M,M.CHILE DIGNO VERDE Y SOBERANO,300. BERNARDA SUSANA GUERRERO SALINAS,IND,2.0,False
1245517,MAFIL,MAFIL,LICEO SANTO CURA DE ARS,3M,M.CHILE DIGNO VERDE Y SOBERANO,301. JIMENA DEL CARMEN LLANQUILEF ALVIAL,IND,2.0,False
1245518,MAFIL,MAFIL,LICEO SANTO CURA DE ARS,3M,M.CHILE DIGNO VERDE Y SOBERANO,302. ANYELA LISBET MUÑOZ VALLEJOS,IND,1.0,False
1245519,MAFIL,MAFIL,LICEO SANTO CURA DE ARS,3M,M.CHILE DIGNO VERDE Y SOBERANO,303. JORGE ARMANDO ALVAREZ MELLADO,IND,,False
1245520,MAFIL,MAFIL,LICEO SANTO CURA DE ARS,3M,M.CHILE DIGNO VERDE Y SOBERANO,304. LUIS SERAFIN PEÑA VERA,IND,3.0,False
1245521,MAFIL,MAFIL,LICEO SANTO CURA DE ARS,3M,XK.CHILE VAMOS RENOVACION NACIONAL - INDEPENDIENTES,305. CARLOS JAVIER TALADRIZ GARCIA,RN,8.0,True
1245522,MAFIL,MAFIL,LICEO SANTO CURA DE ARS,3M,XK.CHILE VAMOS RENOVACION NACIONAL - INDEPENDIENTES,306. SANDRA BASTIAS BILBAO,IND,12.0,True
1245523,MAFIL,MAFIL,LICEO SANTO CURA DE ARS,3M,XK.CHILE VAMOS RENOVACION NACIONAL - INDEPENDIENTES,307. LUIS EDUARDO GONZALEZ HUERAMAN,IND,6.0,False
1245524,MAFIL,MAFIL,LICEO SANTO CURA DE ARS,3M,XK.CHILE VAMOS RENOVACION NACIONAL - INDEPENDIENTES,308. PAZ SANCHEZ FLORES,IND,7.0,False
1245525,MAFIL,MAFIL,LICEO SANTO CURA DE ARS,3M,XK.CHILE VAMOS RENOVACION NACIONAL - INDEPENDIENTES,309. EDUARDO SEGUEL FLORES,IND,,False
1245526,MAFIL,MAFIL,LICEO SANTO CURA DE ARS,3M,XK.CHILE VAMOS RENOVACION NACIONAL - INDEPENDIENTES,310. GERARDO ANTONIO URREA VASQUEZ,IND,3.0,False
1245527,MAFIL,MAFIL,LICEO SANTO CURA DE ARS,3M,XU.UNIDOS POR LA DIGNIDAD,311. DAVID EXEQUIEL SALGADO MORALES,PDC,16.0,True
1245528,MAFIL,MAFIL,LICEO SANTO CURA DE ARS,3M,XU.UNIDOS POR LA DIGNIDAD,312. JOSE MAXIMO CAMPOS BEROIZA,PDC,13.0,False
1245529,MAFIL,MAFIL,LICEO SANTO CURA DE ARS,3M,XU.UNIDOS POR LA DIGNIDAD,313. GUILLERMINA DEL CARMEN PEDRAZA DIAZ,IND,,False
1245530,MAFIL,MAFIL,LICEO SANTO CURA DE ARS,3M,XU.UNIDOS POR LA DIGNIDAD,314. EDGARDO ANDRES ESPINOZA GARAY,IND,7.0,True
1245531,MAFIL,MAFIL,LICEO SANTO CURA DE ARS,3M,XU.UNIDOS POR LA DIGNIDAD,315. IVAN CARLOS SANCHEZ VASQUEZ,IND,2.0,False
1245532,MAFIL,MAFIL,LICEO SANTO CURA DE ARS,3M,XZ.ECOLOGISTAS E INDEPENDIENTES,316. XIMENA LAURENCE ALARCON,PEV,2.0,False
1245533,MAFIL,MAFIL,LICEO SANTO CURA DE ARS,3M,YM.CHILE VAMOS - PRI E INDEPENDIENTES,317. NATALIA ELVIRA ESCOBAR PALACIOS,IND,,False
1245534,MAFIL,MAFIL,LICEO SANTO CURA DE ARS,3M,YM.CHILE VAMOS - PRI E INDEPENDIENTES,318. GHISLAINE DE LOURDES ZURITA URREA,IND,13.0,True
1245535,MAFIL,MAFIL,LICEO SANTO CURA DE ARS,3M,YW.UNIDAD POR EL APRUEBO PS PPD E INDEPENDIENTES,319. GIOVANNI SALOMON FIGUEROA VEGA,PPD,6.0,False
1245536,MAFIL,MAFIL,LICEO SANTO CURA DE ARS,3M,YW.UNIDAD POR EL APRUEBO PS PPD E INDEPENDIENTES,320. ESTER CASTILLO GUTIERREZ,PPD,11.0,False
1245537,MAFIL,MAFIL,LICEO SANTO CURA DE ARS,3M,YW.UNIDAD POR EL APRUEBO PS PPD E INDEPENDIENTES,321. CARLOS ORTIZ SOTO,PPD,5.0,False
1245538,MAFIL,MAFIL,LICEO SANTO CURA DE ARS,3M,YW.UNIDAD POR EL APRUEBO PS PPD E INDEPENDIENTES,322. EDUARDO GERMAN ACUÑA ACUÑA,PS,6.0,True
1245539,MAFIL,MAFIL,LICEO SANTO CURA DE ARS,3M,YW.UNIDAD POR EL APRUEBO PS PPD E INDEPENDIENTES,323. ERICA DEL CARMEN LAURENCE AGUERO,IND,1.0,False
1245540,MAFIL,MAFIL,LICEO SANTO CURA DE ARS,3M,ZJ.CHILE VAMOS UDI - INDEPENDIENTES,324. GLORIA PATRICIA FLANDEZ DEL VALLE,UDI,,False
1245541,MAFIL,MAFIL,LICEO SANTO CURA DE ARS,3M,ZJ.CHILE VAMOS UDI - INDEPENDIENTES,325. JUAN EDUARDO ESCOBAR CAMPOS,UDI,5.0,False
1245542,MAFIL,MAFIL,LICEO SANTO CURA DE ARS,3M,ZJ.CHILE VAMOS UDI - INDEPENDIENTES,326. XIMENA DEL PILAR SCHLEEF VARGAS,IND,,False
1245543,MAFIL,MAFIL,LICEO SANTO CURA DE ARS,4M,M.CHILE DIGNO VERDE Y SOBERANO,300. BERNARDA SUSANA GUERRERO SALINAS,IND,2.0,False
1245544,MAFIL,MAFIL,LICEO SANTO CURA DE ARS,4M,M.CHILE DIGNO VERDE Y SOBERANO,301. JIMENA DEL CARMEN LLANQUILEF ALVIAL,IND,3.0,False
1245545,MAFIL,MAFIL,LICEO SANTO CURA DE ARS,4M,M.CHILE DIGNO VERDE Y SOBERANO,302. ANYELA LISBET MUÑOZ VALLEJOS,IND,0.0,False
1245546,MAFIL,MAFIL,LICEO SANTO CURA DE ARS,4M,M.CHILE DIGNO VERDE Y SOBERANO,303. JORGE ARMANDO ALVAREZ MELLADO,IND,1.0,False
1245547,MAFIL,MAFIL,LICEO SANTO CURA DE ARS,4M,M.CHILE DIGNO VERDE Y SOBERANO,304. LUIS SERAFIN PEÑA VERA,IND,8.0,False
1245548,MAFIL,MAFIL,LICEO SANTO CURA DE ARS,4M,XK.CHILE VAMOS RENOVACION NACIONAL - INDEPENDIENTES,305. CARLOS JAVIER TALADRIZ GARCIA,RN,7.0,True
1245549,MAFIL,MAFIL,LICEO SANTO CURA DE ARS,4M,XK.CHILE VAMOS RENOVACION NACIONAL - INDEPENDIENTES,306. SANDRA BASTIAS BILBAO,IND,18.0,True
1245550,MAFIL,MAFIL,LICEO SANTO CURA DE ARS,4M,XK.CHILE VAMOS RENOVACION NACIONAL - INDEPENDIENTES,307. LUIS EDUARDO GONZALEZ HUERAMAN,IND,7.0,False
1245551,MAFIL,MAFIL,LICEO SANTO CURA DE ARS,4M,XK.CHILE VAMOS RENOVACION NACIONAL - INDEPENDIENTES,308. PAZ SANCHEZ FLORES,IND,5.0,False
1245552,MAFIL,MAFIL,LICEO SANTO CURA DE ARS,4M,XK.CHILE VAMOS RENOVACION NACIONAL - INDEPENDIENTES,309. EDUARDO SEGUEL FLORES,IND,0.0,False
1245553,MAFIL,MAFIL,LICEO SANTO CURA DE ARS,4M,XK.CHILE VAMOS RENOVACION NACIONAL - INDEPENDIENTES,310. GERARDO ANTONIO URREA VASQUEZ,IND,2.0,False
1245554,MAFIL,MAFIL,LICEO SANTO CURA DE ARS,4M,XU.UNIDOS POR LA DIGNIDAD,311. DAVID EXEQUIEL SALGADO MORALES,PDC,11.0,True
1245555,MAFIL,MAFIL,LICEO SANTO CURA DE ARS,4M,XU.UNIDOS POR LA DIGNIDAD,312. JOSE MAXIMO CAMPOS BEROIZA,PDC,3.0,False
1245556,MAFIL,MAFIL,LICEO SANTO CURA DE ARS,4M,XU.UNIDOS POR LA DIGNIDAD,313. GUILLERMINA DEL CARMEN PEDRAZA DIAZ,IND,3.0,False
1245557,MAFIL,MAFIL,LICEO SANTO CURA DE ARS,4M,XU.UNIDOS POR LA DIGNIDAD,314. EDGARDO ANDRES ESPINOZA GARAY,IND,16.0,True
1245558,MAFIL,MAFIL,LICEO SANTO CURA DE ARS,4M,XU.UNIDOS POR LA DIGNIDAD,315. IVAN CARLOS SANCHEZ VASQUEZ,IND,4.0,False
1245559,MAFIL,MAFIL,LICEO SANTO CURA DE ARS,4M,XZ.ECOLOGISTAS E INDEPENDIENTES,316. XIMENA LAURENCE ALARCON,PEV,4.0,False
1245560,MAFIL,MAFIL,LICEO SANTO CURA DE ARS,4M,YM.CHILE VAMOS - PRI E INDEPENDIENTES,317. NATALIA ELVIRA ESCOBAR PALACIOS,IND,3.0,False
1245561,MAFIL,MAFIL,LICEO SANTO CURA DE ARS,4M,YM.CHILE VAMOS - PRI E INDEPENDIENTES,318. GHISLAINE DE LOURDES ZURITA URREA,IND,12.0,True
1245562,MAFIL,MAFIL,LICEO SANTO CURA DE ARS,4M,YW.UNIDAD POR EL APRUEBO PS PPD E INDEPENDIENTES,319. GIOVANNI SALOMON FIGUEROA VEGA,PPD,4.0,False
1245563,MAFIL,MAFIL,LICEO SANTO CURA DE ARS,4M,YW.UNIDAD POR EL APRUEBO PS PPD E INDEPENDIENTES,320. ESTER CASTILLO GUTIERREZ,PPD,6.0,False
1245564,MAFIL,MAFIL,LICEO SANTO CURA DE ARS,4M,YW.UNIDAD POR EL APRUEBO PS PPD E INDEPENDIENTES,321. CARLOS ORTIZ SOTO,PPD,5.0,False
1245565,MAFIL,MAFIL,LICEO SANTO CURA DE ARS,4M,YW.UNIDAD POR EL APRUEBO PS PPD E INDEPENDIENTES,322. EDUARDO GERMAN ACUÑA ACUÑA,PS,11.0,True
1245566,MAFIL,MAFIL,LICEO SANTO CURA DE ARS,4M,YW.UNIDAD POR EL APRUEBO PS PPD E INDEPENDIENTES,323. ERICA DEL CARMEN LAURENCE AGUERO,IND,3.0,False
1245567,MAFIL,MAFIL,LICEO SANTO CURA DE ARS,4M,ZJ.CHILE VAMOS UDI - INDEPENDIENTES,324. GLORIA PATRICIA FLANDEZ DEL VALLE,UDI,0.0,False
1245568,MAFIL,MAFIL,LICEO SANTO CURA DE ARS,4M,ZJ.CHILE VAMOS UDI - INDEPENDIENTES,325. JUAN EDUARDO ESCOBAR CAMPOS,UDI,4.0,False
1245569,MAFIL,MAFIL,LICEO SANTO CURA DE ARS,4M,ZJ.CHILE VAMOS UDI - INDEPENDIENTES,326. XIMENA DEL PILAR SCHLEEF VARGAS,IND,0.0,False
1245570,MAFIL,MAFIL,LICEO SANTO CURA DE ARS,5M,M.CHILE DIGNO VERDE Y SOBERANO,300. BERNARDA SUSANA GUERRERO SALINAS,IND,0.0,False
1245571,MAFIL,MAFIL,LICEO SANTO CURA DE ARS,5M,M.CHILE DIGNO VERDE Y SOBERANO,301. JIMENA DEL CARMEN LLANQUILEF ALVIAL,IND,2.0,False
1245572,MAFIL,MAFIL,LICEO SANTO CURA DE ARS,5M,M.CHILE DIGNO VERDE Y SOBERANO,302. ANYELA LISBET MUÑOZ VALLEJOS,IND,1.0,False
1245573,MAFIL,MAFIL,LICEO SANTO CURA DE ARS,5M,M.CHILE DIGNO VERDE Y SOBERANO,303. JORGE ARMANDO ALVAREZ MELLADO,IND,0.0,False
1245574,MAFIL,MAFIL,LICEO SANTO CURA DE ARS,5M,M.CHILE DIGNO VERDE Y SOBERANO,304. LUIS SERAFIN PEÑA VERA,IND,8.0,False
1245575,MAFIL,MAFIL,LICEO SANTO CURA DE ARS,5M,XK.CHILE VAMOS RENOVACION NACIONAL - INDEPENDIENTES,305. CARLOS JAVIER TALADRIZ GARCIA,RN,10.0,True
1245576,MAFIL,MAFIL,LICEO SANTO CURA DE ARS,5M,XK.CHILE VAMOS RENOVACION NACIONAL - INDEPENDIENTES,306. SANDRA BASTIAS BILBAO,IND,18.0,True
1245577,MAFIL,MAFIL,LICEO SANTO CURA DE ARS,5M,XK.CHILE VAMOS RENOVACION NACIONAL - INDEPENDIENTES,307. LUIS EDUARDO GONZALEZ HUERAMAN,IND,9.0,False
1245578,MAFIL,MAFIL,LICEO SANTO CURA DE ARS,5M,XK.CHILE VAMOS RENOVACION NACIONAL - INDEPENDIENTES,308. PAZ SANCHEZ FLORES,IND,8.0,False
1245579,MAFIL,MAFIL,LICEO SANTO CURA DE ARS,5M,XK.CHILE VAMOS RENOVACION NACIONAL - INDEPENDIENTES,309. EDUARDO SEGUEL FLORES,IND,1.0,False
1245580,MAFIL,MAFIL,LICEO SANTO CURA DE ARS,5M,XK.CHILE VAMOS RENOVACION NACIONAL - INDEPENDIENTES,310. GERARDO ANTONIO URREA VASQUEZ,IND,3.0,False
1245581,MAFIL,MAFIL,LICEO SANTO CURA DE ARS,5M,XU.UNIDOS POR LA DIGNIDAD,311. DAVID EXEQUIEL SALGADO MORALES,PDC,13.0,True
1245582,MAFIL,MAFIL,LICEO SANTO CURA DE ARS,5M,XU.UNIDOS POR LA DIGNIDAD,312. JOSE MAXIMO CAMPOS BEROIZA,PDC,11.0,False
1245583,MAFIL,MAFIL,LICEO SANTO CURA DE ARS,5M,XU.UNIDOS POR LA DIGNIDAD,313. GUILLERMINA DEL CARMEN PEDRAZA DIAZ,IND,2.0,False
1245584,MAFIL,MAFIL,LICEO SANTO CURA DE ARS,5M,XU.UNIDOS POR LA DIGNIDAD,314. EDGARDO ANDRES ESPINOZA GARAY,IND,12.0,True
1245585,MAFIL,MAFIL,LICEO SANTO CURA DE ARS,5M,XU.UNIDOS POR LA DIGNIDAD,315. IVAN CARLOS SANCHEZ VASQUEZ,IND,9.0,False
1245586,MAFIL,MAFIL,LICEO SANTO CURA DE ARS,5M,XZ.ECOLOGISTAS E INDEPENDIENTES,316. XIMENA LAURENCE ALARCON,PEV,6.0,False
1245587,MAFIL,MAFIL,LICEO SANTO CURA DE ARS,5M,YM.CHILE VAMOS - PRI E INDEPENDIENTES,317. NATALIA ELVIRA ESCOBAR PALACIOS,IND,3.0,False
1245588,MAFIL,MAFIL,LICEO SANTO CURA DE ARS,5M,YM.CHILE VAMOS - PRI E INDEPENDIENTES,318. GHISLAINE DE LOURDES ZURITA URREA,IND,16.0,True
1245589,MAFIL,MAFIL,LICEO SANTO CURA DE ARS,5M,YW.UNIDAD POR EL APRUEBO PS PPD E INDEPENDIENTES,319. GIOVANNI SALOMON FIGUEROA VEGA,PPD,4.0,False
1245590,MAFIL,MAFIL,LICEO SANTO CURA DE ARS,5M,YW.UNIDAD POR EL APRUEBO PS PPD E INDEPENDIENTES,320. ESTER CASTILLO GUTIERREZ,PPD,3.0,False
1245591,MAFIL,MAFIL,LICEO SANTO CURA DE ARS,5M,YW.UNIDAD POR EL APRUEBO PS PPD E INDEPENDIENTES,321. CARLOS ORTIZ SOTO,PPD,2.0,False
1245592,MAFIL,MAFIL,LICEO SANTO CURA DE ARS,5M,YW.UNIDAD POR EL APRUEBO PS PPD E INDEPENDIENTES,322. EDUARDO GERMAN ACUÑA ACUÑA,PS,12.0,True
1245593,MAFIL,MAFIL,LICEO SANTO CURA DE ARS,5M,YW.UNIDAD POR EL APRUEBO PS PPD E INDEPENDIENTES,323. ERICA DEL CARMEN LAURENCE AGUERO,IND,3.0,False
1245594,MAFIL,MAFIL,LICEO SANTO CURA DE ARS,5M,ZJ.CHILE VAMOS UDI - INDEPENDIENTES,324. GLORIA PATRICIA FLANDEZ DEL VALLE,UDI,0.0,False
1245595,MAFIL,MAFIL,LICEO SANTO CURA DE ARS,5M,ZJ.CHILE VAMOS UDI - INDEPENDIENTES,325. JUAN EDUARDO ESCOBAR CAMPOS,UDI,10.0,False
1245596,MAFIL,MAFIL,LICEO SANTO CURA DE ARS,5M,ZJ.CHILE VAMOS UDI - INDEPENDIENTES,326. XIMENA DEL PILAR SCHLEEF VARGAS,IND,0.0,False
1245597,MAFIL,MAFIL,LICEO SANTO CURA DE ARS,6M,M.CHILE DIGNO VERDE Y SOBERANO,300. BERNARDA SUSANA GUERRERO SALINAS,IND,1.0,False
1245598,MAFIL,MAFIL,LICEO SANTO CURA DE ARS,6M,M.CHILE DIGNO VERDE Y SOBERANO,301. JIMENA DEL CARMEN LLANQUILEF ALVIAL,IND,2.0,False
1245599,MAFIL,MAFIL,LICEO SANTO CURA DE ARS,6M,M.CHILE DIGNO VERDE Y SOBERANO,302. ANYELA LISBET MUÑOZ VALLEJOS,IND,0.0,False
1245600,MAFIL,MAFIL,LICEO SANTO CURA DE ARS,6M,M.CHILE DIGNO VERDE Y SOBERANO,303. JORGE ARMANDO ALVAREZ MELLADO,IND,1.0,False
1245601,MAFIL,MAFIL,LICEO SANTO CURA DE ARS,6M,M.CHILE DIGNO VERDE Y SOBERANO,304. LUIS SERAFIN PEÑA VERA,IND,9.0,False
1245602,MAFIL,MAFIL,LICEO SANTO CURA DE ARS,6M,XK.CHILE VAMOS RENOVACION NACIONAL - INDEPENDIENTES,305. CARLOS JAVIER TALADRIZ GARCIA,RN,13.0,True
1245603,MAFIL,MAFIL,LICEO SANTO CURA DE ARS,6M,XK.CHILE VAMOS RENOVACION NACIONAL - INDEPENDIENTES,306. SANDRA BASTIAS BILBAO,IND,12.0,True
1245604,MAFIL,MAFIL,LICEO SANTO CURA DE ARS,6M,XK.CHILE VAMOS RENOVACION NACIONAL - INDEPENDIENTES,307. LUIS EDUARDO GONZALEZ HUERAMAN,IND,2.0,False
1245605,MAFIL,MAFIL,LICEO SANTO CURA DE ARS,6M,XK.CHILE VAMOS RENOVACION NACIONAL - INDEPENDIENTES,308. PAZ SANCHEZ FLORES,IND,6.0,False
1245606,MAFIL,MAFIL,LICEO SANTO CURA DE ARS,6M,XK.CHILE VAMOS RENOVACION NACIONAL - INDEPENDIENTES,309. EDUARDO SEGUEL FLORES,IND,2.0,False
1245607,MAFIL,MAFIL,LICEO SANTO CURA DE ARS,6M,XK.CHILE VAMOS RENOVACION NACIONAL - INDEPENDIENTES,310. GERARDO ANTONIO URREA VASQUEZ,IND,5.0,False
1245608,MAFIL,MAFIL,LICEO SANTO CURA DE ARS,6M,XU.UNIDOS POR LA DIGNIDAD,311. DAVID EXEQUIEL SALGADO MORALES,PDC,7.0,True
1245609,MAFIL,MAFIL,LICEO SANTO CURA DE ARS,6M,XU.UNIDOS POR LA DIGNIDAD,312. JOSE MAXIMO CAMPOS BEROIZA,PDC,2.0,False
1245610,MAFIL,MAFIL,LICEO SANTO CURA DE ARS,6M,XU.UNIDOS POR LA DIGNIDAD,313. GUILLERMINA DEL CARMEN PEDRAZA DIAZ,IND,0.0,False
1245611,MAFIL,MAFIL,LICEO SANTO CURA DE ARS,6M,XU.UNIDOS POR LA DIGNIDAD,314. EDGARDO ANDRES ESPINOZA GARAY,IND,11.0,True
1245612,MAFIL,MAFIL,LICEO SANTO CURA DE ARS,6M,XU.UNIDOS POR LA DIGNIDAD,315. IVAN CARLOS SANCHEZ VASQUEZ,IND,10.0,False
1245613,MAFIL,MAFIL,LICEO SANTO CURA DE ARS,6M,XZ.ECOLOGISTAS E INDEPENDIENTES,316. XIMENA LAURENCE ALARCON,PEV,6.0,False
1245614,MAFIL,MAFIL,LICEO SANTO CURA DE ARS,6M,YM.CHILE VAMOS - PRI E INDEPENDIENTES,317. NATALIA ELVIRA ESCOBAR PALACIOS,IND,5.0,False
1245615,MAFIL,MAFIL,LICEO SANTO CURA DE ARS,6M,YM.CHILE VAMOS - PRI E INDEPENDIENTES,318. GHISLAINE DE LOURDES ZURITA URREA,IND,9.0,True
1245616,MAFIL,MAFIL,LICEO SANTO CURA DE ARS,6M,YW.UNIDAD POR EL APRUEBO PS PPD E INDEPENDIENTES,319. GIOVANNI SALOMON FIGUEROA VEGA,PPD,3.0,False
1245617,MAFIL,MAFIL,LICEO SANTO CURA DE ARS,6M,YW.UNIDAD POR EL APRUEBO PS PPD E INDEPENDIENTES,320. ESTER CASTILLO GUTIERREZ,PPD,8.0,False
1245618,MAFIL,MAFIL,LICEO SANTO CURA DE ARS,6M,YW.UNIDAD POR EL APRUEBO PS PPD E INDEPENDIENTES,321. CARLOS ORTIZ SOTO,PPD,6.0,False
1245619,MAFIL,MAFIL,LICEO SANTO CURA DE ARS,6M,YW.UNIDAD POR EL APRUEBO PS PPD E INDEPENDIENTES,322. EDUARDO GERMAN ACUÑA ACUÑA,PS,12.0,True
1245620,MAFIL,MAFIL,LICEO SANTO CURA DE ARS,6M,YW.UNIDAD POR EL APRUEBO PS PPD E INDEPENDIENTES,323. ERICA DEL CARMEN LAURENCE AGUERO,IND,3.0,False
1245621,MAFIL,MAFIL,LICEO SANTO CURA DE ARS,6M,ZJ.CHILE VAMOS UDI - INDEPENDIENTES,324. GLORIA PATRICIA FLANDEZ DEL VALLE,UDI,1.0,False
1245622,MAFIL,MAFIL,LICEO SANTO CURA DE ARS,6M,ZJ.CHILE VAMOS UDI - INDEPENDIENTES,325. JUAN EDUARDO ESCOBAR CAMPOS,UDI,5.0,False
1245623,MAFIL,MAFIL,LICEO SANTO CURA DE ARS,6M,ZJ.CHILE VAMOS UDI - INDEPENDIENTES,326. XIMENA DEL PILAR SCHLEEF VARGAS,IND,1.0,False
1245624,MAFIL,MAFIL,LICEO SANTO CURA DE ARS,7M,M.CHILE DIGNO VERDE Y SOBERANO,300. BERNARDA SUSANA GUERRERO SALINAS,IND,3.0,False
1245625,MAFIL,MAFIL,LICEO SANTO CURA DE ARS,7M,M.CHILE DIGNO VERDE Y SOBERANO,301. JIMENA DEL CARMEN LLANQUILEF ALVIAL,IND,5.0,False
1245626,MAFIL,MAFIL,LICEO SANTO CURA DE ARS,7M,M.CHILE DIGNO VERDE Y SOBERANO,302. ANYELA LISBET MUÑOZ VALLEJOS,IND,2.0,False
1245627,MAFIL,MAFIL,LICEO SANTO CURA DE ARS,7M,M.CHILE DIGNO VERDE Y SOBERANO,303. JORGE ARMANDO ALVAREZ MELLADO,IND,0.0,False
1245628,MAFIL,MAFIL,LICEO SANTO CURA DE ARS,7M,M.CHILE DIGNO VERDE Y SOBERANO,304. LUIS SERAFIN PEÑA VERA,IND,10.0,False
1245629,MAFIL,MAFIL,LICEO SANTO CURA DE ARS,7M,XK.CHILE VAMOS RENOVACION NACIONAL - INDEPENDIENTES,305. CARLOS JAVIER TALADRIZ GARCIA,RN,7.0,True
1245630,MAFIL,MAFIL,LICEO SANTO CURA DE ARS,7M,XK.CHILE VAMOS RENOVACION NACIONAL - INDEPENDIENTES,306. SANDRA BASTIAS BILBAO,IND,17.0,True
1245631,MAFIL,MAFIL,LICEO SANTO CURA DE ARS,7M,XK.CHILE VAMOS RENOVACION NACIONAL - INDEPENDIENTES,307. LUIS EDUARDO GONZALEZ HUERAMAN,IND,12.0,False
1245632,MAFIL,MAFIL,LICEO SANTO CURA DE ARS,7M,XK.CHILE VAMOS RENOVACION NACIONAL - INDEPENDIENTES,308. PAZ SANCHEZ FLORES,IND,7.0,False
1245633,MAFIL,MAFIL,LICEO SANTO CURA DE ARS,7M,XK.CHILE VAMOS RENOVACION NACIONAL - INDEPENDIENTES,309. EDUARDO SEGUEL FLORES,IND,5.0,False
1245634,MAFIL,MAFIL,LICEO SANTO CURA DE ARS,7M,XK.CHILE VAMOS RENOVACION NACIONAL - INDEPENDIENTES,310. GERARDO ANTONIO URREA VASQUEZ,IND,9.0,False
1245635,MAFIL,MAFIL,LICEO SANTO CURA DE ARS,7M,XU.UNIDOS POR LA DIGNIDAD,311. DAVID EXEQUIEL SALGADO MORALES,PDC,17.0,True
1245636,MAFIL,MAFIL,LICEO SANTO CURA DE ARS,7M,XU.UNIDOS POR LA DIGNIDAD,312. JOSE MAXIMO CAMPOS BEROIZA,PDC,8.0,False
1245637,MAFIL,MAFIL,LICEO SANTO CURA DE ARS,7M,XU.UNIDOS POR LA DIGNIDAD,313. GUILLERMINA DEL CARMEN PEDRAZA DIAZ,IND,1.0,False
1245638,MAFIL,MAFIL,LICEO SANTO CURA DE ARS,7M,XU.UNIDOS POR LA DIGNIDAD,314. EDGARDO ANDRES ESPINOZA GARAY,IND,11.0,True
1245639,MAFIL,MAFIL,LICEO SANTO CURA DE ARS,7M,XU.UNIDOS POR LA DIGNIDAD,315. IVAN CARLOS SANCHEZ VASQUEZ,IND,5.0,False
1245640,MAFIL,MAFIL,LICEO SANTO CURA DE ARS,7M,XZ.ECOLOGISTAS E INDEPENDIENTES,316. XIMENA LAURENCE ALARCON,PEV,6.0,False
1245641,MAFIL,MAFIL,LICEO SANTO CURA DE ARS,7M,YM.CHILE VAMOS - PRI E INDEPENDIENTES,317. NATALIA ELVIRA ESCOBAR PALACIOS,IND,4.0,False
1245642,MAFIL,MAFIL,LICEO SANTO CURA DE ARS,7M,YM.CHILE VAMOS - PRI E INDEPENDIENTES,318. GHISLAINE DE LOURDES ZURITA URREA,IND,12.0,True
1245643,MAFIL,MAFIL,LICEO SANTO CURA DE ARS,7M,YW.UNIDAD POR EL APRUEBO PS PPD E INDEPENDIENTES,319. GIOVANNI SALOMON FIGUEROA VEGA,PPD,2.0,False
1245644,MAFIL,MAFIL,LICEO SANTO CURA DE ARS,7M,YW.UNIDAD POR EL APRUEBO PS PPD E INDEPENDIENTES,320. ESTER CASTILLO GUTIERREZ,PPD,8.0,False
1245645,MAFIL,MAFIL,LICEO SANTO CURA DE ARS,7M,YW.UNIDAD POR EL APRUEBO PS PPD E INDEPENDIENTES,321. CARLOS ORTIZ SOTO,PPD,3.0,False
1245646,MAFIL,MAFIL,LICEO SANTO CURA DE ARS,7M,YW.UNIDAD POR EL APRUEBO PS PPD E INDEPENDIENTES,322. EDUARDO GERMAN ACUÑA ACUÑA,PS,11.0,True
1245647,MAFIL,MAFIL,LICEO SANTO CURA DE ARS,7M,YW.UNIDAD POR EL APRUEBO PS PPD E INDEPENDIENTES,323. ERICA DEL CARMEN LAURENCE AGUERO,IND,1.0,False
1245648,MAFIL,MAFIL,LICEO SANTO CURA DE ARS,7M,ZJ.CHILE VAMOS UDI - INDEPENDIENTES,324. GLORIA PATRICIA FLANDEZ DEL VALLE,UDI,3.0,False
1245649,MAFIL,MAFIL,LICEO SANTO CURA DE ARS,7M,ZJ.CHILE VAMOS UDI - INDEPENDIENTES,325. JUAN EDUARDO ESCOBAR CAMPOS,UDI,6.0,False
1245650,MAFIL,MAFIL,LICEO SANTO CURA DE ARS,7M,ZJ.CHILE VAMOS UDI - INDEPENDIENTES,326. XIMENA DEL PILAR SCHLEEF VARGAS,IND,0.0,False
1245651,MAFIL,MAFIL,LICEO SANTO CURA DE ARS,8M,M.CHILE DIGNO VERDE Y SOBERANO,300. BERNARDA SUSANA GUERRERO SALINAS,IND,2.0,False
1245652,MAFIL,MAFIL,LICEO SANTO CURA DE ARS,8M,M.CHILE DIGNO VERDE Y SOBERANO,301. JIMENA DEL CARMEN LLANQUILEF ALVIAL,IND,7.0,False
1245653,MAFIL,MAFIL,LICEO SANTO CURA DE ARS,8M,M.CHILE DIGNO VERDE Y SOBERANO,302. ANYELA LISBET MUÑOZ VALLEJOS,IND,0.0,False
1245654,MAFIL,MAFIL,LICEO SANTO CURA DE ARS,8M,M.CHILE DIGNO VERDE Y SOBERANO,303. JORGE ARMANDO ALVAREZ MELLADO,IND,0.0,False
1245655,MAFIL,MAFIL,LICEO SANTO CURA DE ARS,8M,M.CHILE DIGNO VERDE Y SOBERANO,304. LUIS SERAFIN PEÑA VERA,IND,15.0,False
1245656,MAFIL,MAFIL,LICEO SANTO CURA DE ARS,8M,XK.CHILE VAMOS RENOVACION NACIONAL - INDEPENDIENTES,305. CARLOS JAVIER TALADRIZ GARCIA,RN,7.0,True
1245657,MAFIL,MAFIL,LICEO SANTO CURA DE ARS,8M,XK.CHILE VAMOS RENOVACION NACIONAL - INDEPENDIENTES,306. SANDRA BASTIAS BILBAO,IND,13.0,True
1245658,MAFIL,MAFIL,LICEO SANTO CURA DE ARS,8M,XK.CHILE VAMOS RENOVACION NACIONAL - INDEPENDIENTES,307. LUIS EDUARDO GONZALEZ HUERAMAN,IND,12.0,False
1245659,MAFIL,MAFIL,LICEO SANTO CURA DE ARS,8M,XK.CHILE VAMOS RENOVACION NACIONAL - INDEPENDIENTES,308. PAZ SANCHEZ FLORES,IND,9.0,False
1245660,MAFIL,MAFIL,LICEO SANTO CURA DE ARS,8M,XK.CHILE VAMOS RENOVACION NACIONAL - INDEPENDIENTES,309. EDUARDO SEGUEL FLORES,IND,2.0,False
1245661,MAFIL,MAFIL,LICEO SANTO CURA DE ARS,8M,XK.CHILE VAMOS RENOVACION NACIONAL - INDEPENDIENTES,310. GERARDO ANTONIO URREA VASQUEZ,IND,6.0,False
1245662,MAFIL,MAFIL,LICEO SANTO CURA DE ARS,8M,XU.UNIDOS POR LA DIGNIDAD,311. DAVID EXEQUIEL SALGADO MORALES,PDC,11.0,True
1245663,MAFIL,MAFIL,LICEO SANTO CURA DE ARS,8M,XU.UNIDOS POR LA DIGNIDAD,312. JOSE MAXIMO CAMPOS BEROIZA,PDC,8.0,False
1245664,MAFIL,MAFIL,LICEO SANTO CURA DE ARS,8M,XU.UNIDOS POR LA DIGNIDAD,313. GUILLERMINA DEL CARMEN PEDRAZA DIAZ,IND,1.0,False
1245665,MAFIL,MAFIL,LICEO SANTO CURA DE ARS,8M,XU.UNIDOS POR LA DIGNIDAD,314. EDGARDO ANDRES ESPINOZA GARAY,IND,17.0,True
1245666,MAFIL,MAFIL,LICEO SANTO CURA DE ARS,8M,XU.UNIDOS POR LA DIGNIDAD,315. IVAN CARLOS SANCHEZ VASQUEZ,IND,4.0,False
1245667,MAFIL,MAFIL,LICEO SANTO CURA DE ARS,8M,XZ.ECOLOGISTAS E INDEPENDIENTES,316. XIMENA LAURENCE ALARCON,PEV,6.0,False
1245668,MAFIL,MAFIL,LICEO SANTO CURA DE ARS,8M,YM.CHILE VAMOS - PRI E INDEPENDIENTES,317. NATALIA ELVIRA ESCOBAR PALACIOS,IND,1.0,False
1245669,MAFIL,MAFIL,LICEO SANTO CURA DE ARS,8M,YM.CHILE VAMOS - PRI E INDEPENDIENTES,318. GHISLAINE DE LOURDES ZURITA URREA,IND,24.0,True
1245670,MAFIL,MAFIL,LICEO SANTO CURA DE ARS,8M,YW.UNIDAD POR EL APRUEBO PS PPD E INDEPENDIENTES,319. GIOVANNI SALOMON FIGUEROA VEGA,PPD,3.0,False
1245671,MAFIL,MAFIL,LICEO SANTO CURA DE ARS,8M,YW.UNIDAD POR EL APRUEBO PS PPD E INDEPENDIENTES,320. ESTER CASTILLO GUTIERREZ,PPD,1.0,False
1245672,MAFIL,MAFIL,LICEO SANTO CURA DE ARS,8M,YW.UNIDAD POR EL APRUEBO PS PPD E INDEPENDIENTES,321. CARLOS ORTIZ SOTO,PPD,4.0,False
1245673,MAFIL,MAFIL,LICEO SANTO CURA DE ARS,8M,YW.UNIDAD POR EL APRUEBO PS PPD E INDEPENDIENTES,322. EDUARDO GERMAN ACUÑA ACUÑA,PS,8.0,True
1245674,MAFIL,MAFIL,LICEO SANTO CURA DE ARS,8M,YW.UNIDAD POR EL APRUEBO PS PPD E INDEPENDIENTES,323. ERICA DEL CARMEN LAURENCE AGUERO,IND,1.0,False
1245675,MAFIL,MAFIL,LICEO SANTO CURA DE ARS,8M,ZJ.CHILE VAMOS UDI - INDEPENDIENTES,324. GLORIA PATRICIA FLANDEZ DEL VALLE,UDI,5.0,False
1245676,MAFIL,MAFIL,LICEO SANTO CURA DE ARS,8M,ZJ.CHILE VAMOS UDI - INDEPENDIENTES,325. JUAN EDUARDO ESCOBAR CAMPOS,UDI,3.0,False
1245677,MAFIL,MAFIL,LICEO SANTO CURA DE ARS,8M,ZJ.CHILE VAMOS UDI - INDEPENDIENTES,326. XIMENA DEL PILAR SCHLEEF VARGAS,IND,1.0,False
1245678,MAFIL,MAFIL,LICEO SANTO CURA DE ARS,9M,M.CHILE DIGNO VERDE Y SOBERANO,300. BERNARDA SUSANA GUERRERO SALINAS,IND,,False
1245679,MAFIL,MAFIL,LICEO SANTO CURA DE ARS,9M,M.CHILE DIGNO VERDE Y SOBERANO,301. JIMENA DEL CARMEN LLANQUILEF ALVIAL,IND,2.0,False
1245680,MAFIL,MAFIL,LICEO SANTO CURA DE ARS,9M,M.CHILE DIGNO VERDE Y SOBERANO,302. ANYELA LISBET MUÑOZ VALLEJOS,IND,0.0,False
1245681,MAFIL,MAFIL,LICEO SANTO CURA DE ARS,9M,M.CHILE DIGNO VERDE Y SOBERANO,303. JORGE ARMANDO ALVAREZ MELLADO,IND,1.0,False
1245682,MAFIL,MAFIL,LICEO SANTO CURA DE ARS,9M,M.CHILE DIGNO VERDE Y SOBERANO,304. LUIS SERAFIN PEÑA VERA,IND,7.0,False
1245683,MAFIL,MAFIL,LICEO SANTO CURA DE ARS,9M,XK.CHILE VAMOS RENOVACION NACIONAL - INDEPENDIENTES,305. CARLOS JAVIER TALADRIZ GARCIA,RN,10.0,True
1245684,MAFIL,MAFIL,LICEO SANTO CURA DE ARS,9M,XK.CHILE VAMOS RENOVACION NACIONAL - INDEPENDIENTES,306. SANDRA BASTIAS BILBAO,IND,6.0,True
1245685,MAFIL,MAFIL,LICEO SANTO CURA DE ARS,9M,XK.CHILE VAMOS RENOVACION NACIONAL - INDEPENDIENTES,307. LUIS EDUARDO GONZALEZ HUERAMAN,IND,14.0,False
1245686,MAFIL,MAFIL,LICEO SANTO CURA DE ARS,9M,XK.CHILE VAMOS RENOVACION NACIONAL - INDEPENDIENTES,308. PAZ SANCHEZ FLORES,IND,10.0,False
1245687,MAFIL,MAFIL,LICEO SANTO CURA DE ARS,9M,XK.CHILE VAMOS RENOVACION NACIONAL - INDEPENDIENTES,309. EDUARDO SEGUEL FLORES,IND,1.0,False
1245688,MAFIL,MAFIL,LICEO SANTO CURA DE ARS,9M,XK.CHILE VAMOS RENOVACION NACIONAL - INDEPENDIENTES,310. GERARDO ANTONIO URREA VASQUEZ,IND,4.0,False
1245689,MAFIL,MAFIL,LICEO SANTO CURA DE ARS,9M,XU.UNIDOS POR LA DIGNIDAD,311. DAVID EXEQUIEL SALGADO MORALES,PDC,16.0,True
1245690,MAFIL,MAFIL,LICEO SANTO CURA DE ARS,9M,XU.UNIDOS POR LA DIGNIDAD,312. JOSE MAXIMO CAMPOS BEROIZA,PDC,7.0,False
1245691,MAFIL,MAFIL,LICEO SANTO CURA DE ARS,9M,XU.UNIDOS POR LA DIGNIDAD,313. GUILLERMINA DEL CARMEN PEDRAZA DIAZ,IND,3.0,False
1245692,MAFIL,MAFIL,LICEO SANTO CURA DE ARS,9M,XU.UNIDOS POR LA DIGNIDAD,314. EDGARDO ANDRES ESPINOZA GARAY,IND,21.0,True
1245693,MAFIL,MAFIL,LICEO SANTO CURA DE ARS,9M,XU.UNIDOS POR LA DIGNIDAD,315. IVAN CARLOS SANCHEZ VASQUEZ,IND,8.0,False
1245694,MAFIL,MAFIL,LICEO SANTO CURA DE ARS,9M,XZ.ECOLOGISTAS E INDEPENDIENTES,316. XIMENA LAURENCE ALARCON,PEV,8.0,False
1245695,MAFIL,MAFIL,LICEO SANTO CURA DE ARS,9M,YM.CHILE VAMOS - PRI E INDEPENDIENTES,317. NATALIA ELVIRA ESCOBAR PALACIOS,IND,2.0,False
1245696,MAFIL,MAFIL,LICEO SANTO CURA DE ARS,9M,YM.CHILE VAMOS - PRI E INDEPENDIENTES,318. GHISLAINE DE LOURDES ZURITA URREA,IND,13.0,True
1245697,MAFIL,MAFIL,LICEO SANTO CURA DE ARS,9M,YW.UNIDAD POR EL APRUEBO PS PPD E INDEPENDIENTES,319. GIOVANNI SALOMON FIGUEROA VEGA,PPD,4.0,False
1245698,MAFIL,MAFIL,LICEO SANTO CURA DE ARS,9M,YW.UNIDAD POR EL APRUEBO PS PPD E INDEPENDIENTES,320. ESTER CASTILLO GUTIERREZ,PPD,4.0,False
1245699,MAFIL,MAFIL,LICEO SANTO CURA DE ARS,9M,YW.UNIDAD POR EL APRUEBO PS PPD E INDEPENDIENTES,321. CARLOS ORTIZ SOTO,PPD,4.0,False
1245700,MAFIL,MAFIL,LICEO SANTO CURA DE ARS,9M,YW.UNIDAD POR EL APRUEBO PS PPD E INDEPENDIENTES,322. EDUARDO GERMAN ACUÑA ACUÑA,PS,13.0,True
1245701,MAFIL,MAFIL,LICEO SANTO CURA DE ARS,9M,YW.UNIDAD POR EL APRUEBO PS PPD E INDEPENDIENTES,323. ERICA DEL CARMEN LAURENCE AGUERO,IND,3.0,False
1245702,MAFIL,MAFIL,LICEO SANTO CURA DE ARS,9M,ZJ.CHILE VAMOS UDI - INDEPENDIENTES,324. GLORIA PATRICIA FLANDEZ DEL VALLE,UDI,5.0,False
1245703,MAFIL,MAFIL,LICEO SANTO CURA DE ARS,9M,ZJ.CHILE VAMOS UDI - INDEPENDIENTES,325. JUAN EDUARDO ESCOBAR CAMPOS,UDI,4.0,False
1245704,MAFIL,MAFIL,LICEO SANTO CURA DE ARS,9M,ZJ.CHILE VAMOS UDI - INDEPENDIENTES,326. XIMENA DEL PILAR SCHLEEF VARGAS,IND,1.0,False
1245705,MAFIL,MAFIL,LICEO SANTO CURA DE ARS,10M,M.CHILE DIGNO VERDE Y SOBERANO,300. BERNARDA SUSANA GUERRERO SALINAS,IND,3.0,False
1245706,MAFIL,MAFIL,LICEO SANTO CURA DE ARS,10M,M.CHILE DIGNO VERDE Y SOBERANO,301. JIMENA DEL CARMEN LLANQUILEF ALVIAL,IND,2.0,False
1245707,MAFIL,MAFIL,LICEO SANTO CURA DE ARS,10M,M.CHILE DIGNO VERDE Y SOBERANO,302. ANYELA LISBET MUÑOZ VALLEJOS,IND,,False
1245708,MAFIL,MAFIL,LICEO SANTO CURA DE ARS,10M,M.CHILE DIGNO VERDE Y SOBERANO,303. JORGE ARMANDO ALVAREZ MELLADO,IND,1.0,False
1245709,MAFIL,MAFIL,LICEO SANTO CURA DE ARS,10M,M.CHILE DIGNO VERDE Y SOBERANO,304. LUIS SERAFIN PEÑA VERA,IND,6.0,False
1245710,MAFIL,MAFIL,LICEO SANTO CURA DE ARS,10M,XK.CHILE VAMOS RENOVACION NACIONAL - INDEPENDIENTES,305. CARLOS JAVIER TALADRIZ GARCIA,RN,12.0,True
1245711,MAFIL,MAFIL,LICEO SANTO CURA DE ARS,10M,XK.CHILE VAMOS RENOVACION NACIONAL - INDEPENDIENTES,306. SANDRA BASTIAS BILBAO,IND,16.0,True
1245712,MAFIL,MAFIL,LICEO SANTO CURA DE ARS,10M,XK.CHILE VAMOS RENOVACION NACIONAL - INDEPENDIENTES,307. LUIS EDUARDO GONZALEZ HUERAMAN,IND,9.0,False
1245713,MAFIL,MAFIL,LICEO SANTO CURA DE ARS,10M,XK.CHILE VAMOS RENOVACION NACIONAL - INDEPENDIENTES,308. PAZ SANCHEZ FLORES,IND,8.0,False
1245714,MAFIL,MAFIL,LICEO SANTO CURA DE ARS,10M,XK.CHILE VAMOS RENOVACION NACIONAL - INDEPENDIENTES,309. EDUARDO SEGUEL FLORES,IND,2.0,False
1245715,MAFIL,MAFIL,LICEO SANTO CURA DE ARS,10M,XK.CHILE VAMOS RENOVACION NACIONAL - INDEPENDIENTES,310. GERARDO ANTONIO URREA VASQUEZ,IND,11.0,False
1245716,MAFIL,MAFIL,LICEO SANTO CURA DE ARS,10M,XU.UNIDOS POR LA DIGNIDAD,311. DAVID EXEQUIEL SALGADO MORALES,PDC,20.0,True
1245717,MAFIL,MAFIL,LICEO SANTO CURA DE ARS,10M,XU.UNIDOS POR LA DIGNIDAD,312. JOSE MAXIMO CAMPOS BEROIZA,PDC,12.0,False
1245718,MAFIL,MAFIL,LICEO SANTO CURA DE ARS,10M,XU.UNIDOS POR LA DIGNIDAD,313. GUILLERMINA DEL CARMEN PEDRAZA DIAZ,IND,2.0,False
1245719,MAFIL,MAFIL,LICEO SANTO CURA DE ARS,10M,XU.UNIDOS POR LA DIGNIDAD,314. EDGARDO ANDRES ESPINOZA GARAY,IND,11.0,True
1245720,MAFIL,MAFIL,LICEO SANTO CURA DE ARS,10M,XU.UNIDOS POR LA DIGNIDAD,315. IVAN CARLOS SANCHEZ VASQUEZ,IND,7.0,False
1245721,MAFIL,MAFIL,LICEO SANTO CURA DE ARS,10M,XZ.ECOLOGISTAS E INDEPENDIENTES,316. XIMENA LAURENCE ALARCON,PEV,4.0,False
1245722,MAFIL,MAFIL,LICEO SANTO CURA DE ARS,10M,YM.CHILE VAMOS - PRI E INDEPENDIENTES,317. NATALIA ELVIRA ESCOBAR PALACIOS,IND,4.0,False
1245723,MAFIL,MAFIL,LICEO SANTO CURA DE ARS,10M,YM.CHILE VAMOS - PRI E INDEPENDIENTES,318. GHISLAINE DE LOURDES ZURITA URREA,IND,14.0,True
1245724,MAFIL,MAFIL,LICEO SANTO CURA DE ARS,10M,YW.UNIDAD POR EL APRUEBO PS PPD E INDEPENDIENTES,319. GIOVANNI SALOMON FIGUEROA VEGA,PPD,5.0,False
1245725,MAFIL,MAFIL,LICEO SANTO CURA DE ARS,10M,YW.UNIDAD POR EL APRUEBO PS PPD E INDEPENDIENTES,320. ESTER CASTILLO GUTIERREZ,PPD,5.0,False
1245726,MAFIL,MAFIL,LICEO SANTO CURA DE ARS,10M,YW.UNIDAD POR EL APRUEBO PS PPD E INDEPENDIENTES,321. CARLOS ORTIZ SOTO,PPD,2.0,False
1245727,MAFIL,MAFIL,LICEO SANTO CURA DE ARS,10M,YW.UNIDAD POR EL APRUEBO PS PPD E INDEPENDIENTES,322. EDUARDO GERMAN ACUÑA ACUÑA,PS,17.0,True
1245728,MAFIL,MAFIL,LICEO SANTO CURA DE ARS,10M,YW.UNIDAD POR EL APRUEBO PS PPD E INDEPENDIENTES,323. ERICA DEL CARMEN LAURENCE AGUERO,IND,5.0,False
1245729,MAFIL,MAFIL,LICEO SANTO CURA DE ARS,10M,ZJ.CHILE VAMOS UDI - INDEPENDIENTES,324. GLORIA PATRICIA FLANDEZ DEL VALLE,UDI,1.0,False
1245730,MAFIL,MAFIL,LICEO SANTO CURA DE ARS,10M,ZJ.CHILE VAMOS UDI - INDEPENDIENTES,325. JUAN EDUARDO ESCOBAR CAMPOS,UDI,6.0,False
1245731,MAFIL,MAFIL,LICEO SANTO CURA DE ARS,10M,ZJ.CHILE VAMOS UDI - INDEPENDIENTES,326. XIMENA DEL PILAR SCHLEEF VARGAS,IND,1.0,False
1245732,MAFIL,MAFIL,LICEO SANTO CURA DE ARS,13,M.CHILE DIGNO VERDE Y SOBERANO,300. BERNARDA SUSANA GUERRERO SALINAS,IND,1.0,False
1245733,MAFIL,MAFIL,LICEO SANTO CURA DE ARS,13,M.CHILE DIGNO VERDE Y SOBERANO,301. JIMENA DEL CARMEN LLANQUILEF ALVIAL,IND,11.0,False
1245734,MAFIL,MAFIL,LICEO SANTO CURA DE ARS,13,M.CHILE DIGNO VERDE Y SOBERANO,302. ANYELA LISBET MUÑOZ VALLEJOS,IND,2.0,False
1245735,MAFIL,MAFIL,LICEO SANTO CURA DE ARS,13,M.CHILE DIGNO VERDE Y SOBERANO,303. JORGE ARMANDO ALVAREZ MELLADO,IND,0.0,False
1245736,MAFIL,MAFIL,LICEO SANTO CURA DE ARS,13,M.CHILE DIGNO VERDE Y SOBERANO,304. LUIS SERAFIN PEÑA VERA,IND,6.0,False
1245737,MAFIL,MAFIL,LICEO SANTO CURA DE ARS,13,XK.CHILE VAMOS RENOVACION NACIONAL - INDEPENDIENTES,305. CARLOS JAVIER TALADRIZ GARCIA,RN,10.0,True
1245738,MAFIL,MAFIL,LICEO SANTO CURA DE ARS,13,XK.CHILE VAMOS RENOVACION NACIONAL - INDEPENDIENTES,306. SANDRA BASTIAS BILBAO,IND,9.0,True
1245739,MAFIL,MAFIL,LICEO SANTO CURA DE ARS,13,XK.CHILE VAMOS RENOVACION NACIONAL - INDEPENDIENTES,307. LUIS EDUARDO GONZALEZ HUERAMAN,IND,6.0,False
1245740,MAFIL,MAFIL,LICEO SANTO CURA DE ARS,13,XK.CHILE VAMOS RENOVACION NACIONAL - INDEPENDIENTES,308. PAZ SANCHEZ FLORES,IND,7.0,False
1245741,MAFIL,MAFIL,LICEO SANTO CURA DE ARS,13,XK.CHILE VAMOS RENOVACION NACIONAL - INDEPENDIENTES,309. EDUARDO SEGUEL FLORES,IND,2.0,False
1245742,MAFIL,MAFIL,LICEO SANTO CURA DE ARS,13,XK.CHILE VAMOS RENOVACION NACIONAL - INDEPENDIENTES,310. GERARDO ANTONIO URREA VASQUEZ,IND,10.0,False
1245743,MAFIL,MAFIL,LICEO SANTO CURA DE ARS,13,XU.UNIDOS POR LA DIGNIDAD,311. DAVID EXEQUIEL SALGADO MORALES,PDC,7.0,True
1245744,MAFIL,MAFIL,LICEO SANTO CURA DE ARS,13,XU.UNIDOS POR LA DIGNIDAD,312. JOSE MAXIMO CAMPOS BEROIZA,PDC,6.0,False
1245745,MAFIL,MAFIL,LICEO SANTO CURA DE ARS,13,XU.UNIDOS POR LA DIGNIDAD,313. GUILLERMINA DEL CARMEN PEDRAZA DIAZ,IND,2.0,False
1245746,MAFIL,MAFIL,LICEO SANTO CURA DE ARS,13,XU.UNIDOS POR LA DIGNIDAD,314. EDGARDO ANDRES ESPINOZA GARAY,IND,6.0,True
1245747,MAFIL,MAFIL,LICEO SANTO CURA DE ARS,13,XU.UNIDOS POR LA DIGNIDAD,315. IVAN CARLOS SANCHEZ VASQUEZ,IND,5.0,False
1245748,MAFIL,MAFIL,LICEO SANTO CURA DE ARS,13,XZ.ECOLOGISTAS E INDEPENDIENTES,316. XIMENA LAURENCE ALARCON,PEV,9.0,False
1245749,MAFIL,MAFIL,LICEO SANTO CURA DE ARS,13,YM.CHILE VAMOS - PRI E INDEPENDIENTES,317. NATALIA ELVIRA ESCOBAR PALACIOS,IND,3.0,False
1245750,MAFIL,MAFIL,LICEO SANTO CURA DE ARS,13,YM.CHILE VAMOS - PRI E INDEPENDIENTES,318. GHISLAINE DE LOURDES ZURITA URREA,IND,6.0,True
1245751,MAFIL,MAFIL,LICEO SANTO CURA DE ARS,13,YW.UNIDAD POR EL APRUEBO PS PPD E INDEPENDIENTES,319. GIOVANNI SALOMON FIGUEROA VEGA,PPD,2.0,False
1245752,MAFIL,MAFIL,LICEO SANTO CURA DE ARS,13,YW.UNIDAD POR EL APRUEBO PS PPD E INDEPENDIENTES,320. ESTER CASTILLO GUTIERREZ,PPD,2.0,False
1245753,MAFIL,MAFIL,LICEO SANTO CURA DE ARS,13,YW.UNIDAD POR EL APRUEBO PS PPD E INDEPENDIENTES,321. CARLOS ORTIZ SOTO,PPD,1.0,False
1245754,MAFIL,MAFIL,LICEO SANTO CURA DE ARS,13,YW.UNIDAD POR EL APRUEBO PS PPD E INDEPENDIENTES,322. EDUARDO GERMAN ACUÑA ACUÑA,PS,20.0,True
1245755,MAFIL,MAFIL,LICEO SANTO CURA DE ARS,13,YW.UNIDAD POR EL APRUEBO PS PPD E INDEPENDIENTES,323. ERICA DEL CARMEN LAURENCE AGUERO,IND,4.0,False
1245756,MAFIL,MAFIL,LICEO SANTO CURA DE ARS,13,ZJ.CHILE VAMOS UDI - INDEPENDIENTES,324. GLORIA PATRICIA FLANDEZ DEL VALLE,UDI,2.0,False
1245757,MAFIL,MAFIL,LICEO SANTO CURA DE ARS,13,ZJ.CHILE VAMOS UDI - INDEPENDIENTES,325. JUAN EDUARDO ESCOBAR CAMPOS,UDI,1.0,False
1245758,MAFIL,MAFIL,LICEO SANTO CURA DE ARS,13,ZJ.CHILE VAMOS UDI - INDEPENDIENTES,326. XIMENA DEL PILAR SCHLEEF VARGAS,IND,1.0,False
1245759,MAFIL,MAFIL,LICEO SANTO CURA DE ARS,14,M.CHILE DIGNO VERDE Y SOBERANO,300. BERNARDA SUSANA GUERRERO SALINAS,IND,1.0,False
1245760,MAFIL,MAFIL,LICEO SANTO CURA DE ARS,14,M.CHILE DIGNO VERDE Y SOBERANO,301. JIMENA DEL CARMEN LLANQUILEF ALVIAL,IND,5.0,False
1245761,MAFIL,MAFIL,LICEO SANTO CURA DE ARS,14,M.CHILE DIGNO VERDE Y SOBERANO,302. ANYELA LISBET MUÑOZ VALLEJOS,IND,2.0,False
1245762,MAFIL,MAFIL,LICEO SANTO CURA DE ARS,14,M.CHILE DIGNO VERDE Y SOBERANO,303. JORGE ARMANDO ALVAREZ MELLADO,IND,0.0,False
1245763,MAFIL,MAFIL,LICEO SANTO CURA DE ARS,14,M.CHILE DIGNO VERDE Y SOBERANO,304. LUIS SERAFIN PEÑA VERA,IND,2.0,False
1245764,MAFIL,MAFIL,LICEO SANTO CURA DE ARS,14,XK.CHILE VAMOS RENOVACION NACIONAL - INDEPENDIENTES,305. CARLOS JAVIER TALADRIZ GARCIA,RN,3.0,True
1245765,MAFIL,MAFIL,LICEO SANTO CURA DE ARS,14,XK.CHILE VAMOS RENOVACION NACIONAL - INDEPENDIENTES,306. SANDRA BASTIAS BILBAO,IND,6.0,True
1245766,MAFIL,MAFIL,LICEO SANTO CURA DE ARS,14,XK.CHILE VAMOS RENOVACION NACIONAL - INDEPENDIENTES,307. LUIS EDUARDO GONZALEZ HUERAMAN,IND,2.0,False
1245767,MAFIL,MAFIL,LICEO SANTO CURA DE ARS,14,XK.CHILE VAMOS RENOVACION NACIONAL - INDEPENDIENTES,308. PAZ SANCHEZ FLORES,IND,6.0,False
1245768,MAFIL,MAFIL,LICEO SANTO CURA DE ARS,14,XK.CHILE VAMOS RENOVACION NACIONAL - INDEPENDIENTES,309. EDUARDO SEGUEL FLORES,IND,0.0,False
1245769,MAFIL,MAFIL,LICEO SANTO CURA DE ARS,14,XK.CHILE VAMOS RENOVACION NACIONAL - INDEPENDIENTES,310. GERARDO ANTONIO URREA VASQUEZ,IND,4.0,False
1245770,MAFIL,MAFIL,LICEO SANTO CURA DE ARS,14,XU.UNIDOS POR LA DIGNIDAD,311. DAVID EXEQUIEL SALGADO MORALES,PDC,8.0,True
1245771,MAFIL,MAFIL,LICEO SANTO CURA DE ARS,14,XU.UNIDOS POR LA DIGNIDAD,312. JOSE MAXIMO CAMPOS BEROIZA,PDC,5.0,False
1245772,MAFIL,MAFIL,LICEO SANTO CURA DE ARS,14,XU.UNIDOS POR LA DIGNIDAD,313. GUILLERMINA DEL CARMEN PEDRAZA DIAZ,IND,4.0,False
1245773,MAFIL,MAFIL,LICEO SANTO CURA DE ARS,14,XU.UNIDOS POR LA DIGNIDAD,314. EDGARDO ANDRES ESPINOZA GARAY,IND,7.0,True
1245774,MAFIL,MAFIL,LICEO SANTO CURA DE ARS,14,XU.UNIDOS POR LA DIGNIDAD,315. IVAN CARLOS SANCHEZ VASQUEZ,IND,5.0,False
1245775,MAFIL,MAFIL,LICEO SANTO CURA DE ARS,14,XZ.ECOLOGISTAS E INDEPENDIENTES,316. XIMENA LAURENCE ALARCON,PEV,5.0,False
1245776,MAFIL,MAFIL,LICEO SANTO CURA DE ARS,14,YM.CHILE VAMOS - PRI E INDEPENDIENTES,317. NATALIA ELVIRA ESCOBAR PALACIOS,IND,3.0,False
1245777,MAFIL,MAFIL,LICEO SANTO CURA DE ARS,14,YM.CHILE VAMOS - PRI E INDEPENDIENTES,318. GHISLAINE DE LOURDES ZURITA URREA,IND,10.0,True
1245778,MAFIL,MAFIL,LICEO SANTO CURA DE ARS,14,YW.UNIDAD POR EL APRUEBO PS PPD E INDEPENDIENTES,319. GIOVANNI SALOMON FIGUEROA VEGA,PPD,1.0,False
1245779,MAFIL,MAFIL,LICEO SANTO CURA DE ARS,14,YW.UNIDAD POR EL APRUEBO PS PPD E INDEPENDIENTES,320. ESTER CASTILLO GUTIERREZ,PPD,2.0,False
1245780,MAFIL,MAFIL,LICEO SANTO CURA DE ARS,14,YW.UNIDAD POR EL APRUEBO PS PPD E INDEPENDIENTES,321. CARLOS ORTIZ SOTO,PPD,0.0,False
1245781,MAFIL,MAFIL,LICEO SANTO CURA DE ARS,14,YW.UNIDAD POR EL APRUEBO PS PPD E INDEPENDIENTES,322. EDUARDO GERMAN ACUÑA ACUÑA,PS,6.0,True
1245782,MAFIL,MAFIL,LICEO SANTO CURA DE ARS,14,YW.UNIDAD POR EL APRUEBO PS PPD E INDEPENDIENTES,323. ERICA DEL CARMEN LAURENCE AGUERO,IND,2.0,False
1245783,MAFIL,MAFIL,LICEO SANTO CURA DE ARS,14,ZJ.CHILE VAMOS UDI - INDEPENDIENTES,324. GLORIA PATRICIA FLANDEZ DEL VALLE,UDI,1.0,False
1245784,MAFIL,MAFIL,LICEO SANTO CURA DE ARS,14,ZJ.CHILE VAMOS UDI - INDEPENDIENTES,325. JUAN EDUARDO ESCOBAR CAMPOS,UDI,4.0,False
1245785,MAFIL,MAFIL,LICEO SANTO CURA DE ARS,14,ZJ.CHILE VAMOS UDI - INDEPENDIENTES,326. XIMENA DEL PILAR SCHLEEF VARGAS,IND,0.0,False
