,COMUNA,CIRC_ELEC,LOCAL,MESA,LISTA,CANDIDATX,PARTIDO,VOTOS,ELECTX
1421990,NEGRETE,COIGUE,ESCUELA BASICA VILLA COIGUE,1,XK.CHILE VAMOS RENOVACION NACIONAL - INDEPENDIENTES,300. JORGE RAFAEL HORMAZABAL VALENZUELA,RN,5.0,False
1421991,NEGRETE,COIGUE,ESCUELA BASICA VILLA COIGUE,1,XK.CHILE VAMOS RENOVACION NACIONAL - INDEPENDIENTES,301. ADA LOBOS DIAZ,RN,2.0,False
1421992,NEGRETE,COIGUE,ESCUELA BASICA VILLA COIGUE,1,XK.CHILE VAMOS RENOVACION NACIONAL - INDEPENDIENTES,302. NATHALY PILAR ROJAS PAREDES,RN,2.0,False
1421993,NEGRETE,COIGUE,ESCUELA BASICA VILLA COIGUE,1,XU.UNIDOS POR LA DIGNIDAD,303. CARLOS HUMBERTO TORRES MATAMALA,PRO,8.0,False
1421994,NEGRETE,COIGUE,ESCUELA BASICA VILLA COIGUE,1,XU.UNIDOS POR LA DIGNIDAD,304. MARCO ANTONIO CARRASCO VIVEROS,PRO,4.0,False
1421995,NEGRETE,COIGUE,ESCUELA BASICA VILLA COIGUE,1,XU.UNIDOS POR LA DIGNIDAD,305. JUAN MANUEL BARNACHEA INOSTROZA,PDC,18.0,True
1421996,NEGRETE,COIGUE,ESCUELA BASICA VILLA COIGUE,1,XU.UNIDOS POR LA DIGNIDAD,306. ROSA YANET SALAMANCA COFRE,PDC,19.0,True
1421997,NEGRETE,COIGUE,ESCUELA BASICA VILLA COIGUE,1,XU.UNIDOS POR LA DIGNIDAD,307. FELIPE ANDRES PINO CUEVAS,IND,7.0,False
1421998,NEGRETE,COIGUE,ESCUELA BASICA VILLA COIGUE,1,XU.UNIDOS POR LA DIGNIDAD,308. OLAYO DIOMEDES TOLEDO MONTANARES,IND,4.0,False
1421999,NEGRETE,COIGUE,ESCUELA BASICA VILLA COIGUE,1,YW.UNIDAD POR EL APRUEBO PS PPD E INDEPENDIENTES,309. VICTOR JORGE MUÑOZ BARNACHEA,PPD,2.0,False
1422000,NEGRETE,COIGUE,ESCUELA BASICA VILLA COIGUE,1,YW.UNIDAD POR EL APRUEBO PS PPD E INDEPENDIENTES,310. EDWIN  VON-JENTSCHYK CRUZ,PS,10.0,True
1422001,NEGRETE,COIGUE,ESCUELA BASICA VILLA COIGUE,1,YW.UNIDAD POR EL APRUEBO PS PPD E INDEPENDIENTES,311. FABIAN ALEJANDRO LIZAMA PEREZ,IND,13.0,True
1422002,NEGRETE,COIGUE,ESCUELA BASICA VILLA COIGUE,1,YW.UNIDAD POR EL APRUEBO PS PPD E INDEPENDIENTES,312. MIRTA ELINA ALEGRIA MUÑOZ,IND,2.0,False
1422003,NEGRETE,COIGUE,ESCUELA BASICA VILLA COIGUE,1,ZJ.CHILE VAMOS UDI - INDEPENDIENTES,313. MONICA LOYOLA GODOY,UDI,4.0,False
1422004,NEGRETE,COIGUE,ESCUELA BASICA VILLA COIGUE,1,ZJ.CHILE VAMOS UDI - INDEPENDIENTES,314. JUAN PABLO ORREGO VASQUEZ,UDI,1.0,True
1422005,NEGRETE,COIGUE,ESCUELA BASICA VILLA COIGUE,1,ZJ.CHILE VAMOS UDI - INDEPENDIENTES,315. OSCAR EDGARDO BURGOS VIDAL,UDI,6.0,False
1422006,NEGRETE,COIGUE,ESCUELA BASICA VILLA COIGUE,1,ZJ.CHILE VAMOS UDI - INDEPENDIENTES,316. SOLEDAD DEL CARMEN MUÑOZ AGUILERA,IND,2.0,False
1422007,NEGRETE,COIGUE,ESCUELA BASICA VILLA COIGUE,1,ZJ.CHILE VAMOS UDI - INDEPENDIENTES,317. CARLINA DEL CARMEN SOTO PONCE,IND,1.0,False
1422008,NEGRETE,COIGUE,ESCUELA BASICA VILLA COIGUE,1,ZU.RADICALES E INDEPENDIENTES,318. MARCOS DANILO TRONCOSO SALGADO,PR,8.0,True
1422009,NEGRETE,COIGUE,ESCUELA BASICA VILLA COIGUE,1,ZU.RADICALES E INDEPENDIENTES,319. ANA MERCEDES VARAS ESCOBAR,PR,58.0,False
1422010,NEGRETE,COIGUE,ESCUELA BASICA VILLA COIGUE,1,ZU.RADICALES E INDEPENDIENTES,320. JOHANNA CECILIA QUINTANA SOTO,IND,1.0,False
1422011,NEGRETE,COIGUE,ESCUELA BASICA VILLA COIGUE,1,ZU.RADICALES E INDEPENDIENTES,321. JORGE LUIS CARRILLO FERNANDEZ,IND,1.0,False
1422012,NEGRETE,COIGUE,ESCUELA BASICA VILLA COIGUE,2,XK.CHILE VAMOS RENOVACION NACIONAL - INDEPENDIENTES,300. JORGE RAFAEL HORMAZABAL VALENZUELA,RN,7.0,False
1422013,NEGRETE,COIGUE,ESCUELA BASICA VILLA COIGUE,2,XK.CHILE VAMOS RENOVACION NACIONAL - INDEPENDIENTES,301. ADA LOBOS DIAZ,RN,0.0,False
1422014,NEGRETE,COIGUE,ESCUELA BASICA VILLA COIGUE,2,XK.CHILE VAMOS RENOVACION NACIONAL - INDEPENDIENTES,302. NATHALY PILAR ROJAS PAREDES,RN,1.0,False
1422015,NEGRETE,COIGUE,ESCUELA BASICA VILLA COIGUE,2,XU.UNIDOS POR LA DIGNIDAD,303. CARLOS HUMBERTO TORRES MATAMALA,PRO,1.0,False
1422016,NEGRETE,COIGUE,ESCUELA BASICA VILLA COIGUE,2,XU.UNIDOS POR LA DIGNIDAD,304. MARCO ANTONIO CARRASCO VIVEROS,PRO,0.0,False
1422017,NEGRETE,COIGUE,ESCUELA BASICA VILLA COIGUE,2,XU.UNIDOS POR LA DIGNIDAD,305. JUAN MANUEL BARNACHEA INOSTROZA,PDC,5.0,True
1422018,NEGRETE,COIGUE,ESCUELA BASICA VILLA COIGUE,2,XU.UNIDOS POR LA DIGNIDAD,306. ROSA YANET SALAMANCA COFRE,PDC,24.0,True
1422019,NEGRETE,COIGUE,ESCUELA BASICA VILLA COIGUE,2,XU.UNIDOS POR LA DIGNIDAD,307. FELIPE ANDRES PINO CUEVAS,IND,11.0,False
1422020,NEGRETE,COIGUE,ESCUELA BASICA VILLA COIGUE,2,XU.UNIDOS POR LA DIGNIDAD,308. OLAYO DIOMEDES TOLEDO MONTANARES,IND,2.0,False
1422021,NEGRETE,COIGUE,ESCUELA BASICA VILLA COIGUE,2,YW.UNIDAD POR EL APRUEBO PS PPD E INDEPENDIENTES,309. VICTOR JORGE MUÑOZ BARNACHEA,PPD,4.0,False
1422022,NEGRETE,COIGUE,ESCUELA BASICA VILLA COIGUE,2,YW.UNIDAD POR EL APRUEBO PS PPD E INDEPENDIENTES,310. EDWIN  VON-JENTSCHYK CRUZ,PS,10.0,True
1422023,NEGRETE,COIGUE,ESCUELA BASICA VILLA COIGUE,2,YW.UNIDAD POR EL APRUEBO PS PPD E INDEPENDIENTES,311. FABIAN ALEJANDRO LIZAMA PEREZ,IND,2.0,True
1422024,NEGRETE,COIGUE,ESCUELA BASICA VILLA COIGUE,2,YW.UNIDAD POR EL APRUEBO PS PPD E INDEPENDIENTES,312. MIRTA ELINA ALEGRIA MUÑOZ,IND,1.0,False
1422025,NEGRETE,COIGUE,ESCUELA BASICA VILLA COIGUE,2,ZJ.CHILE VAMOS UDI - INDEPENDIENTES,313. MONICA LOYOLA GODOY,UDI,1.0,False
1422026,NEGRETE,COIGUE,ESCUELA BASICA VILLA COIGUE,2,ZJ.CHILE VAMOS UDI - INDEPENDIENTES,314. JUAN PABLO ORREGO VASQUEZ,UDI,2.0,True
1422027,NEGRETE,COIGUE,ESCUELA BASICA VILLA COIGUE,2,ZJ.CHILE VAMOS UDI - INDEPENDIENTES,315. OSCAR EDGARDO BURGOS VIDAL,UDI,4.0,False
1422028,NEGRETE,COIGUE,ESCUELA BASICA VILLA COIGUE,2,ZJ.CHILE VAMOS UDI - INDEPENDIENTES,316. SOLEDAD DEL CARMEN MUÑOZ AGUILERA,IND,0.0,False
1422029,NEGRETE,COIGUE,ESCUELA BASICA VILLA COIGUE,2,ZJ.CHILE VAMOS UDI - INDEPENDIENTES,317. CARLINA DEL CARMEN SOTO PONCE,IND,0.0,False
1422030,NEGRETE,COIGUE,ESCUELA BASICA VILLA COIGUE,2,ZU.RADICALES E INDEPENDIENTES,318. MARCOS DANILO TRONCOSO SALGADO,PR,8.0,True
1422031,NEGRETE,COIGUE,ESCUELA BASICA VILLA COIGUE,2,ZU.RADICALES E INDEPENDIENTES,319. ANA MERCEDES VARAS ESCOBAR,PR,44.0,False
1422032,NEGRETE,COIGUE,ESCUELA BASICA VILLA COIGUE,2,ZU.RADICALES E INDEPENDIENTES,320. JOHANNA CECILIA QUINTANA SOTO,IND,1.0,False
1422033,NEGRETE,COIGUE,ESCUELA BASICA VILLA COIGUE,2,ZU.RADICALES E INDEPENDIENTES,321. JORGE LUIS CARRILLO FERNANDEZ,IND,5.0,False
1422034,NEGRETE,COIGUE,ESCUELA BASICA VILLA COIGUE,3,XK.CHILE VAMOS RENOVACION NACIONAL - INDEPENDIENTES,300. JORGE RAFAEL HORMAZABAL VALENZUELA,RN,5.0,False
1422035,NEGRETE,COIGUE,ESCUELA BASICA VILLA COIGUE,3,XK.CHILE VAMOS RENOVACION NACIONAL - INDEPENDIENTES,301. ADA LOBOS DIAZ,RN,1.0,False
1422036,NEGRETE,COIGUE,ESCUELA BASICA VILLA COIGUE,3,XK.CHILE VAMOS RENOVACION NACIONAL - INDEPENDIENTES,302. NATHALY PILAR ROJAS PAREDES,RN,0.0,False
1422037,NEGRETE,COIGUE,ESCUELA BASICA VILLA COIGUE,3,XU.UNIDOS POR LA DIGNIDAD,303. CARLOS HUMBERTO TORRES MATAMALA,PRO,11.0,False
1422038,NEGRETE,COIGUE,ESCUELA BASICA VILLA COIGUE,3,XU.UNIDOS POR LA DIGNIDAD,304. MARCO ANTONIO CARRASCO VIVEROS,PRO,1.0,False
1422039,NEGRETE,COIGUE,ESCUELA BASICA VILLA COIGUE,3,XU.UNIDOS POR LA DIGNIDAD,305. JUAN MANUEL BARNACHEA INOSTROZA,PDC,9.0,True
1422040,NEGRETE,COIGUE,ESCUELA BASICA VILLA COIGUE,3,XU.UNIDOS POR LA DIGNIDAD,306. ROSA YANET SALAMANCA COFRE,PDC,14.0,True
1422041,NEGRETE,COIGUE,ESCUELA BASICA VILLA COIGUE,3,XU.UNIDOS POR LA DIGNIDAD,307. FELIPE ANDRES PINO CUEVAS,IND,11.0,False
1422042,NEGRETE,COIGUE,ESCUELA BASICA VILLA COIGUE,3,XU.UNIDOS POR LA DIGNIDAD,308. OLAYO DIOMEDES TOLEDO MONTANARES,IND,3.0,False
1422043,NEGRETE,COIGUE,ESCUELA BASICA VILLA COIGUE,3,YW.UNIDAD POR EL APRUEBO PS PPD E INDEPENDIENTES,309. VICTOR JORGE MUÑOZ BARNACHEA,PPD,2.0,False
1422044,NEGRETE,COIGUE,ESCUELA BASICA VILLA COIGUE,3,YW.UNIDAD POR EL APRUEBO PS PPD E INDEPENDIENTES,310. EDWIN  VON-JENTSCHYK CRUZ,PS,7.0,True
1422045,NEGRETE,COIGUE,ESCUELA BASICA VILLA COIGUE,3,YW.UNIDAD POR EL APRUEBO PS PPD E INDEPENDIENTES,311. FABIAN ALEJANDRO LIZAMA PEREZ,IND,9.0,True
1422046,NEGRETE,COIGUE,ESCUELA BASICA VILLA COIGUE,3,YW.UNIDAD POR EL APRUEBO PS PPD E INDEPENDIENTES,312. MIRTA ELINA ALEGRIA MUÑOZ,IND,0.0,False
1422047,NEGRETE,COIGUE,ESCUELA BASICA VILLA COIGUE,3,ZJ.CHILE VAMOS UDI - INDEPENDIENTES,313. MONICA LOYOLA GODOY,UDI,1.0,False
1422048,NEGRETE,COIGUE,ESCUELA BASICA VILLA COIGUE,3,ZJ.CHILE VAMOS UDI - INDEPENDIENTES,314. JUAN PABLO ORREGO VASQUEZ,UDI,8.0,True
1422049,NEGRETE,COIGUE,ESCUELA BASICA VILLA COIGUE,3,ZJ.CHILE VAMOS UDI - INDEPENDIENTES,315. OSCAR EDGARDO BURGOS VIDAL,UDI,8.0,False
1422050,NEGRETE,COIGUE,ESCUELA BASICA VILLA COIGUE,3,ZJ.CHILE VAMOS UDI - INDEPENDIENTES,316. SOLEDAD DEL CARMEN MUÑOZ AGUILERA,IND,3.0,False
1422051,NEGRETE,COIGUE,ESCUELA BASICA VILLA COIGUE,3,ZJ.CHILE VAMOS UDI - INDEPENDIENTES,317. CARLINA DEL CARMEN SOTO PONCE,IND,4.0,False
1422052,NEGRETE,COIGUE,ESCUELA BASICA VILLA COIGUE,3,ZU.RADICALES E INDEPENDIENTES,318. MARCOS DANILO TRONCOSO SALGADO,PR,10.0,True
1422053,NEGRETE,COIGUE,ESCUELA BASICA VILLA COIGUE,3,ZU.RADICALES E INDEPENDIENTES,319. ANA MERCEDES VARAS ESCOBAR,PR,30.0,False
1422054,NEGRETE,COIGUE,ESCUELA BASICA VILLA COIGUE,3,ZU.RADICALES E INDEPENDIENTES,320. JOHANNA CECILIA QUINTANA SOTO,IND,1.0,False
1422055,NEGRETE,COIGUE,ESCUELA BASICA VILLA COIGUE,3,ZU.RADICALES E INDEPENDIENTES,321. JORGE LUIS CARRILLO FERNANDEZ,IND,1.0,False
1422056,NEGRETE,COIGUE,ESCUELA BASICA VILLA COIGUE,4,XK.CHILE VAMOS RENOVACION NACIONAL - INDEPENDIENTES,300. JORGE RAFAEL HORMAZABAL VALENZUELA,RN,8.0,False
1422057,NEGRETE,COIGUE,ESCUELA BASICA VILLA COIGUE,4,XK.CHILE VAMOS RENOVACION NACIONAL - INDEPENDIENTES,301. ADA LOBOS DIAZ,RN,2.0,False
1422058,NEGRETE,COIGUE,ESCUELA BASICA VILLA COIGUE,4,XK.CHILE VAMOS RENOVACION NACIONAL - INDEPENDIENTES,302. NATHALY PILAR ROJAS PAREDES,RN,1.0,False
1422059,NEGRETE,COIGUE,ESCUELA BASICA VILLA COIGUE,4,XU.UNIDOS POR LA DIGNIDAD,303. CARLOS HUMBERTO TORRES MATAMALA,PRO,4.0,False
1422060,NEGRETE,COIGUE,ESCUELA BASICA VILLA COIGUE,4,XU.UNIDOS POR LA DIGNIDAD,304. MARCO ANTONIO CARRASCO VIVEROS,PRO,3.0,False
1422061,NEGRETE,COIGUE,ESCUELA BASICA VILLA COIGUE,4,XU.UNIDOS POR LA DIGNIDAD,305. JUAN MANUEL BARNACHEA INOSTROZA,PDC,9.0,True
1422062,NEGRETE,COIGUE,ESCUELA BASICA VILLA COIGUE,4,XU.UNIDOS POR LA DIGNIDAD,306. ROSA YANET SALAMANCA COFRE,PDC,12.0,True
1422063,NEGRETE,COIGUE,ESCUELA BASICA VILLA COIGUE,4,XU.UNIDOS POR LA DIGNIDAD,307. FELIPE ANDRES PINO CUEVAS,IND,15.0,False
1422064,NEGRETE,COIGUE,ESCUELA BASICA VILLA COIGUE,4,XU.UNIDOS POR LA DIGNIDAD,308. OLAYO DIOMEDES TOLEDO MONTANARES,IND,1.0,False
1422065,NEGRETE,COIGUE,ESCUELA BASICA VILLA COIGUE,4,YW.UNIDAD POR EL APRUEBO PS PPD E INDEPENDIENTES,309. VICTOR JORGE MUÑOZ BARNACHEA,PPD,0.0,False
1422066,NEGRETE,COIGUE,ESCUELA BASICA VILLA COIGUE,4,YW.UNIDAD POR EL APRUEBO PS PPD E INDEPENDIENTES,310. EDWIN  VON-JENTSCHYK CRUZ,PS,6.0,True
1422067,NEGRETE,COIGUE,ESCUELA BASICA VILLA COIGUE,4,YW.UNIDAD POR EL APRUEBO PS PPD E INDEPENDIENTES,311. FABIAN ALEJANDRO LIZAMA PEREZ,IND,4.0,True
1422068,NEGRETE,COIGUE,ESCUELA BASICA VILLA COIGUE,4,YW.UNIDAD POR EL APRUEBO PS PPD E INDEPENDIENTES,312. MIRTA ELINA ALEGRIA MUÑOZ,IND,3.0,False
1422069,NEGRETE,COIGUE,ESCUELA BASICA VILLA COIGUE,4,ZJ.CHILE VAMOS UDI - INDEPENDIENTES,313. MONICA LOYOLA GODOY,UDI,4.0,False
1422070,NEGRETE,COIGUE,ESCUELA BASICA VILLA COIGUE,4,ZJ.CHILE VAMOS UDI - INDEPENDIENTES,314. JUAN PABLO ORREGO VASQUEZ,UDI,0.0,True
1422071,NEGRETE,COIGUE,ESCUELA BASICA VILLA COIGUE,4,ZJ.CHILE VAMOS UDI - INDEPENDIENTES,315. OSCAR EDGARDO BURGOS VIDAL,UDI,3.0,False
1422072,NEGRETE,COIGUE,ESCUELA BASICA VILLA COIGUE,4,ZJ.CHILE VAMOS UDI - INDEPENDIENTES,316. SOLEDAD DEL CARMEN MUÑOZ AGUILERA,IND,2.0,False
1422073,NEGRETE,COIGUE,ESCUELA BASICA VILLA COIGUE,4,ZJ.CHILE VAMOS UDI - INDEPENDIENTES,317. CARLINA DEL CARMEN SOTO PONCE,IND,3.0,False
1422074,NEGRETE,COIGUE,ESCUELA BASICA VILLA COIGUE,4,ZU.RADICALES E INDEPENDIENTES,318. MARCOS DANILO TRONCOSO SALGADO,PR,5.0,True
1422075,NEGRETE,COIGUE,ESCUELA BASICA VILLA COIGUE,4,ZU.RADICALES E INDEPENDIENTES,319. ANA MERCEDES VARAS ESCOBAR,PR,30.0,False
1422076,NEGRETE,COIGUE,ESCUELA BASICA VILLA COIGUE,4,ZU.RADICALES E INDEPENDIENTES,320. JOHANNA CECILIA QUINTANA SOTO,IND,1.0,False
1422077,NEGRETE,COIGUE,ESCUELA BASICA VILLA COIGUE,4,ZU.RADICALES E INDEPENDIENTES,321. JORGE LUIS CARRILLO FERNANDEZ,IND,1.0,False
1422078,NEGRETE,NEGRETE,LICEO POLIVALENTE LA FRONTERA,1M,XK.CHILE VAMOS RENOVACION NACIONAL - INDEPENDIENTES,300. JORGE RAFAEL HORMAZABAL VALENZUELA,RN,0.0,False
1422079,NEGRETE,NEGRETE,LICEO POLIVALENTE LA FRONTERA,1M,XK.CHILE VAMOS RENOVACION NACIONAL - INDEPENDIENTES,301. ADA LOBOS DIAZ,RN,1.0,False
1422080,NEGRETE,NEGRETE,LICEO POLIVALENTE LA FRONTERA,1M,XK.CHILE VAMOS RENOVACION NACIONAL - INDEPENDIENTES,302. NATHALY PILAR ROJAS PAREDES,RN,3.0,False
1422081,NEGRETE,NEGRETE,LICEO POLIVALENTE LA FRONTERA,1M,XU.UNIDOS POR LA DIGNIDAD,303. CARLOS HUMBERTO TORRES MATAMALA,PRO,3.0,False
1422082,NEGRETE,NEGRETE,LICEO POLIVALENTE LA FRONTERA,1M,XU.UNIDOS POR LA DIGNIDAD,304. MARCO ANTONIO CARRASCO VIVEROS,PRO,3.0,False
1422083,NEGRETE,NEGRETE,LICEO POLIVALENTE LA FRONTERA,1M,XU.UNIDOS POR LA DIGNIDAD,305. JUAN MANUEL BARNACHEA INOSTROZA,PDC,18.0,True
1422084,NEGRETE,NEGRETE,LICEO POLIVALENTE LA FRONTERA,1M,XU.UNIDOS POR LA DIGNIDAD,306. ROSA YANET SALAMANCA COFRE,PDC,10.0,True
1422085,NEGRETE,NEGRETE,LICEO POLIVALENTE LA FRONTERA,1M,XU.UNIDOS POR LA DIGNIDAD,307. FELIPE ANDRES PINO CUEVAS,IND,5.0,False
1422086,NEGRETE,NEGRETE,LICEO POLIVALENTE LA FRONTERA,1M,XU.UNIDOS POR LA DIGNIDAD,308. OLAYO DIOMEDES TOLEDO MONTANARES,IND,1.0,False
1422087,NEGRETE,NEGRETE,LICEO POLIVALENTE LA FRONTERA,1M,YW.UNIDAD POR EL APRUEBO PS PPD E INDEPENDIENTES,309. VICTOR JORGE MUÑOZ BARNACHEA,PPD,1.0,False
1422088,NEGRETE,NEGRETE,LICEO POLIVALENTE LA FRONTERA,1M,YW.UNIDAD POR EL APRUEBO PS PPD E INDEPENDIENTES,310. EDWIN  VON-JENTSCHYK CRUZ,PS,16.0,True
1422089,NEGRETE,NEGRETE,LICEO POLIVALENTE LA FRONTERA,1M,YW.UNIDAD POR EL APRUEBO PS PPD E INDEPENDIENTES,311. FABIAN ALEJANDRO LIZAMA PEREZ,IND,19.0,True
1422090,NEGRETE,NEGRETE,LICEO POLIVALENTE LA FRONTERA,1M,YW.UNIDAD POR EL APRUEBO PS PPD E INDEPENDIENTES,312. MIRTA ELINA ALEGRIA MUÑOZ,IND,6.0,False
1422091,NEGRETE,NEGRETE,LICEO POLIVALENTE LA FRONTERA,1M,ZJ.CHILE VAMOS UDI - INDEPENDIENTES,313. MONICA LOYOLA GODOY,UDI,5.0,False
1422092,NEGRETE,NEGRETE,LICEO POLIVALENTE LA FRONTERA,1M,ZJ.CHILE VAMOS UDI - INDEPENDIENTES,314. JUAN PABLO ORREGO VASQUEZ,UDI,3.0,True
1422093,NEGRETE,NEGRETE,LICEO POLIVALENTE LA FRONTERA,1M,ZJ.CHILE VAMOS UDI - INDEPENDIENTES,315. OSCAR EDGARDO BURGOS VIDAL,UDI,5.0,False
1422094,NEGRETE,NEGRETE,LICEO POLIVALENTE LA FRONTERA,1M,ZJ.CHILE VAMOS UDI - INDEPENDIENTES,316. SOLEDAD DEL CARMEN MUÑOZ AGUILERA,IND,7.0,False
1422095,NEGRETE,NEGRETE,LICEO POLIVALENTE LA FRONTERA,1M,ZJ.CHILE VAMOS UDI - INDEPENDIENTES,317. CARLINA DEL CARMEN SOTO PONCE,IND,8.0,False
1422096,NEGRETE,NEGRETE,LICEO POLIVALENTE LA FRONTERA,1M,ZU.RADICALES E INDEPENDIENTES,318. MARCOS DANILO TRONCOSO SALGADO,PR,10.0,True
1422097,NEGRETE,NEGRETE,LICEO POLIVALENTE LA FRONTERA,1M,ZU.RADICALES E INDEPENDIENTES,319. ANA MERCEDES VARAS ESCOBAR,PR,2.0,False
1422098,NEGRETE,NEGRETE,LICEO POLIVALENTE LA FRONTERA,1M,ZU.RADICALES E INDEPENDIENTES,320. JOHANNA CECILIA QUINTANA SOTO,IND,4.0,False
1422099,NEGRETE,NEGRETE,LICEO POLIVALENTE LA FRONTERA,1M,ZU.RADICALES E INDEPENDIENTES,321. JORGE LUIS CARRILLO FERNANDEZ,IND,3.0,False
1422100,NEGRETE,NEGRETE,LICEO POLIVALENTE LA FRONTERA,2M,XK.CHILE VAMOS RENOVACION NACIONAL - INDEPENDIENTES,300. JORGE RAFAEL HORMAZABAL VALENZUELA,RN,0.0,False
1422101,NEGRETE,NEGRETE,LICEO POLIVALENTE LA FRONTERA,2M,XK.CHILE VAMOS RENOVACION NACIONAL - INDEPENDIENTES,301. ADA LOBOS DIAZ,RN,1.0,False
1422102,NEGRETE,NEGRETE,LICEO POLIVALENTE LA FRONTERA,2M,XK.CHILE VAMOS RENOVACION NACIONAL - INDEPENDIENTES,302. NATHALY PILAR ROJAS PAREDES,RN,2.0,False
1422103,NEGRETE,NEGRETE,LICEO POLIVALENTE LA FRONTERA,2M,XU.UNIDOS POR LA DIGNIDAD,303. CARLOS HUMBERTO TORRES MATAMALA,PRO,4.0,False
1422104,NEGRETE,NEGRETE,LICEO POLIVALENTE LA FRONTERA,2M,XU.UNIDOS POR LA DIGNIDAD,304. MARCO ANTONIO CARRASCO VIVEROS,PRO,0.0,False
1422105,NEGRETE,NEGRETE,LICEO POLIVALENTE LA FRONTERA,2M,XU.UNIDOS POR LA DIGNIDAD,305. JUAN MANUEL BARNACHEA INOSTROZA,PDC,19.0,True
1422106,NEGRETE,NEGRETE,LICEO POLIVALENTE LA FRONTERA,2M,XU.UNIDOS POR LA DIGNIDAD,306. ROSA YANET SALAMANCA COFRE,PDC,5.0,True
1422107,NEGRETE,NEGRETE,LICEO POLIVALENTE LA FRONTERA,2M,XU.UNIDOS POR LA DIGNIDAD,307. FELIPE ANDRES PINO CUEVAS,IND,3.0,False
1422108,NEGRETE,NEGRETE,LICEO POLIVALENTE LA FRONTERA,2M,XU.UNIDOS POR LA DIGNIDAD,308. OLAYO DIOMEDES TOLEDO MONTANARES,IND,0.0,False
1422109,NEGRETE,NEGRETE,LICEO POLIVALENTE LA FRONTERA,2M,YW.UNIDAD POR EL APRUEBO PS PPD E INDEPENDIENTES,309. VICTOR JORGE MUÑOZ BARNACHEA,PPD,2.0,False
1422110,NEGRETE,NEGRETE,LICEO POLIVALENTE LA FRONTERA,2M,YW.UNIDAD POR EL APRUEBO PS PPD E INDEPENDIENTES,310. EDWIN  VON-JENTSCHYK CRUZ,PS,18.0,True
1422111,NEGRETE,NEGRETE,LICEO POLIVALENTE LA FRONTERA,2M,YW.UNIDAD POR EL APRUEBO PS PPD E INDEPENDIENTES,311. FABIAN ALEJANDRO LIZAMA PEREZ,IND,21.0,True
1422112,NEGRETE,NEGRETE,LICEO POLIVALENTE LA FRONTERA,2M,YW.UNIDAD POR EL APRUEBO PS PPD E INDEPENDIENTES,312. MIRTA ELINA ALEGRIA MUÑOZ,IND,0.0,False
1422113,NEGRETE,NEGRETE,LICEO POLIVALENTE LA FRONTERA,2M,ZJ.CHILE VAMOS UDI - INDEPENDIENTES,313. MONICA LOYOLA GODOY,UDI,7.0,False
1422114,NEGRETE,NEGRETE,LICEO POLIVALENTE LA FRONTERA,2M,ZJ.CHILE VAMOS UDI - INDEPENDIENTES,314. JUAN PABLO ORREGO VASQUEZ,UDI,9.0,True
1422115,NEGRETE,NEGRETE,LICEO POLIVALENTE LA FRONTERA,2M,ZJ.CHILE VAMOS UDI - INDEPENDIENTES,315. OSCAR EDGARDO BURGOS VIDAL,UDI,7.0,False
1422116,NEGRETE,NEGRETE,LICEO POLIVALENTE LA FRONTERA,2M,ZJ.CHILE VAMOS UDI - INDEPENDIENTES,316. SOLEDAD DEL CARMEN MUÑOZ AGUILERA,IND,3.0,False
1422117,NEGRETE,NEGRETE,LICEO POLIVALENTE LA FRONTERA,2M,ZJ.CHILE VAMOS UDI - INDEPENDIENTES,317. CARLINA DEL CARMEN SOTO PONCE,IND,4.0,False
1422118,NEGRETE,NEGRETE,LICEO POLIVALENTE LA FRONTERA,2M,ZU.RADICALES E INDEPENDIENTES,318. MARCOS DANILO TRONCOSO SALGADO,PR,11.0,True
1422119,NEGRETE,NEGRETE,LICEO POLIVALENTE LA FRONTERA,2M,ZU.RADICALES E INDEPENDIENTES,319. ANA MERCEDES VARAS ESCOBAR,PR,0.0,False
1422120,NEGRETE,NEGRETE,LICEO POLIVALENTE LA FRONTERA,2M,ZU.RADICALES E INDEPENDIENTES,320. JOHANNA CECILIA QUINTANA SOTO,IND,1.0,False
1422121,NEGRETE,NEGRETE,LICEO POLIVALENTE LA FRONTERA,2M,ZU.RADICALES E INDEPENDIENTES,321. JORGE LUIS CARRILLO FERNANDEZ,IND,6.0,False
1422122,NEGRETE,NEGRETE,LICEO POLIVALENTE LA FRONTERA,3M,XK.CHILE VAMOS RENOVACION NACIONAL - INDEPENDIENTES,300. JORGE RAFAEL HORMAZABAL VALENZUELA,RN,3.0,False
1422123,NEGRETE,NEGRETE,LICEO POLIVALENTE LA FRONTERA,3M,XK.CHILE VAMOS RENOVACION NACIONAL - INDEPENDIENTES,301. ADA LOBOS DIAZ,RN,1.0,False
1422124,NEGRETE,NEGRETE,LICEO POLIVALENTE LA FRONTERA,3M,XK.CHILE VAMOS RENOVACION NACIONAL - INDEPENDIENTES,302. NATHALY PILAR ROJAS PAREDES,RN,1.0,False
1422125,NEGRETE,NEGRETE,LICEO POLIVALENTE LA FRONTERA,3M,XU.UNIDOS POR LA DIGNIDAD,303. CARLOS HUMBERTO TORRES MATAMALA,PRO,3.0,False
1422126,NEGRETE,NEGRETE,LICEO POLIVALENTE LA FRONTERA,3M,XU.UNIDOS POR LA DIGNIDAD,304. MARCO ANTONIO CARRASCO VIVEROS,PRO,5.0,False
1422127,NEGRETE,NEGRETE,LICEO POLIVALENTE LA FRONTERA,3M,XU.UNIDOS POR LA DIGNIDAD,305. JUAN MANUEL BARNACHEA INOSTROZA,PDC,29.0,True
1422128,NEGRETE,NEGRETE,LICEO POLIVALENTE LA FRONTERA,3M,XU.UNIDOS POR LA DIGNIDAD,306. ROSA YANET SALAMANCA COFRE,PDC,6.0,True
1422129,NEGRETE,NEGRETE,LICEO POLIVALENTE LA FRONTERA,3M,XU.UNIDOS POR LA DIGNIDAD,307. FELIPE ANDRES PINO CUEVAS,IND,7.0,False
1422130,NEGRETE,NEGRETE,LICEO POLIVALENTE LA FRONTERA,3M,XU.UNIDOS POR LA DIGNIDAD,308. OLAYO DIOMEDES TOLEDO MONTANARES,IND,0.0,False
1422131,NEGRETE,NEGRETE,LICEO POLIVALENTE LA FRONTERA,3M,YW.UNIDAD POR EL APRUEBO PS PPD E INDEPENDIENTES,309. VICTOR JORGE MUÑOZ BARNACHEA,PPD,0.0,False
1422132,NEGRETE,NEGRETE,LICEO POLIVALENTE LA FRONTERA,3M,YW.UNIDAD POR EL APRUEBO PS PPD E INDEPENDIENTES,310. EDWIN  VON-JENTSCHYK CRUZ,PS,16.0,True
1422133,NEGRETE,NEGRETE,LICEO POLIVALENTE LA FRONTERA,3M,YW.UNIDAD POR EL APRUEBO PS PPD E INDEPENDIENTES,311. FABIAN ALEJANDRO LIZAMA PEREZ,IND,25.0,True
1422134,NEGRETE,NEGRETE,LICEO POLIVALENTE LA FRONTERA,3M,YW.UNIDAD POR EL APRUEBO PS PPD E INDEPENDIENTES,312. MIRTA ELINA ALEGRIA MUÑOZ,IND,1.0,False
1422135,NEGRETE,NEGRETE,LICEO POLIVALENTE LA FRONTERA,3M,ZJ.CHILE VAMOS UDI - INDEPENDIENTES,313. MONICA LOYOLA GODOY,UDI,10.0,False
1422136,NEGRETE,NEGRETE,LICEO POLIVALENTE LA FRONTERA,3M,ZJ.CHILE VAMOS UDI - INDEPENDIENTES,314. JUAN PABLO ORREGO VASQUEZ,UDI,16.0,True
1422137,NEGRETE,NEGRETE,LICEO POLIVALENTE LA FRONTERA,3M,ZJ.CHILE VAMOS UDI - INDEPENDIENTES,315. OSCAR EDGARDO BURGOS VIDAL,UDI,5.0,False
1422138,NEGRETE,NEGRETE,LICEO POLIVALENTE LA FRONTERA,3M,ZJ.CHILE VAMOS UDI - INDEPENDIENTES,316. SOLEDAD DEL CARMEN MUÑOZ AGUILERA,IND,7.0,False
1422139,NEGRETE,NEGRETE,LICEO POLIVALENTE LA FRONTERA,3M,ZJ.CHILE VAMOS UDI - INDEPENDIENTES,317. CARLINA DEL CARMEN SOTO PONCE,IND,8.0,False
1422140,NEGRETE,NEGRETE,LICEO POLIVALENTE LA FRONTERA,3M,ZU.RADICALES E INDEPENDIENTES,318. MARCOS DANILO TRONCOSO SALGADO,PR,17.0,True
1422141,NEGRETE,NEGRETE,LICEO POLIVALENTE LA FRONTERA,3M,ZU.RADICALES E INDEPENDIENTES,319. ANA MERCEDES VARAS ESCOBAR,PR,2.0,False
1422142,NEGRETE,NEGRETE,LICEO POLIVALENTE LA FRONTERA,3M,ZU.RADICALES E INDEPENDIENTES,320. JOHANNA CECILIA QUINTANA SOTO,IND,1.0,False
1422143,NEGRETE,NEGRETE,LICEO POLIVALENTE LA FRONTERA,3M,ZU.RADICALES E INDEPENDIENTES,321. JORGE LUIS CARRILLO FERNANDEZ,IND,10.0,False
1422144,NEGRETE,NEGRETE,LICEO POLIVALENTE LA FRONTERA,4M,XK.CHILE VAMOS RENOVACION NACIONAL - INDEPENDIENTES,300. JORGE RAFAEL HORMAZABAL VALENZUELA,RN,5.0,False
1422145,NEGRETE,NEGRETE,LICEO POLIVALENTE LA FRONTERA,4M,XK.CHILE VAMOS RENOVACION NACIONAL - INDEPENDIENTES,301. ADA LOBOS DIAZ,RN,2.0,False
1422146,NEGRETE,NEGRETE,LICEO POLIVALENTE LA FRONTERA,4M,XK.CHILE VAMOS RENOVACION NACIONAL - INDEPENDIENTES,302. NATHALY PILAR ROJAS PAREDES,RN,3.0,False
1422147,NEGRETE,NEGRETE,LICEO POLIVALENTE LA FRONTERA,4M,XU.UNIDOS POR LA DIGNIDAD,303. CARLOS HUMBERTO TORRES MATAMALA,PRO,1.0,False
1422148,NEGRETE,NEGRETE,LICEO POLIVALENTE LA FRONTERA,4M,XU.UNIDOS POR LA DIGNIDAD,304. MARCO ANTONIO CARRASCO VIVEROS,PRO,,False
1422149,NEGRETE,NEGRETE,LICEO POLIVALENTE LA FRONTERA,4M,XU.UNIDOS POR LA DIGNIDAD,305. JUAN MANUEL BARNACHEA INOSTROZA,PDC,21.0,True
1422150,NEGRETE,NEGRETE,LICEO POLIVALENTE LA FRONTERA,4M,XU.UNIDOS POR LA DIGNIDAD,306. ROSA YANET SALAMANCA COFRE,PDC,7.0,True
1422151,NEGRETE,NEGRETE,LICEO POLIVALENTE LA FRONTERA,4M,XU.UNIDOS POR LA DIGNIDAD,307. FELIPE ANDRES PINO CUEVAS,IND,2.0,False
1422152,NEGRETE,NEGRETE,LICEO POLIVALENTE LA FRONTERA,4M,XU.UNIDOS POR LA DIGNIDAD,308. OLAYO DIOMEDES TOLEDO MONTANARES,IND,,False
1422153,NEGRETE,NEGRETE,LICEO POLIVALENTE LA FRONTERA,4M,YW.UNIDAD POR EL APRUEBO PS PPD E INDEPENDIENTES,309. VICTOR JORGE MUÑOZ BARNACHEA,PPD,1.0,False
1422154,NEGRETE,NEGRETE,LICEO POLIVALENTE LA FRONTERA,4M,YW.UNIDAD POR EL APRUEBO PS PPD E INDEPENDIENTES,310. EDWIN  VON-JENTSCHYK CRUZ,PS,6.0,True
1422155,NEGRETE,NEGRETE,LICEO POLIVALENTE LA FRONTERA,4M,YW.UNIDAD POR EL APRUEBO PS PPD E INDEPENDIENTES,311. FABIAN ALEJANDRO LIZAMA PEREZ,IND,26.0,True
1422156,NEGRETE,NEGRETE,LICEO POLIVALENTE LA FRONTERA,4M,YW.UNIDAD POR EL APRUEBO PS PPD E INDEPENDIENTES,312. MIRTA ELINA ALEGRIA MUÑOZ,IND,,False
1422157,NEGRETE,NEGRETE,LICEO POLIVALENTE LA FRONTERA,4M,ZJ.CHILE VAMOS UDI - INDEPENDIENTES,313. MONICA LOYOLA GODOY,UDI,11.0,False
1422158,NEGRETE,NEGRETE,LICEO POLIVALENTE LA FRONTERA,4M,ZJ.CHILE VAMOS UDI - INDEPENDIENTES,314. JUAN PABLO ORREGO VASQUEZ,UDI,15.0,True
1422159,NEGRETE,NEGRETE,LICEO POLIVALENTE LA FRONTERA,4M,ZJ.CHILE VAMOS UDI - INDEPENDIENTES,315. OSCAR EDGARDO BURGOS VIDAL,UDI,5.0,False
1422160,NEGRETE,NEGRETE,LICEO POLIVALENTE LA FRONTERA,4M,ZJ.CHILE VAMOS UDI - INDEPENDIENTES,316. SOLEDAD DEL CARMEN MUÑOZ AGUILERA,IND,3.0,False
1422161,NEGRETE,NEGRETE,LICEO POLIVALENTE LA FRONTERA,4M,ZJ.CHILE VAMOS UDI - INDEPENDIENTES,317. CARLINA DEL CARMEN SOTO PONCE,IND,13.0,False
1422162,NEGRETE,NEGRETE,LICEO POLIVALENTE LA FRONTERA,4M,ZU.RADICALES E INDEPENDIENTES,318. MARCOS DANILO TRONCOSO SALGADO,PR,14.0,True
1422163,NEGRETE,NEGRETE,LICEO POLIVALENTE LA FRONTERA,4M,ZU.RADICALES E INDEPENDIENTES,319. ANA MERCEDES VARAS ESCOBAR,PR,1.0,False
1422164,NEGRETE,NEGRETE,LICEO POLIVALENTE LA FRONTERA,4M,ZU.RADICALES E INDEPENDIENTES,320. JOHANNA CECILIA QUINTANA SOTO,IND,,False
1422165,NEGRETE,NEGRETE,LICEO POLIVALENTE LA FRONTERA,4M,ZU.RADICALES E INDEPENDIENTES,321. JORGE LUIS CARRILLO FERNANDEZ,IND,7.0,False
1422166,NEGRETE,NEGRETE,LICEO POLIVALENTE LA FRONTERA,5M,XK.CHILE VAMOS RENOVACION NACIONAL - INDEPENDIENTES,300. JORGE RAFAEL HORMAZABAL VALENZUELA,RN,0.0,False
1422167,NEGRETE,NEGRETE,LICEO POLIVALENTE LA FRONTERA,5M,XK.CHILE VAMOS RENOVACION NACIONAL - INDEPENDIENTES,301. ADA LOBOS DIAZ,RN,3.0,False
1422168,NEGRETE,NEGRETE,LICEO POLIVALENTE LA FRONTERA,5M,XK.CHILE VAMOS RENOVACION NACIONAL - INDEPENDIENTES,302. NATHALY PILAR ROJAS PAREDES,RN,1.0,False
1422169,NEGRETE,NEGRETE,LICEO POLIVALENTE LA FRONTERA,5M,XU.UNIDOS POR LA DIGNIDAD,303. CARLOS HUMBERTO TORRES MATAMALA,PRO,3.0,False
1422170,NEGRETE,NEGRETE,LICEO POLIVALENTE LA FRONTERA,5M,XU.UNIDOS POR LA DIGNIDAD,304. MARCO ANTONIO CARRASCO VIVEROS,PRO,2.0,False
1422171,NEGRETE,NEGRETE,LICEO POLIVALENTE LA FRONTERA,5M,XU.UNIDOS POR LA DIGNIDAD,305. JUAN MANUEL BARNACHEA INOSTROZA,PDC,22.0,True
1422172,NEGRETE,NEGRETE,LICEO POLIVALENTE LA FRONTERA,5M,XU.UNIDOS POR LA DIGNIDAD,306. ROSA YANET SALAMANCA COFRE,PDC,10.0,True
1422173,NEGRETE,NEGRETE,LICEO POLIVALENTE LA FRONTERA,5M,XU.UNIDOS POR LA DIGNIDAD,307. FELIPE ANDRES PINO CUEVAS,IND,5.0,False
1422174,NEGRETE,NEGRETE,LICEO POLIVALENTE LA FRONTERA,5M,XU.UNIDOS POR LA DIGNIDAD,308. OLAYO DIOMEDES TOLEDO MONTANARES,IND,2.0,False
1422175,NEGRETE,NEGRETE,LICEO POLIVALENTE LA FRONTERA,5M,YW.UNIDAD POR EL APRUEBO PS PPD E INDEPENDIENTES,309. VICTOR JORGE MUÑOZ BARNACHEA,PPD,2.0,False
1422176,NEGRETE,NEGRETE,LICEO POLIVALENTE LA FRONTERA,5M,YW.UNIDAD POR EL APRUEBO PS PPD E INDEPENDIENTES,310. EDWIN  VON-JENTSCHYK CRUZ,PS,18.0,True
1422177,NEGRETE,NEGRETE,LICEO POLIVALENTE LA FRONTERA,5M,YW.UNIDAD POR EL APRUEBO PS PPD E INDEPENDIENTES,311. FABIAN ALEJANDRO LIZAMA PEREZ,IND,24.0,True
1422178,NEGRETE,NEGRETE,LICEO POLIVALENTE LA FRONTERA,5M,YW.UNIDAD POR EL APRUEBO PS PPD E INDEPENDIENTES,312. MIRTA ELINA ALEGRIA MUÑOZ,IND,2.0,False
1422179,NEGRETE,NEGRETE,LICEO POLIVALENTE LA FRONTERA,5M,ZJ.CHILE VAMOS UDI - INDEPENDIENTES,313. MONICA LOYOLA GODOY,UDI,10.0,False
1422180,NEGRETE,NEGRETE,LICEO POLIVALENTE LA FRONTERA,5M,ZJ.CHILE VAMOS UDI - INDEPENDIENTES,314. JUAN PABLO ORREGO VASQUEZ,UDI,10.0,True
1422181,NEGRETE,NEGRETE,LICEO POLIVALENTE LA FRONTERA,5M,ZJ.CHILE VAMOS UDI - INDEPENDIENTES,315. OSCAR EDGARDO BURGOS VIDAL,UDI,4.0,False
1422182,NEGRETE,NEGRETE,LICEO POLIVALENTE LA FRONTERA,5M,ZJ.CHILE VAMOS UDI - INDEPENDIENTES,316. SOLEDAD DEL CARMEN MUÑOZ AGUILERA,IND,1.0,False
1422183,NEGRETE,NEGRETE,LICEO POLIVALENTE LA FRONTERA,5M,ZJ.CHILE VAMOS UDI - INDEPENDIENTES,317. CARLINA DEL CARMEN SOTO PONCE,IND,11.0,False
1422184,NEGRETE,NEGRETE,LICEO POLIVALENTE LA FRONTERA,5M,ZU.RADICALES E INDEPENDIENTES,318. MARCOS DANILO TRONCOSO SALGADO,PR,14.0,True
1422185,NEGRETE,NEGRETE,LICEO POLIVALENTE LA FRONTERA,5M,ZU.RADICALES E INDEPENDIENTES,319. ANA MERCEDES VARAS ESCOBAR,PR,1.0,False
1422186,NEGRETE,NEGRETE,LICEO POLIVALENTE LA FRONTERA,5M,ZU.RADICALES E INDEPENDIENTES,320. JOHANNA CECILIA QUINTANA SOTO,IND,1.0,False
1422187,NEGRETE,NEGRETE,LICEO POLIVALENTE LA FRONTERA,5M,ZU.RADICALES E INDEPENDIENTES,321. JORGE LUIS CARRILLO FERNANDEZ,IND,5.0,False
1422188,NEGRETE,NEGRETE,LICEO POLIVALENTE LA FRONTERA,6M,XK.CHILE VAMOS RENOVACION NACIONAL - INDEPENDIENTES,300. JORGE RAFAEL HORMAZABAL VALENZUELA,RN,1.0,False
1422189,NEGRETE,NEGRETE,LICEO POLIVALENTE LA FRONTERA,6M,XK.CHILE VAMOS RENOVACION NACIONAL - INDEPENDIENTES,301. ADA LOBOS DIAZ,RN,3.0,False
1422190,NEGRETE,NEGRETE,LICEO POLIVALENTE LA FRONTERA,6M,XK.CHILE VAMOS RENOVACION NACIONAL - INDEPENDIENTES,302. NATHALY PILAR ROJAS PAREDES,RN,1.0,False
1422191,NEGRETE,NEGRETE,LICEO POLIVALENTE LA FRONTERA,6M,XU.UNIDOS POR LA DIGNIDAD,303. CARLOS HUMBERTO TORRES MATAMALA,PRO,4.0,False
1422192,NEGRETE,NEGRETE,LICEO POLIVALENTE LA FRONTERA,6M,XU.UNIDOS POR LA DIGNIDAD,304. MARCO ANTONIO CARRASCO VIVEROS,PRO,3.0,False
1422193,NEGRETE,NEGRETE,LICEO POLIVALENTE LA FRONTERA,6M,XU.UNIDOS POR LA DIGNIDAD,305. JUAN MANUEL BARNACHEA INOSTROZA,PDC,13.0,True
1422194,NEGRETE,NEGRETE,LICEO POLIVALENTE LA FRONTERA,6M,XU.UNIDOS POR LA DIGNIDAD,306. ROSA YANET SALAMANCA COFRE,PDC,9.0,True
1422195,NEGRETE,NEGRETE,LICEO POLIVALENTE LA FRONTERA,6M,XU.UNIDOS POR LA DIGNIDAD,307. FELIPE ANDRES PINO CUEVAS,IND,1.0,False
1422196,NEGRETE,NEGRETE,LICEO POLIVALENTE LA FRONTERA,6M,XU.UNIDOS POR LA DIGNIDAD,308. OLAYO DIOMEDES TOLEDO MONTANARES,IND,0.0,False
1422197,NEGRETE,NEGRETE,LICEO POLIVALENTE LA FRONTERA,6M,YW.UNIDAD POR EL APRUEBO PS PPD E INDEPENDIENTES,309. VICTOR JORGE MUÑOZ BARNACHEA,PPD,2.0,False
1422198,NEGRETE,NEGRETE,LICEO POLIVALENTE LA FRONTERA,6M,YW.UNIDAD POR EL APRUEBO PS PPD E INDEPENDIENTES,310. EDWIN  VON-JENTSCHYK CRUZ,PS,19.0,True
1422199,NEGRETE,NEGRETE,LICEO POLIVALENTE LA FRONTERA,6M,YW.UNIDAD POR EL APRUEBO PS PPD E INDEPENDIENTES,311. FABIAN ALEJANDRO LIZAMA PEREZ,IND,26.0,True
1422200,NEGRETE,NEGRETE,LICEO POLIVALENTE LA FRONTERA,6M,YW.UNIDAD POR EL APRUEBO PS PPD E INDEPENDIENTES,312. MIRTA ELINA ALEGRIA MUÑOZ,IND,1.0,False
1422201,NEGRETE,NEGRETE,LICEO POLIVALENTE LA FRONTERA,6M,ZJ.CHILE VAMOS UDI - INDEPENDIENTES,313. MONICA LOYOLA GODOY,UDI,6.0,False
1422202,NEGRETE,NEGRETE,LICEO POLIVALENTE LA FRONTERA,6M,ZJ.CHILE VAMOS UDI - INDEPENDIENTES,314. JUAN PABLO ORREGO VASQUEZ,UDI,7.0,True
1422203,NEGRETE,NEGRETE,LICEO POLIVALENTE LA FRONTERA,6M,ZJ.CHILE VAMOS UDI - INDEPENDIENTES,315. OSCAR EDGARDO BURGOS VIDAL,UDI,0.0,False
1422204,NEGRETE,NEGRETE,LICEO POLIVALENTE LA FRONTERA,6M,ZJ.CHILE VAMOS UDI - INDEPENDIENTES,316. SOLEDAD DEL CARMEN MUÑOZ AGUILERA,IND,5.0,False
1422205,NEGRETE,NEGRETE,LICEO POLIVALENTE LA FRONTERA,6M,ZJ.CHILE VAMOS UDI - INDEPENDIENTES,317. CARLINA DEL CARMEN SOTO PONCE,IND,4.0,False
1422206,NEGRETE,NEGRETE,LICEO POLIVALENTE LA FRONTERA,6M,ZU.RADICALES E INDEPENDIENTES,318. MARCOS DANILO TRONCOSO SALGADO,PR,19.0,True
1422207,NEGRETE,NEGRETE,LICEO POLIVALENTE LA FRONTERA,6M,ZU.RADICALES E INDEPENDIENTES,319. ANA MERCEDES VARAS ESCOBAR,PR,1.0,False
1422208,NEGRETE,NEGRETE,LICEO POLIVALENTE LA FRONTERA,6M,ZU.RADICALES E INDEPENDIENTES,320. JOHANNA CECILIA QUINTANA SOTO,IND,0.0,False
1422209,NEGRETE,NEGRETE,LICEO POLIVALENTE LA FRONTERA,6M,ZU.RADICALES E INDEPENDIENTES,321. JORGE LUIS CARRILLO FERNANDEZ,IND,8.0,False
1422210,NEGRETE,NEGRETE,LICEO POLIVALENTE LA FRONTERA,7M,XK.CHILE VAMOS RENOVACION NACIONAL - INDEPENDIENTES,300. JORGE RAFAEL HORMAZABAL VALENZUELA,RN,2.0,False
1422211,NEGRETE,NEGRETE,LICEO POLIVALENTE LA FRONTERA,7M,XK.CHILE VAMOS RENOVACION NACIONAL - INDEPENDIENTES,301. ADA LOBOS DIAZ,RN,2.0,False
1422212,NEGRETE,NEGRETE,LICEO POLIVALENTE LA FRONTERA,7M,XK.CHILE VAMOS RENOVACION NACIONAL - INDEPENDIENTES,302. NATHALY PILAR ROJAS PAREDES,RN,1.0,False
1422213,NEGRETE,NEGRETE,LICEO POLIVALENTE LA FRONTERA,7M,XU.UNIDOS POR LA DIGNIDAD,303. CARLOS HUMBERTO TORRES MATAMALA,PRO,2.0,False
1422214,NEGRETE,NEGRETE,LICEO POLIVALENTE LA FRONTERA,7M,XU.UNIDOS POR LA DIGNIDAD,304. MARCO ANTONIO CARRASCO VIVEROS,PRO,6.0,False
1422215,NEGRETE,NEGRETE,LICEO POLIVALENTE LA FRONTERA,7M,XU.UNIDOS POR LA DIGNIDAD,305. JUAN MANUEL BARNACHEA INOSTROZA,PDC,30.0,True
1422216,NEGRETE,NEGRETE,LICEO POLIVALENTE LA FRONTERA,7M,XU.UNIDOS POR LA DIGNIDAD,306. ROSA YANET SALAMANCA COFRE,PDC,12.0,True
1422217,NEGRETE,NEGRETE,LICEO POLIVALENTE LA FRONTERA,7M,XU.UNIDOS POR LA DIGNIDAD,307. FELIPE ANDRES PINO CUEVAS,IND,3.0,False
1422218,NEGRETE,NEGRETE,LICEO POLIVALENTE LA FRONTERA,7M,XU.UNIDOS POR LA DIGNIDAD,308. OLAYO DIOMEDES TOLEDO MONTANARES,IND,0.0,False
1422219,NEGRETE,NEGRETE,LICEO POLIVALENTE LA FRONTERA,7M,YW.UNIDAD POR EL APRUEBO PS PPD E INDEPENDIENTES,309. VICTOR JORGE MUÑOZ BARNACHEA,PPD,2.0,False
1422220,NEGRETE,NEGRETE,LICEO POLIVALENTE LA FRONTERA,7M,YW.UNIDAD POR EL APRUEBO PS PPD E INDEPENDIENTES,310. EDWIN  VON-JENTSCHYK CRUZ,PS,15.0,True
1422221,NEGRETE,NEGRETE,LICEO POLIVALENTE LA FRONTERA,7M,YW.UNIDAD POR EL APRUEBO PS PPD E INDEPENDIENTES,311. FABIAN ALEJANDRO LIZAMA PEREZ,IND,39.0,True
1422222,NEGRETE,NEGRETE,LICEO POLIVALENTE LA FRONTERA,7M,YW.UNIDAD POR EL APRUEBO PS PPD E INDEPENDIENTES,312. MIRTA ELINA ALEGRIA MUÑOZ,IND,0.0,False
1422223,NEGRETE,NEGRETE,LICEO POLIVALENTE LA FRONTERA,7M,ZJ.CHILE VAMOS UDI - INDEPENDIENTES,313. MONICA LOYOLA GODOY,UDI,6.0,False
1422224,NEGRETE,NEGRETE,LICEO POLIVALENTE LA FRONTERA,7M,ZJ.CHILE VAMOS UDI - INDEPENDIENTES,314. JUAN PABLO ORREGO VASQUEZ,UDI,10.0,True
1422225,NEGRETE,NEGRETE,LICEO POLIVALENTE LA FRONTERA,7M,ZJ.CHILE VAMOS UDI - INDEPENDIENTES,315. OSCAR EDGARDO BURGOS VIDAL,UDI,4.0,False
1422226,NEGRETE,NEGRETE,LICEO POLIVALENTE LA FRONTERA,7M,ZJ.CHILE VAMOS UDI - INDEPENDIENTES,316. SOLEDAD DEL CARMEN MUÑOZ AGUILERA,IND,9.0,False
1422227,NEGRETE,NEGRETE,LICEO POLIVALENTE LA FRONTERA,7M,ZJ.CHILE VAMOS UDI - INDEPENDIENTES,317. CARLINA DEL CARMEN SOTO PONCE,IND,2.0,False
1422228,NEGRETE,NEGRETE,LICEO POLIVALENTE LA FRONTERA,7M,ZU.RADICALES E INDEPENDIENTES,318. MARCOS DANILO TRONCOSO SALGADO,PR,14.0,True
1422229,NEGRETE,NEGRETE,LICEO POLIVALENTE LA FRONTERA,7M,ZU.RADICALES E INDEPENDIENTES,319. ANA MERCEDES VARAS ESCOBAR,PR,2.0,False
1422230,NEGRETE,NEGRETE,LICEO POLIVALENTE LA FRONTERA,7M,ZU.RADICALES E INDEPENDIENTES,320. JOHANNA CECILIA QUINTANA SOTO,IND,0.0,False
1422231,NEGRETE,NEGRETE,LICEO POLIVALENTE LA FRONTERA,7M,ZU.RADICALES E INDEPENDIENTES,321. JORGE LUIS CARRILLO FERNANDEZ,IND,7.0,False
1422232,NEGRETE,NEGRETE,LICEO POLIVALENTE LA FRONTERA,8M,XK.CHILE VAMOS RENOVACION NACIONAL - INDEPENDIENTES,300. JORGE RAFAEL HORMAZABAL VALENZUELA,RN,1.0,False
1422233,NEGRETE,NEGRETE,LICEO POLIVALENTE LA FRONTERA,8M,XK.CHILE VAMOS RENOVACION NACIONAL - INDEPENDIENTES,301. ADA LOBOS DIAZ,RN,3.0,False
1422234,NEGRETE,NEGRETE,LICEO POLIVALENTE LA FRONTERA,8M,XK.CHILE VAMOS RENOVACION NACIONAL - INDEPENDIENTES,302. NATHALY PILAR ROJAS PAREDES,RN,2.0,False
1422235,NEGRETE,NEGRETE,LICEO POLIVALENTE LA FRONTERA,8M,XU.UNIDOS POR LA DIGNIDAD,303. CARLOS HUMBERTO TORRES MATAMALA,PRO,8.0,False
1422236,NEGRETE,NEGRETE,LICEO POLIVALENTE LA FRONTERA,8M,XU.UNIDOS POR LA DIGNIDAD,304. MARCO ANTONIO CARRASCO VIVEROS,PRO,3.0,False
1422237,NEGRETE,NEGRETE,LICEO POLIVALENTE LA FRONTERA,8M,XU.UNIDOS POR LA DIGNIDAD,305. JUAN MANUEL BARNACHEA INOSTROZA,PDC,15.0,True
1422238,NEGRETE,NEGRETE,LICEO POLIVALENTE LA FRONTERA,8M,XU.UNIDOS POR LA DIGNIDAD,306. ROSA YANET SALAMANCA COFRE,PDC,9.0,True
1422239,NEGRETE,NEGRETE,LICEO POLIVALENTE LA FRONTERA,8M,XU.UNIDOS POR LA DIGNIDAD,307. FELIPE ANDRES PINO CUEVAS,IND,8.0,False
1422240,NEGRETE,NEGRETE,LICEO POLIVALENTE LA FRONTERA,8M,XU.UNIDOS POR LA DIGNIDAD,308. OLAYO DIOMEDES TOLEDO MONTANARES,IND,1.0,False
1422241,NEGRETE,NEGRETE,LICEO POLIVALENTE LA FRONTERA,8M,YW.UNIDAD POR EL APRUEBO PS PPD E INDEPENDIENTES,309. VICTOR JORGE MUÑOZ BARNACHEA,PPD,2.0,False
1422242,NEGRETE,NEGRETE,LICEO POLIVALENTE LA FRONTERA,8M,YW.UNIDAD POR EL APRUEBO PS PPD E INDEPENDIENTES,310. EDWIN  VON-JENTSCHYK CRUZ,PS,9.0,True
1422243,NEGRETE,NEGRETE,LICEO POLIVALENTE LA FRONTERA,8M,YW.UNIDAD POR EL APRUEBO PS PPD E INDEPENDIENTES,311. FABIAN ALEJANDRO LIZAMA PEREZ,IND,27.0,True
1422244,NEGRETE,NEGRETE,LICEO POLIVALENTE LA FRONTERA,8M,YW.UNIDAD POR EL APRUEBO PS PPD E INDEPENDIENTES,312. MIRTA ELINA ALEGRIA MUÑOZ,IND,3.0,False
1422245,NEGRETE,NEGRETE,LICEO POLIVALENTE LA FRONTERA,8M,ZJ.CHILE VAMOS UDI - INDEPENDIENTES,313. MONICA LOYOLA GODOY,UDI,12.0,False
1422246,NEGRETE,NEGRETE,LICEO POLIVALENTE LA FRONTERA,8M,ZJ.CHILE VAMOS UDI - INDEPENDIENTES,314. JUAN PABLO ORREGO VASQUEZ,UDI,5.0,True
1422247,NEGRETE,NEGRETE,LICEO POLIVALENTE LA FRONTERA,8M,ZJ.CHILE VAMOS UDI - INDEPENDIENTES,315. OSCAR EDGARDO BURGOS VIDAL,UDI,4.0,False
1422248,NEGRETE,NEGRETE,LICEO POLIVALENTE LA FRONTERA,8M,ZJ.CHILE VAMOS UDI - INDEPENDIENTES,316. SOLEDAD DEL CARMEN MUÑOZ AGUILERA,IND,6.0,False
1422249,NEGRETE,NEGRETE,LICEO POLIVALENTE LA FRONTERA,8M,ZJ.CHILE VAMOS UDI - INDEPENDIENTES,317. CARLINA DEL CARMEN SOTO PONCE,IND,10.0,False
1422250,NEGRETE,NEGRETE,LICEO POLIVALENTE LA FRONTERA,8M,ZU.RADICALES E INDEPENDIENTES,318. MARCOS DANILO TRONCOSO SALGADO,PR,20.0,True
1422251,NEGRETE,NEGRETE,LICEO POLIVALENTE LA FRONTERA,8M,ZU.RADICALES E INDEPENDIENTES,319. ANA MERCEDES VARAS ESCOBAR,PR,0.0,False
1422252,NEGRETE,NEGRETE,LICEO POLIVALENTE LA FRONTERA,8M,ZU.RADICALES E INDEPENDIENTES,320. JOHANNA CECILIA QUINTANA SOTO,IND,0.0,False
1422253,NEGRETE,NEGRETE,LICEO POLIVALENTE LA FRONTERA,8M,ZU.RADICALES E INDEPENDIENTES,321. JORGE LUIS CARRILLO FERNANDEZ,IND,10.0,False
1422254,NEGRETE,NEGRETE,LICEO POLIVALENTE LA FRONTERA,9M,XK.CHILE VAMOS RENOVACION NACIONAL - INDEPENDIENTES,300. JORGE RAFAEL HORMAZABAL VALENZUELA,RN,0.0,False
1422255,NEGRETE,NEGRETE,LICEO POLIVALENTE LA FRONTERA,9M,XK.CHILE VAMOS RENOVACION NACIONAL - INDEPENDIENTES,301. ADA LOBOS DIAZ,RN,2.0,False
1422256,NEGRETE,NEGRETE,LICEO POLIVALENTE LA FRONTERA,9M,XK.CHILE VAMOS RENOVACION NACIONAL - INDEPENDIENTES,302. NATHALY PILAR ROJAS PAREDES,RN,5.0,False
1422257,NEGRETE,NEGRETE,LICEO POLIVALENTE LA FRONTERA,9M,XU.UNIDOS POR LA DIGNIDAD,303. CARLOS HUMBERTO TORRES MATAMALA,PRO,2.0,False
1422258,NEGRETE,NEGRETE,LICEO POLIVALENTE LA FRONTERA,9M,XU.UNIDOS POR LA DIGNIDAD,304. MARCO ANTONIO CARRASCO VIVEROS,PRO,4.0,False
1422259,NEGRETE,NEGRETE,LICEO POLIVALENTE LA FRONTERA,9M,XU.UNIDOS POR LA DIGNIDAD,305. JUAN MANUEL BARNACHEA INOSTROZA,PDC,16.0,True
1422260,NEGRETE,NEGRETE,LICEO POLIVALENTE LA FRONTERA,9M,XU.UNIDOS POR LA DIGNIDAD,306. ROSA YANET SALAMANCA COFRE,PDC,7.0,True
1422261,NEGRETE,NEGRETE,LICEO POLIVALENTE LA FRONTERA,9M,XU.UNIDOS POR LA DIGNIDAD,307. FELIPE ANDRES PINO CUEVAS,IND,0.0,False
1422262,NEGRETE,NEGRETE,LICEO POLIVALENTE LA FRONTERA,9M,XU.UNIDOS POR LA DIGNIDAD,308. OLAYO DIOMEDES TOLEDO MONTANARES,IND,0.0,False
1422263,NEGRETE,NEGRETE,LICEO POLIVALENTE LA FRONTERA,9M,YW.UNIDAD POR EL APRUEBO PS PPD E INDEPENDIENTES,309. VICTOR JORGE MUÑOZ BARNACHEA,PPD,3.0,False
1422264,NEGRETE,NEGRETE,LICEO POLIVALENTE LA FRONTERA,9M,YW.UNIDAD POR EL APRUEBO PS PPD E INDEPENDIENTES,310. EDWIN  VON-JENTSCHYK CRUZ,PS,12.0,True
1422265,NEGRETE,NEGRETE,LICEO POLIVALENTE LA FRONTERA,9M,YW.UNIDAD POR EL APRUEBO PS PPD E INDEPENDIENTES,311. FABIAN ALEJANDRO LIZAMA PEREZ,IND,25.0,True
1422266,NEGRETE,NEGRETE,LICEO POLIVALENTE LA FRONTERA,9M,YW.UNIDAD POR EL APRUEBO PS PPD E INDEPENDIENTES,312. MIRTA ELINA ALEGRIA MUÑOZ,IND,2.0,False
1422267,NEGRETE,NEGRETE,LICEO POLIVALENTE LA FRONTERA,9M,ZJ.CHILE VAMOS UDI - INDEPENDIENTES,313. MONICA LOYOLA GODOY,UDI,6.0,False
1422268,NEGRETE,NEGRETE,LICEO POLIVALENTE LA FRONTERA,9M,ZJ.CHILE VAMOS UDI - INDEPENDIENTES,314. JUAN PABLO ORREGO VASQUEZ,UDI,9.0,True
1422269,NEGRETE,NEGRETE,LICEO POLIVALENTE LA FRONTERA,9M,ZJ.CHILE VAMOS UDI - INDEPENDIENTES,315. OSCAR EDGARDO BURGOS VIDAL,UDI,5.0,False
1422270,NEGRETE,NEGRETE,LICEO POLIVALENTE LA FRONTERA,9M,ZJ.CHILE VAMOS UDI - INDEPENDIENTES,316. SOLEDAD DEL CARMEN MUÑOZ AGUILERA,IND,6.0,False
1422271,NEGRETE,NEGRETE,LICEO POLIVALENTE LA FRONTERA,9M,ZJ.CHILE VAMOS UDI - INDEPENDIENTES,317. CARLINA DEL CARMEN SOTO PONCE,IND,12.0,False
1422272,NEGRETE,NEGRETE,LICEO POLIVALENTE LA FRONTERA,9M,ZU.RADICALES E INDEPENDIENTES,318. MARCOS DANILO TRONCOSO SALGADO,PR,20.0,True
1422273,NEGRETE,NEGRETE,LICEO POLIVALENTE LA FRONTERA,9M,ZU.RADICALES E INDEPENDIENTES,319. ANA MERCEDES VARAS ESCOBAR,PR,1.0,False
1422274,NEGRETE,NEGRETE,LICEO POLIVALENTE LA FRONTERA,9M,ZU.RADICALES E INDEPENDIENTES,320. JOHANNA CECILIA QUINTANA SOTO,IND,2.0,False
1422275,NEGRETE,NEGRETE,LICEO POLIVALENTE LA FRONTERA,9M,ZU.RADICALES E INDEPENDIENTES,321. JORGE LUIS CARRILLO FERNANDEZ,IND,9.0,False
1422276,NEGRETE,NEGRETE,LICEO POLIVALENTE LA FRONTERA,10M,XK.CHILE VAMOS RENOVACION NACIONAL - INDEPENDIENTES,300. JORGE RAFAEL HORMAZABAL VALENZUELA,RN,2.0,False
1422277,NEGRETE,NEGRETE,LICEO POLIVALENTE LA FRONTERA,10M,XK.CHILE VAMOS RENOVACION NACIONAL - INDEPENDIENTES,301. ADA LOBOS DIAZ,RN,4.0,False
1422278,NEGRETE,NEGRETE,LICEO POLIVALENTE LA FRONTERA,10M,XK.CHILE VAMOS RENOVACION NACIONAL - INDEPENDIENTES,302. NATHALY PILAR ROJAS PAREDES,RN,,False
1422279,NEGRETE,NEGRETE,LICEO POLIVALENTE LA FRONTERA,10M,XU.UNIDOS POR LA DIGNIDAD,303. CARLOS HUMBERTO TORRES MATAMALA,PRO,7.0,False
1422280,NEGRETE,NEGRETE,LICEO POLIVALENTE LA FRONTERA,10M,XU.UNIDOS POR LA DIGNIDAD,304. MARCO ANTONIO CARRASCO VIVEROS,PRO,2.0,False
1422281,NEGRETE,NEGRETE,LICEO POLIVALENTE LA FRONTERA,10M,XU.UNIDOS POR LA DIGNIDAD,305. JUAN MANUEL BARNACHEA INOSTROZA,PDC,24.0,True
1422282,NEGRETE,NEGRETE,LICEO POLIVALENTE LA FRONTERA,10M,XU.UNIDOS POR LA DIGNIDAD,306. ROSA YANET SALAMANCA COFRE,PDC,5.0,True
1422283,NEGRETE,NEGRETE,LICEO POLIVALENTE LA FRONTERA,10M,XU.UNIDOS POR LA DIGNIDAD,307. FELIPE ANDRES PINO CUEVAS,IND,1.0,False
1422284,NEGRETE,NEGRETE,LICEO POLIVALENTE LA FRONTERA,10M,XU.UNIDOS POR LA DIGNIDAD,308. OLAYO DIOMEDES TOLEDO MONTANARES,IND,,False
1422285,NEGRETE,NEGRETE,LICEO POLIVALENTE LA FRONTERA,10M,YW.UNIDAD POR EL APRUEBO PS PPD E INDEPENDIENTES,309. VICTOR JORGE MUÑOZ BARNACHEA,PPD,5.0,False
1422286,NEGRETE,NEGRETE,LICEO POLIVALENTE LA FRONTERA,10M,YW.UNIDAD POR EL APRUEBO PS PPD E INDEPENDIENTES,310. EDWIN  VON-JENTSCHYK CRUZ,PS,14.0,True
1422287,NEGRETE,NEGRETE,LICEO POLIVALENTE LA FRONTERA,10M,YW.UNIDAD POR EL APRUEBO PS PPD E INDEPENDIENTES,311. FABIAN ALEJANDRO LIZAMA PEREZ,IND,20.0,True
1422288,NEGRETE,NEGRETE,LICEO POLIVALENTE LA FRONTERA,10M,YW.UNIDAD POR EL APRUEBO PS PPD E INDEPENDIENTES,312. MIRTA ELINA ALEGRIA MUÑOZ,IND,2.0,False
1422289,NEGRETE,NEGRETE,LICEO POLIVALENTE LA FRONTERA,10M,ZJ.CHILE VAMOS UDI - INDEPENDIENTES,313. MONICA LOYOLA GODOY,UDI,11.0,False
1422290,NEGRETE,NEGRETE,LICEO POLIVALENTE LA FRONTERA,10M,ZJ.CHILE VAMOS UDI - INDEPENDIENTES,314. JUAN PABLO ORREGO VASQUEZ,UDI,12.0,True
1422291,NEGRETE,NEGRETE,LICEO POLIVALENTE LA FRONTERA,10M,ZJ.CHILE VAMOS UDI - INDEPENDIENTES,315. OSCAR EDGARDO BURGOS VIDAL,UDI,6.0,False
1422292,NEGRETE,NEGRETE,LICEO POLIVALENTE LA FRONTERA,10M,ZJ.CHILE VAMOS UDI - INDEPENDIENTES,316. SOLEDAD DEL CARMEN MUÑOZ AGUILERA,IND,8.0,False
1422293,NEGRETE,NEGRETE,LICEO POLIVALENTE LA FRONTERA,10M,ZJ.CHILE VAMOS UDI - INDEPENDIENTES,317. CARLINA DEL CARMEN SOTO PONCE,IND,11.0,False
1422294,NEGRETE,NEGRETE,LICEO POLIVALENTE LA FRONTERA,10M,ZU.RADICALES E INDEPENDIENTES,318. MARCOS DANILO TRONCOSO SALGADO,PR,24.0,True
1422295,NEGRETE,NEGRETE,LICEO POLIVALENTE LA FRONTERA,10M,ZU.RADICALES E INDEPENDIENTES,319. ANA MERCEDES VARAS ESCOBAR,PR,,False
1422296,NEGRETE,NEGRETE,LICEO POLIVALENTE LA FRONTERA,10M,ZU.RADICALES E INDEPENDIENTES,320. JOHANNA CECILIA QUINTANA SOTO,IND,2.0,False
1422297,NEGRETE,NEGRETE,LICEO POLIVALENTE LA FRONTERA,10M,ZU.RADICALES E INDEPENDIENTES,321. JORGE LUIS CARRILLO FERNANDEZ,IND,8.0,False
1422298,NEGRETE,NEGRETE,LICEO POLIVALENTE LA FRONTERA,11M,XK.CHILE VAMOS RENOVACION NACIONAL - INDEPENDIENTES,300. JORGE RAFAEL HORMAZABAL VALENZUELA,RN,3.0,False
1422299,NEGRETE,NEGRETE,LICEO POLIVALENTE LA FRONTERA,11M,XK.CHILE VAMOS RENOVACION NACIONAL - INDEPENDIENTES,301. ADA LOBOS DIAZ,RN,4.0,False
1422300,NEGRETE,NEGRETE,LICEO POLIVALENTE LA FRONTERA,11M,XK.CHILE VAMOS RENOVACION NACIONAL - INDEPENDIENTES,302. NATHALY PILAR ROJAS PAREDES,RN,1.0,False
1422301,NEGRETE,NEGRETE,LICEO POLIVALENTE LA FRONTERA,11M,XU.UNIDOS POR LA DIGNIDAD,303. CARLOS HUMBERTO TORRES MATAMALA,PRO,2.0,False
1422302,NEGRETE,NEGRETE,LICEO POLIVALENTE LA FRONTERA,11M,XU.UNIDOS POR LA DIGNIDAD,304. MARCO ANTONIO CARRASCO VIVEROS,PRO,1.0,False
1422303,NEGRETE,NEGRETE,LICEO POLIVALENTE LA FRONTERA,11M,XU.UNIDOS POR LA DIGNIDAD,305. JUAN MANUEL BARNACHEA INOSTROZA,PDC,14.0,True
1422304,NEGRETE,NEGRETE,LICEO POLIVALENTE LA FRONTERA,11M,XU.UNIDOS POR LA DIGNIDAD,306. ROSA YANET SALAMANCA COFRE,PDC,18.0,True
1422305,NEGRETE,NEGRETE,LICEO POLIVALENTE LA FRONTERA,11M,XU.UNIDOS POR LA DIGNIDAD,307. FELIPE ANDRES PINO CUEVAS,IND,1.0,False
1422306,NEGRETE,NEGRETE,LICEO POLIVALENTE LA FRONTERA,11M,XU.UNIDOS POR LA DIGNIDAD,308. OLAYO DIOMEDES TOLEDO MONTANARES,IND,1.0,False
1422307,NEGRETE,NEGRETE,LICEO POLIVALENTE LA FRONTERA,11M,YW.UNIDAD POR EL APRUEBO PS PPD E INDEPENDIENTES,309. VICTOR JORGE MUÑOZ BARNACHEA,PPD,0.0,False
1422308,NEGRETE,NEGRETE,LICEO POLIVALENTE LA FRONTERA,11M,YW.UNIDAD POR EL APRUEBO PS PPD E INDEPENDIENTES,310. EDWIN  VON-JENTSCHYK CRUZ,PS,11.0,True
1422309,NEGRETE,NEGRETE,LICEO POLIVALENTE LA FRONTERA,11M,YW.UNIDAD POR EL APRUEBO PS PPD E INDEPENDIENTES,311. FABIAN ALEJANDRO LIZAMA PEREZ,IND,32.0,True
1422310,NEGRETE,NEGRETE,LICEO POLIVALENTE LA FRONTERA,11M,YW.UNIDAD POR EL APRUEBO PS PPD E INDEPENDIENTES,312. MIRTA ELINA ALEGRIA MUÑOZ,IND,1.0,False
1422311,NEGRETE,NEGRETE,LICEO POLIVALENTE LA FRONTERA,11M,ZJ.CHILE VAMOS UDI - INDEPENDIENTES,313. MONICA LOYOLA GODOY,UDI,10.0,False
1422312,NEGRETE,NEGRETE,LICEO POLIVALENTE LA FRONTERA,11M,ZJ.CHILE VAMOS UDI - INDEPENDIENTES,314. JUAN PABLO ORREGO VASQUEZ,UDI,10.0,True
1422313,NEGRETE,NEGRETE,LICEO POLIVALENTE LA FRONTERA,11M,ZJ.CHILE VAMOS UDI - INDEPENDIENTES,315. OSCAR EDGARDO BURGOS VIDAL,UDI,7.0,False
1422314,NEGRETE,NEGRETE,LICEO POLIVALENTE LA FRONTERA,11M,ZJ.CHILE VAMOS UDI - INDEPENDIENTES,316. SOLEDAD DEL CARMEN MUÑOZ AGUILERA,IND,6.0,False
1422315,NEGRETE,NEGRETE,LICEO POLIVALENTE LA FRONTERA,11M,ZJ.CHILE VAMOS UDI - INDEPENDIENTES,317. CARLINA DEL CARMEN SOTO PONCE,IND,5.0,False
1422316,NEGRETE,NEGRETE,LICEO POLIVALENTE LA FRONTERA,11M,ZU.RADICALES E INDEPENDIENTES,318. MARCOS DANILO TRONCOSO SALGADO,PR,19.0,True
1422317,NEGRETE,NEGRETE,LICEO POLIVALENTE LA FRONTERA,11M,ZU.RADICALES E INDEPENDIENTES,319. ANA MERCEDES VARAS ESCOBAR,PR,1.0,False
1422318,NEGRETE,NEGRETE,LICEO POLIVALENTE LA FRONTERA,11M,ZU.RADICALES E INDEPENDIENTES,320. JOHANNA CECILIA QUINTANA SOTO,IND,0.0,False
1422319,NEGRETE,NEGRETE,LICEO POLIVALENTE LA FRONTERA,11M,ZU.RADICALES E INDEPENDIENTES,321. JORGE LUIS CARRILLO FERNANDEZ,IND,8.0,False
1422320,NEGRETE,NEGRETE,LICEO POLIVALENTE LA FRONTERA,12M,XK.CHILE VAMOS RENOVACION NACIONAL - INDEPENDIENTES,300. JORGE RAFAEL HORMAZABAL VALENZUELA,RN,0.0,False
1422321,NEGRETE,NEGRETE,LICEO POLIVALENTE LA FRONTERA,12M,XK.CHILE VAMOS RENOVACION NACIONAL - INDEPENDIENTES,301. ADA LOBOS DIAZ,RN,3.0,False
1422322,NEGRETE,NEGRETE,LICEO POLIVALENTE LA FRONTERA,12M,XK.CHILE VAMOS RENOVACION NACIONAL - INDEPENDIENTES,302. NATHALY PILAR ROJAS PAREDES,RN,0.0,False
1422323,NEGRETE,NEGRETE,LICEO POLIVALENTE LA FRONTERA,12M,XU.UNIDOS POR LA DIGNIDAD,303. CARLOS HUMBERTO TORRES MATAMALA,PRO,2.0,False
1422324,NEGRETE,NEGRETE,LICEO POLIVALENTE LA FRONTERA,12M,XU.UNIDOS POR LA DIGNIDAD,304. MARCO ANTONIO CARRASCO VIVEROS,PRO,4.0,False
1422325,NEGRETE,NEGRETE,LICEO POLIVALENTE LA FRONTERA,12M,XU.UNIDOS POR LA DIGNIDAD,305. JUAN MANUEL BARNACHEA INOSTROZA,PDC,26.0,True
1422326,NEGRETE,NEGRETE,LICEO POLIVALENTE LA FRONTERA,12M,XU.UNIDOS POR LA DIGNIDAD,306. ROSA YANET SALAMANCA COFRE,PDC,12.0,True
1422327,NEGRETE,NEGRETE,LICEO POLIVALENTE LA FRONTERA,12M,XU.UNIDOS POR LA DIGNIDAD,307. FELIPE ANDRES PINO CUEVAS,IND,3.0,False
1422328,NEGRETE,NEGRETE,LICEO POLIVALENTE LA FRONTERA,12M,XU.UNIDOS POR LA DIGNIDAD,308. OLAYO DIOMEDES TOLEDO MONTANARES,IND,2.0,False
1422329,NEGRETE,NEGRETE,LICEO POLIVALENTE LA FRONTERA,12M,YW.UNIDAD POR EL APRUEBO PS PPD E INDEPENDIENTES,309. VICTOR JORGE MUÑOZ BARNACHEA,PPD,0.0,False
1422330,NEGRETE,NEGRETE,LICEO POLIVALENTE LA FRONTERA,12M,YW.UNIDAD POR EL APRUEBO PS PPD E INDEPENDIENTES,310. EDWIN  VON-JENTSCHYK CRUZ,PS,14.0,True
1422331,NEGRETE,NEGRETE,LICEO POLIVALENTE LA FRONTERA,12M,YW.UNIDAD POR EL APRUEBO PS PPD E INDEPENDIENTES,311. FABIAN ALEJANDRO LIZAMA PEREZ,IND,25.0,True
1422332,NEGRETE,NEGRETE,LICEO POLIVALENTE LA FRONTERA,12M,YW.UNIDAD POR EL APRUEBO PS PPD E INDEPENDIENTES,312. MIRTA ELINA ALEGRIA MUÑOZ,IND,5.0,False
1422333,NEGRETE,NEGRETE,LICEO POLIVALENTE LA FRONTERA,12M,ZJ.CHILE VAMOS UDI - INDEPENDIENTES,313. MONICA LOYOLA GODOY,UDI,10.0,False
1422334,NEGRETE,NEGRETE,LICEO POLIVALENTE LA FRONTERA,12M,ZJ.CHILE VAMOS UDI - INDEPENDIENTES,314. JUAN PABLO ORREGO VASQUEZ,UDI,7.0,True
1422335,NEGRETE,NEGRETE,LICEO POLIVALENTE LA FRONTERA,12M,ZJ.CHILE VAMOS UDI - INDEPENDIENTES,315. OSCAR EDGARDO BURGOS VIDAL,UDI,6.0,False
1422336,NEGRETE,NEGRETE,LICEO POLIVALENTE LA FRONTERA,12M,ZJ.CHILE VAMOS UDI - INDEPENDIENTES,316. SOLEDAD DEL CARMEN MUÑOZ AGUILERA,IND,16.0,False
1422337,NEGRETE,NEGRETE,LICEO POLIVALENTE LA FRONTERA,12M,ZJ.CHILE VAMOS UDI - INDEPENDIENTES,317. CARLINA DEL CARMEN SOTO PONCE,IND,13.0,False
1422338,NEGRETE,NEGRETE,LICEO POLIVALENTE LA FRONTERA,12M,ZU.RADICALES E INDEPENDIENTES,318. MARCOS DANILO TRONCOSO SALGADO,PR,14.0,True
1422339,NEGRETE,NEGRETE,LICEO POLIVALENTE LA FRONTERA,12M,ZU.RADICALES E INDEPENDIENTES,319. ANA MERCEDES VARAS ESCOBAR,PR,4.0,False
1422340,NEGRETE,NEGRETE,LICEO POLIVALENTE LA FRONTERA,12M,ZU.RADICALES E INDEPENDIENTES,320. JOHANNA CECILIA QUINTANA SOTO,IND,0.0,False
1422341,NEGRETE,NEGRETE,LICEO POLIVALENTE LA FRONTERA,12M,ZU.RADICALES E INDEPENDIENTES,321. JORGE LUIS CARRILLO FERNANDEZ,IND,6.0,False
1422342,NEGRETE,NEGRETE,LICEO POLIVALENTE LA FRONTERA,1V,XK.CHILE VAMOS RENOVACION NACIONAL - INDEPENDIENTES,300. JORGE RAFAEL HORMAZABAL VALENZUELA,RN,5.0,False
1422343,NEGRETE,NEGRETE,LICEO POLIVALENTE LA FRONTERA,1V,XK.CHILE VAMOS RENOVACION NACIONAL - INDEPENDIENTES,301. ADA LOBOS DIAZ,RN,2.0,False
1422344,NEGRETE,NEGRETE,LICEO POLIVALENTE LA FRONTERA,1V,XK.CHILE VAMOS RENOVACION NACIONAL - INDEPENDIENTES,302. NATHALY PILAR ROJAS PAREDES,RN,3.0,False
1422345,NEGRETE,NEGRETE,LICEO POLIVALENTE LA FRONTERA,1V,XU.UNIDOS POR LA DIGNIDAD,303. CARLOS HUMBERTO TORRES MATAMALA,PRO,2.0,False
1422346,NEGRETE,NEGRETE,LICEO POLIVALENTE LA FRONTERA,1V,XU.UNIDOS POR LA DIGNIDAD,304. MARCO ANTONIO CARRASCO VIVEROS,PRO,3.0,False
1422347,NEGRETE,NEGRETE,LICEO POLIVALENTE LA FRONTERA,1V,XU.UNIDOS POR LA DIGNIDAD,305. JUAN MANUEL BARNACHEA INOSTROZA,PDC,22.0,True
1422348,NEGRETE,NEGRETE,LICEO POLIVALENTE LA FRONTERA,1V,XU.UNIDOS POR LA DIGNIDAD,306. ROSA YANET SALAMANCA COFRE,PDC,5.0,True
1422349,NEGRETE,NEGRETE,LICEO POLIVALENTE LA FRONTERA,1V,XU.UNIDOS POR LA DIGNIDAD,307. FELIPE ANDRES PINO CUEVAS,IND,1.0,False
1422350,NEGRETE,NEGRETE,LICEO POLIVALENTE LA FRONTERA,1V,XU.UNIDOS POR LA DIGNIDAD,308. OLAYO DIOMEDES TOLEDO MONTANARES,IND,0.0,False
1422351,NEGRETE,NEGRETE,LICEO POLIVALENTE LA FRONTERA,1V,YW.UNIDAD POR EL APRUEBO PS PPD E INDEPENDIENTES,309. VICTOR JORGE MUÑOZ BARNACHEA,PPD,1.0,False
1422352,NEGRETE,NEGRETE,LICEO POLIVALENTE LA FRONTERA,1V,YW.UNIDAD POR EL APRUEBO PS PPD E INDEPENDIENTES,310. EDWIN  VON-JENTSCHYK CRUZ,PS,12.0,True
1422353,NEGRETE,NEGRETE,LICEO POLIVALENTE LA FRONTERA,1V,YW.UNIDAD POR EL APRUEBO PS PPD E INDEPENDIENTES,311. FABIAN ALEJANDRO LIZAMA PEREZ,IND,19.0,True
1422354,NEGRETE,NEGRETE,LICEO POLIVALENTE LA FRONTERA,1V,YW.UNIDAD POR EL APRUEBO PS PPD E INDEPENDIENTES,312. MIRTA ELINA ALEGRIA MUÑOZ,IND,0.0,False
1422355,NEGRETE,NEGRETE,LICEO POLIVALENTE LA FRONTERA,1V,ZJ.CHILE VAMOS UDI - INDEPENDIENTES,313. MONICA LOYOLA GODOY,UDI,5.0,False
1422356,NEGRETE,NEGRETE,LICEO POLIVALENTE LA FRONTERA,1V,ZJ.CHILE VAMOS UDI - INDEPENDIENTES,314. JUAN PABLO ORREGO VASQUEZ,UDI,9.0,True
1422357,NEGRETE,NEGRETE,LICEO POLIVALENTE LA FRONTERA,1V,ZJ.CHILE VAMOS UDI - INDEPENDIENTES,315. OSCAR EDGARDO BURGOS VIDAL,UDI,4.0,False
1422358,NEGRETE,NEGRETE,LICEO POLIVALENTE LA FRONTERA,1V,ZJ.CHILE VAMOS UDI - INDEPENDIENTES,316. SOLEDAD DEL CARMEN MUÑOZ AGUILERA,IND,1.0,False
1422359,NEGRETE,NEGRETE,LICEO POLIVALENTE LA FRONTERA,1V,ZJ.CHILE VAMOS UDI - INDEPENDIENTES,317. CARLINA DEL CARMEN SOTO PONCE,IND,6.0,False
1422360,NEGRETE,NEGRETE,LICEO POLIVALENTE LA FRONTERA,1V,ZU.RADICALES E INDEPENDIENTES,318. MARCOS DANILO TRONCOSO SALGADO,PR,15.0,True
1422361,NEGRETE,NEGRETE,LICEO POLIVALENTE LA FRONTERA,1V,ZU.RADICALES E INDEPENDIENTES,319. ANA MERCEDES VARAS ESCOBAR,PR,0.0,False
1422362,NEGRETE,NEGRETE,LICEO POLIVALENTE LA FRONTERA,1V,ZU.RADICALES E INDEPENDIENTES,320. JOHANNA CECILIA QUINTANA SOTO,IND,2.0,False
1422363,NEGRETE,NEGRETE,LICEO POLIVALENTE LA FRONTERA,1V,ZU.RADICALES E INDEPENDIENTES,321. JORGE LUIS CARRILLO FERNANDEZ,IND,5.0,False
1422364,NEGRETE,NEGRETE,LICEO POLIVALENTE LA FRONTERA,2V,XK.CHILE VAMOS RENOVACION NACIONAL - INDEPENDIENTES,300. JORGE RAFAEL HORMAZABAL VALENZUELA,RN,3.0,False
1422365,NEGRETE,NEGRETE,LICEO POLIVALENTE LA FRONTERA,2V,XK.CHILE VAMOS RENOVACION NACIONAL - INDEPENDIENTES,301. ADA LOBOS DIAZ,RN,3.0,False
1422366,NEGRETE,NEGRETE,LICEO POLIVALENTE LA FRONTERA,2V,XK.CHILE VAMOS RENOVACION NACIONAL - INDEPENDIENTES,302. NATHALY PILAR ROJAS PAREDES,RN,3.0,False
1422367,NEGRETE,NEGRETE,LICEO POLIVALENTE LA FRONTERA,2V,XU.UNIDOS POR LA DIGNIDAD,303. CARLOS HUMBERTO TORRES MATAMALA,PRO,7.0,False
1422368,NEGRETE,NEGRETE,LICEO POLIVALENTE LA FRONTERA,2V,XU.UNIDOS POR LA DIGNIDAD,304. MARCO ANTONIO CARRASCO VIVEROS,PRO,3.0,False
1422369,NEGRETE,NEGRETE,LICEO POLIVALENTE LA FRONTERA,2V,XU.UNIDOS POR LA DIGNIDAD,305. JUAN MANUEL BARNACHEA INOSTROZA,PDC,25.0,True
1422370,NEGRETE,NEGRETE,LICEO POLIVALENTE LA FRONTERA,2V,XU.UNIDOS POR LA DIGNIDAD,306. ROSA YANET SALAMANCA COFRE,PDC,11.0,True
1422371,NEGRETE,NEGRETE,LICEO POLIVALENTE LA FRONTERA,2V,XU.UNIDOS POR LA DIGNIDAD,307. FELIPE ANDRES PINO CUEVAS,IND,2.0,False
1422372,NEGRETE,NEGRETE,LICEO POLIVALENTE LA FRONTERA,2V,XU.UNIDOS POR LA DIGNIDAD,308. OLAYO DIOMEDES TOLEDO MONTANARES,IND,0.0,False
1422373,NEGRETE,NEGRETE,LICEO POLIVALENTE LA FRONTERA,2V,YW.UNIDAD POR EL APRUEBO PS PPD E INDEPENDIENTES,309. VICTOR JORGE MUÑOZ BARNACHEA,PPD,5.0,False
1422374,NEGRETE,NEGRETE,LICEO POLIVALENTE LA FRONTERA,2V,YW.UNIDAD POR EL APRUEBO PS PPD E INDEPENDIENTES,310. EDWIN  VON-JENTSCHYK CRUZ,PS,20.0,True
1422375,NEGRETE,NEGRETE,LICEO POLIVALENTE LA FRONTERA,2V,YW.UNIDAD POR EL APRUEBO PS PPD E INDEPENDIENTES,311. FABIAN ALEJANDRO LIZAMA PEREZ,IND,27.0,True
1422376,NEGRETE,NEGRETE,LICEO POLIVALENTE LA FRONTERA,2V,YW.UNIDAD POR EL APRUEBO PS PPD E INDEPENDIENTES,312. MIRTA ELINA ALEGRIA MUÑOZ,IND,0.0,False
1422377,NEGRETE,NEGRETE,LICEO POLIVALENTE LA FRONTERA,2V,ZJ.CHILE VAMOS UDI - INDEPENDIENTES,313. MONICA LOYOLA GODOY,UDI,12.0,False
1422378,NEGRETE,NEGRETE,LICEO POLIVALENTE LA FRONTERA,2V,ZJ.CHILE VAMOS UDI - INDEPENDIENTES,314. JUAN PABLO ORREGO VASQUEZ,UDI,14.0,True
1422379,NEGRETE,NEGRETE,LICEO POLIVALENTE LA FRONTERA,2V,ZJ.CHILE VAMOS UDI - INDEPENDIENTES,315. OSCAR EDGARDO BURGOS VIDAL,UDI,4.0,False
1422380,NEGRETE,NEGRETE,LICEO POLIVALENTE LA FRONTERA,2V,ZJ.CHILE VAMOS UDI - INDEPENDIENTES,316. SOLEDAD DEL CARMEN MUÑOZ AGUILERA,IND,6.0,False
1422381,NEGRETE,NEGRETE,LICEO POLIVALENTE LA FRONTERA,2V,ZJ.CHILE VAMOS UDI - INDEPENDIENTES,317. CARLINA DEL CARMEN SOTO PONCE,IND,10.0,False
1422382,NEGRETE,NEGRETE,LICEO POLIVALENTE LA FRONTERA,2V,ZU.RADICALES E INDEPENDIENTES,318. MARCOS DANILO TRONCOSO SALGADO,PR,9.0,True
1422383,NEGRETE,NEGRETE,LICEO POLIVALENTE LA FRONTERA,2V,ZU.RADICALES E INDEPENDIENTES,319. ANA MERCEDES VARAS ESCOBAR,PR,1.0,False
1422384,NEGRETE,NEGRETE,LICEO POLIVALENTE LA FRONTERA,2V,ZU.RADICALES E INDEPENDIENTES,320. JOHANNA CECILIA QUINTANA SOTO,IND,2.0,False
1422385,NEGRETE,NEGRETE,LICEO POLIVALENTE LA FRONTERA,2V,ZU.RADICALES E INDEPENDIENTES,321. JORGE LUIS CARRILLO FERNANDEZ,IND,9.0,False
1422386,NEGRETE,NEGRETE,LICEO POLIVALENTE LA FRONTERA,3V,XK.CHILE VAMOS RENOVACION NACIONAL - INDEPENDIENTES,300. JORGE RAFAEL HORMAZABAL VALENZUELA,RN,2.0,False
1422387,NEGRETE,NEGRETE,LICEO POLIVALENTE LA FRONTERA,3V,XK.CHILE VAMOS RENOVACION NACIONAL - INDEPENDIENTES,301. ADA LOBOS DIAZ,RN,2.0,False
1422388,NEGRETE,NEGRETE,LICEO POLIVALENTE LA FRONTERA,3V,XK.CHILE VAMOS RENOVACION NACIONAL - INDEPENDIENTES,302. NATHALY PILAR ROJAS PAREDES,RN,2.0,False
1422389,NEGRETE,NEGRETE,LICEO POLIVALENTE LA FRONTERA,3V,XU.UNIDOS POR LA DIGNIDAD,303. CARLOS HUMBERTO TORRES MATAMALA,PRO,1.0,False
1422390,NEGRETE,NEGRETE,LICEO POLIVALENTE LA FRONTERA,3V,XU.UNIDOS POR LA DIGNIDAD,304. MARCO ANTONIO CARRASCO VIVEROS,PRO,2.0,False
1422391,NEGRETE,NEGRETE,LICEO POLIVALENTE LA FRONTERA,3V,XU.UNIDOS POR LA DIGNIDAD,305. JUAN MANUEL BARNACHEA INOSTROZA,PDC,15.0,True
1422392,NEGRETE,NEGRETE,LICEO POLIVALENTE LA FRONTERA,3V,XU.UNIDOS POR LA DIGNIDAD,306. ROSA YANET SALAMANCA COFRE,PDC,13.0,True
1422393,NEGRETE,NEGRETE,LICEO POLIVALENTE LA FRONTERA,3V,XU.UNIDOS POR LA DIGNIDAD,307. FELIPE ANDRES PINO CUEVAS,IND,1.0,False
1422394,NEGRETE,NEGRETE,LICEO POLIVALENTE LA FRONTERA,3V,XU.UNIDOS POR LA DIGNIDAD,308. OLAYO DIOMEDES TOLEDO MONTANARES,IND,3.0,False
1422395,NEGRETE,NEGRETE,LICEO POLIVALENTE LA FRONTERA,3V,YW.UNIDAD POR EL APRUEBO PS PPD E INDEPENDIENTES,309. VICTOR JORGE MUÑOZ BARNACHEA,PPD,3.0,False
1422396,NEGRETE,NEGRETE,LICEO POLIVALENTE LA FRONTERA,3V,YW.UNIDAD POR EL APRUEBO PS PPD E INDEPENDIENTES,310. EDWIN  VON-JENTSCHYK CRUZ,PS,19.0,True
1422397,NEGRETE,NEGRETE,LICEO POLIVALENTE LA FRONTERA,3V,YW.UNIDAD POR EL APRUEBO PS PPD E INDEPENDIENTES,311. FABIAN ALEJANDRO LIZAMA PEREZ,IND,23.0,True
1422398,NEGRETE,NEGRETE,LICEO POLIVALENTE LA FRONTERA,3V,YW.UNIDAD POR EL APRUEBO PS PPD E INDEPENDIENTES,312. MIRTA ELINA ALEGRIA MUÑOZ,IND,1.0,False
1422399,NEGRETE,NEGRETE,LICEO POLIVALENTE LA FRONTERA,3V,ZJ.CHILE VAMOS UDI - INDEPENDIENTES,313. MONICA LOYOLA GODOY,UDI,9.0,False
1422400,NEGRETE,NEGRETE,LICEO POLIVALENTE LA FRONTERA,3V,ZJ.CHILE VAMOS UDI - INDEPENDIENTES,314. JUAN PABLO ORREGO VASQUEZ,UDI,12.0,True
1422401,NEGRETE,NEGRETE,LICEO POLIVALENTE LA FRONTERA,3V,ZJ.CHILE VAMOS UDI - INDEPENDIENTES,315. OSCAR EDGARDO BURGOS VIDAL,UDI,7.0,False
1422402,NEGRETE,NEGRETE,LICEO POLIVALENTE LA FRONTERA,3V,ZJ.CHILE VAMOS UDI - INDEPENDIENTES,316. SOLEDAD DEL CARMEN MUÑOZ AGUILERA,IND,10.0,False
1422403,NEGRETE,NEGRETE,LICEO POLIVALENTE LA FRONTERA,3V,ZJ.CHILE VAMOS UDI - INDEPENDIENTES,317. CARLINA DEL CARMEN SOTO PONCE,IND,9.0,False
1422404,NEGRETE,NEGRETE,LICEO POLIVALENTE LA FRONTERA,3V,ZU.RADICALES E INDEPENDIENTES,318. MARCOS DANILO TRONCOSO SALGADO,PR,17.0,True
1422405,NEGRETE,NEGRETE,LICEO POLIVALENTE LA FRONTERA,3V,ZU.RADICALES E INDEPENDIENTES,319. ANA MERCEDES VARAS ESCOBAR,PR,2.0,False
1422406,NEGRETE,NEGRETE,LICEO POLIVALENTE LA FRONTERA,3V,ZU.RADICALES E INDEPENDIENTES,320. JOHANNA CECILIA QUINTANA SOTO,IND,0.0,False
1422407,NEGRETE,NEGRETE,LICEO POLIVALENTE LA FRONTERA,3V,ZU.RADICALES E INDEPENDIENTES,321. JORGE LUIS CARRILLO FERNANDEZ,IND,5.0,False
1422408,NEGRETE,NEGRETE,LICEO POLIVALENTE LA FRONTERA,4V,XK.CHILE VAMOS RENOVACION NACIONAL - INDEPENDIENTES,300. JORGE RAFAEL HORMAZABAL VALENZUELA,RN,3.0,False
1422409,NEGRETE,NEGRETE,LICEO POLIVALENTE LA FRONTERA,4V,XK.CHILE VAMOS RENOVACION NACIONAL - INDEPENDIENTES,301. ADA LOBOS DIAZ,RN,4.0,False
1422410,NEGRETE,NEGRETE,LICEO POLIVALENTE LA FRONTERA,4V,XK.CHILE VAMOS RENOVACION NACIONAL - INDEPENDIENTES,302. NATHALY PILAR ROJAS PAREDES,RN,3.0,False
1422411,NEGRETE,NEGRETE,LICEO POLIVALENTE LA FRONTERA,4V,XU.UNIDOS POR LA DIGNIDAD,303. CARLOS HUMBERTO TORRES MATAMALA,PRO,2.0,False
1422412,NEGRETE,NEGRETE,LICEO POLIVALENTE LA FRONTERA,4V,XU.UNIDOS POR LA DIGNIDAD,304. MARCO ANTONIO CARRASCO VIVEROS,PRO,5.0,False
1422413,NEGRETE,NEGRETE,LICEO POLIVALENTE LA FRONTERA,4V,XU.UNIDOS POR LA DIGNIDAD,305. JUAN MANUEL BARNACHEA INOSTROZA,PDC,20.0,True
1422414,NEGRETE,NEGRETE,LICEO POLIVALENTE LA FRONTERA,4V,XU.UNIDOS POR LA DIGNIDAD,306. ROSA YANET SALAMANCA COFRE,PDC,9.0,True
1422415,NEGRETE,NEGRETE,LICEO POLIVALENTE LA FRONTERA,4V,XU.UNIDOS POR LA DIGNIDAD,307. FELIPE ANDRES PINO CUEVAS,IND,3.0,False
1422416,NEGRETE,NEGRETE,LICEO POLIVALENTE LA FRONTERA,4V,XU.UNIDOS POR LA DIGNIDAD,308. OLAYO DIOMEDES TOLEDO MONTANARES,IND,0.0,False
1422417,NEGRETE,NEGRETE,LICEO POLIVALENTE LA FRONTERA,4V,YW.UNIDAD POR EL APRUEBO PS PPD E INDEPENDIENTES,309. VICTOR JORGE MUÑOZ BARNACHEA,PPD,1.0,False
1422418,NEGRETE,NEGRETE,LICEO POLIVALENTE LA FRONTERA,4V,YW.UNIDAD POR EL APRUEBO PS PPD E INDEPENDIENTES,310. EDWIN  VON-JENTSCHYK CRUZ,PS,16.0,True
1422419,NEGRETE,NEGRETE,LICEO POLIVALENTE LA FRONTERA,4V,YW.UNIDAD POR EL APRUEBO PS PPD E INDEPENDIENTES,311. FABIAN ALEJANDRO LIZAMA PEREZ,IND,29.0,True
1422420,NEGRETE,NEGRETE,LICEO POLIVALENTE LA FRONTERA,4V,YW.UNIDAD POR EL APRUEBO PS PPD E INDEPENDIENTES,312. MIRTA ELINA ALEGRIA MUÑOZ,IND,1.0,False
1422421,NEGRETE,NEGRETE,LICEO POLIVALENTE LA FRONTERA,4V,ZJ.CHILE VAMOS UDI - INDEPENDIENTES,313. MONICA LOYOLA GODOY,UDI,6.0,False
1422422,NEGRETE,NEGRETE,LICEO POLIVALENTE LA FRONTERA,4V,ZJ.CHILE VAMOS UDI - INDEPENDIENTES,314. JUAN PABLO ORREGO VASQUEZ,UDI,9.0,True
1422423,NEGRETE,NEGRETE,LICEO POLIVALENTE LA FRONTERA,4V,ZJ.CHILE VAMOS UDI - INDEPENDIENTES,315. OSCAR EDGARDO BURGOS VIDAL,UDI,6.0,False
1422424,NEGRETE,NEGRETE,LICEO POLIVALENTE LA FRONTERA,4V,ZJ.CHILE VAMOS UDI - INDEPENDIENTES,316. SOLEDAD DEL CARMEN MUÑOZ AGUILERA,IND,5.0,False
1422425,NEGRETE,NEGRETE,LICEO POLIVALENTE LA FRONTERA,4V,ZJ.CHILE VAMOS UDI - INDEPENDIENTES,317. CARLINA DEL CARMEN SOTO PONCE,IND,9.0,False
1422426,NEGRETE,NEGRETE,LICEO POLIVALENTE LA FRONTERA,4V,ZU.RADICALES E INDEPENDIENTES,318. MARCOS DANILO TRONCOSO SALGADO,PR,19.0,True
1422427,NEGRETE,NEGRETE,LICEO POLIVALENTE LA FRONTERA,4V,ZU.RADICALES E INDEPENDIENTES,319. ANA MERCEDES VARAS ESCOBAR,PR,0.0,False
1422428,NEGRETE,NEGRETE,LICEO POLIVALENTE LA FRONTERA,4V,ZU.RADICALES E INDEPENDIENTES,320. JOHANNA CECILIA QUINTANA SOTO,IND,2.0,False
1422429,NEGRETE,NEGRETE,LICEO POLIVALENTE LA FRONTERA,4V,ZU.RADICALES E INDEPENDIENTES,321. JORGE LUIS CARRILLO FERNANDEZ,IND,5.0,False
1422430,NEGRETE,NEGRETE,LICEO POLIVALENTE LA FRONTERA,5V,XK.CHILE VAMOS RENOVACION NACIONAL - INDEPENDIENTES,300. JORGE RAFAEL HORMAZABAL VALENZUELA,RN,0.0,False
1422431,NEGRETE,NEGRETE,LICEO POLIVALENTE LA FRONTERA,5V,XK.CHILE VAMOS RENOVACION NACIONAL - INDEPENDIENTES,301. ADA LOBOS DIAZ,RN,3.0,False
1422432,NEGRETE,NEGRETE,LICEO POLIVALENTE LA FRONTERA,5V,XK.CHILE VAMOS RENOVACION NACIONAL - INDEPENDIENTES,302. NATHALY PILAR ROJAS PAREDES,RN,4.0,False
1422433,NEGRETE,NEGRETE,LICEO POLIVALENTE LA FRONTERA,5V,XU.UNIDOS POR LA DIGNIDAD,303. CARLOS HUMBERTO TORRES MATAMALA,PRO,3.0,False
1422434,NEGRETE,NEGRETE,LICEO POLIVALENTE LA FRONTERA,5V,XU.UNIDOS POR LA DIGNIDAD,304. MARCO ANTONIO CARRASCO VIVEROS,PRO,1.0,False
1422435,NEGRETE,NEGRETE,LICEO POLIVALENTE LA FRONTERA,5V,XU.UNIDOS POR LA DIGNIDAD,305. JUAN MANUEL BARNACHEA INOSTROZA,PDC,21.0,True
1422436,NEGRETE,NEGRETE,LICEO POLIVALENTE LA FRONTERA,5V,XU.UNIDOS POR LA DIGNIDAD,306. ROSA YANET SALAMANCA COFRE,PDC,12.0,True
1422437,NEGRETE,NEGRETE,LICEO POLIVALENTE LA FRONTERA,5V,XU.UNIDOS POR LA DIGNIDAD,307. FELIPE ANDRES PINO CUEVAS,IND,1.0,False
1422438,NEGRETE,NEGRETE,LICEO POLIVALENTE LA FRONTERA,5V,XU.UNIDOS POR LA DIGNIDAD,308. OLAYO DIOMEDES TOLEDO MONTANARES,IND,1.0,False
1422439,NEGRETE,NEGRETE,LICEO POLIVALENTE LA FRONTERA,5V,YW.UNIDAD POR EL APRUEBO PS PPD E INDEPENDIENTES,309. VICTOR JORGE MUÑOZ BARNACHEA,PPD,2.0,False
1422440,NEGRETE,NEGRETE,LICEO POLIVALENTE LA FRONTERA,5V,YW.UNIDAD POR EL APRUEBO PS PPD E INDEPENDIENTES,310. EDWIN  VON-JENTSCHYK CRUZ,PS,15.0,True
1422441,NEGRETE,NEGRETE,LICEO POLIVALENTE LA FRONTERA,5V,YW.UNIDAD POR EL APRUEBO PS PPD E INDEPENDIENTES,311. FABIAN ALEJANDRO LIZAMA PEREZ,IND,21.0,True
1422442,NEGRETE,NEGRETE,LICEO POLIVALENTE LA FRONTERA,5V,YW.UNIDAD POR EL APRUEBO PS PPD E INDEPENDIENTES,312. MIRTA ELINA ALEGRIA MUÑOZ,IND,1.0,False
1422443,NEGRETE,NEGRETE,LICEO POLIVALENTE LA FRONTERA,5V,ZJ.CHILE VAMOS UDI - INDEPENDIENTES,313. MONICA LOYOLA GODOY,UDI,10.0,False
1422444,NEGRETE,NEGRETE,LICEO POLIVALENTE LA FRONTERA,5V,ZJ.CHILE VAMOS UDI - INDEPENDIENTES,314. JUAN PABLO ORREGO VASQUEZ,UDI,7.0,True
1422445,NEGRETE,NEGRETE,LICEO POLIVALENTE LA FRONTERA,5V,ZJ.CHILE VAMOS UDI - INDEPENDIENTES,315. OSCAR EDGARDO BURGOS VIDAL,UDI,3.0,False
1422446,NEGRETE,NEGRETE,LICEO POLIVALENTE LA FRONTERA,5V,ZJ.CHILE VAMOS UDI - INDEPENDIENTES,316. SOLEDAD DEL CARMEN MUÑOZ AGUILERA,IND,6.0,False
1422447,NEGRETE,NEGRETE,LICEO POLIVALENTE LA FRONTERA,5V,ZJ.CHILE VAMOS UDI - INDEPENDIENTES,317. CARLINA DEL CARMEN SOTO PONCE,IND,3.0,False
1422448,NEGRETE,NEGRETE,LICEO POLIVALENTE LA FRONTERA,5V,ZU.RADICALES E INDEPENDIENTES,318. MARCOS DANILO TRONCOSO SALGADO,PR,16.0,True
1422449,NEGRETE,NEGRETE,LICEO POLIVALENTE LA FRONTERA,5V,ZU.RADICALES E INDEPENDIENTES,319. ANA MERCEDES VARAS ESCOBAR,PR,3.0,False
1422450,NEGRETE,NEGRETE,LICEO POLIVALENTE LA FRONTERA,5V,ZU.RADICALES E INDEPENDIENTES,320. JOHANNA CECILIA QUINTANA SOTO,IND,2.0,False
1422451,NEGRETE,NEGRETE,LICEO POLIVALENTE LA FRONTERA,5V,ZU.RADICALES E INDEPENDIENTES,321. JORGE LUIS CARRILLO FERNANDEZ,IND,8.0,False
1422452,NEGRETE,NEGRETE,LICEO POLIVALENTE LA FRONTERA,6V,XK.CHILE VAMOS RENOVACION NACIONAL - INDEPENDIENTES,300. JORGE RAFAEL HORMAZABAL VALENZUELA,RN,1.0,False
1422453,NEGRETE,NEGRETE,LICEO POLIVALENTE LA FRONTERA,6V,XK.CHILE VAMOS RENOVACION NACIONAL - INDEPENDIENTES,301. ADA LOBOS DIAZ,RN,7.0,False
1422454,NEGRETE,NEGRETE,LICEO POLIVALENTE LA FRONTERA,6V,XK.CHILE VAMOS RENOVACION NACIONAL - INDEPENDIENTES,302. NATHALY PILAR ROJAS PAREDES,RN,2.0,False
1422455,NEGRETE,NEGRETE,LICEO POLIVALENTE LA FRONTERA,6V,XU.UNIDOS POR LA DIGNIDAD,303. CARLOS HUMBERTO TORRES MATAMALA,PRO,3.0,False
1422456,NEGRETE,NEGRETE,LICEO POLIVALENTE LA FRONTERA,6V,XU.UNIDOS POR LA DIGNIDAD,304. MARCO ANTONIO CARRASCO VIVEROS,PRO,2.0,False
1422457,NEGRETE,NEGRETE,LICEO POLIVALENTE LA FRONTERA,6V,XU.UNIDOS POR LA DIGNIDAD,305. JUAN MANUEL BARNACHEA INOSTROZA,PDC,15.0,True
1422458,NEGRETE,NEGRETE,LICEO POLIVALENTE LA FRONTERA,6V,XU.UNIDOS POR LA DIGNIDAD,306. ROSA YANET SALAMANCA COFRE,PDC,10.0,True
1422459,NEGRETE,NEGRETE,LICEO POLIVALENTE LA FRONTERA,6V,XU.UNIDOS POR LA DIGNIDAD,307. FELIPE ANDRES PINO CUEVAS,IND,1.0,False
1422460,NEGRETE,NEGRETE,LICEO POLIVALENTE LA FRONTERA,6V,XU.UNIDOS POR LA DIGNIDAD,308. OLAYO DIOMEDES TOLEDO MONTANARES,IND,1.0,False
1422461,NEGRETE,NEGRETE,LICEO POLIVALENTE LA FRONTERA,6V,YW.UNIDAD POR EL APRUEBO PS PPD E INDEPENDIENTES,309. VICTOR JORGE MUÑOZ BARNACHEA,PPD,1.0,False
1422462,NEGRETE,NEGRETE,LICEO POLIVALENTE LA FRONTERA,6V,YW.UNIDAD POR EL APRUEBO PS PPD E INDEPENDIENTES,310. EDWIN  VON-JENTSCHYK CRUZ,PS,19.0,True
1422463,NEGRETE,NEGRETE,LICEO POLIVALENTE LA FRONTERA,6V,YW.UNIDAD POR EL APRUEBO PS PPD E INDEPENDIENTES,311. FABIAN ALEJANDRO LIZAMA PEREZ,IND,36.0,True
1422464,NEGRETE,NEGRETE,LICEO POLIVALENTE LA FRONTERA,6V,YW.UNIDAD POR EL APRUEBO PS PPD E INDEPENDIENTES,312. MIRTA ELINA ALEGRIA MUÑOZ,IND,0.0,False
1422465,NEGRETE,NEGRETE,LICEO POLIVALENTE LA FRONTERA,6V,ZJ.CHILE VAMOS UDI - INDEPENDIENTES,313. MONICA LOYOLA GODOY,UDI,8.0,False
1422466,NEGRETE,NEGRETE,LICEO POLIVALENTE LA FRONTERA,6V,ZJ.CHILE VAMOS UDI - INDEPENDIENTES,314. JUAN PABLO ORREGO VASQUEZ,UDI,8.0,True
1422467,NEGRETE,NEGRETE,LICEO POLIVALENTE LA FRONTERA,6V,ZJ.CHILE VAMOS UDI - INDEPENDIENTES,315. OSCAR EDGARDO BURGOS VIDAL,UDI,2.0,False
1422468,NEGRETE,NEGRETE,LICEO POLIVALENTE LA FRONTERA,6V,ZJ.CHILE VAMOS UDI - INDEPENDIENTES,316. SOLEDAD DEL CARMEN MUÑOZ AGUILERA,IND,6.0,False
1422469,NEGRETE,NEGRETE,LICEO POLIVALENTE LA FRONTERA,6V,ZJ.CHILE VAMOS UDI - INDEPENDIENTES,317. CARLINA DEL CARMEN SOTO PONCE,IND,7.0,False
1422470,NEGRETE,NEGRETE,LICEO POLIVALENTE LA FRONTERA,6V,ZU.RADICALES E INDEPENDIENTES,318. MARCOS DANILO TRONCOSO SALGADO,PR,17.0,True
1422471,NEGRETE,NEGRETE,LICEO POLIVALENTE LA FRONTERA,6V,ZU.RADICALES E INDEPENDIENTES,319. ANA MERCEDES VARAS ESCOBAR,PR,3.0,False
1422472,NEGRETE,NEGRETE,LICEO POLIVALENTE LA FRONTERA,6V,ZU.RADICALES E INDEPENDIENTES,320. JOHANNA CECILIA QUINTANA SOTO,IND,2.0,False
1422473,NEGRETE,NEGRETE,LICEO POLIVALENTE LA FRONTERA,6V,ZU.RADICALES E INDEPENDIENTES,321. JORGE LUIS CARRILLO FERNANDEZ,IND,6.0,False
1422474,NEGRETE,NEGRETE,LICEO POLIVALENTE LA FRONTERA,7V,XK.CHILE VAMOS RENOVACION NACIONAL - INDEPENDIENTES,300. JORGE RAFAEL HORMAZABAL VALENZUELA,RN,1.0,False
1422475,NEGRETE,NEGRETE,LICEO POLIVALENTE LA FRONTERA,7V,XK.CHILE VAMOS RENOVACION NACIONAL - INDEPENDIENTES,301. ADA LOBOS DIAZ,RN,1.0,False
1422476,NEGRETE,NEGRETE,LICEO POLIVALENTE LA FRONTERA,7V,XK.CHILE VAMOS RENOVACION NACIONAL - INDEPENDIENTES,302. NATHALY PILAR ROJAS PAREDES,RN,1.0,False
1422477,NEGRETE,NEGRETE,LICEO POLIVALENTE LA FRONTERA,7V,XU.UNIDOS POR LA DIGNIDAD,303. CARLOS HUMBERTO TORRES MATAMALA,PRO,10.0,False
1422478,NEGRETE,NEGRETE,LICEO POLIVALENTE LA FRONTERA,7V,XU.UNIDOS POR LA DIGNIDAD,304. MARCO ANTONIO CARRASCO VIVEROS,PRO,1.0,False
1422479,NEGRETE,NEGRETE,LICEO POLIVALENTE LA FRONTERA,7V,XU.UNIDOS POR LA DIGNIDAD,305. JUAN MANUEL BARNACHEA INOSTROZA,PDC,23.0,True
1422480,NEGRETE,NEGRETE,LICEO POLIVALENTE LA FRONTERA,7V,XU.UNIDOS POR LA DIGNIDAD,306. ROSA YANET SALAMANCA COFRE,PDC,12.0,True
1422481,NEGRETE,NEGRETE,LICEO POLIVALENTE LA FRONTERA,7V,XU.UNIDOS POR LA DIGNIDAD,307. FELIPE ANDRES PINO CUEVAS,IND,2.0,False
1422482,NEGRETE,NEGRETE,LICEO POLIVALENTE LA FRONTERA,7V,XU.UNIDOS POR LA DIGNIDAD,308. OLAYO DIOMEDES TOLEDO MONTANARES,IND,,False
1422483,NEGRETE,NEGRETE,LICEO POLIVALENTE LA FRONTERA,7V,YW.UNIDAD POR EL APRUEBO PS PPD E INDEPENDIENTES,309. VICTOR JORGE MUÑOZ BARNACHEA,PPD,1.0,False
1422484,NEGRETE,NEGRETE,LICEO POLIVALENTE LA FRONTERA,7V,YW.UNIDAD POR EL APRUEBO PS PPD E INDEPENDIENTES,310. EDWIN  VON-JENTSCHYK CRUZ,PS,17.0,True
1422485,NEGRETE,NEGRETE,LICEO POLIVALENTE LA FRONTERA,7V,YW.UNIDAD POR EL APRUEBO PS PPD E INDEPENDIENTES,311. FABIAN ALEJANDRO LIZAMA PEREZ,IND,34.0,True
1422486,NEGRETE,NEGRETE,LICEO POLIVALENTE LA FRONTERA,7V,YW.UNIDAD POR EL APRUEBO PS PPD E INDEPENDIENTES,312. MIRTA ELINA ALEGRIA MUÑOZ,IND,1.0,False
1422487,NEGRETE,NEGRETE,LICEO POLIVALENTE LA FRONTERA,7V,ZJ.CHILE VAMOS UDI - INDEPENDIENTES,313. MONICA LOYOLA GODOY,UDI,9.0,False
1422488,NEGRETE,NEGRETE,LICEO POLIVALENTE LA FRONTERA,7V,ZJ.CHILE VAMOS UDI - INDEPENDIENTES,314. JUAN PABLO ORREGO VASQUEZ,UDI,10.0,True
1422489,NEGRETE,NEGRETE,LICEO POLIVALENTE LA FRONTERA,7V,ZJ.CHILE VAMOS UDI - INDEPENDIENTES,315. OSCAR EDGARDO BURGOS VIDAL,UDI,4.0,False
1422490,NEGRETE,NEGRETE,LICEO POLIVALENTE LA FRONTERA,7V,ZJ.CHILE VAMOS UDI - INDEPENDIENTES,316. SOLEDAD DEL CARMEN MUÑOZ AGUILERA,IND,6.0,False
1422491,NEGRETE,NEGRETE,LICEO POLIVALENTE LA FRONTERA,7V,ZJ.CHILE VAMOS UDI - INDEPENDIENTES,317. CARLINA DEL CARMEN SOTO PONCE,IND,10.0,False
1422492,NEGRETE,NEGRETE,LICEO POLIVALENTE LA FRONTERA,7V,ZU.RADICALES E INDEPENDIENTES,318. MARCOS DANILO TRONCOSO SALGADO,PR,19.0,True
1422493,NEGRETE,NEGRETE,LICEO POLIVALENTE LA FRONTERA,7V,ZU.RADICALES E INDEPENDIENTES,319. ANA MERCEDES VARAS ESCOBAR,PR,4.0,False
1422494,NEGRETE,NEGRETE,LICEO POLIVALENTE LA FRONTERA,7V,ZU.RADICALES E INDEPENDIENTES,320. JOHANNA CECILIA QUINTANA SOTO,IND,2.0,False
1422495,NEGRETE,NEGRETE,LICEO POLIVALENTE LA FRONTERA,7V,ZU.RADICALES E INDEPENDIENTES,321. JORGE LUIS CARRILLO FERNANDEZ,IND,9.0,False
1422496,NEGRETE,NEGRETE,LICEO POLIVALENTE LA FRONTERA,8V,XK.CHILE VAMOS RENOVACION NACIONAL - INDEPENDIENTES,300. JORGE RAFAEL HORMAZABAL VALENZUELA,RN,3.0,False
1422497,NEGRETE,NEGRETE,LICEO POLIVALENTE LA FRONTERA,8V,XK.CHILE VAMOS RENOVACION NACIONAL - INDEPENDIENTES,301. ADA LOBOS DIAZ,RN,1.0,False
1422498,NEGRETE,NEGRETE,LICEO POLIVALENTE LA FRONTERA,8V,XK.CHILE VAMOS RENOVACION NACIONAL - INDEPENDIENTES,302. NATHALY PILAR ROJAS PAREDES,RN,0.0,False
1422499,NEGRETE,NEGRETE,LICEO POLIVALENTE LA FRONTERA,8V,XU.UNIDOS POR LA DIGNIDAD,303. CARLOS HUMBERTO TORRES MATAMALA,PRO,6.0,False
1422500,NEGRETE,NEGRETE,LICEO POLIVALENTE LA FRONTERA,8V,XU.UNIDOS POR LA DIGNIDAD,304. MARCO ANTONIO CARRASCO VIVEROS,PRO,2.0,False
1422501,NEGRETE,NEGRETE,LICEO POLIVALENTE LA FRONTERA,8V,XU.UNIDOS POR LA DIGNIDAD,305. JUAN MANUEL BARNACHEA INOSTROZA,PDC,18.0,True
1422502,NEGRETE,NEGRETE,LICEO POLIVALENTE LA FRONTERA,8V,XU.UNIDOS POR LA DIGNIDAD,306. ROSA YANET SALAMANCA COFRE,PDC,8.0,True
1422503,NEGRETE,NEGRETE,LICEO POLIVALENTE LA FRONTERA,8V,XU.UNIDOS POR LA DIGNIDAD,307. FELIPE ANDRES PINO CUEVAS,IND,5.0,False
1422504,NEGRETE,NEGRETE,LICEO POLIVALENTE LA FRONTERA,8V,XU.UNIDOS POR LA DIGNIDAD,308. OLAYO DIOMEDES TOLEDO MONTANARES,IND,0.0,False
1422505,NEGRETE,NEGRETE,LICEO POLIVALENTE LA FRONTERA,8V,YW.UNIDAD POR EL APRUEBO PS PPD E INDEPENDIENTES,309. VICTOR JORGE MUÑOZ BARNACHEA,PPD,1.0,False
1422506,NEGRETE,NEGRETE,LICEO POLIVALENTE LA FRONTERA,8V,YW.UNIDAD POR EL APRUEBO PS PPD E INDEPENDIENTES,310. EDWIN  VON-JENTSCHYK CRUZ,PS,14.0,True
1422507,NEGRETE,NEGRETE,LICEO POLIVALENTE LA FRONTERA,8V,YW.UNIDAD POR EL APRUEBO PS PPD E INDEPENDIENTES,311. FABIAN ALEJANDRO LIZAMA PEREZ,IND,28.0,True
1422508,NEGRETE,NEGRETE,LICEO POLIVALENTE LA FRONTERA,8V,YW.UNIDAD POR EL APRUEBO PS PPD E INDEPENDIENTES,312. MIRTA ELINA ALEGRIA MUÑOZ,IND,0.0,False
1422509,NEGRETE,NEGRETE,LICEO POLIVALENTE LA FRONTERA,8V,ZJ.CHILE VAMOS UDI - INDEPENDIENTES,313. MONICA LOYOLA GODOY,UDI,7.0,False
1422510,NEGRETE,NEGRETE,LICEO POLIVALENTE LA FRONTERA,8V,ZJ.CHILE VAMOS UDI - INDEPENDIENTES,314. JUAN PABLO ORREGO VASQUEZ,UDI,12.0,True
1422511,NEGRETE,NEGRETE,LICEO POLIVALENTE LA FRONTERA,8V,ZJ.CHILE VAMOS UDI - INDEPENDIENTES,315. OSCAR EDGARDO BURGOS VIDAL,UDI,4.0,False
1422512,NEGRETE,NEGRETE,LICEO POLIVALENTE LA FRONTERA,8V,ZJ.CHILE VAMOS UDI - INDEPENDIENTES,316. SOLEDAD DEL CARMEN MUÑOZ AGUILERA,IND,4.0,False
1422513,NEGRETE,NEGRETE,LICEO POLIVALENTE LA FRONTERA,8V,ZJ.CHILE VAMOS UDI - INDEPENDIENTES,317. CARLINA DEL CARMEN SOTO PONCE,IND,8.0,False
1422514,NEGRETE,NEGRETE,LICEO POLIVALENTE LA FRONTERA,8V,ZU.RADICALES E INDEPENDIENTES,318. MARCOS DANILO TRONCOSO SALGADO,PR,22.0,True
1422515,NEGRETE,NEGRETE,LICEO POLIVALENTE LA FRONTERA,8V,ZU.RADICALES E INDEPENDIENTES,319. ANA MERCEDES VARAS ESCOBAR,PR,1.0,False
1422516,NEGRETE,NEGRETE,LICEO POLIVALENTE LA FRONTERA,8V,ZU.RADICALES E INDEPENDIENTES,320. JOHANNA CECILIA QUINTANA SOTO,IND,0.0,False
1422517,NEGRETE,NEGRETE,LICEO POLIVALENTE LA FRONTERA,8V,ZU.RADICALES E INDEPENDIENTES,321. JORGE LUIS CARRILLO FERNANDEZ,IND,6.0,False
1422518,NEGRETE,NEGRETE,LICEO POLIVALENTE LA FRONTERA,9V,XK.CHILE VAMOS RENOVACION NACIONAL - INDEPENDIENTES,300. JORGE RAFAEL HORMAZABAL VALENZUELA,RN,4.0,False
1422519,NEGRETE,NEGRETE,LICEO POLIVALENTE LA FRONTERA,9V,XK.CHILE VAMOS RENOVACION NACIONAL - INDEPENDIENTES,301. ADA LOBOS DIAZ,RN,3.0,False
1422520,NEGRETE,NEGRETE,LICEO POLIVALENTE LA FRONTERA,9V,XK.CHILE VAMOS RENOVACION NACIONAL - INDEPENDIENTES,302. NATHALY PILAR ROJAS PAREDES,RN,1.0,False
1422521,NEGRETE,NEGRETE,LICEO POLIVALENTE LA FRONTERA,9V,XU.UNIDOS POR LA DIGNIDAD,303. CARLOS HUMBERTO TORRES MATAMALA,PRO,7.0,False
1422522,NEGRETE,NEGRETE,LICEO POLIVALENTE LA FRONTERA,9V,XU.UNIDOS POR LA DIGNIDAD,304. MARCO ANTONIO CARRASCO VIVEROS,PRO,2.0,False
1422523,NEGRETE,NEGRETE,LICEO POLIVALENTE LA FRONTERA,9V,XU.UNIDOS POR LA DIGNIDAD,305. JUAN MANUEL BARNACHEA INOSTROZA,PDC,25.0,True
1422524,NEGRETE,NEGRETE,LICEO POLIVALENTE LA FRONTERA,9V,XU.UNIDOS POR LA DIGNIDAD,306. ROSA YANET SALAMANCA COFRE,PDC,5.0,True
1422525,NEGRETE,NEGRETE,LICEO POLIVALENTE LA FRONTERA,9V,XU.UNIDOS POR LA DIGNIDAD,307. FELIPE ANDRES PINO CUEVAS,IND,5.0,False
1422526,NEGRETE,NEGRETE,LICEO POLIVALENTE LA FRONTERA,9V,XU.UNIDOS POR LA DIGNIDAD,308. OLAYO DIOMEDES TOLEDO MONTANARES,IND,0.0,False
1422527,NEGRETE,NEGRETE,LICEO POLIVALENTE LA FRONTERA,9V,YW.UNIDAD POR EL APRUEBO PS PPD E INDEPENDIENTES,309. VICTOR JORGE MUÑOZ BARNACHEA,PPD,2.0,False
1422528,NEGRETE,NEGRETE,LICEO POLIVALENTE LA FRONTERA,9V,YW.UNIDAD POR EL APRUEBO PS PPD E INDEPENDIENTES,310. EDWIN  VON-JENTSCHYK CRUZ,PS,16.0,True
1422529,NEGRETE,NEGRETE,LICEO POLIVALENTE LA FRONTERA,9V,YW.UNIDAD POR EL APRUEBO PS PPD E INDEPENDIENTES,311. FABIAN ALEJANDRO LIZAMA PEREZ,IND,29.0,True
1422530,NEGRETE,NEGRETE,LICEO POLIVALENTE LA FRONTERA,9V,YW.UNIDAD POR EL APRUEBO PS PPD E INDEPENDIENTES,312. MIRTA ELINA ALEGRIA MUÑOZ,IND,1.0,False
1422531,NEGRETE,NEGRETE,LICEO POLIVALENTE LA FRONTERA,9V,ZJ.CHILE VAMOS UDI - INDEPENDIENTES,313. MONICA LOYOLA GODOY,UDI,15.0,False
1422532,NEGRETE,NEGRETE,LICEO POLIVALENTE LA FRONTERA,9V,ZJ.CHILE VAMOS UDI - INDEPENDIENTES,314. JUAN PABLO ORREGO VASQUEZ,UDI,17.0,True
1422533,NEGRETE,NEGRETE,LICEO POLIVALENTE LA FRONTERA,9V,ZJ.CHILE VAMOS UDI - INDEPENDIENTES,315. OSCAR EDGARDO BURGOS VIDAL,UDI,6.0,False
1422534,NEGRETE,NEGRETE,LICEO POLIVALENTE LA FRONTERA,9V,ZJ.CHILE VAMOS UDI - INDEPENDIENTES,316. SOLEDAD DEL CARMEN MUÑOZ AGUILERA,IND,10.0,False
1422535,NEGRETE,NEGRETE,LICEO POLIVALENTE LA FRONTERA,9V,ZJ.CHILE VAMOS UDI - INDEPENDIENTES,317. CARLINA DEL CARMEN SOTO PONCE,IND,6.0,False
1422536,NEGRETE,NEGRETE,LICEO POLIVALENTE LA FRONTERA,9V,ZU.RADICALES E INDEPENDIENTES,318. MARCOS DANILO TRONCOSO SALGADO,PR,22.0,True
1422537,NEGRETE,NEGRETE,LICEO POLIVALENTE LA FRONTERA,9V,ZU.RADICALES E INDEPENDIENTES,319. ANA MERCEDES VARAS ESCOBAR,PR,1.0,False
1422538,NEGRETE,NEGRETE,LICEO POLIVALENTE LA FRONTERA,9V,ZU.RADICALES E INDEPENDIENTES,320. JOHANNA CECILIA QUINTANA SOTO,IND,2.0,False
1422539,NEGRETE,NEGRETE,LICEO POLIVALENTE LA FRONTERA,9V,ZU.RADICALES E INDEPENDIENTES,321. JORGE LUIS CARRILLO FERNANDEZ,IND,7.0,False
1422540,NEGRETE,NEGRETE,LICEO POLIVALENTE LA FRONTERA,10V,XK.CHILE VAMOS RENOVACION NACIONAL - INDEPENDIENTES,300. JORGE RAFAEL HORMAZABAL VALENZUELA,RN,1.0,False
1422541,NEGRETE,NEGRETE,LICEO POLIVALENTE LA FRONTERA,10V,XK.CHILE VAMOS RENOVACION NACIONAL - INDEPENDIENTES,301. ADA LOBOS DIAZ,RN,3.0,False
1422542,NEGRETE,NEGRETE,LICEO POLIVALENTE LA FRONTERA,10V,XK.CHILE VAMOS RENOVACION NACIONAL - INDEPENDIENTES,302. NATHALY PILAR ROJAS PAREDES,RN,1.0,False
1422543,NEGRETE,NEGRETE,LICEO POLIVALENTE LA FRONTERA,10V,XU.UNIDOS POR LA DIGNIDAD,303. CARLOS HUMBERTO TORRES MATAMALA,PRO,3.0,False
1422544,NEGRETE,NEGRETE,LICEO POLIVALENTE LA FRONTERA,10V,XU.UNIDOS POR LA DIGNIDAD,304. MARCO ANTONIO CARRASCO VIVEROS,PRO,2.0,False
1422545,NEGRETE,NEGRETE,LICEO POLIVALENTE LA FRONTERA,10V,XU.UNIDOS POR LA DIGNIDAD,305. JUAN MANUEL BARNACHEA INOSTROZA,PDC,21.0,True
1422546,NEGRETE,NEGRETE,LICEO POLIVALENTE LA FRONTERA,10V,XU.UNIDOS POR LA DIGNIDAD,306. ROSA YANET SALAMANCA COFRE,PDC,7.0,True
1422547,NEGRETE,NEGRETE,LICEO POLIVALENTE LA FRONTERA,10V,XU.UNIDOS POR LA DIGNIDAD,307. FELIPE ANDRES PINO CUEVAS,IND,2.0,False
1422548,NEGRETE,NEGRETE,LICEO POLIVALENTE LA FRONTERA,10V,XU.UNIDOS POR LA DIGNIDAD,308. OLAYO DIOMEDES TOLEDO MONTANARES,IND,3.0,False
1422549,NEGRETE,NEGRETE,LICEO POLIVALENTE LA FRONTERA,10V,YW.UNIDAD POR EL APRUEBO PS PPD E INDEPENDIENTES,309. VICTOR JORGE MUÑOZ BARNACHEA,PPD,0.0,False
1422550,NEGRETE,NEGRETE,LICEO POLIVALENTE LA FRONTERA,10V,YW.UNIDAD POR EL APRUEBO PS PPD E INDEPENDIENTES,310. EDWIN  VON-JENTSCHYK CRUZ,PS,11.0,True
1422551,NEGRETE,NEGRETE,LICEO POLIVALENTE LA FRONTERA,10V,YW.UNIDAD POR EL APRUEBO PS PPD E INDEPENDIENTES,311. FABIAN ALEJANDRO LIZAMA PEREZ,IND,19.0,True
1422552,NEGRETE,NEGRETE,LICEO POLIVALENTE LA FRONTERA,10V,YW.UNIDAD POR EL APRUEBO PS PPD E INDEPENDIENTES,312. MIRTA ELINA ALEGRIA MUÑOZ,IND,2.0,False
1422553,NEGRETE,NEGRETE,LICEO POLIVALENTE LA FRONTERA,10V,ZJ.CHILE VAMOS UDI - INDEPENDIENTES,313. MONICA LOYOLA GODOY,UDI,9.0,False
1422554,NEGRETE,NEGRETE,LICEO POLIVALENTE LA FRONTERA,10V,ZJ.CHILE VAMOS UDI - INDEPENDIENTES,314. JUAN PABLO ORREGO VASQUEZ,UDI,5.0,True
1422555,NEGRETE,NEGRETE,LICEO POLIVALENTE LA FRONTERA,10V,ZJ.CHILE VAMOS UDI - INDEPENDIENTES,315. OSCAR EDGARDO BURGOS VIDAL,UDI,3.0,False
1422556,NEGRETE,NEGRETE,LICEO POLIVALENTE LA FRONTERA,10V,ZJ.CHILE VAMOS UDI - INDEPENDIENTES,316. SOLEDAD DEL CARMEN MUÑOZ AGUILERA,IND,6.0,False
1422557,NEGRETE,NEGRETE,LICEO POLIVALENTE LA FRONTERA,10V,ZJ.CHILE VAMOS UDI - INDEPENDIENTES,317. CARLINA DEL CARMEN SOTO PONCE,IND,2.0,False
1422558,NEGRETE,NEGRETE,LICEO POLIVALENTE LA FRONTERA,10V,ZU.RADICALES E INDEPENDIENTES,318. MARCOS DANILO TRONCOSO SALGADO,PR,16.0,True
1422559,NEGRETE,NEGRETE,LICEO POLIVALENTE LA FRONTERA,10V,ZU.RADICALES E INDEPENDIENTES,319. ANA MERCEDES VARAS ESCOBAR,PR,2.0,False
1422560,NEGRETE,NEGRETE,LICEO POLIVALENTE LA FRONTERA,10V,ZU.RADICALES E INDEPENDIENTES,320. JOHANNA CECILIA QUINTANA SOTO,IND,1.0,False
1422561,NEGRETE,NEGRETE,LICEO POLIVALENTE LA FRONTERA,10V,ZU.RADICALES E INDEPENDIENTES,321. JORGE LUIS CARRILLO FERNANDEZ,IND,6.0,False
1422562,NEGRETE,NEGRETE,LICEO POLIVALENTE LA FRONTERA,11V,XK.CHILE VAMOS RENOVACION NACIONAL - INDEPENDIENTES,300. JORGE RAFAEL HORMAZABAL VALENZUELA,RN,1.0,False
1422563,NEGRETE,NEGRETE,LICEO POLIVALENTE LA FRONTERA,11V,XK.CHILE VAMOS RENOVACION NACIONAL - INDEPENDIENTES,301. ADA LOBOS DIAZ,RN,0.0,False
1422564,NEGRETE,NEGRETE,LICEO POLIVALENTE LA FRONTERA,11V,XK.CHILE VAMOS RENOVACION NACIONAL - INDEPENDIENTES,302. NATHALY PILAR ROJAS PAREDES,RN,0.0,False
1422565,NEGRETE,NEGRETE,LICEO POLIVALENTE LA FRONTERA,11V,XU.UNIDOS POR LA DIGNIDAD,303. CARLOS HUMBERTO TORRES MATAMALA,PRO,9.0,False
1422566,NEGRETE,NEGRETE,LICEO POLIVALENTE LA FRONTERA,11V,XU.UNIDOS POR LA DIGNIDAD,304. MARCO ANTONIO CARRASCO VIVEROS,PRO,3.0,False
1422567,NEGRETE,NEGRETE,LICEO POLIVALENTE LA FRONTERA,11V,XU.UNIDOS POR LA DIGNIDAD,305. JUAN MANUEL BARNACHEA INOSTROZA,PDC,21.0,True
1422568,NEGRETE,NEGRETE,LICEO POLIVALENTE LA FRONTERA,11V,XU.UNIDOS POR LA DIGNIDAD,306. ROSA YANET SALAMANCA COFRE,PDC,10.0,True
1422569,NEGRETE,NEGRETE,LICEO POLIVALENTE LA FRONTERA,11V,XU.UNIDOS POR LA DIGNIDAD,307. FELIPE ANDRES PINO CUEVAS,IND,4.0,False
1422570,NEGRETE,NEGRETE,LICEO POLIVALENTE LA FRONTERA,11V,XU.UNIDOS POR LA DIGNIDAD,308. OLAYO DIOMEDES TOLEDO MONTANARES,IND,1.0,False
1422571,NEGRETE,NEGRETE,LICEO POLIVALENTE LA FRONTERA,11V,YW.UNIDAD POR EL APRUEBO PS PPD E INDEPENDIENTES,309. VICTOR JORGE MUÑOZ BARNACHEA,PPD,2.0,False
1422572,NEGRETE,NEGRETE,LICEO POLIVALENTE LA FRONTERA,11V,YW.UNIDAD POR EL APRUEBO PS PPD E INDEPENDIENTES,310. EDWIN  VON-JENTSCHYK CRUZ,PS,12.0,True
1422573,NEGRETE,NEGRETE,LICEO POLIVALENTE LA FRONTERA,11V,YW.UNIDAD POR EL APRUEBO PS PPD E INDEPENDIENTES,311. FABIAN ALEJANDRO LIZAMA PEREZ,IND,31.0,True
1422574,NEGRETE,NEGRETE,LICEO POLIVALENTE LA FRONTERA,11V,YW.UNIDAD POR EL APRUEBO PS PPD E INDEPENDIENTES,312. MIRTA ELINA ALEGRIA MUÑOZ,IND,1.0,False
1422575,NEGRETE,NEGRETE,LICEO POLIVALENTE LA FRONTERA,11V,ZJ.CHILE VAMOS UDI - INDEPENDIENTES,313. MONICA LOYOLA GODOY,UDI,11.0,False
1422576,NEGRETE,NEGRETE,LICEO POLIVALENTE LA FRONTERA,11V,ZJ.CHILE VAMOS UDI - INDEPENDIENTES,314. JUAN PABLO ORREGO VASQUEZ,UDI,10.0,True
1422577,NEGRETE,NEGRETE,LICEO POLIVALENTE LA FRONTERA,11V,ZJ.CHILE VAMOS UDI - INDEPENDIENTES,315. OSCAR EDGARDO BURGOS VIDAL,UDI,2.0,False
1422578,NEGRETE,NEGRETE,LICEO POLIVALENTE LA FRONTERA,11V,ZJ.CHILE VAMOS UDI - INDEPENDIENTES,316. SOLEDAD DEL CARMEN MUÑOZ AGUILERA,IND,5.0,False
1422579,NEGRETE,NEGRETE,LICEO POLIVALENTE LA FRONTERA,11V,ZJ.CHILE VAMOS UDI - INDEPENDIENTES,317. CARLINA DEL CARMEN SOTO PONCE,IND,9.0,False
1422580,NEGRETE,NEGRETE,LICEO POLIVALENTE LA FRONTERA,11V,ZU.RADICALES E INDEPENDIENTES,318. MARCOS DANILO TRONCOSO SALGADO,PR,12.0,True
1422581,NEGRETE,NEGRETE,LICEO POLIVALENTE LA FRONTERA,11V,ZU.RADICALES E INDEPENDIENTES,319. ANA MERCEDES VARAS ESCOBAR,PR,1.0,False
1422582,NEGRETE,NEGRETE,LICEO POLIVALENTE LA FRONTERA,11V,ZU.RADICALES E INDEPENDIENTES,320. JOHANNA CECILIA QUINTANA SOTO,IND,1.0,False
1422583,NEGRETE,NEGRETE,LICEO POLIVALENTE LA FRONTERA,11V,ZU.RADICALES E INDEPENDIENTES,321. JORGE LUIS CARRILLO FERNANDEZ,IND,7.0,False
1422584,NEGRETE,NEGRETE,LICEO POLIVALENTE LA FRONTERA,12V,XK.CHILE VAMOS RENOVACION NACIONAL - INDEPENDIENTES,300. JORGE RAFAEL HORMAZABAL VALENZUELA,RN,1.0,False
1422585,NEGRETE,NEGRETE,LICEO POLIVALENTE LA FRONTERA,12V,XK.CHILE VAMOS RENOVACION NACIONAL - INDEPENDIENTES,301. ADA LOBOS DIAZ,RN,3.0,False
1422586,NEGRETE,NEGRETE,LICEO POLIVALENTE LA FRONTERA,12V,XK.CHILE VAMOS RENOVACION NACIONAL - INDEPENDIENTES,302. NATHALY PILAR ROJAS PAREDES,RN,,False
1422587,NEGRETE,NEGRETE,LICEO POLIVALENTE LA FRONTERA,12V,XU.UNIDOS POR LA DIGNIDAD,303. CARLOS HUMBERTO TORRES MATAMALA,PRO,5.0,False
1422588,NEGRETE,NEGRETE,LICEO POLIVALENTE LA FRONTERA,12V,XU.UNIDOS POR LA DIGNIDAD,304. MARCO ANTONIO CARRASCO VIVEROS,PRO,6.0,False
1422589,NEGRETE,NEGRETE,LICEO POLIVALENTE LA FRONTERA,12V,XU.UNIDOS POR LA DIGNIDAD,305. JUAN MANUEL BARNACHEA INOSTROZA,PDC,13.0,True
1422590,NEGRETE,NEGRETE,LICEO POLIVALENTE LA FRONTERA,12V,XU.UNIDOS POR LA DIGNIDAD,306. ROSA YANET SALAMANCA COFRE,PDC,14.0,True
1422591,NEGRETE,NEGRETE,LICEO POLIVALENTE LA FRONTERA,12V,XU.UNIDOS POR LA DIGNIDAD,307. FELIPE ANDRES PINO CUEVAS,IND,3.0,False
1422592,NEGRETE,NEGRETE,LICEO POLIVALENTE LA FRONTERA,12V,XU.UNIDOS POR LA DIGNIDAD,308. OLAYO DIOMEDES TOLEDO MONTANARES,IND,,False
1422593,NEGRETE,NEGRETE,LICEO POLIVALENTE LA FRONTERA,12V,YW.UNIDAD POR EL APRUEBO PS PPD E INDEPENDIENTES,309. VICTOR JORGE MUÑOZ BARNACHEA,PPD,4.0,False
1422594,NEGRETE,NEGRETE,LICEO POLIVALENTE LA FRONTERA,12V,YW.UNIDAD POR EL APRUEBO PS PPD E INDEPENDIENTES,310. EDWIN  VON-JENTSCHYK CRUZ,PS,17.0,True
1422595,NEGRETE,NEGRETE,LICEO POLIVALENTE LA FRONTERA,12V,YW.UNIDAD POR EL APRUEBO PS PPD E INDEPENDIENTES,311. FABIAN ALEJANDRO LIZAMA PEREZ,IND,35.0,True
1422596,NEGRETE,NEGRETE,LICEO POLIVALENTE LA FRONTERA,12V,YW.UNIDAD POR EL APRUEBO PS PPD E INDEPENDIENTES,312. MIRTA ELINA ALEGRIA MUÑOZ,IND,2.0,False
1422597,NEGRETE,NEGRETE,LICEO POLIVALENTE LA FRONTERA,12V,ZJ.CHILE VAMOS UDI - INDEPENDIENTES,313. MONICA LOYOLA GODOY,UDI,17.0,False
1422598,NEGRETE,NEGRETE,LICEO POLIVALENTE LA FRONTERA,12V,ZJ.CHILE VAMOS UDI - INDEPENDIENTES,314. JUAN PABLO ORREGO VASQUEZ,UDI,16.0,True
1422599,NEGRETE,NEGRETE,LICEO POLIVALENTE LA FRONTERA,12V,ZJ.CHILE VAMOS UDI - INDEPENDIENTES,315. OSCAR EDGARDO BURGOS VIDAL,UDI,12.0,False
1422600,NEGRETE,NEGRETE,LICEO POLIVALENTE LA FRONTERA,12V,ZJ.CHILE VAMOS UDI - INDEPENDIENTES,316. SOLEDAD DEL CARMEN MUÑOZ AGUILERA,IND,5.0,False
1422601,NEGRETE,NEGRETE,LICEO POLIVALENTE LA FRONTERA,12V,ZJ.CHILE VAMOS UDI - INDEPENDIENTES,317. CARLINA DEL CARMEN SOTO PONCE,IND,15.0,False
1422602,NEGRETE,NEGRETE,LICEO POLIVALENTE LA FRONTERA,12V,ZU.RADICALES E INDEPENDIENTES,318. MARCOS DANILO TRONCOSO SALGADO,PR,21.0,True
1422603,NEGRETE,NEGRETE,LICEO POLIVALENTE LA FRONTERA,12V,ZU.RADICALES E INDEPENDIENTES,319. ANA MERCEDES VARAS ESCOBAR,PR,1.0,False
1422604,NEGRETE,NEGRETE,LICEO POLIVALENTE LA FRONTERA,12V,ZU.RADICALES E INDEPENDIENTES,320. JOHANNA CECILIA QUINTANA SOTO,IND,3.0,False
1422605,NEGRETE,NEGRETE,LICEO POLIVALENTE LA FRONTERA,12V,ZU.RADICALES E INDEPENDIENTES,321. JORGE LUIS CARRILLO FERNANDEZ,IND,5.0,False
1422606,NEGRETE,NEGRETE,LICEO POLIVALENTE LA FRONTERA,13V,XK.CHILE VAMOS RENOVACION NACIONAL - INDEPENDIENTES,300. JORGE RAFAEL HORMAZABAL VALENZUELA,RN,7.0,False
1422607,NEGRETE,NEGRETE,LICEO POLIVALENTE LA FRONTERA,13V,XK.CHILE VAMOS RENOVACION NACIONAL - INDEPENDIENTES,301. ADA LOBOS DIAZ,RN,1.0,False
1422608,NEGRETE,NEGRETE,LICEO POLIVALENTE LA FRONTERA,13V,XK.CHILE VAMOS RENOVACION NACIONAL - INDEPENDIENTES,302. NATHALY PILAR ROJAS PAREDES,RN,1.0,False
1422609,NEGRETE,NEGRETE,LICEO POLIVALENTE LA FRONTERA,13V,XU.UNIDOS POR LA DIGNIDAD,303. CARLOS HUMBERTO TORRES MATAMALA,PRO,6.0,False
1422610,NEGRETE,NEGRETE,LICEO POLIVALENTE LA FRONTERA,13V,XU.UNIDOS POR LA DIGNIDAD,304. MARCO ANTONIO CARRASCO VIVEROS,PRO,4.0,False
1422611,NEGRETE,NEGRETE,LICEO POLIVALENTE LA FRONTERA,13V,XU.UNIDOS POR LA DIGNIDAD,305. JUAN MANUEL BARNACHEA INOSTROZA,PDC,20.0,True
1422612,NEGRETE,NEGRETE,LICEO POLIVALENTE LA FRONTERA,13V,XU.UNIDOS POR LA DIGNIDAD,306. ROSA YANET SALAMANCA COFRE,PDC,12.0,True
1422613,NEGRETE,NEGRETE,LICEO POLIVALENTE LA FRONTERA,13V,XU.UNIDOS POR LA DIGNIDAD,307. FELIPE ANDRES PINO CUEVAS,IND,1.0,False
1422614,NEGRETE,NEGRETE,LICEO POLIVALENTE LA FRONTERA,13V,XU.UNIDOS POR LA DIGNIDAD,308. OLAYO DIOMEDES TOLEDO MONTANARES,IND,0.0,False
1422615,NEGRETE,NEGRETE,LICEO POLIVALENTE LA FRONTERA,13V,YW.UNIDAD POR EL APRUEBO PS PPD E INDEPENDIENTES,309. VICTOR JORGE MUÑOZ BARNACHEA,PPD,3.0,False
1422616,NEGRETE,NEGRETE,LICEO POLIVALENTE LA FRONTERA,13V,YW.UNIDAD POR EL APRUEBO PS PPD E INDEPENDIENTES,310. EDWIN  VON-JENTSCHYK CRUZ,PS,19.0,True
1422617,NEGRETE,NEGRETE,LICEO POLIVALENTE LA FRONTERA,13V,YW.UNIDAD POR EL APRUEBO PS PPD E INDEPENDIENTES,311. FABIAN ALEJANDRO LIZAMA PEREZ,IND,12.0,True
1422618,NEGRETE,NEGRETE,LICEO POLIVALENTE LA FRONTERA,13V,YW.UNIDAD POR EL APRUEBO PS PPD E INDEPENDIENTES,312. MIRTA ELINA ALEGRIA MUÑOZ,IND,1.0,False
1422619,NEGRETE,NEGRETE,LICEO POLIVALENTE LA FRONTERA,13V,ZJ.CHILE VAMOS UDI - INDEPENDIENTES,313. MONICA LOYOLA GODOY,UDI,9.0,False
1422620,NEGRETE,NEGRETE,LICEO POLIVALENTE LA FRONTERA,13V,ZJ.CHILE VAMOS UDI - INDEPENDIENTES,314. JUAN PABLO ORREGO VASQUEZ,UDI,12.0,True
1422621,NEGRETE,NEGRETE,LICEO POLIVALENTE LA FRONTERA,13V,ZJ.CHILE VAMOS UDI - INDEPENDIENTES,315. OSCAR EDGARDO BURGOS VIDAL,UDI,3.0,False
1422622,NEGRETE,NEGRETE,LICEO POLIVALENTE LA FRONTERA,13V,ZJ.CHILE VAMOS UDI - INDEPENDIENTES,316. SOLEDAD DEL CARMEN MUÑOZ AGUILERA,IND,11.0,False
1422623,NEGRETE,NEGRETE,LICEO POLIVALENTE LA FRONTERA,13V,ZJ.CHILE VAMOS UDI - INDEPENDIENTES,317. CARLINA DEL CARMEN SOTO PONCE,IND,12.0,False
1422624,NEGRETE,NEGRETE,LICEO POLIVALENTE LA FRONTERA,13V,ZU.RADICALES E INDEPENDIENTES,318. MARCOS DANILO TRONCOSO SALGADO,PR,15.0,True
1422625,NEGRETE,NEGRETE,LICEO POLIVALENTE LA FRONTERA,13V,ZU.RADICALES E INDEPENDIENTES,319. ANA MERCEDES VARAS ESCOBAR,PR,4.0,False
1422626,NEGRETE,NEGRETE,LICEO POLIVALENTE LA FRONTERA,13V,ZU.RADICALES E INDEPENDIENTES,320. JOHANNA CECILIA QUINTANA SOTO,IND,2.0,False
1422627,NEGRETE,NEGRETE,LICEO POLIVALENTE LA FRONTERA,13V,ZU.RADICALES E INDEPENDIENTES,321. JORGE LUIS CARRILLO FERNANDEZ,IND,5.0,False
1422628,NEGRETE,NEGRETE,LICEO POLIVALENTE LA FRONTERA,14,XK.CHILE VAMOS RENOVACION NACIONAL - INDEPENDIENTES,300. JORGE RAFAEL HORMAZABAL VALENZUELA,RN,5.0,False
1422629,NEGRETE,NEGRETE,LICEO POLIVALENTE LA FRONTERA,14,XK.CHILE VAMOS RENOVACION NACIONAL - INDEPENDIENTES,301. ADA LOBOS DIAZ,RN,2.0,False
1422630,NEGRETE,NEGRETE,LICEO POLIVALENTE LA FRONTERA,14,XK.CHILE VAMOS RENOVACION NACIONAL - INDEPENDIENTES,302. NATHALY PILAR ROJAS PAREDES,RN,1.0,False
1422631,NEGRETE,NEGRETE,LICEO POLIVALENTE LA FRONTERA,14,XU.UNIDOS POR LA DIGNIDAD,303. CARLOS HUMBERTO TORRES MATAMALA,PRO,5.0,False
1422632,NEGRETE,NEGRETE,LICEO POLIVALENTE LA FRONTERA,14,XU.UNIDOS POR LA DIGNIDAD,304. MARCO ANTONIO CARRASCO VIVEROS,PRO,2.0,False
1422633,NEGRETE,NEGRETE,LICEO POLIVALENTE LA FRONTERA,14,XU.UNIDOS POR LA DIGNIDAD,305. JUAN MANUEL BARNACHEA INOSTROZA,PDC,7.0,True
1422634,NEGRETE,NEGRETE,LICEO POLIVALENTE LA FRONTERA,14,XU.UNIDOS POR LA DIGNIDAD,306. ROSA YANET SALAMANCA COFRE,PDC,6.0,True
1422635,NEGRETE,NEGRETE,LICEO POLIVALENTE LA FRONTERA,14,XU.UNIDOS POR LA DIGNIDAD,307. FELIPE ANDRES PINO CUEVAS,IND,4.0,False
1422636,NEGRETE,NEGRETE,LICEO POLIVALENTE LA FRONTERA,14,XU.UNIDOS POR LA DIGNIDAD,308. OLAYO DIOMEDES TOLEDO MONTANARES,IND,1.0,False
1422637,NEGRETE,NEGRETE,LICEO POLIVALENTE LA FRONTERA,14,YW.UNIDAD POR EL APRUEBO PS PPD E INDEPENDIENTES,309. VICTOR JORGE MUÑOZ BARNACHEA,PPD,4.0,False
1422638,NEGRETE,NEGRETE,LICEO POLIVALENTE LA FRONTERA,14,YW.UNIDAD POR EL APRUEBO PS PPD E INDEPENDIENTES,310. EDWIN  VON-JENTSCHYK CRUZ,PS,18.0,True
1422639,NEGRETE,NEGRETE,LICEO POLIVALENTE LA FRONTERA,14,YW.UNIDAD POR EL APRUEBO PS PPD E INDEPENDIENTES,311. FABIAN ALEJANDRO LIZAMA PEREZ,IND,12.0,True
1422640,NEGRETE,NEGRETE,LICEO POLIVALENTE LA FRONTERA,14,YW.UNIDAD POR EL APRUEBO PS PPD E INDEPENDIENTES,312. MIRTA ELINA ALEGRIA MUÑOZ,IND,1.0,False
1422641,NEGRETE,NEGRETE,LICEO POLIVALENTE LA FRONTERA,14,ZJ.CHILE VAMOS UDI - INDEPENDIENTES,313. MONICA LOYOLA GODOY,UDI,8.0,False
1422642,NEGRETE,NEGRETE,LICEO POLIVALENTE LA FRONTERA,14,ZJ.CHILE VAMOS UDI - INDEPENDIENTES,314. JUAN PABLO ORREGO VASQUEZ,UDI,10.0,True
1422643,NEGRETE,NEGRETE,LICEO POLIVALENTE LA FRONTERA,14,ZJ.CHILE VAMOS UDI - INDEPENDIENTES,315. OSCAR EDGARDO BURGOS VIDAL,UDI,1.0,False
1422644,NEGRETE,NEGRETE,LICEO POLIVALENTE LA FRONTERA,14,ZJ.CHILE VAMOS UDI - INDEPENDIENTES,316. SOLEDAD DEL CARMEN MUÑOZ AGUILERA,IND,6.0,False
1422645,NEGRETE,NEGRETE,LICEO POLIVALENTE LA FRONTERA,14,ZJ.CHILE VAMOS UDI - INDEPENDIENTES,317. CARLINA DEL CARMEN SOTO PONCE,IND,6.0,False
1422646,NEGRETE,NEGRETE,LICEO POLIVALENTE LA FRONTERA,14,ZU.RADICALES E INDEPENDIENTES,318. MARCOS DANILO TRONCOSO SALGADO,PR,9.0,True
1422647,NEGRETE,NEGRETE,LICEO POLIVALENTE LA FRONTERA,14,ZU.RADICALES E INDEPENDIENTES,319. ANA MERCEDES VARAS ESCOBAR,PR,3.0,False
1422648,NEGRETE,NEGRETE,LICEO POLIVALENTE LA FRONTERA,14,ZU.RADICALES E INDEPENDIENTES,320. JOHANNA CECILIA QUINTANA SOTO,IND,1.0,False
1422649,NEGRETE,NEGRETE,LICEO POLIVALENTE LA FRONTERA,14,ZU.RADICALES E INDEPENDIENTES,321. JORGE LUIS CARRILLO FERNANDEZ,IND,4.0,False
