,COMUNA,CIRC_ELEC,LOCAL,MESA,LISTA,CANDIDATX,PARTIDO,VOTOS,ELECTX
1561905,PAREDONES,BUCALEMU,ESCUELA BASICA UNION DE MUJERES AMERICANAS,1,M.CHILE DIGNO VERDE Y SOBERANO,300. EMILIANO GUERRERO TORRES,FREVS,50.0,False
1561906,PAREDONES,BUCALEMU,ESCUELA BASICA UNION DE MUJERES AMERICANAS,1,M.CHILE DIGNO VERDE Y SOBERANO,301. NIBALDO ANSELMO CACERES MUÑOZ,IND,2.0,False
1561907,PAREDONES,BUCALEMU,ESCUELA BASICA UNION DE MUJERES AMERICANAS,1,M.CHILE DIGNO VERDE Y SOBERANO,302. MANUEL ENRIQUE VALENZUELA ROMERO,IND,9.0,True
1561908,PAREDONES,BUCALEMU,ESCUELA BASICA UNION DE MUJERES AMERICANAS,1,M.CHILE DIGNO VERDE Y SOBERANO,303. MAXIMO ENRIQUE SANCHEZ VALDES,IND,2.0,False
1561909,PAREDONES,BUCALEMU,ESCUELA BASICA UNION DE MUJERES AMERICANAS,1,XK.CHILE VAMOS RENOVACION NACIONAL - INDEPENDIENTES,304. JOSE MANUEL CASTRO BOZA,RN,17.0,True
1561910,PAREDONES,BUCALEMU,ESCUELA BASICA UNION DE MUJERES AMERICANAS,1,XK.CHILE VAMOS RENOVACION NACIONAL - INDEPENDIENTES,305. VIVIANA DEL PILAR MALDONADO VERDUGO,RN,6.0,False
1561911,PAREDONES,BUCALEMU,ESCUELA BASICA UNION DE MUJERES AMERICANAS,1,XK.CHILE VAMOS RENOVACION NACIONAL - INDEPENDIENTES,306. RUBEN DARIO BOZA ROMERO,IND,10.0,False
1561912,PAREDONES,BUCALEMU,ESCUELA BASICA UNION DE MUJERES AMERICANAS,1,XK.CHILE VAMOS RENOVACION NACIONAL - INDEPENDIENTES,307. ALEJANDRO DE LA CRUZ GUERRERO TORRES,IND,22.0,False
1561913,PAREDONES,BUCALEMU,ESCUELA BASICA UNION DE MUJERES AMERICANAS,1,XK.CHILE VAMOS RENOVACION NACIONAL - INDEPENDIENTES,308. ALEJANDRO ALFONSO PIÑA PIÑA,IND,7.0,False
1561914,PAREDONES,BUCALEMU,ESCUELA BASICA UNION DE MUJERES AMERICANAS,1,XU.UNIDOS POR LA DIGNIDAD,309. GERARDO JOEL RUBIO CONTRERAS,PDC,6.0,False
1561915,PAREDONES,BUCALEMU,ESCUELA BASICA UNION DE MUJERES AMERICANAS,1,XU.UNIDOS POR LA DIGNIDAD,310. MIGUEL ALEJANDRO MOLINA CONTRERAS,PDC,1.0,False
1561916,PAREDONES,BUCALEMU,ESCUELA BASICA UNION DE MUJERES AMERICANAS,1,XU.UNIDOS POR LA DIGNIDAD,311. ZARELLA ANDREA SILVA CATALAN,IND,5.0,False
1561917,PAREDONES,BUCALEMU,ESCUELA BASICA UNION DE MUJERES AMERICANAS,1,XU.UNIDOS POR LA DIGNIDAD,312. WILSON POZO PIÑA,IND,1.0,False
1561918,PAREDONES,BUCALEMU,ESCUELA BASICA UNION DE MUJERES AMERICANAS,1,YW.UNIDAD POR EL APRUEBO PS PPD E INDEPENDIENTES,313. SAMMY ORMAZABAL LOPEZ,PPD,52.0,True
1561919,PAREDONES,BUCALEMU,ESCUELA BASICA UNION DE MUJERES AMERICANAS,1,YW.UNIDAD POR EL APRUEBO PS PPD E INDEPENDIENTES,314. PAOLA DEL CARMEN BUSTAMANTE VARGAS,IND,1.0,False
1561920,PAREDONES,BUCALEMU,ESCUELA BASICA UNION DE MUJERES AMERICANAS,1,YW.UNIDAD POR EL APRUEBO PS PPD E INDEPENDIENTES,315. SOTERO ANSELMO URZUA CANALES,IND,0.0,True
1561921,PAREDONES,BUCALEMU,ESCUELA BASICA UNION DE MUJERES AMERICANAS,1,YW.UNIDAD POR EL APRUEBO PS PPD E INDEPENDIENTES,316. MATIAS GALLARDO ALEGRIA,PS,1.0,False
1561922,PAREDONES,BUCALEMU,ESCUELA BASICA UNION DE MUJERES AMERICANAS,1,YW.UNIDAD POR EL APRUEBO PS PPD E INDEPENDIENTES,317. HUGO SANTA MARIA GONZALEZ,PS,21.0,False
1561923,PAREDONES,BUCALEMU,ESCUELA BASICA UNION DE MUJERES AMERICANAS,1,YW.UNIDAD POR EL APRUEBO PS PPD E INDEPENDIENTES,318. CRISTINA DEL CARMEN FLORES TRINCADO,PS,3.0,False
1561924,PAREDONES,BUCALEMU,ESCUELA BASICA UNION DE MUJERES AMERICANAS,1,ZJ.CHILE VAMOS UDI - INDEPENDIENTES,319. ISABEL MARGARITA GUERRA CASTILLO,UDI,2.0,False
1561925,PAREDONES,BUCALEMU,ESCUELA BASICA UNION DE MUJERES AMERICANAS,1,ZJ.CHILE VAMOS UDI - INDEPENDIENTES,320. JOSE MIGUEL ANDRES MUÑOZ CATALAN,UDI,9.0,True
1561926,PAREDONES,BUCALEMU,ESCUELA BASICA UNION DE MUJERES AMERICANAS,1,ZJ.CHILE VAMOS UDI - INDEPENDIENTES,321. SERGIO ANTONIO BRIONES CORNEJO,UDI,2.0,False
1561927,PAREDONES,BUCALEMU,ESCUELA BASICA UNION DE MUJERES AMERICANAS,1,ZU.RADICALES E INDEPENDIENTES,322. HERNALDO ANDRES AHUMADA CHAVEZ,PR,56.0,True
1561928,PAREDONES,BUCALEMU,ESCUELA BASICA UNION DE MUJERES AMERICANAS,1,ZU.RADICALES E INDEPENDIENTES,323. ROCIO ALEJANDRA GOMEZ VERGARA,IND,1.0,False
1561929,PAREDONES,BUCALEMU,ESCUELA BASICA UNION DE MUJERES AMERICANAS,1,ZU.RADICALES E INDEPENDIENTES,324. FRANCISCO ALEJANDRO CORNEJO MARTINEZ,IND,0.0,False
1561930,PAREDONES,BUCALEMU,ESCUELA BASICA UNION DE MUJERES AMERICANAS,2,M.CHILE DIGNO VERDE Y SOBERANO,300. EMILIANO GUERRERO TORRES,FREVS,29.0,False
1561931,PAREDONES,BUCALEMU,ESCUELA BASICA UNION DE MUJERES AMERICANAS,2,M.CHILE DIGNO VERDE Y SOBERANO,301. NIBALDO ANSELMO CACERES MUÑOZ,IND,1.0,False
1561932,PAREDONES,BUCALEMU,ESCUELA BASICA UNION DE MUJERES AMERICANAS,2,M.CHILE DIGNO VERDE Y SOBERANO,302. MANUEL ENRIQUE VALENZUELA ROMERO,IND,6.0,True
1561933,PAREDONES,BUCALEMU,ESCUELA BASICA UNION DE MUJERES AMERICANAS,2,M.CHILE DIGNO VERDE Y SOBERANO,303. MAXIMO ENRIQUE SANCHEZ VALDES,IND,2.0,False
1561934,PAREDONES,BUCALEMU,ESCUELA BASICA UNION DE MUJERES AMERICANAS,2,XK.CHILE VAMOS RENOVACION NACIONAL - INDEPENDIENTES,304. JOSE MANUEL CASTRO BOZA,RN,21.0,True
1561935,PAREDONES,BUCALEMU,ESCUELA BASICA UNION DE MUJERES AMERICANAS,2,XK.CHILE VAMOS RENOVACION NACIONAL - INDEPENDIENTES,305. VIVIANA DEL PILAR MALDONADO VERDUGO,RN,2.0,False
1561936,PAREDONES,BUCALEMU,ESCUELA BASICA UNION DE MUJERES AMERICANAS,2,XK.CHILE VAMOS RENOVACION NACIONAL - INDEPENDIENTES,306. RUBEN DARIO BOZA ROMERO,IND,15.0,False
1561937,PAREDONES,BUCALEMU,ESCUELA BASICA UNION DE MUJERES AMERICANAS,2,XK.CHILE VAMOS RENOVACION NACIONAL - INDEPENDIENTES,307. ALEJANDRO DE LA CRUZ GUERRERO TORRES,IND,15.0,False
1561938,PAREDONES,BUCALEMU,ESCUELA BASICA UNION DE MUJERES AMERICANAS,2,XK.CHILE VAMOS RENOVACION NACIONAL - INDEPENDIENTES,308. ALEJANDRO ALFONSO PIÑA PIÑA,IND,2.0,False
1561939,PAREDONES,BUCALEMU,ESCUELA BASICA UNION DE MUJERES AMERICANAS,2,XU.UNIDOS POR LA DIGNIDAD,309. GERARDO JOEL RUBIO CONTRERAS,PDC,2.0,False
1561940,PAREDONES,BUCALEMU,ESCUELA BASICA UNION DE MUJERES AMERICANAS,2,XU.UNIDOS POR LA DIGNIDAD,310. MIGUEL ALEJANDRO MOLINA CONTRERAS,PDC,0.0,False
1561941,PAREDONES,BUCALEMU,ESCUELA BASICA UNION DE MUJERES AMERICANAS,2,XU.UNIDOS POR LA DIGNIDAD,311. ZARELLA ANDREA SILVA CATALAN,IND,4.0,False
1561942,PAREDONES,BUCALEMU,ESCUELA BASICA UNION DE MUJERES AMERICANAS,2,XU.UNIDOS POR LA DIGNIDAD,312. WILSON POZO PIÑA,IND,0.0,False
1561943,PAREDONES,BUCALEMU,ESCUELA BASICA UNION DE MUJERES AMERICANAS,2,YW.UNIDAD POR EL APRUEBO PS PPD E INDEPENDIENTES,313. SAMMY ORMAZABAL LOPEZ,PPD,36.0,True
1561944,PAREDONES,BUCALEMU,ESCUELA BASICA UNION DE MUJERES AMERICANAS,2,YW.UNIDAD POR EL APRUEBO PS PPD E INDEPENDIENTES,314. PAOLA DEL CARMEN BUSTAMANTE VARGAS,IND,0.0,False
1561945,PAREDONES,BUCALEMU,ESCUELA BASICA UNION DE MUJERES AMERICANAS,2,YW.UNIDAD POR EL APRUEBO PS PPD E INDEPENDIENTES,315. SOTERO ANSELMO URZUA CANALES,IND,3.0,True
1561946,PAREDONES,BUCALEMU,ESCUELA BASICA UNION DE MUJERES AMERICANAS,2,YW.UNIDAD POR EL APRUEBO PS PPD E INDEPENDIENTES,316. MATIAS GALLARDO ALEGRIA,PS,5.0,False
1561947,PAREDONES,BUCALEMU,ESCUELA BASICA UNION DE MUJERES AMERICANAS,2,YW.UNIDAD POR EL APRUEBO PS PPD E INDEPENDIENTES,317. HUGO SANTA MARIA GONZALEZ,PS,25.0,False
1561948,PAREDONES,BUCALEMU,ESCUELA BASICA UNION DE MUJERES AMERICANAS,2,YW.UNIDAD POR EL APRUEBO PS PPD E INDEPENDIENTES,318. CRISTINA DEL CARMEN FLORES TRINCADO,PS,6.0,False
1561949,PAREDONES,BUCALEMU,ESCUELA BASICA UNION DE MUJERES AMERICANAS,2,ZJ.CHILE VAMOS UDI - INDEPENDIENTES,319. ISABEL MARGARITA GUERRA CASTILLO,UDI,2.0,False
1561950,PAREDONES,BUCALEMU,ESCUELA BASICA UNION DE MUJERES AMERICANAS,2,ZJ.CHILE VAMOS UDI - INDEPENDIENTES,320. JOSE MIGUEL ANDRES MUÑOZ CATALAN,UDI,9.0,True
1561951,PAREDONES,BUCALEMU,ESCUELA BASICA UNION DE MUJERES AMERICANAS,2,ZJ.CHILE VAMOS UDI - INDEPENDIENTES,321. SERGIO ANTONIO BRIONES CORNEJO,UDI,4.0,False
1561952,PAREDONES,BUCALEMU,ESCUELA BASICA UNION DE MUJERES AMERICANAS,2,ZU.RADICALES E INDEPENDIENTES,322. HERNALDO ANDRES AHUMADA CHAVEZ,PR,58.0,True
1561953,PAREDONES,BUCALEMU,ESCUELA BASICA UNION DE MUJERES AMERICANAS,2,ZU.RADICALES E INDEPENDIENTES,323. ROCIO ALEJANDRA GOMEZ VERGARA,IND,5.0,False
1561954,PAREDONES,BUCALEMU,ESCUELA BASICA UNION DE MUJERES AMERICANAS,2,ZU.RADICALES E INDEPENDIENTES,324. FRANCISCO ALEJANDRO CORNEJO MARTINEZ,IND,0.0,False
1561955,PAREDONES,PAREDONES,ESCUELA BASICA MERCEDES URZUA DIAZ,1V,M.CHILE DIGNO VERDE Y SOBERANO,300. EMILIANO GUERRERO TORRES,FREVS,3.0,False
1561956,PAREDONES,PAREDONES,ESCUELA BASICA MERCEDES URZUA DIAZ,1V,M.CHILE DIGNO VERDE Y SOBERANO,301. NIBALDO ANSELMO CACERES MUÑOZ,IND,3.0,False
1561957,PAREDONES,PAREDONES,ESCUELA BASICA MERCEDES URZUA DIAZ,1V,M.CHILE DIGNO VERDE Y SOBERANO,302. MANUEL ENRIQUE VALENZUELA ROMERO,IND,9.0,True
1561958,PAREDONES,PAREDONES,ESCUELA BASICA MERCEDES URZUA DIAZ,1V,M.CHILE DIGNO VERDE Y SOBERANO,303. MAXIMO ENRIQUE SANCHEZ VALDES,IND,1.0,False
1561959,PAREDONES,PAREDONES,ESCUELA BASICA MERCEDES URZUA DIAZ,1V,XK.CHILE VAMOS RENOVACION NACIONAL - INDEPENDIENTES,304. JOSE MANUEL CASTRO BOZA,RN,21.0,True
1561960,PAREDONES,PAREDONES,ESCUELA BASICA MERCEDES URZUA DIAZ,1V,XK.CHILE VAMOS RENOVACION NACIONAL - INDEPENDIENTES,305. VIVIANA DEL PILAR MALDONADO VERDUGO,RN,5.0,False
1561961,PAREDONES,PAREDONES,ESCUELA BASICA MERCEDES URZUA DIAZ,1V,XK.CHILE VAMOS RENOVACION NACIONAL - INDEPENDIENTES,306. RUBEN DARIO BOZA ROMERO,IND,5.0,False
1561962,PAREDONES,PAREDONES,ESCUELA BASICA MERCEDES URZUA DIAZ,1V,XK.CHILE VAMOS RENOVACION NACIONAL - INDEPENDIENTES,307. ALEJANDRO DE LA CRUZ GUERRERO TORRES,IND,1.0,False
1561963,PAREDONES,PAREDONES,ESCUELA BASICA MERCEDES URZUA DIAZ,1V,XK.CHILE VAMOS RENOVACION NACIONAL - INDEPENDIENTES,308. ALEJANDRO ALFONSO PIÑA PIÑA,IND,11.0,False
1561964,PAREDONES,PAREDONES,ESCUELA BASICA MERCEDES URZUA DIAZ,1V,XU.UNIDOS POR LA DIGNIDAD,309. GERARDO JOEL RUBIO CONTRERAS,PDC,11.0,False
1561965,PAREDONES,PAREDONES,ESCUELA BASICA MERCEDES URZUA DIAZ,1V,XU.UNIDOS POR LA DIGNIDAD,310. MIGUEL ALEJANDRO MOLINA CONTRERAS,PDC,2.0,False
1561966,PAREDONES,PAREDONES,ESCUELA BASICA MERCEDES URZUA DIAZ,1V,XU.UNIDOS POR LA DIGNIDAD,311. ZARELLA ANDREA SILVA CATALAN,IND,8.0,False
1561967,PAREDONES,PAREDONES,ESCUELA BASICA MERCEDES URZUA DIAZ,1V,XU.UNIDOS POR LA DIGNIDAD,312. WILSON POZO PIÑA,IND,6.0,False
1561968,PAREDONES,PAREDONES,ESCUELA BASICA MERCEDES URZUA DIAZ,1V,YW.UNIDAD POR EL APRUEBO PS PPD E INDEPENDIENTES,313. SAMMY ORMAZABAL LOPEZ,PPD,37.0,True
1561969,PAREDONES,PAREDONES,ESCUELA BASICA MERCEDES URZUA DIAZ,1V,YW.UNIDAD POR EL APRUEBO PS PPD E INDEPENDIENTES,314. PAOLA DEL CARMEN BUSTAMANTE VARGAS,IND,1.0,False
1561970,PAREDONES,PAREDONES,ESCUELA BASICA MERCEDES URZUA DIAZ,1V,YW.UNIDAD POR EL APRUEBO PS PPD E INDEPENDIENTES,315. SOTERO ANSELMO URZUA CANALES,IND,4.0,True
1561971,PAREDONES,PAREDONES,ESCUELA BASICA MERCEDES URZUA DIAZ,1V,YW.UNIDAD POR EL APRUEBO PS PPD E INDEPENDIENTES,316. MATIAS GALLARDO ALEGRIA,PS,1.0,False
1561972,PAREDONES,PAREDONES,ESCUELA BASICA MERCEDES URZUA DIAZ,1V,YW.UNIDAD POR EL APRUEBO PS PPD E INDEPENDIENTES,317. HUGO SANTA MARIA GONZALEZ,PS,2.0,False
1561973,PAREDONES,PAREDONES,ESCUELA BASICA MERCEDES URZUA DIAZ,1V,YW.UNIDAD POR EL APRUEBO PS PPD E INDEPENDIENTES,318. CRISTINA DEL CARMEN FLORES TRINCADO,PS,2.0,False
1561974,PAREDONES,PAREDONES,ESCUELA BASICA MERCEDES URZUA DIAZ,1V,ZJ.CHILE VAMOS UDI - INDEPENDIENTES,319. ISABEL MARGARITA GUERRA CASTILLO,UDI,2.0,False
1561975,PAREDONES,PAREDONES,ESCUELA BASICA MERCEDES URZUA DIAZ,1V,ZJ.CHILE VAMOS UDI - INDEPENDIENTES,320. JOSE MIGUEL ANDRES MUÑOZ CATALAN,UDI,11.0,True
1561976,PAREDONES,PAREDONES,ESCUELA BASICA MERCEDES URZUA DIAZ,1V,ZJ.CHILE VAMOS UDI - INDEPENDIENTES,321. SERGIO ANTONIO BRIONES CORNEJO,UDI,7.0,False
1561977,PAREDONES,PAREDONES,ESCUELA BASICA MERCEDES URZUA DIAZ,1V,ZU.RADICALES E INDEPENDIENTES,322. HERNALDO ANDRES AHUMADA CHAVEZ,PR,9.0,True
1561978,PAREDONES,PAREDONES,ESCUELA BASICA MERCEDES URZUA DIAZ,1V,ZU.RADICALES E INDEPENDIENTES,323. ROCIO ALEJANDRA GOMEZ VERGARA,IND,0.0,False
1561979,PAREDONES,PAREDONES,ESCUELA BASICA MERCEDES URZUA DIAZ,1V,ZU.RADICALES E INDEPENDIENTES,324. FRANCISCO ALEJANDRO CORNEJO MARTINEZ,IND,0.0,False
1561980,PAREDONES,PAREDONES,ESCUELA BASICA MERCEDES URZUA DIAZ,2V,M.CHILE DIGNO VERDE Y SOBERANO,300. EMILIANO GUERRERO TORRES,FREVS,9.0,False
1561981,PAREDONES,PAREDONES,ESCUELA BASICA MERCEDES URZUA DIAZ,2V,M.CHILE DIGNO VERDE Y SOBERANO,301. NIBALDO ANSELMO CACERES MUÑOZ,IND,1.0,False
1561982,PAREDONES,PAREDONES,ESCUELA BASICA MERCEDES URZUA DIAZ,2V,M.CHILE DIGNO VERDE Y SOBERANO,302. MANUEL ENRIQUE VALENZUELA ROMERO,IND,28.0,True
1561983,PAREDONES,PAREDONES,ESCUELA BASICA MERCEDES URZUA DIAZ,2V,M.CHILE DIGNO VERDE Y SOBERANO,303. MAXIMO ENRIQUE SANCHEZ VALDES,IND,2.0,False
1561984,PAREDONES,PAREDONES,ESCUELA BASICA MERCEDES URZUA DIAZ,2V,XK.CHILE VAMOS RENOVACION NACIONAL - INDEPENDIENTES,304. JOSE MANUEL CASTRO BOZA,RN,31.0,True
1561985,PAREDONES,PAREDONES,ESCUELA BASICA MERCEDES URZUA DIAZ,2V,XK.CHILE VAMOS RENOVACION NACIONAL - INDEPENDIENTES,305. VIVIANA DEL PILAR MALDONADO VERDUGO,RN,2.0,False
1561986,PAREDONES,PAREDONES,ESCUELA BASICA MERCEDES URZUA DIAZ,2V,XK.CHILE VAMOS RENOVACION NACIONAL - INDEPENDIENTES,306. RUBEN DARIO BOZA ROMERO,IND,7.0,False
1561987,PAREDONES,PAREDONES,ESCUELA BASICA MERCEDES URZUA DIAZ,2V,XK.CHILE VAMOS RENOVACION NACIONAL - INDEPENDIENTES,307. ALEJANDRO DE LA CRUZ GUERRERO TORRES,IND,5.0,False
1561988,PAREDONES,PAREDONES,ESCUELA BASICA MERCEDES URZUA DIAZ,2V,XK.CHILE VAMOS RENOVACION NACIONAL - INDEPENDIENTES,308. ALEJANDRO ALFONSO PIÑA PIÑA,IND,10.0,False
1561989,PAREDONES,PAREDONES,ESCUELA BASICA MERCEDES URZUA DIAZ,2V,XU.UNIDOS POR LA DIGNIDAD,309. GERARDO JOEL RUBIO CONTRERAS,PDC,14.0,False
1561990,PAREDONES,PAREDONES,ESCUELA BASICA MERCEDES URZUA DIAZ,2V,XU.UNIDOS POR LA DIGNIDAD,310. MIGUEL ALEJANDRO MOLINA CONTRERAS,PDC,1.0,False
1561991,PAREDONES,PAREDONES,ESCUELA BASICA MERCEDES URZUA DIAZ,2V,XU.UNIDOS POR LA DIGNIDAD,311. ZARELLA ANDREA SILVA CATALAN,IND,8.0,False
1561992,PAREDONES,PAREDONES,ESCUELA BASICA MERCEDES URZUA DIAZ,2V,XU.UNIDOS POR LA DIGNIDAD,312. WILSON POZO PIÑA,IND,3.0,False
1561993,PAREDONES,PAREDONES,ESCUELA BASICA MERCEDES URZUA DIAZ,2V,YW.UNIDAD POR EL APRUEBO PS PPD E INDEPENDIENTES,313. SAMMY ORMAZABAL LOPEZ,PPD,36.0,True
1561994,PAREDONES,PAREDONES,ESCUELA BASICA MERCEDES URZUA DIAZ,2V,YW.UNIDAD POR EL APRUEBO PS PPD E INDEPENDIENTES,314. PAOLA DEL CARMEN BUSTAMANTE VARGAS,IND,5.0,False
1561995,PAREDONES,PAREDONES,ESCUELA BASICA MERCEDES URZUA DIAZ,2V,YW.UNIDAD POR EL APRUEBO PS PPD E INDEPENDIENTES,315. SOTERO ANSELMO URZUA CANALES,IND,5.0,True
1561996,PAREDONES,PAREDONES,ESCUELA BASICA MERCEDES URZUA DIAZ,2V,YW.UNIDAD POR EL APRUEBO PS PPD E INDEPENDIENTES,316. MATIAS GALLARDO ALEGRIA,PS,0.0,False
1561997,PAREDONES,PAREDONES,ESCUELA BASICA MERCEDES URZUA DIAZ,2V,YW.UNIDAD POR EL APRUEBO PS PPD E INDEPENDIENTES,317. HUGO SANTA MARIA GONZALEZ,PS,1.0,False
1561998,PAREDONES,PAREDONES,ESCUELA BASICA MERCEDES URZUA DIAZ,2V,YW.UNIDAD POR EL APRUEBO PS PPD E INDEPENDIENTES,318. CRISTINA DEL CARMEN FLORES TRINCADO,PS,1.0,False
1561999,PAREDONES,PAREDONES,ESCUELA BASICA MERCEDES URZUA DIAZ,2V,ZJ.CHILE VAMOS UDI - INDEPENDIENTES,319. ISABEL MARGARITA GUERRA CASTILLO,UDI,5.0,False
1562000,PAREDONES,PAREDONES,ESCUELA BASICA MERCEDES URZUA DIAZ,2V,ZJ.CHILE VAMOS UDI - INDEPENDIENTES,320. JOSE MIGUEL ANDRES MUÑOZ CATALAN,UDI,17.0,True
1562001,PAREDONES,PAREDONES,ESCUELA BASICA MERCEDES URZUA DIAZ,2V,ZJ.CHILE VAMOS UDI - INDEPENDIENTES,321. SERGIO ANTONIO BRIONES CORNEJO,UDI,8.0,False
1562002,PAREDONES,PAREDONES,ESCUELA BASICA MERCEDES URZUA DIAZ,2V,ZU.RADICALES E INDEPENDIENTES,322. HERNALDO ANDRES AHUMADA CHAVEZ,PR,17.0,True
1562003,PAREDONES,PAREDONES,ESCUELA BASICA MERCEDES URZUA DIAZ,2V,ZU.RADICALES E INDEPENDIENTES,323. ROCIO ALEJANDRA GOMEZ VERGARA,IND,0.0,False
1562004,PAREDONES,PAREDONES,ESCUELA BASICA MERCEDES URZUA DIAZ,2V,ZU.RADICALES E INDEPENDIENTES,324. FRANCISCO ALEJANDRO CORNEJO MARTINEZ,IND,9.0,False
1562005,PAREDONES,PAREDONES,ESCUELA BASICA MERCEDES URZUA DIAZ,3V,M.CHILE DIGNO VERDE Y SOBERANO,300. EMILIANO GUERRERO TORRES,FREVS,13.0,False
1562006,PAREDONES,PAREDONES,ESCUELA BASICA MERCEDES URZUA DIAZ,3V,M.CHILE DIGNO VERDE Y SOBERANO,301. NIBALDO ANSELMO CACERES MUÑOZ,IND,5.0,False
1562007,PAREDONES,PAREDONES,ESCUELA BASICA MERCEDES URZUA DIAZ,3V,M.CHILE DIGNO VERDE Y SOBERANO,302. MANUEL ENRIQUE VALENZUELA ROMERO,IND,14.0,True
1562008,PAREDONES,PAREDONES,ESCUELA BASICA MERCEDES URZUA DIAZ,3V,M.CHILE DIGNO VERDE Y SOBERANO,303. MAXIMO ENRIQUE SANCHEZ VALDES,IND,1.0,False
1562009,PAREDONES,PAREDONES,ESCUELA BASICA MERCEDES URZUA DIAZ,3V,XK.CHILE VAMOS RENOVACION NACIONAL - INDEPENDIENTES,304. JOSE MANUEL CASTRO BOZA,RN,22.0,True
1562010,PAREDONES,PAREDONES,ESCUELA BASICA MERCEDES URZUA DIAZ,3V,XK.CHILE VAMOS RENOVACION NACIONAL - INDEPENDIENTES,305. VIVIANA DEL PILAR MALDONADO VERDUGO,RN,1.0,False
1562011,PAREDONES,PAREDONES,ESCUELA BASICA MERCEDES URZUA DIAZ,3V,XK.CHILE VAMOS RENOVACION NACIONAL - INDEPENDIENTES,306. RUBEN DARIO BOZA ROMERO,IND,6.0,False
1562012,PAREDONES,PAREDONES,ESCUELA BASICA MERCEDES URZUA DIAZ,3V,XK.CHILE VAMOS RENOVACION NACIONAL - INDEPENDIENTES,307. ALEJANDRO DE LA CRUZ GUERRERO TORRES,IND,2.0,False
1562013,PAREDONES,PAREDONES,ESCUELA BASICA MERCEDES URZUA DIAZ,3V,XK.CHILE VAMOS RENOVACION NACIONAL - INDEPENDIENTES,308. ALEJANDRO ALFONSO PIÑA PIÑA,IND,10.0,False
1562014,PAREDONES,PAREDONES,ESCUELA BASICA MERCEDES URZUA DIAZ,3V,XU.UNIDOS POR LA DIGNIDAD,309. GERARDO JOEL RUBIO CONTRERAS,PDC,8.0,False
1562015,PAREDONES,PAREDONES,ESCUELA BASICA MERCEDES URZUA DIAZ,3V,XU.UNIDOS POR LA DIGNIDAD,310. MIGUEL ALEJANDRO MOLINA CONTRERAS,PDC,0.0,False
1562016,PAREDONES,PAREDONES,ESCUELA BASICA MERCEDES URZUA DIAZ,3V,XU.UNIDOS POR LA DIGNIDAD,311. ZARELLA ANDREA SILVA CATALAN,IND,9.0,False
1562017,PAREDONES,PAREDONES,ESCUELA BASICA MERCEDES URZUA DIAZ,3V,XU.UNIDOS POR LA DIGNIDAD,312. WILSON POZO PIÑA,IND,6.0,False
1562018,PAREDONES,PAREDONES,ESCUELA BASICA MERCEDES URZUA DIAZ,3V,YW.UNIDAD POR EL APRUEBO PS PPD E INDEPENDIENTES,313. SAMMY ORMAZABAL LOPEZ,PPD,23.0,True
1562019,PAREDONES,PAREDONES,ESCUELA BASICA MERCEDES URZUA DIAZ,3V,YW.UNIDAD POR EL APRUEBO PS PPD E INDEPENDIENTES,314. PAOLA DEL CARMEN BUSTAMANTE VARGAS,IND,3.0,False
1562020,PAREDONES,PAREDONES,ESCUELA BASICA MERCEDES URZUA DIAZ,3V,YW.UNIDAD POR EL APRUEBO PS PPD E INDEPENDIENTES,315. SOTERO ANSELMO URZUA CANALES,IND,0.0,True
1562021,PAREDONES,PAREDONES,ESCUELA BASICA MERCEDES URZUA DIAZ,3V,YW.UNIDAD POR EL APRUEBO PS PPD E INDEPENDIENTES,316. MATIAS GALLARDO ALEGRIA,PS,0.0,False
1562022,PAREDONES,PAREDONES,ESCUELA BASICA MERCEDES URZUA DIAZ,3V,YW.UNIDAD POR EL APRUEBO PS PPD E INDEPENDIENTES,317. HUGO SANTA MARIA GONZALEZ,PS,2.0,False
1562023,PAREDONES,PAREDONES,ESCUELA BASICA MERCEDES URZUA DIAZ,3V,YW.UNIDAD POR EL APRUEBO PS PPD E INDEPENDIENTES,318. CRISTINA DEL CARMEN FLORES TRINCADO,PS,1.0,False
1562024,PAREDONES,PAREDONES,ESCUELA BASICA MERCEDES URZUA DIAZ,3V,ZJ.CHILE VAMOS UDI - INDEPENDIENTES,319. ISABEL MARGARITA GUERRA CASTILLO,UDI,0.0,False
1562025,PAREDONES,PAREDONES,ESCUELA BASICA MERCEDES URZUA DIAZ,3V,ZJ.CHILE VAMOS UDI - INDEPENDIENTES,320. JOSE MIGUEL ANDRES MUÑOZ CATALAN,UDI,15.0,True
1562026,PAREDONES,PAREDONES,ESCUELA BASICA MERCEDES URZUA DIAZ,3V,ZJ.CHILE VAMOS UDI - INDEPENDIENTES,321. SERGIO ANTONIO BRIONES CORNEJO,UDI,2.0,False
1562027,PAREDONES,PAREDONES,ESCUELA BASICA MERCEDES URZUA DIAZ,3V,ZU.RADICALES E INDEPENDIENTES,322. HERNALDO ANDRES AHUMADA CHAVEZ,PR,17.0,True
1562028,PAREDONES,PAREDONES,ESCUELA BASICA MERCEDES URZUA DIAZ,3V,ZU.RADICALES E INDEPENDIENTES,323. ROCIO ALEJANDRA GOMEZ VERGARA,IND,1.0,False
1562029,PAREDONES,PAREDONES,ESCUELA BASICA MERCEDES URZUA DIAZ,3V,ZU.RADICALES E INDEPENDIENTES,324. FRANCISCO ALEJANDRO CORNEJO MARTINEZ,IND,11.0,False
1562030,PAREDONES,PAREDONES,ESCUELA BASICA MERCEDES URZUA DIAZ,4V,M.CHILE DIGNO VERDE Y SOBERANO,300. EMILIANO GUERRERO TORRES,FREVS,9.0,False
1562031,PAREDONES,PAREDONES,ESCUELA BASICA MERCEDES URZUA DIAZ,4V,M.CHILE DIGNO VERDE Y SOBERANO,301. NIBALDO ANSELMO CACERES MUÑOZ,IND,5.0,False
1562032,PAREDONES,PAREDONES,ESCUELA BASICA MERCEDES URZUA DIAZ,4V,M.CHILE DIGNO VERDE Y SOBERANO,302. MANUEL ENRIQUE VALENZUELA ROMERO,IND,21.0,True
1562033,PAREDONES,PAREDONES,ESCUELA BASICA MERCEDES URZUA DIAZ,4V,M.CHILE DIGNO VERDE Y SOBERANO,303. MAXIMO ENRIQUE SANCHEZ VALDES,IND,1.0,False
1562034,PAREDONES,PAREDONES,ESCUELA BASICA MERCEDES URZUA DIAZ,4V,XK.CHILE VAMOS RENOVACION NACIONAL - INDEPENDIENTES,304. JOSE MANUEL CASTRO BOZA,RN,22.0,True
1562035,PAREDONES,PAREDONES,ESCUELA BASICA MERCEDES URZUA DIAZ,4V,XK.CHILE VAMOS RENOVACION NACIONAL - INDEPENDIENTES,305. VIVIANA DEL PILAR MALDONADO VERDUGO,RN,5.0,False
1562036,PAREDONES,PAREDONES,ESCUELA BASICA MERCEDES URZUA DIAZ,4V,XK.CHILE VAMOS RENOVACION NACIONAL - INDEPENDIENTES,306. RUBEN DARIO BOZA ROMERO,IND,8.0,False
1562037,PAREDONES,PAREDONES,ESCUELA BASICA MERCEDES URZUA DIAZ,4V,XK.CHILE VAMOS RENOVACION NACIONAL - INDEPENDIENTES,307. ALEJANDRO DE LA CRUZ GUERRERO TORRES,IND,6.0,False
1562038,PAREDONES,PAREDONES,ESCUELA BASICA MERCEDES URZUA DIAZ,4V,XK.CHILE VAMOS RENOVACION NACIONAL - INDEPENDIENTES,308. ALEJANDRO ALFONSO PIÑA PIÑA,IND,8.0,False
1562039,PAREDONES,PAREDONES,ESCUELA BASICA MERCEDES URZUA DIAZ,4V,XU.UNIDOS POR LA DIGNIDAD,309. GERARDO JOEL RUBIO CONTRERAS,PDC,20.0,False
1562040,PAREDONES,PAREDONES,ESCUELA BASICA MERCEDES URZUA DIAZ,4V,XU.UNIDOS POR LA DIGNIDAD,310. MIGUEL ALEJANDRO MOLINA CONTRERAS,PDC,4.0,False
1562041,PAREDONES,PAREDONES,ESCUELA BASICA MERCEDES URZUA DIAZ,4V,XU.UNIDOS POR LA DIGNIDAD,311. ZARELLA ANDREA SILVA CATALAN,IND,9.0,False
1562042,PAREDONES,PAREDONES,ESCUELA BASICA MERCEDES URZUA DIAZ,4V,XU.UNIDOS POR LA DIGNIDAD,312. WILSON POZO PIÑA,IND,7.0,False
1562043,PAREDONES,PAREDONES,ESCUELA BASICA MERCEDES URZUA DIAZ,4V,YW.UNIDAD POR EL APRUEBO PS PPD E INDEPENDIENTES,313. SAMMY ORMAZABAL LOPEZ,PPD,31.0,True
1562044,PAREDONES,PAREDONES,ESCUELA BASICA MERCEDES URZUA DIAZ,4V,YW.UNIDAD POR EL APRUEBO PS PPD E INDEPENDIENTES,314. PAOLA DEL CARMEN BUSTAMANTE VARGAS,IND,3.0,False
1562045,PAREDONES,PAREDONES,ESCUELA BASICA MERCEDES URZUA DIAZ,4V,YW.UNIDAD POR EL APRUEBO PS PPD E INDEPENDIENTES,315. SOTERO ANSELMO URZUA CANALES,IND,6.0,True
1562046,PAREDONES,PAREDONES,ESCUELA BASICA MERCEDES URZUA DIAZ,4V,YW.UNIDAD POR EL APRUEBO PS PPD E INDEPENDIENTES,316. MATIAS GALLARDO ALEGRIA,PS,1.0,False
1562047,PAREDONES,PAREDONES,ESCUELA BASICA MERCEDES URZUA DIAZ,4V,YW.UNIDAD POR EL APRUEBO PS PPD E INDEPENDIENTES,317. HUGO SANTA MARIA GONZALEZ,PS,0.0,False
1562048,PAREDONES,PAREDONES,ESCUELA BASICA MERCEDES URZUA DIAZ,4V,YW.UNIDAD POR EL APRUEBO PS PPD E INDEPENDIENTES,318. CRISTINA DEL CARMEN FLORES TRINCADO,PS,2.0,False
1562049,PAREDONES,PAREDONES,ESCUELA BASICA MERCEDES URZUA DIAZ,4V,ZJ.CHILE VAMOS UDI - INDEPENDIENTES,319. ISABEL MARGARITA GUERRA CASTILLO,UDI,1.0,False
1562050,PAREDONES,PAREDONES,ESCUELA BASICA MERCEDES URZUA DIAZ,4V,ZJ.CHILE VAMOS UDI - INDEPENDIENTES,320. JOSE MIGUEL ANDRES MUÑOZ CATALAN,UDI,26.0,True
1562051,PAREDONES,PAREDONES,ESCUELA BASICA MERCEDES URZUA DIAZ,4V,ZJ.CHILE VAMOS UDI - INDEPENDIENTES,321. SERGIO ANTONIO BRIONES CORNEJO,UDI,8.0,False
1562052,PAREDONES,PAREDONES,ESCUELA BASICA MERCEDES URZUA DIAZ,4V,ZU.RADICALES E INDEPENDIENTES,322. HERNALDO ANDRES AHUMADA CHAVEZ,PR,10.0,True
1562053,PAREDONES,PAREDONES,ESCUELA BASICA MERCEDES URZUA DIAZ,4V,ZU.RADICALES E INDEPENDIENTES,323. ROCIO ALEJANDRA GOMEZ VERGARA,IND,3.0,False
1562054,PAREDONES,PAREDONES,ESCUELA BASICA MERCEDES URZUA DIAZ,4V,ZU.RADICALES E INDEPENDIENTES,324. FRANCISCO ALEJANDRO CORNEJO MARTINEZ,IND,12.0,False
1562055,PAREDONES,PAREDONES,ESCUELA BASICA MERCEDES URZUA DIAZ,5V,M.CHILE DIGNO VERDE Y SOBERANO,300. EMILIANO GUERRERO TORRES,FREVS,2.0,False
1562056,PAREDONES,PAREDONES,ESCUELA BASICA MERCEDES URZUA DIAZ,5V,M.CHILE DIGNO VERDE Y SOBERANO,301. NIBALDO ANSELMO CACERES MUÑOZ,IND,2.0,False
1562057,PAREDONES,PAREDONES,ESCUELA BASICA MERCEDES URZUA DIAZ,5V,M.CHILE DIGNO VERDE Y SOBERANO,302. MANUEL ENRIQUE VALENZUELA ROMERO,IND,17.0,True
1562058,PAREDONES,PAREDONES,ESCUELA BASICA MERCEDES URZUA DIAZ,5V,M.CHILE DIGNO VERDE Y SOBERANO,303. MAXIMO ENRIQUE SANCHEZ VALDES,IND,2.0,False
1562059,PAREDONES,PAREDONES,ESCUELA BASICA MERCEDES URZUA DIAZ,5V,XK.CHILE VAMOS RENOVACION NACIONAL - INDEPENDIENTES,304. JOSE MANUEL CASTRO BOZA,RN,16.0,True
1562060,PAREDONES,PAREDONES,ESCUELA BASICA MERCEDES URZUA DIAZ,5V,XK.CHILE VAMOS RENOVACION NACIONAL - INDEPENDIENTES,305. VIVIANA DEL PILAR MALDONADO VERDUGO,RN,5.0,False
1562061,PAREDONES,PAREDONES,ESCUELA BASICA MERCEDES URZUA DIAZ,5V,XK.CHILE VAMOS RENOVACION NACIONAL - INDEPENDIENTES,306. RUBEN DARIO BOZA ROMERO,IND,4.0,False
1562062,PAREDONES,PAREDONES,ESCUELA BASICA MERCEDES URZUA DIAZ,5V,XK.CHILE VAMOS RENOVACION NACIONAL - INDEPENDIENTES,307. ALEJANDRO DE LA CRUZ GUERRERO TORRES,IND,0.0,False
1562063,PAREDONES,PAREDONES,ESCUELA BASICA MERCEDES URZUA DIAZ,5V,XK.CHILE VAMOS RENOVACION NACIONAL - INDEPENDIENTES,308. ALEJANDRO ALFONSO PIÑA PIÑA,IND,12.0,False
1562064,PAREDONES,PAREDONES,ESCUELA BASICA MERCEDES URZUA DIAZ,5V,XU.UNIDOS POR LA DIGNIDAD,309. GERARDO JOEL RUBIO CONTRERAS,PDC,4.0,False
1562065,PAREDONES,PAREDONES,ESCUELA BASICA MERCEDES URZUA DIAZ,5V,XU.UNIDOS POR LA DIGNIDAD,310. MIGUEL ALEJANDRO MOLINA CONTRERAS,PDC,0.0,False
1562066,PAREDONES,PAREDONES,ESCUELA BASICA MERCEDES URZUA DIAZ,5V,XU.UNIDOS POR LA DIGNIDAD,311. ZARELLA ANDREA SILVA CATALAN,IND,4.0,False
1562067,PAREDONES,PAREDONES,ESCUELA BASICA MERCEDES URZUA DIAZ,5V,XU.UNIDOS POR LA DIGNIDAD,312. WILSON POZO PIÑA,IND,7.0,False
1562068,PAREDONES,PAREDONES,ESCUELA BASICA MERCEDES URZUA DIAZ,5V,YW.UNIDAD POR EL APRUEBO PS PPD E INDEPENDIENTES,313. SAMMY ORMAZABAL LOPEZ,PPD,20.0,True
1562069,PAREDONES,PAREDONES,ESCUELA BASICA MERCEDES URZUA DIAZ,5V,YW.UNIDAD POR EL APRUEBO PS PPD E INDEPENDIENTES,314. PAOLA DEL CARMEN BUSTAMANTE VARGAS,IND,2.0,False
1562070,PAREDONES,PAREDONES,ESCUELA BASICA MERCEDES URZUA DIAZ,5V,YW.UNIDAD POR EL APRUEBO PS PPD E INDEPENDIENTES,315. SOTERO ANSELMO URZUA CANALES,IND,3.0,True
1562071,PAREDONES,PAREDONES,ESCUELA BASICA MERCEDES URZUA DIAZ,5V,YW.UNIDAD POR EL APRUEBO PS PPD E INDEPENDIENTES,316. MATIAS GALLARDO ALEGRIA,PS,1.0,False
1562072,PAREDONES,PAREDONES,ESCUELA BASICA MERCEDES URZUA DIAZ,5V,YW.UNIDAD POR EL APRUEBO PS PPD E INDEPENDIENTES,317. HUGO SANTA MARIA GONZALEZ,PS,0.0,False
1562073,PAREDONES,PAREDONES,ESCUELA BASICA MERCEDES URZUA DIAZ,5V,YW.UNIDAD POR EL APRUEBO PS PPD E INDEPENDIENTES,318. CRISTINA DEL CARMEN FLORES TRINCADO,PS,0.0,False
1562074,PAREDONES,PAREDONES,ESCUELA BASICA MERCEDES URZUA DIAZ,5V,ZJ.CHILE VAMOS UDI - INDEPENDIENTES,319. ISABEL MARGARITA GUERRA CASTILLO,UDI,2.0,False
1562075,PAREDONES,PAREDONES,ESCUELA BASICA MERCEDES URZUA DIAZ,5V,ZJ.CHILE VAMOS UDI - INDEPENDIENTES,320. JOSE MIGUEL ANDRES MUÑOZ CATALAN,UDI,20.0,True
1562076,PAREDONES,PAREDONES,ESCUELA BASICA MERCEDES URZUA DIAZ,5V,ZJ.CHILE VAMOS UDI - INDEPENDIENTES,321. SERGIO ANTONIO BRIONES CORNEJO,UDI,7.0,False
1562077,PAREDONES,PAREDONES,ESCUELA BASICA MERCEDES URZUA DIAZ,5V,ZU.RADICALES E INDEPENDIENTES,322. HERNALDO ANDRES AHUMADA CHAVEZ,PR,15.0,True
1562078,PAREDONES,PAREDONES,ESCUELA BASICA MERCEDES URZUA DIAZ,5V,ZU.RADICALES E INDEPENDIENTES,323. ROCIO ALEJANDRA GOMEZ VERGARA,IND,0.0,False
1562079,PAREDONES,PAREDONES,ESCUELA BASICA MERCEDES URZUA DIAZ,5V,ZU.RADICALES E INDEPENDIENTES,324. FRANCISCO ALEJANDRO CORNEJO MARTINEZ,IND,8.0,False
1562080,PAREDONES,PAREDONES,ESCUELA BASICA MERCEDES URZUA DIAZ,6V,M.CHILE DIGNO VERDE Y SOBERANO,300. EMILIANO GUERRERO TORRES,FREVS,5.0,False
1562081,PAREDONES,PAREDONES,ESCUELA BASICA MERCEDES URZUA DIAZ,6V,M.CHILE DIGNO VERDE Y SOBERANO,301. NIBALDO ANSELMO CACERES MUÑOZ,IND,4.0,False
1562082,PAREDONES,PAREDONES,ESCUELA BASICA MERCEDES URZUA DIAZ,6V,M.CHILE DIGNO VERDE Y SOBERANO,302. MANUEL ENRIQUE VALENZUELA ROMERO,IND,17.0,True
1562083,PAREDONES,PAREDONES,ESCUELA BASICA MERCEDES URZUA DIAZ,6V,M.CHILE DIGNO VERDE Y SOBERANO,303. MAXIMO ENRIQUE SANCHEZ VALDES,IND,0.0,False
1562084,PAREDONES,PAREDONES,ESCUELA BASICA MERCEDES URZUA DIAZ,6V,XK.CHILE VAMOS RENOVACION NACIONAL - INDEPENDIENTES,304. JOSE MANUEL CASTRO BOZA,RN,14.0,True
1562085,PAREDONES,PAREDONES,ESCUELA BASICA MERCEDES URZUA DIAZ,6V,XK.CHILE VAMOS RENOVACION NACIONAL - INDEPENDIENTES,305. VIVIANA DEL PILAR MALDONADO VERDUGO,RN,3.0,False
1562086,PAREDONES,PAREDONES,ESCUELA BASICA MERCEDES URZUA DIAZ,6V,XK.CHILE VAMOS RENOVACION NACIONAL - INDEPENDIENTES,306. RUBEN DARIO BOZA ROMERO,IND,6.0,False
1562087,PAREDONES,PAREDONES,ESCUELA BASICA MERCEDES URZUA DIAZ,6V,XK.CHILE VAMOS RENOVACION NACIONAL - INDEPENDIENTES,307. ALEJANDRO DE LA CRUZ GUERRERO TORRES,IND,3.0,False
1562088,PAREDONES,PAREDONES,ESCUELA BASICA MERCEDES URZUA DIAZ,6V,XK.CHILE VAMOS RENOVACION NACIONAL - INDEPENDIENTES,308. ALEJANDRO ALFONSO PIÑA PIÑA,IND,7.0,False
1562089,PAREDONES,PAREDONES,ESCUELA BASICA MERCEDES URZUA DIAZ,6V,XU.UNIDOS POR LA DIGNIDAD,309. GERARDO JOEL RUBIO CONTRERAS,PDC,9.0,False
1562090,PAREDONES,PAREDONES,ESCUELA BASICA MERCEDES URZUA DIAZ,6V,XU.UNIDOS POR LA DIGNIDAD,310. MIGUEL ALEJANDRO MOLINA CONTRERAS,PDC,2.0,False
1562091,PAREDONES,PAREDONES,ESCUELA BASICA MERCEDES URZUA DIAZ,6V,XU.UNIDOS POR LA DIGNIDAD,311. ZARELLA ANDREA SILVA CATALAN,IND,2.0,False
1562092,PAREDONES,PAREDONES,ESCUELA BASICA MERCEDES URZUA DIAZ,6V,XU.UNIDOS POR LA DIGNIDAD,312. WILSON POZO PIÑA,IND,4.0,False
1562093,PAREDONES,PAREDONES,ESCUELA BASICA MERCEDES URZUA DIAZ,6V,YW.UNIDAD POR EL APRUEBO PS PPD E INDEPENDIENTES,313. SAMMY ORMAZABAL LOPEZ,PPD,30.0,True
1562094,PAREDONES,PAREDONES,ESCUELA BASICA MERCEDES URZUA DIAZ,6V,YW.UNIDAD POR EL APRUEBO PS PPD E INDEPENDIENTES,314. PAOLA DEL CARMEN BUSTAMANTE VARGAS,IND,1.0,False
1562095,PAREDONES,PAREDONES,ESCUELA BASICA MERCEDES URZUA DIAZ,6V,YW.UNIDAD POR EL APRUEBO PS PPD E INDEPENDIENTES,315. SOTERO ANSELMO URZUA CANALES,IND,5.0,True
1562096,PAREDONES,PAREDONES,ESCUELA BASICA MERCEDES URZUA DIAZ,6V,YW.UNIDAD POR EL APRUEBO PS PPD E INDEPENDIENTES,316. MATIAS GALLARDO ALEGRIA,PS,1.0,False
1562097,PAREDONES,PAREDONES,ESCUELA BASICA MERCEDES URZUA DIAZ,6V,YW.UNIDAD POR EL APRUEBO PS PPD E INDEPENDIENTES,317. HUGO SANTA MARIA GONZALEZ,PS,0.0,False
1562098,PAREDONES,PAREDONES,ESCUELA BASICA MERCEDES URZUA DIAZ,6V,YW.UNIDAD POR EL APRUEBO PS PPD E INDEPENDIENTES,318. CRISTINA DEL CARMEN FLORES TRINCADO,PS,1.0,False
1562099,PAREDONES,PAREDONES,ESCUELA BASICA MERCEDES URZUA DIAZ,6V,ZJ.CHILE VAMOS UDI - INDEPENDIENTES,319. ISABEL MARGARITA GUERRA CASTILLO,UDI,3.0,False
1562100,PAREDONES,PAREDONES,ESCUELA BASICA MERCEDES URZUA DIAZ,6V,ZJ.CHILE VAMOS UDI - INDEPENDIENTES,320. JOSE MIGUEL ANDRES MUÑOZ CATALAN,UDI,15.0,True
1562101,PAREDONES,PAREDONES,ESCUELA BASICA MERCEDES URZUA DIAZ,6V,ZJ.CHILE VAMOS UDI - INDEPENDIENTES,321. SERGIO ANTONIO BRIONES CORNEJO,UDI,7.0,False
1562102,PAREDONES,PAREDONES,ESCUELA BASICA MERCEDES URZUA DIAZ,6V,ZU.RADICALES E INDEPENDIENTES,322. HERNALDO ANDRES AHUMADA CHAVEZ,PR,9.0,True
1562103,PAREDONES,PAREDONES,ESCUELA BASICA MERCEDES URZUA DIAZ,6V,ZU.RADICALES E INDEPENDIENTES,323. ROCIO ALEJANDRA GOMEZ VERGARA,IND,2.0,False
1562104,PAREDONES,PAREDONES,ESCUELA BASICA MERCEDES URZUA DIAZ,6V,ZU.RADICALES E INDEPENDIENTES,324. FRANCISCO ALEJANDRO CORNEJO MARTINEZ,IND,3.0,False
1562105,PAREDONES,PAREDONES,ESCUELA BASICA MERCEDES URZUA DIAZ,7V,M.CHILE DIGNO VERDE Y SOBERANO,300. EMILIANO GUERRERO TORRES,FREVS,11.0,False
1562106,PAREDONES,PAREDONES,ESCUELA BASICA MERCEDES URZUA DIAZ,7V,M.CHILE DIGNO VERDE Y SOBERANO,301. NIBALDO ANSELMO CACERES MUÑOZ,IND,3.0,False
1562107,PAREDONES,PAREDONES,ESCUELA BASICA MERCEDES URZUA DIAZ,7V,M.CHILE DIGNO VERDE Y SOBERANO,302. MANUEL ENRIQUE VALENZUELA ROMERO,IND,17.0,True
1562108,PAREDONES,PAREDONES,ESCUELA BASICA MERCEDES URZUA DIAZ,7V,M.CHILE DIGNO VERDE Y SOBERANO,303. MAXIMO ENRIQUE SANCHEZ VALDES,IND,0.0,False
1562109,PAREDONES,PAREDONES,ESCUELA BASICA MERCEDES URZUA DIAZ,7V,XK.CHILE VAMOS RENOVACION NACIONAL - INDEPENDIENTES,304. JOSE MANUEL CASTRO BOZA,RN,21.0,True
1562110,PAREDONES,PAREDONES,ESCUELA BASICA MERCEDES URZUA DIAZ,7V,XK.CHILE VAMOS RENOVACION NACIONAL - INDEPENDIENTES,305. VIVIANA DEL PILAR MALDONADO VERDUGO,RN,7.0,False
1562111,PAREDONES,PAREDONES,ESCUELA BASICA MERCEDES URZUA DIAZ,7V,XK.CHILE VAMOS RENOVACION NACIONAL - INDEPENDIENTES,306. RUBEN DARIO BOZA ROMERO,IND,7.0,False
1562112,PAREDONES,PAREDONES,ESCUELA BASICA MERCEDES URZUA DIAZ,7V,XK.CHILE VAMOS RENOVACION NACIONAL - INDEPENDIENTES,307. ALEJANDRO DE LA CRUZ GUERRERO TORRES,IND,1.0,False
1562113,PAREDONES,PAREDONES,ESCUELA BASICA MERCEDES URZUA DIAZ,7V,XK.CHILE VAMOS RENOVACION NACIONAL - INDEPENDIENTES,308. ALEJANDRO ALFONSO PIÑA PIÑA,IND,15.0,False
1562114,PAREDONES,PAREDONES,ESCUELA BASICA MERCEDES URZUA DIAZ,7V,XU.UNIDOS POR LA DIGNIDAD,309. GERARDO JOEL RUBIO CONTRERAS,PDC,14.0,False
1562115,PAREDONES,PAREDONES,ESCUELA BASICA MERCEDES URZUA DIAZ,7V,XU.UNIDOS POR LA DIGNIDAD,310. MIGUEL ALEJANDRO MOLINA CONTRERAS,PDC,2.0,False
1562116,PAREDONES,PAREDONES,ESCUELA BASICA MERCEDES URZUA DIAZ,7V,XU.UNIDOS POR LA DIGNIDAD,311. ZARELLA ANDREA SILVA CATALAN,IND,8.0,False
1562117,PAREDONES,PAREDONES,ESCUELA BASICA MERCEDES URZUA DIAZ,7V,XU.UNIDOS POR LA DIGNIDAD,312. WILSON POZO PIÑA,IND,4.0,False
1562118,PAREDONES,PAREDONES,ESCUELA BASICA MERCEDES URZUA DIAZ,7V,YW.UNIDAD POR EL APRUEBO PS PPD E INDEPENDIENTES,313. SAMMY ORMAZABAL LOPEZ,PPD,34.0,True
1562119,PAREDONES,PAREDONES,ESCUELA BASICA MERCEDES URZUA DIAZ,7V,YW.UNIDAD POR EL APRUEBO PS PPD E INDEPENDIENTES,314. PAOLA DEL CARMEN BUSTAMANTE VARGAS,IND,4.0,False
1562120,PAREDONES,PAREDONES,ESCUELA BASICA MERCEDES URZUA DIAZ,7V,YW.UNIDAD POR EL APRUEBO PS PPD E INDEPENDIENTES,315. SOTERO ANSELMO URZUA CANALES,IND,4.0,True
1562121,PAREDONES,PAREDONES,ESCUELA BASICA MERCEDES URZUA DIAZ,7V,YW.UNIDAD POR EL APRUEBO PS PPD E INDEPENDIENTES,316. MATIAS GALLARDO ALEGRIA,PS,1.0,False
1562122,PAREDONES,PAREDONES,ESCUELA BASICA MERCEDES URZUA DIAZ,7V,YW.UNIDAD POR EL APRUEBO PS PPD E INDEPENDIENTES,317. HUGO SANTA MARIA GONZALEZ,PS,2.0,False
1562123,PAREDONES,PAREDONES,ESCUELA BASICA MERCEDES URZUA DIAZ,7V,YW.UNIDAD POR EL APRUEBO PS PPD E INDEPENDIENTES,318. CRISTINA DEL CARMEN FLORES TRINCADO,PS,2.0,False
1562124,PAREDONES,PAREDONES,ESCUELA BASICA MERCEDES URZUA DIAZ,7V,ZJ.CHILE VAMOS UDI - INDEPENDIENTES,319. ISABEL MARGARITA GUERRA CASTILLO,UDI,4.0,False
1562125,PAREDONES,PAREDONES,ESCUELA BASICA MERCEDES URZUA DIAZ,7V,ZJ.CHILE VAMOS UDI - INDEPENDIENTES,320. JOSE MIGUEL ANDRES MUÑOZ CATALAN,UDI,25.0,True
1562126,PAREDONES,PAREDONES,ESCUELA BASICA MERCEDES URZUA DIAZ,7V,ZJ.CHILE VAMOS UDI - INDEPENDIENTES,321. SERGIO ANTONIO BRIONES CORNEJO,UDI,3.0,False
1562127,PAREDONES,PAREDONES,ESCUELA BASICA MERCEDES URZUA DIAZ,7V,ZU.RADICALES E INDEPENDIENTES,322. HERNALDO ANDRES AHUMADA CHAVEZ,PR,13.0,True
1562128,PAREDONES,PAREDONES,ESCUELA BASICA MERCEDES URZUA DIAZ,7V,ZU.RADICALES E INDEPENDIENTES,323. ROCIO ALEJANDRA GOMEZ VERGARA,IND,4.0,False
1562129,PAREDONES,PAREDONES,ESCUELA BASICA MERCEDES URZUA DIAZ,7V,ZU.RADICALES E INDEPENDIENTES,324. FRANCISCO ALEJANDRO CORNEJO MARTINEZ,IND,13.0,False
1562130,PAREDONES,PAREDONES,ESCUELA BASICA MERCEDES URZUA DIAZ,8V,M.CHILE DIGNO VERDE Y SOBERANO,300. EMILIANO GUERRERO TORRES,FREVS,2.0,False
1562131,PAREDONES,PAREDONES,ESCUELA BASICA MERCEDES URZUA DIAZ,8V,M.CHILE DIGNO VERDE Y SOBERANO,301. NIBALDO ANSELMO CACERES MUÑOZ,IND,1.0,False
1562132,PAREDONES,PAREDONES,ESCUELA BASICA MERCEDES URZUA DIAZ,8V,M.CHILE DIGNO VERDE Y SOBERANO,302. MANUEL ENRIQUE VALENZUELA ROMERO,IND,17.0,True
1562133,PAREDONES,PAREDONES,ESCUELA BASICA MERCEDES URZUA DIAZ,8V,M.CHILE DIGNO VERDE Y SOBERANO,303. MAXIMO ENRIQUE SANCHEZ VALDES,IND,0.0,False
1562134,PAREDONES,PAREDONES,ESCUELA BASICA MERCEDES URZUA DIAZ,8V,XK.CHILE VAMOS RENOVACION NACIONAL - INDEPENDIENTES,304. JOSE MANUEL CASTRO BOZA,RN,21.0,True
1562135,PAREDONES,PAREDONES,ESCUELA BASICA MERCEDES URZUA DIAZ,8V,XK.CHILE VAMOS RENOVACION NACIONAL - INDEPENDIENTES,305. VIVIANA DEL PILAR MALDONADO VERDUGO,RN,4.0,False
1562136,PAREDONES,PAREDONES,ESCUELA BASICA MERCEDES URZUA DIAZ,8V,XK.CHILE VAMOS RENOVACION NACIONAL - INDEPENDIENTES,306. RUBEN DARIO BOZA ROMERO,IND,4.0,False
1562137,PAREDONES,PAREDONES,ESCUELA BASICA MERCEDES URZUA DIAZ,8V,XK.CHILE VAMOS RENOVACION NACIONAL - INDEPENDIENTES,307. ALEJANDRO DE LA CRUZ GUERRERO TORRES,IND,0.0,False
1562138,PAREDONES,PAREDONES,ESCUELA BASICA MERCEDES URZUA DIAZ,8V,XK.CHILE VAMOS RENOVACION NACIONAL - INDEPENDIENTES,308. ALEJANDRO ALFONSO PIÑA PIÑA,IND,10.0,False
1562139,PAREDONES,PAREDONES,ESCUELA BASICA MERCEDES URZUA DIAZ,8V,XU.UNIDOS POR LA DIGNIDAD,309. GERARDO JOEL RUBIO CONTRERAS,PDC,16.0,False
1562140,PAREDONES,PAREDONES,ESCUELA BASICA MERCEDES URZUA DIAZ,8V,XU.UNIDOS POR LA DIGNIDAD,310. MIGUEL ALEJANDRO MOLINA CONTRERAS,PDC,0.0,False
1562141,PAREDONES,PAREDONES,ESCUELA BASICA MERCEDES URZUA DIAZ,8V,XU.UNIDOS POR LA DIGNIDAD,311. ZARELLA ANDREA SILVA CATALAN,IND,6.0,False
1562142,PAREDONES,PAREDONES,ESCUELA BASICA MERCEDES URZUA DIAZ,8V,XU.UNIDOS POR LA DIGNIDAD,312. WILSON POZO PIÑA,IND,3.0,False
1562143,PAREDONES,PAREDONES,ESCUELA BASICA MERCEDES URZUA DIAZ,8V,YW.UNIDAD POR EL APRUEBO PS PPD E INDEPENDIENTES,313. SAMMY ORMAZABAL LOPEZ,PPD,38.0,True
1562144,PAREDONES,PAREDONES,ESCUELA BASICA MERCEDES URZUA DIAZ,8V,YW.UNIDAD POR EL APRUEBO PS PPD E INDEPENDIENTES,314. PAOLA DEL CARMEN BUSTAMANTE VARGAS,IND,4.0,False
1562145,PAREDONES,PAREDONES,ESCUELA BASICA MERCEDES URZUA DIAZ,8V,YW.UNIDAD POR EL APRUEBO PS PPD E INDEPENDIENTES,315. SOTERO ANSELMO URZUA CANALES,IND,1.0,True
1562146,PAREDONES,PAREDONES,ESCUELA BASICA MERCEDES URZUA DIAZ,8V,YW.UNIDAD POR EL APRUEBO PS PPD E INDEPENDIENTES,316. MATIAS GALLARDO ALEGRIA,PS,1.0,False
1562147,PAREDONES,PAREDONES,ESCUELA BASICA MERCEDES URZUA DIAZ,8V,YW.UNIDAD POR EL APRUEBO PS PPD E INDEPENDIENTES,317. HUGO SANTA MARIA GONZALEZ,PS,5.0,False
1562148,PAREDONES,PAREDONES,ESCUELA BASICA MERCEDES URZUA DIAZ,8V,YW.UNIDAD POR EL APRUEBO PS PPD E INDEPENDIENTES,318. CRISTINA DEL CARMEN FLORES TRINCADO,PS,2.0,False
1562149,PAREDONES,PAREDONES,ESCUELA BASICA MERCEDES URZUA DIAZ,8V,ZJ.CHILE VAMOS UDI - INDEPENDIENTES,319. ISABEL MARGARITA GUERRA CASTILLO,UDI,1.0,False
1562150,PAREDONES,PAREDONES,ESCUELA BASICA MERCEDES URZUA DIAZ,8V,ZJ.CHILE VAMOS UDI - INDEPENDIENTES,320. JOSE MIGUEL ANDRES MUÑOZ CATALAN,UDI,18.0,True
1562151,PAREDONES,PAREDONES,ESCUELA BASICA MERCEDES URZUA DIAZ,8V,ZJ.CHILE VAMOS UDI - INDEPENDIENTES,321. SERGIO ANTONIO BRIONES CORNEJO,UDI,5.0,False
1562152,PAREDONES,PAREDONES,ESCUELA BASICA MERCEDES URZUA DIAZ,8V,ZU.RADICALES E INDEPENDIENTES,322. HERNALDO ANDRES AHUMADA CHAVEZ,PR,16.0,True
1562153,PAREDONES,PAREDONES,ESCUELA BASICA MERCEDES URZUA DIAZ,8V,ZU.RADICALES E INDEPENDIENTES,323. ROCIO ALEJANDRA GOMEZ VERGARA,IND,1.0,False
1562154,PAREDONES,PAREDONES,ESCUELA BASICA MERCEDES URZUA DIAZ,8V,ZU.RADICALES E INDEPENDIENTES,324. FRANCISCO ALEJANDRO CORNEJO MARTINEZ,IND,6.0,False
1562155,PAREDONES,PAREDONES,ESCUELA BASICA MERCEDES URZUA DIAZ,9V,M.CHILE DIGNO VERDE Y SOBERANO,300. EMILIANO GUERRERO TORRES,FREVS,15.0,False
1562156,PAREDONES,PAREDONES,ESCUELA BASICA MERCEDES URZUA DIAZ,9V,M.CHILE DIGNO VERDE Y SOBERANO,301. NIBALDO ANSELMO CACERES MUÑOZ,IND,3.0,False
1562157,PAREDONES,PAREDONES,ESCUELA BASICA MERCEDES URZUA DIAZ,9V,M.CHILE DIGNO VERDE Y SOBERANO,302. MANUEL ENRIQUE VALENZUELA ROMERO,IND,15.0,True
1562158,PAREDONES,PAREDONES,ESCUELA BASICA MERCEDES URZUA DIAZ,9V,M.CHILE DIGNO VERDE Y SOBERANO,303. MAXIMO ENRIQUE SANCHEZ VALDES,IND,1.0,False
1562159,PAREDONES,PAREDONES,ESCUELA BASICA MERCEDES URZUA DIAZ,9V,XK.CHILE VAMOS RENOVACION NACIONAL - INDEPENDIENTES,304. JOSE MANUEL CASTRO BOZA,RN,21.0,True
1562160,PAREDONES,PAREDONES,ESCUELA BASICA MERCEDES URZUA DIAZ,9V,XK.CHILE VAMOS RENOVACION NACIONAL - INDEPENDIENTES,305. VIVIANA DEL PILAR MALDONADO VERDUGO,RN,0.0,False
1562161,PAREDONES,PAREDONES,ESCUELA BASICA MERCEDES URZUA DIAZ,9V,XK.CHILE VAMOS RENOVACION NACIONAL - INDEPENDIENTES,306. RUBEN DARIO BOZA ROMERO,IND,6.0,False
1562162,PAREDONES,PAREDONES,ESCUELA BASICA MERCEDES URZUA DIAZ,9V,XK.CHILE VAMOS RENOVACION NACIONAL - INDEPENDIENTES,307. ALEJANDRO DE LA CRUZ GUERRERO TORRES,IND,6.0,False
1562163,PAREDONES,PAREDONES,ESCUELA BASICA MERCEDES URZUA DIAZ,9V,XK.CHILE VAMOS RENOVACION NACIONAL - INDEPENDIENTES,308. ALEJANDRO ALFONSO PIÑA PIÑA,IND,10.0,False
1562164,PAREDONES,PAREDONES,ESCUELA BASICA MERCEDES URZUA DIAZ,9V,XU.UNIDOS POR LA DIGNIDAD,309. GERARDO JOEL RUBIO CONTRERAS,PDC,16.0,False
1562165,PAREDONES,PAREDONES,ESCUELA BASICA MERCEDES URZUA DIAZ,9V,XU.UNIDOS POR LA DIGNIDAD,310. MIGUEL ALEJANDRO MOLINA CONTRERAS,PDC,3.0,False
1562166,PAREDONES,PAREDONES,ESCUELA BASICA MERCEDES URZUA DIAZ,9V,XU.UNIDOS POR LA DIGNIDAD,311. ZARELLA ANDREA SILVA CATALAN,IND,10.0,False
1562167,PAREDONES,PAREDONES,ESCUELA BASICA MERCEDES URZUA DIAZ,9V,XU.UNIDOS POR LA DIGNIDAD,312. WILSON POZO PIÑA,IND,3.0,False
1562168,PAREDONES,PAREDONES,ESCUELA BASICA MERCEDES URZUA DIAZ,9V,YW.UNIDAD POR EL APRUEBO PS PPD E INDEPENDIENTES,313. SAMMY ORMAZABAL LOPEZ,PPD,25.0,True
1562169,PAREDONES,PAREDONES,ESCUELA BASICA MERCEDES URZUA DIAZ,9V,YW.UNIDAD POR EL APRUEBO PS PPD E INDEPENDIENTES,314. PAOLA DEL CARMEN BUSTAMANTE VARGAS,IND,1.0,False
1562170,PAREDONES,PAREDONES,ESCUELA BASICA MERCEDES URZUA DIAZ,9V,YW.UNIDAD POR EL APRUEBO PS PPD E INDEPENDIENTES,315. SOTERO ANSELMO URZUA CANALES,IND,6.0,True
1562171,PAREDONES,PAREDONES,ESCUELA BASICA MERCEDES URZUA DIAZ,9V,YW.UNIDAD POR EL APRUEBO PS PPD E INDEPENDIENTES,316. MATIAS GALLARDO ALEGRIA,PS,0.0,False
1562172,PAREDONES,PAREDONES,ESCUELA BASICA MERCEDES URZUA DIAZ,9V,YW.UNIDAD POR EL APRUEBO PS PPD E INDEPENDIENTES,317. HUGO SANTA MARIA GONZALEZ,PS,3.0,False
1562173,PAREDONES,PAREDONES,ESCUELA BASICA MERCEDES URZUA DIAZ,9V,YW.UNIDAD POR EL APRUEBO PS PPD E INDEPENDIENTES,318. CRISTINA DEL CARMEN FLORES TRINCADO,PS,2.0,False
1562174,PAREDONES,PAREDONES,ESCUELA BASICA MERCEDES URZUA DIAZ,9V,ZJ.CHILE VAMOS UDI - INDEPENDIENTES,319. ISABEL MARGARITA GUERRA CASTILLO,UDI,2.0,False
1562175,PAREDONES,PAREDONES,ESCUELA BASICA MERCEDES URZUA DIAZ,9V,ZJ.CHILE VAMOS UDI - INDEPENDIENTES,320. JOSE MIGUEL ANDRES MUÑOZ CATALAN,UDI,23.0,True
1562176,PAREDONES,PAREDONES,ESCUELA BASICA MERCEDES URZUA DIAZ,9V,ZJ.CHILE VAMOS UDI - INDEPENDIENTES,321. SERGIO ANTONIO BRIONES CORNEJO,UDI,5.0,False
1562177,PAREDONES,PAREDONES,ESCUELA BASICA MERCEDES URZUA DIAZ,9V,ZU.RADICALES E INDEPENDIENTES,322. HERNALDO ANDRES AHUMADA CHAVEZ,PR,15.0,True
1562178,PAREDONES,PAREDONES,ESCUELA BASICA MERCEDES URZUA DIAZ,9V,ZU.RADICALES E INDEPENDIENTES,323. ROCIO ALEJANDRA GOMEZ VERGARA,IND,1.0,False
1562179,PAREDONES,PAREDONES,ESCUELA BASICA MERCEDES URZUA DIAZ,9V,ZU.RADICALES E INDEPENDIENTES,324. FRANCISCO ALEJANDRO CORNEJO MARTINEZ,IND,11.0,False
1562180,PAREDONES,PAREDONES,ESCUELA BASICA MERCEDES URZUA DIAZ,10V,M.CHILE DIGNO VERDE Y SOBERANO,300. EMILIANO GUERRERO TORRES,FREVS,3.0,False
1562181,PAREDONES,PAREDONES,ESCUELA BASICA MERCEDES URZUA DIAZ,10V,M.CHILE DIGNO VERDE Y SOBERANO,301. NIBALDO ANSELMO CACERES MUÑOZ,IND,1.0,False
1562182,PAREDONES,PAREDONES,ESCUELA BASICA MERCEDES URZUA DIAZ,10V,M.CHILE DIGNO VERDE Y SOBERANO,302. MANUEL ENRIQUE VALENZUELA ROMERO,IND,16.0,True
1562183,PAREDONES,PAREDONES,ESCUELA BASICA MERCEDES URZUA DIAZ,10V,M.CHILE DIGNO VERDE Y SOBERANO,303. MAXIMO ENRIQUE SANCHEZ VALDES,IND,0.0,False
1562184,PAREDONES,PAREDONES,ESCUELA BASICA MERCEDES URZUA DIAZ,10V,XK.CHILE VAMOS RENOVACION NACIONAL - INDEPENDIENTES,304. JOSE MANUEL CASTRO BOZA,RN,15.0,True
1562185,PAREDONES,PAREDONES,ESCUELA BASICA MERCEDES URZUA DIAZ,10V,XK.CHILE VAMOS RENOVACION NACIONAL - INDEPENDIENTES,305. VIVIANA DEL PILAR MALDONADO VERDUGO,RN,8.0,False
1562186,PAREDONES,PAREDONES,ESCUELA BASICA MERCEDES URZUA DIAZ,10V,XK.CHILE VAMOS RENOVACION NACIONAL - INDEPENDIENTES,306. RUBEN DARIO BOZA ROMERO,IND,5.0,False
1562187,PAREDONES,PAREDONES,ESCUELA BASICA MERCEDES URZUA DIAZ,10V,XK.CHILE VAMOS RENOVACION NACIONAL - INDEPENDIENTES,307. ALEJANDRO DE LA CRUZ GUERRERO TORRES,IND,2.0,False
1562188,PAREDONES,PAREDONES,ESCUELA BASICA MERCEDES URZUA DIAZ,10V,XK.CHILE VAMOS RENOVACION NACIONAL - INDEPENDIENTES,308. ALEJANDRO ALFONSO PIÑA PIÑA,IND,8.0,False
1562189,PAREDONES,PAREDONES,ESCUELA BASICA MERCEDES URZUA DIAZ,10V,XU.UNIDOS POR LA DIGNIDAD,309. GERARDO JOEL RUBIO CONTRERAS,PDC,14.0,False
1562190,PAREDONES,PAREDONES,ESCUELA BASICA MERCEDES URZUA DIAZ,10V,XU.UNIDOS POR LA DIGNIDAD,310. MIGUEL ALEJANDRO MOLINA CONTRERAS,PDC,1.0,False
1562191,PAREDONES,PAREDONES,ESCUELA BASICA MERCEDES URZUA DIAZ,10V,XU.UNIDOS POR LA DIGNIDAD,311. ZARELLA ANDREA SILVA CATALAN,IND,11.0,False
1562192,PAREDONES,PAREDONES,ESCUELA BASICA MERCEDES URZUA DIAZ,10V,XU.UNIDOS POR LA DIGNIDAD,312. WILSON POZO PIÑA,IND,2.0,False
1562193,PAREDONES,PAREDONES,ESCUELA BASICA MERCEDES URZUA DIAZ,10V,YW.UNIDAD POR EL APRUEBO PS PPD E INDEPENDIENTES,313. SAMMY ORMAZABAL LOPEZ,PPD,19.0,True
1562194,PAREDONES,PAREDONES,ESCUELA BASICA MERCEDES URZUA DIAZ,10V,YW.UNIDAD POR EL APRUEBO PS PPD E INDEPENDIENTES,314. PAOLA DEL CARMEN BUSTAMANTE VARGAS,IND,1.0,False
1562195,PAREDONES,PAREDONES,ESCUELA BASICA MERCEDES URZUA DIAZ,10V,YW.UNIDAD POR EL APRUEBO PS PPD E INDEPENDIENTES,315. SOTERO ANSELMO URZUA CANALES,IND,4.0,True
1562196,PAREDONES,PAREDONES,ESCUELA BASICA MERCEDES URZUA DIAZ,10V,YW.UNIDAD POR EL APRUEBO PS PPD E INDEPENDIENTES,316. MATIAS GALLARDO ALEGRIA,PS,0.0,False
1562197,PAREDONES,PAREDONES,ESCUELA BASICA MERCEDES URZUA DIAZ,10V,YW.UNIDAD POR EL APRUEBO PS PPD E INDEPENDIENTES,317. HUGO SANTA MARIA GONZALEZ,PS,1.0,False
1562198,PAREDONES,PAREDONES,ESCUELA BASICA MERCEDES URZUA DIAZ,10V,YW.UNIDAD POR EL APRUEBO PS PPD E INDEPENDIENTES,318. CRISTINA DEL CARMEN FLORES TRINCADO,PS,2.0,False
1562199,PAREDONES,PAREDONES,ESCUELA BASICA MERCEDES URZUA DIAZ,10V,ZJ.CHILE VAMOS UDI - INDEPENDIENTES,319. ISABEL MARGARITA GUERRA CASTILLO,UDI,3.0,False
1562200,PAREDONES,PAREDONES,ESCUELA BASICA MERCEDES URZUA DIAZ,10V,ZJ.CHILE VAMOS UDI - INDEPENDIENTES,320. JOSE MIGUEL ANDRES MUÑOZ CATALAN,UDI,12.0,True
1562201,PAREDONES,PAREDONES,ESCUELA BASICA MERCEDES URZUA DIAZ,10V,ZJ.CHILE VAMOS UDI - INDEPENDIENTES,321. SERGIO ANTONIO BRIONES CORNEJO,UDI,4.0,False
1562202,PAREDONES,PAREDONES,ESCUELA BASICA MERCEDES URZUA DIAZ,10V,ZU.RADICALES E INDEPENDIENTES,322. HERNALDO ANDRES AHUMADA CHAVEZ,PR,18.0,True
1562203,PAREDONES,PAREDONES,ESCUELA BASICA MERCEDES URZUA DIAZ,10V,ZU.RADICALES E INDEPENDIENTES,323. ROCIO ALEJANDRA GOMEZ VERGARA,IND,4.0,False
1562204,PAREDONES,PAREDONES,ESCUELA BASICA MERCEDES URZUA DIAZ,10V,ZU.RADICALES E INDEPENDIENTES,324. FRANCISCO ALEJANDRO CORNEJO MARTINEZ,IND,4.0,False
1562205,PAREDONES,PAREDONES,LICEO MIREYA CATALAN URZUA,1M,M.CHILE DIGNO VERDE Y SOBERANO,300. EMILIANO GUERRERO TORRES,FREVS,3.0,False
1562206,PAREDONES,PAREDONES,LICEO MIREYA CATALAN URZUA,1M,M.CHILE DIGNO VERDE Y SOBERANO,301. NIBALDO ANSELMO CACERES MUÑOZ,IND,1.0,False
1562207,PAREDONES,PAREDONES,LICEO MIREYA CATALAN URZUA,1M,M.CHILE DIGNO VERDE Y SOBERANO,302. MANUEL ENRIQUE VALENZUELA ROMERO,IND,22.0,True
1562208,PAREDONES,PAREDONES,LICEO MIREYA CATALAN URZUA,1M,M.CHILE DIGNO VERDE Y SOBERANO,303. MAXIMO ENRIQUE SANCHEZ VALDES,IND,0.0,False
1562209,PAREDONES,PAREDONES,LICEO MIREYA CATALAN URZUA,1M,XK.CHILE VAMOS RENOVACION NACIONAL - INDEPENDIENTES,304. JOSE MANUEL CASTRO BOZA,RN,17.0,True
1562210,PAREDONES,PAREDONES,LICEO MIREYA CATALAN URZUA,1M,XK.CHILE VAMOS RENOVACION NACIONAL - INDEPENDIENTES,305. VIVIANA DEL PILAR MALDONADO VERDUGO,RN,7.0,False
1562211,PAREDONES,PAREDONES,LICEO MIREYA CATALAN URZUA,1M,XK.CHILE VAMOS RENOVACION NACIONAL - INDEPENDIENTES,306. RUBEN DARIO BOZA ROMERO,IND,4.0,False
1562212,PAREDONES,PAREDONES,LICEO MIREYA CATALAN URZUA,1M,XK.CHILE VAMOS RENOVACION NACIONAL - INDEPENDIENTES,307. ALEJANDRO DE LA CRUZ GUERRERO TORRES,IND,3.0,False
1562213,PAREDONES,PAREDONES,LICEO MIREYA CATALAN URZUA,1M,XK.CHILE VAMOS RENOVACION NACIONAL - INDEPENDIENTES,308. ALEJANDRO ALFONSO PIÑA PIÑA,IND,5.0,False
1562214,PAREDONES,PAREDONES,LICEO MIREYA CATALAN URZUA,1M,XU.UNIDOS POR LA DIGNIDAD,309. GERARDO JOEL RUBIO CONTRERAS,PDC,6.0,False
1562215,PAREDONES,PAREDONES,LICEO MIREYA CATALAN URZUA,1M,XU.UNIDOS POR LA DIGNIDAD,310. MIGUEL ALEJANDRO MOLINA CONTRERAS,PDC,0.0,False
1562216,PAREDONES,PAREDONES,LICEO MIREYA CATALAN URZUA,1M,XU.UNIDOS POR LA DIGNIDAD,311. ZARELLA ANDREA SILVA CATALAN,IND,5.0,False
1562217,PAREDONES,PAREDONES,LICEO MIREYA CATALAN URZUA,1M,XU.UNIDOS POR LA DIGNIDAD,312. WILSON POZO PIÑA,IND,4.0,False
1562218,PAREDONES,PAREDONES,LICEO MIREYA CATALAN URZUA,1M,YW.UNIDAD POR EL APRUEBO PS PPD E INDEPENDIENTES,313. SAMMY ORMAZABAL LOPEZ,PPD,28.0,True
1562219,PAREDONES,PAREDONES,LICEO MIREYA CATALAN URZUA,1M,YW.UNIDAD POR EL APRUEBO PS PPD E INDEPENDIENTES,314. PAOLA DEL CARMEN BUSTAMANTE VARGAS,IND,0.0,False
1562220,PAREDONES,PAREDONES,LICEO MIREYA CATALAN URZUA,1M,YW.UNIDAD POR EL APRUEBO PS PPD E INDEPENDIENTES,315. SOTERO ANSELMO URZUA CANALES,IND,2.0,True
1562221,PAREDONES,PAREDONES,LICEO MIREYA CATALAN URZUA,1M,YW.UNIDAD POR EL APRUEBO PS PPD E INDEPENDIENTES,316. MATIAS GALLARDO ALEGRIA,PS,1.0,False
1562222,PAREDONES,PAREDONES,LICEO MIREYA CATALAN URZUA,1M,YW.UNIDAD POR EL APRUEBO PS PPD E INDEPENDIENTES,317. HUGO SANTA MARIA GONZALEZ,PS,0.0,False
1562223,PAREDONES,PAREDONES,LICEO MIREYA CATALAN URZUA,1M,YW.UNIDAD POR EL APRUEBO PS PPD E INDEPENDIENTES,318. CRISTINA DEL CARMEN FLORES TRINCADO,PS,2.0,False
1562224,PAREDONES,PAREDONES,LICEO MIREYA CATALAN URZUA,1M,ZJ.CHILE VAMOS UDI - INDEPENDIENTES,319. ISABEL MARGARITA GUERRA CASTILLO,UDI,4.0,False
1562225,PAREDONES,PAREDONES,LICEO MIREYA CATALAN URZUA,1M,ZJ.CHILE VAMOS UDI - INDEPENDIENTES,320. JOSE MIGUEL ANDRES MUÑOZ CATALAN,UDI,14.0,True
1562226,PAREDONES,PAREDONES,LICEO MIREYA CATALAN URZUA,1M,ZJ.CHILE VAMOS UDI - INDEPENDIENTES,321. SERGIO ANTONIO BRIONES CORNEJO,UDI,3.0,False
1562227,PAREDONES,PAREDONES,LICEO MIREYA CATALAN URZUA,1M,ZU.RADICALES E INDEPENDIENTES,322. HERNALDO ANDRES AHUMADA CHAVEZ,PR,4.0,True
1562228,PAREDONES,PAREDONES,LICEO MIREYA CATALAN URZUA,1M,ZU.RADICALES E INDEPENDIENTES,323. ROCIO ALEJANDRA GOMEZ VERGARA,IND,1.0,False
1562229,PAREDONES,PAREDONES,LICEO MIREYA CATALAN URZUA,1M,ZU.RADICALES E INDEPENDIENTES,324. FRANCISCO ALEJANDRO CORNEJO MARTINEZ,IND,10.0,False
1562230,PAREDONES,PAREDONES,LICEO MIREYA CATALAN URZUA,2M,M.CHILE DIGNO VERDE Y SOBERANO,300. EMILIANO GUERRERO TORRES,FREVS,4.0,False
1562231,PAREDONES,PAREDONES,LICEO MIREYA CATALAN URZUA,2M,M.CHILE DIGNO VERDE Y SOBERANO,301. NIBALDO ANSELMO CACERES MUÑOZ,IND,8.0,False
1562232,PAREDONES,PAREDONES,LICEO MIREYA CATALAN URZUA,2M,M.CHILE DIGNO VERDE Y SOBERANO,302. MANUEL ENRIQUE VALENZUELA ROMERO,IND,13.0,True
1562233,PAREDONES,PAREDONES,LICEO MIREYA CATALAN URZUA,2M,M.CHILE DIGNO VERDE Y SOBERANO,303. MAXIMO ENRIQUE SANCHEZ VALDES,IND,0.0,False
1562234,PAREDONES,PAREDONES,LICEO MIREYA CATALAN URZUA,2M,XK.CHILE VAMOS RENOVACION NACIONAL - INDEPENDIENTES,304. JOSE MANUEL CASTRO BOZA,RN,23.0,True
1562235,PAREDONES,PAREDONES,LICEO MIREYA CATALAN URZUA,2M,XK.CHILE VAMOS RENOVACION NACIONAL - INDEPENDIENTES,305. VIVIANA DEL PILAR MALDONADO VERDUGO,RN,6.0,False
1562236,PAREDONES,PAREDONES,LICEO MIREYA CATALAN URZUA,2M,XK.CHILE VAMOS RENOVACION NACIONAL - INDEPENDIENTES,306. RUBEN DARIO BOZA ROMERO,IND,5.0,False
1562237,PAREDONES,PAREDONES,LICEO MIREYA CATALAN URZUA,2M,XK.CHILE VAMOS RENOVACION NACIONAL - INDEPENDIENTES,307. ALEJANDRO DE LA CRUZ GUERRERO TORRES,IND,3.0,False
1562238,PAREDONES,PAREDONES,LICEO MIREYA CATALAN URZUA,2M,XK.CHILE VAMOS RENOVACION NACIONAL - INDEPENDIENTES,308. ALEJANDRO ALFONSO PIÑA PIÑA,IND,12.0,False
1562239,PAREDONES,PAREDONES,LICEO MIREYA CATALAN URZUA,2M,XU.UNIDOS POR LA DIGNIDAD,309. GERARDO JOEL RUBIO CONTRERAS,PDC,12.0,False
1562240,PAREDONES,PAREDONES,LICEO MIREYA CATALAN URZUA,2M,XU.UNIDOS POR LA DIGNIDAD,310. MIGUEL ALEJANDRO MOLINA CONTRERAS,PDC,1.0,False
1562241,PAREDONES,PAREDONES,LICEO MIREYA CATALAN URZUA,2M,XU.UNIDOS POR LA DIGNIDAD,311. ZARELLA ANDREA SILVA CATALAN,IND,6.0,False
1562242,PAREDONES,PAREDONES,LICEO MIREYA CATALAN URZUA,2M,XU.UNIDOS POR LA DIGNIDAD,312. WILSON POZO PIÑA,IND,7.0,False
1562243,PAREDONES,PAREDONES,LICEO MIREYA CATALAN URZUA,2M,YW.UNIDAD POR EL APRUEBO PS PPD E INDEPENDIENTES,313. SAMMY ORMAZABAL LOPEZ,PPD,31.0,True
1562244,PAREDONES,PAREDONES,LICEO MIREYA CATALAN URZUA,2M,YW.UNIDAD POR EL APRUEBO PS PPD E INDEPENDIENTES,314. PAOLA DEL CARMEN BUSTAMANTE VARGAS,IND,2.0,False
1562245,PAREDONES,PAREDONES,LICEO MIREYA CATALAN URZUA,2M,YW.UNIDAD POR EL APRUEBO PS PPD E INDEPENDIENTES,315. SOTERO ANSELMO URZUA CANALES,IND,5.0,True
1562246,PAREDONES,PAREDONES,LICEO MIREYA CATALAN URZUA,2M,YW.UNIDAD POR EL APRUEBO PS PPD E INDEPENDIENTES,316. MATIAS GALLARDO ALEGRIA,PS,2.0,False
1562247,PAREDONES,PAREDONES,LICEO MIREYA CATALAN URZUA,2M,YW.UNIDAD POR EL APRUEBO PS PPD E INDEPENDIENTES,317. HUGO SANTA MARIA GONZALEZ,PS,5.0,False
1562248,PAREDONES,PAREDONES,LICEO MIREYA CATALAN URZUA,2M,YW.UNIDAD POR EL APRUEBO PS PPD E INDEPENDIENTES,318. CRISTINA DEL CARMEN FLORES TRINCADO,PS,1.0,False
1562249,PAREDONES,PAREDONES,LICEO MIREYA CATALAN URZUA,2M,ZJ.CHILE VAMOS UDI - INDEPENDIENTES,319. ISABEL MARGARITA GUERRA CASTILLO,UDI,2.0,False
1562250,PAREDONES,PAREDONES,LICEO MIREYA CATALAN URZUA,2M,ZJ.CHILE VAMOS UDI - INDEPENDIENTES,320. JOSE MIGUEL ANDRES MUÑOZ CATALAN,UDI,11.0,True
1562251,PAREDONES,PAREDONES,LICEO MIREYA CATALAN URZUA,2M,ZJ.CHILE VAMOS UDI - INDEPENDIENTES,321. SERGIO ANTONIO BRIONES CORNEJO,UDI,5.0,False
1562252,PAREDONES,PAREDONES,LICEO MIREYA CATALAN URZUA,2M,ZU.RADICALES E INDEPENDIENTES,322. HERNALDO ANDRES AHUMADA CHAVEZ,PR,9.0,True
1562253,PAREDONES,PAREDONES,LICEO MIREYA CATALAN URZUA,2M,ZU.RADICALES E INDEPENDIENTES,323. ROCIO ALEJANDRA GOMEZ VERGARA,IND,0.0,False
1562254,PAREDONES,PAREDONES,LICEO MIREYA CATALAN URZUA,2M,ZU.RADICALES E INDEPENDIENTES,324. FRANCISCO ALEJANDRO CORNEJO MARTINEZ,IND,13.0,False
1562255,PAREDONES,PAREDONES,LICEO MIREYA CATALAN URZUA,3M,M.CHILE DIGNO VERDE Y SOBERANO,300. EMILIANO GUERRERO TORRES,FREVS,7.0,False
1562256,PAREDONES,PAREDONES,LICEO MIREYA CATALAN URZUA,3M,M.CHILE DIGNO VERDE Y SOBERANO,301. NIBALDO ANSELMO CACERES MUÑOZ,IND,1.0,False
1562257,PAREDONES,PAREDONES,LICEO MIREYA CATALAN URZUA,3M,M.CHILE DIGNO VERDE Y SOBERANO,302. MANUEL ENRIQUE VALENZUELA ROMERO,IND,19.0,True
1562258,PAREDONES,PAREDONES,LICEO MIREYA CATALAN URZUA,3M,M.CHILE DIGNO VERDE Y SOBERANO,303. MAXIMO ENRIQUE SANCHEZ VALDES,IND,0.0,False
1562259,PAREDONES,PAREDONES,LICEO MIREYA CATALAN URZUA,3M,XK.CHILE VAMOS RENOVACION NACIONAL - INDEPENDIENTES,304. JOSE MANUEL CASTRO BOZA,RN,26.0,True
1562260,PAREDONES,PAREDONES,LICEO MIREYA CATALAN URZUA,3M,XK.CHILE VAMOS RENOVACION NACIONAL - INDEPENDIENTES,305. VIVIANA DEL PILAR MALDONADO VERDUGO,RN,10.0,False
1562261,PAREDONES,PAREDONES,LICEO MIREYA CATALAN URZUA,3M,XK.CHILE VAMOS RENOVACION NACIONAL - INDEPENDIENTES,306. RUBEN DARIO BOZA ROMERO,IND,5.0,False
1562262,PAREDONES,PAREDONES,LICEO MIREYA CATALAN URZUA,3M,XK.CHILE VAMOS RENOVACION NACIONAL - INDEPENDIENTES,307. ALEJANDRO DE LA CRUZ GUERRERO TORRES,IND,4.0,False
1562263,PAREDONES,PAREDONES,LICEO MIREYA CATALAN URZUA,3M,XK.CHILE VAMOS RENOVACION NACIONAL - INDEPENDIENTES,308. ALEJANDRO ALFONSO PIÑA PIÑA,IND,15.0,False
1562264,PAREDONES,PAREDONES,LICEO MIREYA CATALAN URZUA,3M,XU.UNIDOS POR LA DIGNIDAD,309. GERARDO JOEL RUBIO CONTRERAS,PDC,16.0,False
1562265,PAREDONES,PAREDONES,LICEO MIREYA CATALAN URZUA,3M,XU.UNIDOS POR LA DIGNIDAD,310. MIGUEL ALEJANDRO MOLINA CONTRERAS,PDC,0.0,False
1562266,PAREDONES,PAREDONES,LICEO MIREYA CATALAN URZUA,3M,XU.UNIDOS POR LA DIGNIDAD,311. ZARELLA ANDREA SILVA CATALAN,IND,12.0,False
1562267,PAREDONES,PAREDONES,LICEO MIREYA CATALAN URZUA,3M,XU.UNIDOS POR LA DIGNIDAD,312. WILSON POZO PIÑA,IND,4.0,False
1562268,PAREDONES,PAREDONES,LICEO MIREYA CATALAN URZUA,3M,YW.UNIDAD POR EL APRUEBO PS PPD E INDEPENDIENTES,313. SAMMY ORMAZABAL LOPEZ,PPD,26.0,True
1562269,PAREDONES,PAREDONES,LICEO MIREYA CATALAN URZUA,3M,YW.UNIDAD POR EL APRUEBO PS PPD E INDEPENDIENTES,314. PAOLA DEL CARMEN BUSTAMANTE VARGAS,IND,5.0,False
1562270,PAREDONES,PAREDONES,LICEO MIREYA CATALAN URZUA,3M,YW.UNIDAD POR EL APRUEBO PS PPD E INDEPENDIENTES,315. SOTERO ANSELMO URZUA CANALES,IND,1.0,True
1562271,PAREDONES,PAREDONES,LICEO MIREYA CATALAN URZUA,3M,YW.UNIDAD POR EL APRUEBO PS PPD E INDEPENDIENTES,316. MATIAS GALLARDO ALEGRIA,PS,1.0,False
1562272,PAREDONES,PAREDONES,LICEO MIREYA CATALAN URZUA,3M,YW.UNIDAD POR EL APRUEBO PS PPD E INDEPENDIENTES,317. HUGO SANTA MARIA GONZALEZ,PS,1.0,False
1562273,PAREDONES,PAREDONES,LICEO MIREYA CATALAN URZUA,3M,YW.UNIDAD POR EL APRUEBO PS PPD E INDEPENDIENTES,318. CRISTINA DEL CARMEN FLORES TRINCADO,PS,0.0,False
1562274,PAREDONES,PAREDONES,LICEO MIREYA CATALAN URZUA,3M,ZJ.CHILE VAMOS UDI - INDEPENDIENTES,319. ISABEL MARGARITA GUERRA CASTILLO,UDI,2.0,False
1562275,PAREDONES,PAREDONES,LICEO MIREYA CATALAN URZUA,3M,ZJ.CHILE VAMOS UDI - INDEPENDIENTES,320. JOSE MIGUEL ANDRES MUÑOZ CATALAN,UDI,22.0,True
1562276,PAREDONES,PAREDONES,LICEO MIREYA CATALAN URZUA,3M,ZJ.CHILE VAMOS UDI - INDEPENDIENTES,321. SERGIO ANTONIO BRIONES CORNEJO,UDI,8.0,False
1562277,PAREDONES,PAREDONES,LICEO MIREYA CATALAN URZUA,3M,ZU.RADICALES E INDEPENDIENTES,322. HERNALDO ANDRES AHUMADA CHAVEZ,PR,10.0,True
1562278,PAREDONES,PAREDONES,LICEO MIREYA CATALAN URZUA,3M,ZU.RADICALES E INDEPENDIENTES,323. ROCIO ALEJANDRA GOMEZ VERGARA,IND,0.0,False
1562279,PAREDONES,PAREDONES,LICEO MIREYA CATALAN URZUA,3M,ZU.RADICALES E INDEPENDIENTES,324. FRANCISCO ALEJANDRO CORNEJO MARTINEZ,IND,8.0,False
1562280,PAREDONES,PAREDONES,LICEO MIREYA CATALAN URZUA,4M,M.CHILE DIGNO VERDE Y SOBERANO,300. EMILIANO GUERRERO TORRES,FREVS,7.0,False
1562281,PAREDONES,PAREDONES,LICEO MIREYA CATALAN URZUA,4M,M.CHILE DIGNO VERDE Y SOBERANO,301. NIBALDO ANSELMO CACERES MUÑOZ,IND,4.0,False
1562282,PAREDONES,PAREDONES,LICEO MIREYA CATALAN URZUA,4M,M.CHILE DIGNO VERDE Y SOBERANO,302. MANUEL ENRIQUE VALENZUELA ROMERO,IND,28.0,True
1562283,PAREDONES,PAREDONES,LICEO MIREYA CATALAN URZUA,4M,M.CHILE DIGNO VERDE Y SOBERANO,303. MAXIMO ENRIQUE SANCHEZ VALDES,IND,0.0,False
1562284,PAREDONES,PAREDONES,LICEO MIREYA CATALAN URZUA,4M,XK.CHILE VAMOS RENOVACION NACIONAL - INDEPENDIENTES,304. JOSE MANUEL CASTRO BOZA,RN,26.0,True
1562285,PAREDONES,PAREDONES,LICEO MIREYA CATALAN URZUA,4M,XK.CHILE VAMOS RENOVACION NACIONAL - INDEPENDIENTES,305. VIVIANA DEL PILAR MALDONADO VERDUGO,RN,4.0,False
1562286,PAREDONES,PAREDONES,LICEO MIREYA CATALAN URZUA,4M,XK.CHILE VAMOS RENOVACION NACIONAL - INDEPENDIENTES,306. RUBEN DARIO BOZA ROMERO,IND,7.0,False
1562287,PAREDONES,PAREDONES,LICEO MIREYA CATALAN URZUA,4M,XK.CHILE VAMOS RENOVACION NACIONAL - INDEPENDIENTES,307. ALEJANDRO DE LA CRUZ GUERRERO TORRES,IND,4.0,False
1562288,PAREDONES,PAREDONES,LICEO MIREYA CATALAN URZUA,4M,XK.CHILE VAMOS RENOVACION NACIONAL - INDEPENDIENTES,308. ALEJANDRO ALFONSO PIÑA PIÑA,IND,19.0,False
1562289,PAREDONES,PAREDONES,LICEO MIREYA CATALAN URZUA,4M,XU.UNIDOS POR LA DIGNIDAD,309. GERARDO JOEL RUBIO CONTRERAS,PDC,14.0,False
1562290,PAREDONES,PAREDONES,LICEO MIREYA CATALAN URZUA,4M,XU.UNIDOS POR LA DIGNIDAD,310. MIGUEL ALEJANDRO MOLINA CONTRERAS,PDC,2.0,False
1562291,PAREDONES,PAREDONES,LICEO MIREYA CATALAN URZUA,4M,XU.UNIDOS POR LA DIGNIDAD,311. ZARELLA ANDREA SILVA CATALAN,IND,7.0,False
1562292,PAREDONES,PAREDONES,LICEO MIREYA CATALAN URZUA,4M,XU.UNIDOS POR LA DIGNIDAD,312. WILSON POZO PIÑA,IND,7.0,False
1562293,PAREDONES,PAREDONES,LICEO MIREYA CATALAN URZUA,4M,YW.UNIDAD POR EL APRUEBO PS PPD E INDEPENDIENTES,313. SAMMY ORMAZABAL LOPEZ,PPD,31.0,True
1562294,PAREDONES,PAREDONES,LICEO MIREYA CATALAN URZUA,4M,YW.UNIDAD POR EL APRUEBO PS PPD E INDEPENDIENTES,314. PAOLA DEL CARMEN BUSTAMANTE VARGAS,IND,4.0,False
1562295,PAREDONES,PAREDONES,LICEO MIREYA CATALAN URZUA,4M,YW.UNIDAD POR EL APRUEBO PS PPD E INDEPENDIENTES,315. SOTERO ANSELMO URZUA CANALES,IND,2.0,True
1562296,PAREDONES,PAREDONES,LICEO MIREYA CATALAN URZUA,4M,YW.UNIDAD POR EL APRUEBO PS PPD E INDEPENDIENTES,316. MATIAS GALLARDO ALEGRIA,PS,1.0,False
1562297,PAREDONES,PAREDONES,LICEO MIREYA CATALAN URZUA,4M,YW.UNIDAD POR EL APRUEBO PS PPD E INDEPENDIENTES,317. HUGO SANTA MARIA GONZALEZ,PS,1.0,False
1562298,PAREDONES,PAREDONES,LICEO MIREYA CATALAN URZUA,4M,YW.UNIDAD POR EL APRUEBO PS PPD E INDEPENDIENTES,318. CRISTINA DEL CARMEN FLORES TRINCADO,PS,2.0,False
1562299,PAREDONES,PAREDONES,LICEO MIREYA CATALAN URZUA,4M,ZJ.CHILE VAMOS UDI - INDEPENDIENTES,319. ISABEL MARGARITA GUERRA CASTILLO,UDI,1.0,False
1562300,PAREDONES,PAREDONES,LICEO MIREYA CATALAN URZUA,4M,ZJ.CHILE VAMOS UDI - INDEPENDIENTES,320. JOSE MIGUEL ANDRES MUÑOZ CATALAN,UDI,16.0,True
1562301,PAREDONES,PAREDONES,LICEO MIREYA CATALAN URZUA,4M,ZJ.CHILE VAMOS UDI - INDEPENDIENTES,321. SERGIO ANTONIO BRIONES CORNEJO,UDI,13.0,False
1562302,PAREDONES,PAREDONES,LICEO MIREYA CATALAN URZUA,4M,ZU.RADICALES E INDEPENDIENTES,322. HERNALDO ANDRES AHUMADA CHAVEZ,PR,6.0,True
1562303,PAREDONES,PAREDONES,LICEO MIREYA CATALAN URZUA,4M,ZU.RADICALES E INDEPENDIENTES,323. ROCIO ALEJANDRA GOMEZ VERGARA,IND,3.0,False
1562304,PAREDONES,PAREDONES,LICEO MIREYA CATALAN URZUA,4M,ZU.RADICALES E INDEPENDIENTES,324. FRANCISCO ALEJANDRO CORNEJO MARTINEZ,IND,10.0,False
1562305,PAREDONES,PAREDONES,LICEO MIREYA CATALAN URZUA,5M,M.CHILE DIGNO VERDE Y SOBERANO,300. EMILIANO GUERRERO TORRES,FREVS,9.0,False
1562306,PAREDONES,PAREDONES,LICEO MIREYA CATALAN URZUA,5M,M.CHILE DIGNO VERDE Y SOBERANO,301. NIBALDO ANSELMO CACERES MUÑOZ,IND,1.0,False
1562307,PAREDONES,PAREDONES,LICEO MIREYA CATALAN URZUA,5M,M.CHILE DIGNO VERDE Y SOBERANO,302. MANUEL ENRIQUE VALENZUELA ROMERO,IND,18.0,True
1562308,PAREDONES,PAREDONES,LICEO MIREYA CATALAN URZUA,5M,M.CHILE DIGNO VERDE Y SOBERANO,303. MAXIMO ENRIQUE SANCHEZ VALDES,IND,0.0,False
1562309,PAREDONES,PAREDONES,LICEO MIREYA CATALAN URZUA,5M,XK.CHILE VAMOS RENOVACION NACIONAL - INDEPENDIENTES,304. JOSE MANUEL CASTRO BOZA,RN,18.0,True
1562310,PAREDONES,PAREDONES,LICEO MIREYA CATALAN URZUA,5M,XK.CHILE VAMOS RENOVACION NACIONAL - INDEPENDIENTES,305. VIVIANA DEL PILAR MALDONADO VERDUGO,RN,6.0,False
1562311,PAREDONES,PAREDONES,LICEO MIREYA CATALAN URZUA,5M,XK.CHILE VAMOS RENOVACION NACIONAL - INDEPENDIENTES,306. RUBEN DARIO BOZA ROMERO,IND,5.0,False
1562312,PAREDONES,PAREDONES,LICEO MIREYA CATALAN URZUA,5M,XK.CHILE VAMOS RENOVACION NACIONAL - INDEPENDIENTES,307. ALEJANDRO DE LA CRUZ GUERRERO TORRES,IND,2.0,False
1562313,PAREDONES,PAREDONES,LICEO MIREYA CATALAN URZUA,5M,XK.CHILE VAMOS RENOVACION NACIONAL - INDEPENDIENTES,308. ALEJANDRO ALFONSO PIÑA PIÑA,IND,8.0,False
1562314,PAREDONES,PAREDONES,LICEO MIREYA CATALAN URZUA,5M,XU.UNIDOS POR LA DIGNIDAD,309. GERARDO JOEL RUBIO CONTRERAS,PDC,13.0,False
1562315,PAREDONES,PAREDONES,LICEO MIREYA CATALAN URZUA,5M,XU.UNIDOS POR LA DIGNIDAD,310. MIGUEL ALEJANDRO MOLINA CONTRERAS,PDC,0.0,False
1562316,PAREDONES,PAREDONES,LICEO MIREYA CATALAN URZUA,5M,XU.UNIDOS POR LA DIGNIDAD,311. ZARELLA ANDREA SILVA CATALAN,IND,9.0,False
1562317,PAREDONES,PAREDONES,LICEO MIREYA CATALAN URZUA,5M,XU.UNIDOS POR LA DIGNIDAD,312. WILSON POZO PIÑA,IND,7.0,False
1562318,PAREDONES,PAREDONES,LICEO MIREYA CATALAN URZUA,5M,YW.UNIDAD POR EL APRUEBO PS PPD E INDEPENDIENTES,313. SAMMY ORMAZABAL LOPEZ,PPD,29.0,True
1562319,PAREDONES,PAREDONES,LICEO MIREYA CATALAN URZUA,5M,YW.UNIDAD POR EL APRUEBO PS PPD E INDEPENDIENTES,314. PAOLA DEL CARMEN BUSTAMANTE VARGAS,IND,3.0,False
1562320,PAREDONES,PAREDONES,LICEO MIREYA CATALAN URZUA,5M,YW.UNIDAD POR EL APRUEBO PS PPD E INDEPENDIENTES,315. SOTERO ANSELMO URZUA CANALES,IND,6.0,True
1562321,PAREDONES,PAREDONES,LICEO MIREYA CATALAN URZUA,5M,YW.UNIDAD POR EL APRUEBO PS PPD E INDEPENDIENTES,316. MATIAS GALLARDO ALEGRIA,PS,0.0,False
1562322,PAREDONES,PAREDONES,LICEO MIREYA CATALAN URZUA,5M,YW.UNIDAD POR EL APRUEBO PS PPD E INDEPENDIENTES,317. HUGO SANTA MARIA GONZALEZ,PS,2.0,False
1562323,PAREDONES,PAREDONES,LICEO MIREYA CATALAN URZUA,5M,YW.UNIDAD POR EL APRUEBO PS PPD E INDEPENDIENTES,318. CRISTINA DEL CARMEN FLORES TRINCADO,PS,1.0,False
1562324,PAREDONES,PAREDONES,LICEO MIREYA CATALAN URZUA,5M,ZJ.CHILE VAMOS UDI - INDEPENDIENTES,319. ISABEL MARGARITA GUERRA CASTILLO,UDI,3.0,False
1562325,PAREDONES,PAREDONES,LICEO MIREYA CATALAN URZUA,5M,ZJ.CHILE VAMOS UDI - INDEPENDIENTES,320. JOSE MIGUEL ANDRES MUÑOZ CATALAN,UDI,27.0,True
1562326,PAREDONES,PAREDONES,LICEO MIREYA CATALAN URZUA,5M,ZJ.CHILE VAMOS UDI - INDEPENDIENTES,321. SERGIO ANTONIO BRIONES CORNEJO,UDI,7.0,False
1562327,PAREDONES,PAREDONES,LICEO MIREYA CATALAN URZUA,5M,ZU.RADICALES E INDEPENDIENTES,322. HERNALDO ANDRES AHUMADA CHAVEZ,PR,14.0,True
1562328,PAREDONES,PAREDONES,LICEO MIREYA CATALAN URZUA,5M,ZU.RADICALES E INDEPENDIENTES,323. ROCIO ALEJANDRA GOMEZ VERGARA,IND,2.0,False
1562329,PAREDONES,PAREDONES,LICEO MIREYA CATALAN URZUA,5M,ZU.RADICALES E INDEPENDIENTES,324. FRANCISCO ALEJANDRO CORNEJO MARTINEZ,IND,5.0,False
1562330,PAREDONES,PAREDONES,LICEO MIREYA CATALAN URZUA,6M,M.CHILE DIGNO VERDE Y SOBERANO,300. EMILIANO GUERRERO TORRES,FREVS,4.0,False
1562331,PAREDONES,PAREDONES,LICEO MIREYA CATALAN URZUA,6M,M.CHILE DIGNO VERDE Y SOBERANO,301. NIBALDO ANSELMO CACERES MUÑOZ,IND,3.0,False
1562332,PAREDONES,PAREDONES,LICEO MIREYA CATALAN URZUA,6M,M.CHILE DIGNO VERDE Y SOBERANO,302. MANUEL ENRIQUE VALENZUELA ROMERO,IND,20.0,True
1562333,PAREDONES,PAREDONES,LICEO MIREYA CATALAN URZUA,6M,M.CHILE DIGNO VERDE Y SOBERANO,303. MAXIMO ENRIQUE SANCHEZ VALDES,IND,1.0,False
1562334,PAREDONES,PAREDONES,LICEO MIREYA CATALAN URZUA,6M,XK.CHILE VAMOS RENOVACION NACIONAL - INDEPENDIENTES,304. JOSE MANUEL CASTRO BOZA,RN,19.0,True
1562335,PAREDONES,PAREDONES,LICEO MIREYA CATALAN URZUA,6M,XK.CHILE VAMOS RENOVACION NACIONAL - INDEPENDIENTES,305. VIVIANA DEL PILAR MALDONADO VERDUGO,RN,4.0,False
1562336,PAREDONES,PAREDONES,LICEO MIREYA CATALAN URZUA,6M,XK.CHILE VAMOS RENOVACION NACIONAL - INDEPENDIENTES,306. RUBEN DARIO BOZA ROMERO,IND,6.0,False
1562337,PAREDONES,PAREDONES,LICEO MIREYA CATALAN URZUA,6M,XK.CHILE VAMOS RENOVACION NACIONAL - INDEPENDIENTES,307. ALEJANDRO DE LA CRUZ GUERRERO TORRES,IND,0.0,False
1562338,PAREDONES,PAREDONES,LICEO MIREYA CATALAN URZUA,6M,XK.CHILE VAMOS RENOVACION NACIONAL - INDEPENDIENTES,308. ALEJANDRO ALFONSO PIÑA PIÑA,IND,5.0,False
1562339,PAREDONES,PAREDONES,LICEO MIREYA CATALAN URZUA,6M,XU.UNIDOS POR LA DIGNIDAD,309. GERARDO JOEL RUBIO CONTRERAS,PDC,20.0,False
1562340,PAREDONES,PAREDONES,LICEO MIREYA CATALAN URZUA,6M,XU.UNIDOS POR LA DIGNIDAD,310. MIGUEL ALEJANDRO MOLINA CONTRERAS,PDC,1.0,False
1562341,PAREDONES,PAREDONES,LICEO MIREYA CATALAN URZUA,6M,XU.UNIDOS POR LA DIGNIDAD,311. ZARELLA ANDREA SILVA CATALAN,IND,9.0,False
1562342,PAREDONES,PAREDONES,LICEO MIREYA CATALAN URZUA,6M,XU.UNIDOS POR LA DIGNIDAD,312. WILSON POZO PIÑA,IND,7.0,False
1562343,PAREDONES,PAREDONES,LICEO MIREYA CATALAN URZUA,6M,YW.UNIDAD POR EL APRUEBO PS PPD E INDEPENDIENTES,313. SAMMY ORMAZABAL LOPEZ,PPD,34.0,True
1562344,PAREDONES,PAREDONES,LICEO MIREYA CATALAN URZUA,6M,YW.UNIDAD POR EL APRUEBO PS PPD E INDEPENDIENTES,314. PAOLA DEL CARMEN BUSTAMANTE VARGAS,IND,6.0,False
1562345,PAREDONES,PAREDONES,LICEO MIREYA CATALAN URZUA,6M,YW.UNIDAD POR EL APRUEBO PS PPD E INDEPENDIENTES,315. SOTERO ANSELMO URZUA CANALES,IND,5.0,True
1562346,PAREDONES,PAREDONES,LICEO MIREYA CATALAN URZUA,6M,YW.UNIDAD POR EL APRUEBO PS PPD E INDEPENDIENTES,316. MATIAS GALLARDO ALEGRIA,PS,1.0,False
1562347,PAREDONES,PAREDONES,LICEO MIREYA CATALAN URZUA,6M,YW.UNIDAD POR EL APRUEBO PS PPD E INDEPENDIENTES,317. HUGO SANTA MARIA GONZALEZ,PS,2.0,False
1562348,PAREDONES,PAREDONES,LICEO MIREYA CATALAN URZUA,6M,YW.UNIDAD POR EL APRUEBO PS PPD E INDEPENDIENTES,318. CRISTINA DEL CARMEN FLORES TRINCADO,PS,5.0,False
1562349,PAREDONES,PAREDONES,LICEO MIREYA CATALAN URZUA,6M,ZJ.CHILE VAMOS UDI - INDEPENDIENTES,319. ISABEL MARGARITA GUERRA CASTILLO,UDI,1.0,False
1562350,PAREDONES,PAREDONES,LICEO MIREYA CATALAN URZUA,6M,ZJ.CHILE VAMOS UDI - INDEPENDIENTES,320. JOSE MIGUEL ANDRES MUÑOZ CATALAN,UDI,21.0,True
1562351,PAREDONES,PAREDONES,LICEO MIREYA CATALAN URZUA,6M,ZJ.CHILE VAMOS UDI - INDEPENDIENTES,321. SERGIO ANTONIO BRIONES CORNEJO,UDI,8.0,False
1562352,PAREDONES,PAREDONES,LICEO MIREYA CATALAN URZUA,6M,ZU.RADICALES E INDEPENDIENTES,322. HERNALDO ANDRES AHUMADA CHAVEZ,PR,9.0,True
1562353,PAREDONES,PAREDONES,LICEO MIREYA CATALAN URZUA,6M,ZU.RADICALES E INDEPENDIENTES,323. ROCIO ALEJANDRA GOMEZ VERGARA,IND,4.0,False
1562354,PAREDONES,PAREDONES,LICEO MIREYA CATALAN URZUA,6M,ZU.RADICALES E INDEPENDIENTES,324. FRANCISCO ALEJANDRO CORNEJO MARTINEZ,IND,10.0,False
1562355,PAREDONES,PAREDONES,LICEO MIREYA CATALAN URZUA,7M,M.CHILE DIGNO VERDE Y SOBERANO,300. EMILIANO GUERRERO TORRES,FREVS,12.0,False
1562356,PAREDONES,PAREDONES,LICEO MIREYA CATALAN URZUA,7M,M.CHILE DIGNO VERDE Y SOBERANO,301. NIBALDO ANSELMO CACERES MUÑOZ,IND,1.0,False
1562357,PAREDONES,PAREDONES,LICEO MIREYA CATALAN URZUA,7M,M.CHILE DIGNO VERDE Y SOBERANO,302. MANUEL ENRIQUE VALENZUELA ROMERO,IND,25.0,True
1562358,PAREDONES,PAREDONES,LICEO MIREYA CATALAN URZUA,7M,M.CHILE DIGNO VERDE Y SOBERANO,303. MAXIMO ENRIQUE SANCHEZ VALDES,IND,0.0,False
1562359,PAREDONES,PAREDONES,LICEO MIREYA CATALAN URZUA,7M,XK.CHILE VAMOS RENOVACION NACIONAL - INDEPENDIENTES,304. JOSE MANUEL CASTRO BOZA,RN,15.0,True
1562360,PAREDONES,PAREDONES,LICEO MIREYA CATALAN URZUA,7M,XK.CHILE VAMOS RENOVACION NACIONAL - INDEPENDIENTES,305. VIVIANA DEL PILAR MALDONADO VERDUGO,RN,6.0,False
1562361,PAREDONES,PAREDONES,LICEO MIREYA CATALAN URZUA,7M,XK.CHILE VAMOS RENOVACION NACIONAL - INDEPENDIENTES,306. RUBEN DARIO BOZA ROMERO,IND,6.0,False
1562362,PAREDONES,PAREDONES,LICEO MIREYA CATALAN URZUA,7M,XK.CHILE VAMOS RENOVACION NACIONAL - INDEPENDIENTES,307. ALEJANDRO DE LA CRUZ GUERRERO TORRES,IND,5.0,False
1562363,PAREDONES,PAREDONES,LICEO MIREYA CATALAN URZUA,7M,XK.CHILE VAMOS RENOVACION NACIONAL - INDEPENDIENTES,308. ALEJANDRO ALFONSO PIÑA PIÑA,IND,8.0,False
1562364,PAREDONES,PAREDONES,LICEO MIREYA CATALAN URZUA,7M,XU.UNIDOS POR LA DIGNIDAD,309. GERARDO JOEL RUBIO CONTRERAS,PDC,12.0,False
1562365,PAREDONES,PAREDONES,LICEO MIREYA CATALAN URZUA,7M,XU.UNIDOS POR LA DIGNIDAD,310. MIGUEL ALEJANDRO MOLINA CONTRERAS,PDC,1.0,False
1562366,PAREDONES,PAREDONES,LICEO MIREYA CATALAN URZUA,7M,XU.UNIDOS POR LA DIGNIDAD,311. ZARELLA ANDREA SILVA CATALAN,IND,13.0,False
1562367,PAREDONES,PAREDONES,LICEO MIREYA CATALAN URZUA,7M,XU.UNIDOS POR LA DIGNIDAD,312. WILSON POZO PIÑA,IND,4.0,False
1562368,PAREDONES,PAREDONES,LICEO MIREYA CATALAN URZUA,7M,YW.UNIDAD POR EL APRUEBO PS PPD E INDEPENDIENTES,313. SAMMY ORMAZABAL LOPEZ,PPD,31.0,True
1562369,PAREDONES,PAREDONES,LICEO MIREYA CATALAN URZUA,7M,YW.UNIDAD POR EL APRUEBO PS PPD E INDEPENDIENTES,314. PAOLA DEL CARMEN BUSTAMANTE VARGAS,IND,8.0,False
1562370,PAREDONES,PAREDONES,LICEO MIREYA CATALAN URZUA,7M,YW.UNIDAD POR EL APRUEBO PS PPD E INDEPENDIENTES,315. SOTERO ANSELMO URZUA CANALES,IND,2.0,True
1562371,PAREDONES,PAREDONES,LICEO MIREYA CATALAN URZUA,7M,YW.UNIDAD POR EL APRUEBO PS PPD E INDEPENDIENTES,316. MATIAS GALLARDO ALEGRIA,PS,2.0,False
1562372,PAREDONES,PAREDONES,LICEO MIREYA CATALAN URZUA,7M,YW.UNIDAD POR EL APRUEBO PS PPD E INDEPENDIENTES,317. HUGO SANTA MARIA GONZALEZ,PS,0.0,False
1562373,PAREDONES,PAREDONES,LICEO MIREYA CATALAN URZUA,7M,YW.UNIDAD POR EL APRUEBO PS PPD E INDEPENDIENTES,318. CRISTINA DEL CARMEN FLORES TRINCADO,PS,2.0,False
1562374,PAREDONES,PAREDONES,LICEO MIREYA CATALAN URZUA,7M,ZJ.CHILE VAMOS UDI - INDEPENDIENTES,319. ISABEL MARGARITA GUERRA CASTILLO,UDI,0.0,False
1562375,PAREDONES,PAREDONES,LICEO MIREYA CATALAN URZUA,7M,ZJ.CHILE VAMOS UDI - INDEPENDIENTES,320. JOSE MIGUEL ANDRES MUÑOZ CATALAN,UDI,23.0,True
1562376,PAREDONES,PAREDONES,LICEO MIREYA CATALAN URZUA,7M,ZJ.CHILE VAMOS UDI - INDEPENDIENTES,321. SERGIO ANTONIO BRIONES CORNEJO,UDI,6.0,False
1562377,PAREDONES,PAREDONES,LICEO MIREYA CATALAN URZUA,7M,ZU.RADICALES E INDEPENDIENTES,322. HERNALDO ANDRES AHUMADA CHAVEZ,PR,15.0,True
1562378,PAREDONES,PAREDONES,LICEO MIREYA CATALAN URZUA,7M,ZU.RADICALES E INDEPENDIENTES,323. ROCIO ALEJANDRA GOMEZ VERGARA,IND,1.0,False
1562379,PAREDONES,PAREDONES,LICEO MIREYA CATALAN URZUA,7M,ZU.RADICALES E INDEPENDIENTES,324. FRANCISCO ALEJANDRO CORNEJO MARTINEZ,IND,6.0,False
1562380,PAREDONES,PAREDONES,LICEO MIREYA CATALAN URZUA,8M,M.CHILE DIGNO VERDE Y SOBERANO,300. EMILIANO GUERRERO TORRES,FREVS,10.0,False
1562381,PAREDONES,PAREDONES,LICEO MIREYA CATALAN URZUA,8M,M.CHILE DIGNO VERDE Y SOBERANO,301. NIBALDO ANSELMO CACERES MUÑOZ,IND,4.0,False
1562382,PAREDONES,PAREDONES,LICEO MIREYA CATALAN URZUA,8M,M.CHILE DIGNO VERDE Y SOBERANO,302. MANUEL ENRIQUE VALENZUELA ROMERO,IND,21.0,True
1562383,PAREDONES,PAREDONES,LICEO MIREYA CATALAN URZUA,8M,M.CHILE DIGNO VERDE Y SOBERANO,303. MAXIMO ENRIQUE SANCHEZ VALDES,IND,0.0,False
1562384,PAREDONES,PAREDONES,LICEO MIREYA CATALAN URZUA,8M,XK.CHILE VAMOS RENOVACION NACIONAL - INDEPENDIENTES,304. JOSE MANUEL CASTRO BOZA,RN,24.0,True
1562385,PAREDONES,PAREDONES,LICEO MIREYA CATALAN URZUA,8M,XK.CHILE VAMOS RENOVACION NACIONAL - INDEPENDIENTES,305. VIVIANA DEL PILAR MALDONADO VERDUGO,RN,5.0,False
1562386,PAREDONES,PAREDONES,LICEO MIREYA CATALAN URZUA,8M,XK.CHILE VAMOS RENOVACION NACIONAL - INDEPENDIENTES,306. RUBEN DARIO BOZA ROMERO,IND,3.0,False
1562387,PAREDONES,PAREDONES,LICEO MIREYA CATALAN URZUA,8M,XK.CHILE VAMOS RENOVACION NACIONAL - INDEPENDIENTES,307. ALEJANDRO DE LA CRUZ GUERRERO TORRES,IND,1.0,False
1562388,PAREDONES,PAREDONES,LICEO MIREYA CATALAN URZUA,8M,XK.CHILE VAMOS RENOVACION NACIONAL - INDEPENDIENTES,308. ALEJANDRO ALFONSO PIÑA PIÑA,IND,8.0,False
1562389,PAREDONES,PAREDONES,LICEO MIREYA CATALAN URZUA,8M,XU.UNIDOS POR LA DIGNIDAD,309. GERARDO JOEL RUBIO CONTRERAS,PDC,12.0,False
1562390,PAREDONES,PAREDONES,LICEO MIREYA CATALAN URZUA,8M,XU.UNIDOS POR LA DIGNIDAD,310. MIGUEL ALEJANDRO MOLINA CONTRERAS,PDC,0.0,False
1562391,PAREDONES,PAREDONES,LICEO MIREYA CATALAN URZUA,8M,XU.UNIDOS POR LA DIGNIDAD,311. ZARELLA ANDREA SILVA CATALAN,IND,7.0,False
1562392,PAREDONES,PAREDONES,LICEO MIREYA CATALAN URZUA,8M,XU.UNIDOS POR LA DIGNIDAD,312. WILSON POZO PIÑA,IND,1.0,False
1562393,PAREDONES,PAREDONES,LICEO MIREYA CATALAN URZUA,8M,YW.UNIDAD POR EL APRUEBO PS PPD E INDEPENDIENTES,313. SAMMY ORMAZABAL LOPEZ,PPD,31.0,True
1562394,PAREDONES,PAREDONES,LICEO MIREYA CATALAN URZUA,8M,YW.UNIDAD POR EL APRUEBO PS PPD E INDEPENDIENTES,314. PAOLA DEL CARMEN BUSTAMANTE VARGAS,IND,7.0,False
1562395,PAREDONES,PAREDONES,LICEO MIREYA CATALAN URZUA,8M,YW.UNIDAD POR EL APRUEBO PS PPD E INDEPENDIENTES,315. SOTERO ANSELMO URZUA CANALES,IND,4.0,True
1562396,PAREDONES,PAREDONES,LICEO MIREYA CATALAN URZUA,8M,YW.UNIDAD POR EL APRUEBO PS PPD E INDEPENDIENTES,316. MATIAS GALLARDO ALEGRIA,PS,2.0,False
1562397,PAREDONES,PAREDONES,LICEO MIREYA CATALAN URZUA,8M,YW.UNIDAD POR EL APRUEBO PS PPD E INDEPENDIENTES,317. HUGO SANTA MARIA GONZALEZ,PS,2.0,False
1562398,PAREDONES,PAREDONES,LICEO MIREYA CATALAN URZUA,8M,YW.UNIDAD POR EL APRUEBO PS PPD E INDEPENDIENTES,318. CRISTINA DEL CARMEN FLORES TRINCADO,PS,0.0,False
1562399,PAREDONES,PAREDONES,LICEO MIREYA CATALAN URZUA,8M,ZJ.CHILE VAMOS UDI - INDEPENDIENTES,319. ISABEL MARGARITA GUERRA CASTILLO,UDI,3.0,False
1562400,PAREDONES,PAREDONES,LICEO MIREYA CATALAN URZUA,8M,ZJ.CHILE VAMOS UDI - INDEPENDIENTES,320. JOSE MIGUEL ANDRES MUÑOZ CATALAN,UDI,15.0,True
1562401,PAREDONES,PAREDONES,LICEO MIREYA CATALAN URZUA,8M,ZJ.CHILE VAMOS UDI - INDEPENDIENTES,321. SERGIO ANTONIO BRIONES CORNEJO,UDI,9.0,False
1562402,PAREDONES,PAREDONES,LICEO MIREYA CATALAN URZUA,8M,ZU.RADICALES E INDEPENDIENTES,322. HERNALDO ANDRES AHUMADA CHAVEZ,PR,15.0,True
1562403,PAREDONES,PAREDONES,LICEO MIREYA CATALAN URZUA,8M,ZU.RADICALES E INDEPENDIENTES,323. ROCIO ALEJANDRA GOMEZ VERGARA,IND,2.0,False
1562404,PAREDONES,PAREDONES,LICEO MIREYA CATALAN URZUA,8M,ZU.RADICALES E INDEPENDIENTES,324. FRANCISCO ALEJANDRO CORNEJO MARTINEZ,IND,5.0,False
1562405,PAREDONES,SAN PEDRO DE ALCANTARA,ESCUELA MUNICIPAL SAN PEDRO DE ALCANTARA,1M,M.CHILE DIGNO VERDE Y SOBERANO,300. EMILIANO GUERRERO TORRES,FREVS,0.0,False
1562406,PAREDONES,SAN PEDRO DE ALCANTARA,ESCUELA MUNICIPAL SAN PEDRO DE ALCANTARA,1M,M.CHILE DIGNO VERDE Y SOBERANO,301. NIBALDO ANSELMO CACERES MUÑOZ,IND,30.0,False
1562407,PAREDONES,SAN PEDRO DE ALCANTARA,ESCUELA MUNICIPAL SAN PEDRO DE ALCANTARA,1M,M.CHILE DIGNO VERDE Y SOBERANO,302. MANUEL ENRIQUE VALENZUELA ROMERO,IND,0.0,True
1562408,PAREDONES,SAN PEDRO DE ALCANTARA,ESCUELA MUNICIPAL SAN PEDRO DE ALCANTARA,1M,M.CHILE DIGNO VERDE Y SOBERANO,303. MAXIMO ENRIQUE SANCHEZ VALDES,IND,0.0,False
1562409,PAREDONES,SAN PEDRO DE ALCANTARA,ESCUELA MUNICIPAL SAN PEDRO DE ALCANTARA,1M,XK.CHILE VAMOS RENOVACION NACIONAL - INDEPENDIENTES,304. JOSE MANUEL CASTRO BOZA,RN,7.0,True
1562410,PAREDONES,SAN PEDRO DE ALCANTARA,ESCUELA MUNICIPAL SAN PEDRO DE ALCANTARA,1M,XK.CHILE VAMOS RENOVACION NACIONAL - INDEPENDIENTES,305. VIVIANA DEL PILAR MALDONADO VERDUGO,RN,3.0,False
1562411,PAREDONES,SAN PEDRO DE ALCANTARA,ESCUELA MUNICIPAL SAN PEDRO DE ALCANTARA,1M,XK.CHILE VAMOS RENOVACION NACIONAL - INDEPENDIENTES,306. RUBEN DARIO BOZA ROMERO,IND,3.0,False
1562412,PAREDONES,SAN PEDRO DE ALCANTARA,ESCUELA MUNICIPAL SAN PEDRO DE ALCANTARA,1M,XK.CHILE VAMOS RENOVACION NACIONAL - INDEPENDIENTES,307. ALEJANDRO DE LA CRUZ GUERRERO TORRES,IND,1.0,False
1562413,PAREDONES,SAN PEDRO DE ALCANTARA,ESCUELA MUNICIPAL SAN PEDRO DE ALCANTARA,1M,XK.CHILE VAMOS RENOVACION NACIONAL - INDEPENDIENTES,308. ALEJANDRO ALFONSO PIÑA PIÑA,IND,0.0,False
1562414,PAREDONES,SAN PEDRO DE ALCANTARA,ESCUELA MUNICIPAL SAN PEDRO DE ALCANTARA,1M,XU.UNIDOS POR LA DIGNIDAD,309. GERARDO JOEL RUBIO CONTRERAS,PDC,0.0,False
1562415,PAREDONES,SAN PEDRO DE ALCANTARA,ESCUELA MUNICIPAL SAN PEDRO DE ALCANTARA,1M,XU.UNIDOS POR LA DIGNIDAD,310. MIGUEL ALEJANDRO MOLINA CONTRERAS,PDC,0.0,False
1562416,PAREDONES,SAN PEDRO DE ALCANTARA,ESCUELA MUNICIPAL SAN PEDRO DE ALCANTARA,1M,XU.UNIDOS POR LA DIGNIDAD,311. ZARELLA ANDREA SILVA CATALAN,IND,0.0,False
1562417,PAREDONES,SAN PEDRO DE ALCANTARA,ESCUELA MUNICIPAL SAN PEDRO DE ALCANTARA,1M,XU.UNIDOS POR LA DIGNIDAD,312. WILSON POZO PIÑA,IND,0.0,False
1562418,PAREDONES,SAN PEDRO DE ALCANTARA,ESCUELA MUNICIPAL SAN PEDRO DE ALCANTARA,1M,YW.UNIDAD POR EL APRUEBO PS PPD E INDEPENDIENTES,313. SAMMY ORMAZABAL LOPEZ,PPD,18.0,True
1562419,PAREDONES,SAN PEDRO DE ALCANTARA,ESCUELA MUNICIPAL SAN PEDRO DE ALCANTARA,1M,YW.UNIDAD POR EL APRUEBO PS PPD E INDEPENDIENTES,314. PAOLA DEL CARMEN BUSTAMANTE VARGAS,IND,2.0,False
1562420,PAREDONES,SAN PEDRO DE ALCANTARA,ESCUELA MUNICIPAL SAN PEDRO DE ALCANTARA,1M,YW.UNIDAD POR EL APRUEBO PS PPD E INDEPENDIENTES,315. SOTERO ANSELMO URZUA CANALES,IND,44.0,True
1562421,PAREDONES,SAN PEDRO DE ALCANTARA,ESCUELA MUNICIPAL SAN PEDRO DE ALCANTARA,1M,YW.UNIDAD POR EL APRUEBO PS PPD E INDEPENDIENTES,316. MATIAS GALLARDO ALEGRIA,PS,0.0,False
1562422,PAREDONES,SAN PEDRO DE ALCANTARA,ESCUELA MUNICIPAL SAN PEDRO DE ALCANTARA,1M,YW.UNIDAD POR EL APRUEBO PS PPD E INDEPENDIENTES,317. HUGO SANTA MARIA GONZALEZ,PS,0.0,False
1562423,PAREDONES,SAN PEDRO DE ALCANTARA,ESCUELA MUNICIPAL SAN PEDRO DE ALCANTARA,1M,YW.UNIDAD POR EL APRUEBO PS PPD E INDEPENDIENTES,318. CRISTINA DEL CARMEN FLORES TRINCADO,PS,1.0,False
1562424,PAREDONES,SAN PEDRO DE ALCANTARA,ESCUELA MUNICIPAL SAN PEDRO DE ALCANTARA,1M,ZJ.CHILE VAMOS UDI - INDEPENDIENTES,319. ISABEL MARGARITA GUERRA CASTILLO,UDI,33.0,False
1562425,PAREDONES,SAN PEDRO DE ALCANTARA,ESCUELA MUNICIPAL SAN PEDRO DE ALCANTARA,1M,ZJ.CHILE VAMOS UDI - INDEPENDIENTES,320. JOSE MIGUEL ANDRES MUÑOZ CATALAN,UDI,3.0,True
1562426,PAREDONES,SAN PEDRO DE ALCANTARA,ESCUELA MUNICIPAL SAN PEDRO DE ALCANTARA,1M,ZJ.CHILE VAMOS UDI - INDEPENDIENTES,321. SERGIO ANTONIO BRIONES CORNEJO,UDI,6.0,False
1562427,PAREDONES,SAN PEDRO DE ALCANTARA,ESCUELA MUNICIPAL SAN PEDRO DE ALCANTARA,1M,ZU.RADICALES E INDEPENDIENTES,322. HERNALDO ANDRES AHUMADA CHAVEZ,PR,9.0,True
1562428,PAREDONES,SAN PEDRO DE ALCANTARA,ESCUELA MUNICIPAL SAN PEDRO DE ALCANTARA,1M,ZU.RADICALES E INDEPENDIENTES,323. ROCIO ALEJANDRA GOMEZ VERGARA,IND,0.0,False
1562429,PAREDONES,SAN PEDRO DE ALCANTARA,ESCUELA MUNICIPAL SAN PEDRO DE ALCANTARA,1M,ZU.RADICALES E INDEPENDIENTES,324. FRANCISCO ALEJANDRO CORNEJO MARTINEZ,IND,0.0,False
1562430,PAREDONES,SAN PEDRO DE ALCANTARA,ESCUELA MUNICIPAL SAN PEDRO DE ALCANTARA,2M,M.CHILE DIGNO VERDE Y SOBERANO,300. EMILIANO GUERRERO TORRES,FREVS,1.0,False
1562431,PAREDONES,SAN PEDRO DE ALCANTARA,ESCUELA MUNICIPAL SAN PEDRO DE ALCANTARA,2M,M.CHILE DIGNO VERDE Y SOBERANO,301. NIBALDO ANSELMO CACERES MUÑOZ,IND,25.0,False
1562432,PAREDONES,SAN PEDRO DE ALCANTARA,ESCUELA MUNICIPAL SAN PEDRO DE ALCANTARA,2M,M.CHILE DIGNO VERDE Y SOBERANO,302. MANUEL ENRIQUE VALENZUELA ROMERO,IND,5.0,True
1562433,PAREDONES,SAN PEDRO DE ALCANTARA,ESCUELA MUNICIPAL SAN PEDRO DE ALCANTARA,2M,M.CHILE DIGNO VERDE Y SOBERANO,303. MAXIMO ENRIQUE SANCHEZ VALDES,IND,0.0,False
1562434,PAREDONES,SAN PEDRO DE ALCANTARA,ESCUELA MUNICIPAL SAN PEDRO DE ALCANTARA,2M,XK.CHILE VAMOS RENOVACION NACIONAL - INDEPENDIENTES,304. JOSE MANUEL CASTRO BOZA,RN,5.0,True
1562435,PAREDONES,SAN PEDRO DE ALCANTARA,ESCUELA MUNICIPAL SAN PEDRO DE ALCANTARA,2M,XK.CHILE VAMOS RENOVACION NACIONAL - INDEPENDIENTES,305. VIVIANA DEL PILAR MALDONADO VERDUGO,RN,3.0,False
1562436,PAREDONES,SAN PEDRO DE ALCANTARA,ESCUELA MUNICIPAL SAN PEDRO DE ALCANTARA,2M,XK.CHILE VAMOS RENOVACION NACIONAL - INDEPENDIENTES,306. RUBEN DARIO BOZA ROMERO,IND,2.0,False
1562437,PAREDONES,SAN PEDRO DE ALCANTARA,ESCUELA MUNICIPAL SAN PEDRO DE ALCANTARA,2M,XK.CHILE VAMOS RENOVACION NACIONAL - INDEPENDIENTES,307. ALEJANDRO DE LA CRUZ GUERRERO TORRES,IND,1.0,False
1562438,PAREDONES,SAN PEDRO DE ALCANTARA,ESCUELA MUNICIPAL SAN PEDRO DE ALCANTARA,2M,XK.CHILE VAMOS RENOVACION NACIONAL - INDEPENDIENTES,308. ALEJANDRO ALFONSO PIÑA PIÑA,IND,0.0,False
1562439,PAREDONES,SAN PEDRO DE ALCANTARA,ESCUELA MUNICIPAL SAN PEDRO DE ALCANTARA,2M,XU.UNIDOS POR LA DIGNIDAD,309. GERARDO JOEL RUBIO CONTRERAS,PDC,1.0,False
1562440,PAREDONES,SAN PEDRO DE ALCANTARA,ESCUELA MUNICIPAL SAN PEDRO DE ALCANTARA,2M,XU.UNIDOS POR LA DIGNIDAD,310. MIGUEL ALEJANDRO MOLINA CONTRERAS,PDC,0.0,False
1562441,PAREDONES,SAN PEDRO DE ALCANTARA,ESCUELA MUNICIPAL SAN PEDRO DE ALCANTARA,2M,XU.UNIDOS POR LA DIGNIDAD,311. ZARELLA ANDREA SILVA CATALAN,IND,1.0,False
1562442,PAREDONES,SAN PEDRO DE ALCANTARA,ESCUELA MUNICIPAL SAN PEDRO DE ALCANTARA,2M,XU.UNIDOS POR LA DIGNIDAD,312. WILSON POZO PIÑA,IND,0.0,False
1562443,PAREDONES,SAN PEDRO DE ALCANTARA,ESCUELA MUNICIPAL SAN PEDRO DE ALCANTARA,2M,YW.UNIDAD POR EL APRUEBO PS PPD E INDEPENDIENTES,313. SAMMY ORMAZABAL LOPEZ,PPD,20.0,True
1562444,PAREDONES,SAN PEDRO DE ALCANTARA,ESCUELA MUNICIPAL SAN PEDRO DE ALCANTARA,2M,YW.UNIDAD POR EL APRUEBO PS PPD E INDEPENDIENTES,314. PAOLA DEL CARMEN BUSTAMANTE VARGAS,IND,2.0,False
1562445,PAREDONES,SAN PEDRO DE ALCANTARA,ESCUELA MUNICIPAL SAN PEDRO DE ALCANTARA,2M,YW.UNIDAD POR EL APRUEBO PS PPD E INDEPENDIENTES,315. SOTERO ANSELMO URZUA CANALES,IND,60.0,True
1562446,PAREDONES,SAN PEDRO DE ALCANTARA,ESCUELA MUNICIPAL SAN PEDRO DE ALCANTARA,2M,YW.UNIDAD POR EL APRUEBO PS PPD E INDEPENDIENTES,316. MATIAS GALLARDO ALEGRIA,PS,0.0,False
1562447,PAREDONES,SAN PEDRO DE ALCANTARA,ESCUELA MUNICIPAL SAN PEDRO DE ALCANTARA,2M,YW.UNIDAD POR EL APRUEBO PS PPD E INDEPENDIENTES,317. HUGO SANTA MARIA GONZALEZ,PS,0.0,False
1562448,PAREDONES,SAN PEDRO DE ALCANTARA,ESCUELA MUNICIPAL SAN PEDRO DE ALCANTARA,2M,YW.UNIDAD POR EL APRUEBO PS PPD E INDEPENDIENTES,318. CRISTINA DEL CARMEN FLORES TRINCADO,PS,1.0,False
1562449,PAREDONES,SAN PEDRO DE ALCANTARA,ESCUELA MUNICIPAL SAN PEDRO DE ALCANTARA,2M,ZJ.CHILE VAMOS UDI - INDEPENDIENTES,319. ISABEL MARGARITA GUERRA CASTILLO,UDI,51.0,False
1562450,PAREDONES,SAN PEDRO DE ALCANTARA,ESCUELA MUNICIPAL SAN PEDRO DE ALCANTARA,2M,ZJ.CHILE VAMOS UDI - INDEPENDIENTES,320. JOSE MIGUEL ANDRES MUÑOZ CATALAN,UDI,3.0,True
1562451,PAREDONES,SAN PEDRO DE ALCANTARA,ESCUELA MUNICIPAL SAN PEDRO DE ALCANTARA,2M,ZJ.CHILE VAMOS UDI - INDEPENDIENTES,321. SERGIO ANTONIO BRIONES CORNEJO,UDI,4.0,False
1562452,PAREDONES,SAN PEDRO DE ALCANTARA,ESCUELA MUNICIPAL SAN PEDRO DE ALCANTARA,2M,ZU.RADICALES E INDEPENDIENTES,322. HERNALDO ANDRES AHUMADA CHAVEZ,PR,10.0,True
1562453,PAREDONES,SAN PEDRO DE ALCANTARA,ESCUELA MUNICIPAL SAN PEDRO DE ALCANTARA,2M,ZU.RADICALES E INDEPENDIENTES,323. ROCIO ALEJANDRA GOMEZ VERGARA,IND,0.0,False
1562454,PAREDONES,SAN PEDRO DE ALCANTARA,ESCUELA MUNICIPAL SAN PEDRO DE ALCANTARA,2M,ZU.RADICALES E INDEPENDIENTES,324. FRANCISCO ALEJANDRO CORNEJO MARTINEZ,IND,1.0,False
1562455,PAREDONES,SAN PEDRO DE ALCANTARA,ESCUELA MUNICIPAL SAN PEDRO DE ALCANTARA,1V,M.CHILE DIGNO VERDE Y SOBERANO,300. EMILIANO GUERRERO TORRES,FREVS,0.0,False
1562456,PAREDONES,SAN PEDRO DE ALCANTARA,ESCUELA MUNICIPAL SAN PEDRO DE ALCANTARA,1V,M.CHILE DIGNO VERDE Y SOBERANO,301. NIBALDO ANSELMO CACERES MUÑOZ,IND,31.0,False
1562457,PAREDONES,SAN PEDRO DE ALCANTARA,ESCUELA MUNICIPAL SAN PEDRO DE ALCANTARA,1V,M.CHILE DIGNO VERDE Y SOBERANO,302. MANUEL ENRIQUE VALENZUELA ROMERO,IND,0.0,True
1562458,PAREDONES,SAN PEDRO DE ALCANTARA,ESCUELA MUNICIPAL SAN PEDRO DE ALCANTARA,1V,M.CHILE DIGNO VERDE Y SOBERANO,303. MAXIMO ENRIQUE SANCHEZ VALDES,IND,1.0,False
1562459,PAREDONES,SAN PEDRO DE ALCANTARA,ESCUELA MUNICIPAL SAN PEDRO DE ALCANTARA,1V,XK.CHILE VAMOS RENOVACION NACIONAL - INDEPENDIENTES,304. JOSE MANUEL CASTRO BOZA,RN,6.0,True
1562460,PAREDONES,SAN PEDRO DE ALCANTARA,ESCUELA MUNICIPAL SAN PEDRO DE ALCANTARA,1V,XK.CHILE VAMOS RENOVACION NACIONAL - INDEPENDIENTES,305. VIVIANA DEL PILAR MALDONADO VERDUGO,RN,3.0,False
1562461,PAREDONES,SAN PEDRO DE ALCANTARA,ESCUELA MUNICIPAL SAN PEDRO DE ALCANTARA,1V,XK.CHILE VAMOS RENOVACION NACIONAL - INDEPENDIENTES,306. RUBEN DARIO BOZA ROMERO,IND,4.0,False
1562462,PAREDONES,SAN PEDRO DE ALCANTARA,ESCUELA MUNICIPAL SAN PEDRO DE ALCANTARA,1V,XK.CHILE VAMOS RENOVACION NACIONAL - INDEPENDIENTES,307. ALEJANDRO DE LA CRUZ GUERRERO TORRES,IND,1.0,False
1562463,PAREDONES,SAN PEDRO DE ALCANTARA,ESCUELA MUNICIPAL SAN PEDRO DE ALCANTARA,1V,XK.CHILE VAMOS RENOVACION NACIONAL - INDEPENDIENTES,308. ALEJANDRO ALFONSO PIÑA PIÑA,IND,1.0,False
1562464,PAREDONES,SAN PEDRO DE ALCANTARA,ESCUELA MUNICIPAL SAN PEDRO DE ALCANTARA,1V,XU.UNIDOS POR LA DIGNIDAD,309. GERARDO JOEL RUBIO CONTRERAS,PDC,1.0,False
1562465,PAREDONES,SAN PEDRO DE ALCANTARA,ESCUELA MUNICIPAL SAN PEDRO DE ALCANTARA,1V,XU.UNIDOS POR LA DIGNIDAD,310. MIGUEL ALEJANDRO MOLINA CONTRERAS,PDC,0.0,False
1562466,PAREDONES,SAN PEDRO DE ALCANTARA,ESCUELA MUNICIPAL SAN PEDRO DE ALCANTARA,1V,XU.UNIDOS POR LA DIGNIDAD,311. ZARELLA ANDREA SILVA CATALAN,IND,1.0,False
1562467,PAREDONES,SAN PEDRO DE ALCANTARA,ESCUELA MUNICIPAL SAN PEDRO DE ALCANTARA,1V,XU.UNIDOS POR LA DIGNIDAD,312. WILSON POZO PIÑA,IND,,False
1562468,PAREDONES,SAN PEDRO DE ALCANTARA,ESCUELA MUNICIPAL SAN PEDRO DE ALCANTARA,1V,YW.UNIDAD POR EL APRUEBO PS PPD E INDEPENDIENTES,313. SAMMY ORMAZABAL LOPEZ,PPD,11.0,True
1562469,PAREDONES,SAN PEDRO DE ALCANTARA,ESCUELA MUNICIPAL SAN PEDRO DE ALCANTARA,1V,YW.UNIDAD POR EL APRUEBO PS PPD E INDEPENDIENTES,314. PAOLA DEL CARMEN BUSTAMANTE VARGAS,IND,3.0,False
1562470,PAREDONES,SAN PEDRO DE ALCANTARA,ESCUELA MUNICIPAL SAN PEDRO DE ALCANTARA,1V,YW.UNIDAD POR EL APRUEBO PS PPD E INDEPENDIENTES,315. SOTERO ANSELMO URZUA CANALES,IND,59.0,True
1562471,PAREDONES,SAN PEDRO DE ALCANTARA,ESCUELA MUNICIPAL SAN PEDRO DE ALCANTARA,1V,YW.UNIDAD POR EL APRUEBO PS PPD E INDEPENDIENTES,316. MATIAS GALLARDO ALEGRIA,PS,1.0,False
1562472,PAREDONES,SAN PEDRO DE ALCANTARA,ESCUELA MUNICIPAL SAN PEDRO DE ALCANTARA,1V,YW.UNIDAD POR EL APRUEBO PS PPD E INDEPENDIENTES,317. HUGO SANTA MARIA GONZALEZ,PS,0.0,False
1562473,PAREDONES,SAN PEDRO DE ALCANTARA,ESCUELA MUNICIPAL SAN PEDRO DE ALCANTARA,1V,YW.UNIDAD POR EL APRUEBO PS PPD E INDEPENDIENTES,318. CRISTINA DEL CARMEN FLORES TRINCADO,PS,0.0,False
1562474,PAREDONES,SAN PEDRO DE ALCANTARA,ESCUELA MUNICIPAL SAN PEDRO DE ALCANTARA,1V,ZJ.CHILE VAMOS UDI - INDEPENDIENTES,319. ISABEL MARGARITA GUERRA CASTILLO,UDI,23.0,False
1562475,PAREDONES,SAN PEDRO DE ALCANTARA,ESCUELA MUNICIPAL SAN PEDRO DE ALCANTARA,1V,ZJ.CHILE VAMOS UDI - INDEPENDIENTES,320. JOSE MIGUEL ANDRES MUÑOZ CATALAN,UDI,7.0,True
1562476,PAREDONES,SAN PEDRO DE ALCANTARA,ESCUELA MUNICIPAL SAN PEDRO DE ALCANTARA,1V,ZJ.CHILE VAMOS UDI - INDEPENDIENTES,321. SERGIO ANTONIO BRIONES CORNEJO,UDI,4.0,False
1562477,PAREDONES,SAN PEDRO DE ALCANTARA,ESCUELA MUNICIPAL SAN PEDRO DE ALCANTARA,1V,ZU.RADICALES E INDEPENDIENTES,322. HERNALDO ANDRES AHUMADA CHAVEZ,PR,7.0,True
1562478,PAREDONES,SAN PEDRO DE ALCANTARA,ESCUELA MUNICIPAL SAN PEDRO DE ALCANTARA,1V,ZU.RADICALES E INDEPENDIENTES,323. ROCIO ALEJANDRA GOMEZ VERGARA,IND,0.0,False
1562479,PAREDONES,SAN PEDRO DE ALCANTARA,ESCUELA MUNICIPAL SAN PEDRO DE ALCANTARA,1V,ZU.RADICALES E INDEPENDIENTES,324. FRANCISCO ALEJANDRO CORNEJO MARTINEZ,IND,1.0,False
1562480,PAREDONES,SAN PEDRO DE ALCANTARA,ESCUELA MUNICIPAL SAN PEDRO DE ALCANTARA,2V-3V,M.CHILE DIGNO VERDE Y SOBERANO,300. EMILIANO GUERRERO TORRES,FREVS,2.0,False
1562481,PAREDONES,SAN PEDRO DE ALCANTARA,ESCUELA MUNICIPAL SAN PEDRO DE ALCANTARA,2V-3V,M.CHILE DIGNO VERDE Y SOBERANO,301. NIBALDO ANSELMO CACERES MUÑOZ,IND,39.0,False
1562482,PAREDONES,SAN PEDRO DE ALCANTARA,ESCUELA MUNICIPAL SAN PEDRO DE ALCANTARA,2V-3V,M.CHILE DIGNO VERDE Y SOBERANO,302. MANUEL ENRIQUE VALENZUELA ROMERO,IND,2.0,True
1562483,PAREDONES,SAN PEDRO DE ALCANTARA,ESCUELA MUNICIPAL SAN PEDRO DE ALCANTARA,2V-3V,M.CHILE DIGNO VERDE Y SOBERANO,303. MAXIMO ENRIQUE SANCHEZ VALDES,IND,0.0,False
1562484,PAREDONES,SAN PEDRO DE ALCANTARA,ESCUELA MUNICIPAL SAN PEDRO DE ALCANTARA,2V-3V,XK.CHILE VAMOS RENOVACION NACIONAL - INDEPENDIENTES,304. JOSE MANUEL CASTRO BOZA,RN,8.0,True
1562485,PAREDONES,SAN PEDRO DE ALCANTARA,ESCUELA MUNICIPAL SAN PEDRO DE ALCANTARA,2V-3V,XK.CHILE VAMOS RENOVACION NACIONAL - INDEPENDIENTES,305. VIVIANA DEL PILAR MALDONADO VERDUGO,RN,5.0,False
1562486,PAREDONES,SAN PEDRO DE ALCANTARA,ESCUELA MUNICIPAL SAN PEDRO DE ALCANTARA,2V-3V,XK.CHILE VAMOS RENOVACION NACIONAL - INDEPENDIENTES,306. RUBEN DARIO BOZA ROMERO,IND,4.0,False
1562487,PAREDONES,SAN PEDRO DE ALCANTARA,ESCUELA MUNICIPAL SAN PEDRO DE ALCANTARA,2V-3V,XK.CHILE VAMOS RENOVACION NACIONAL - INDEPENDIENTES,307. ALEJANDRO DE LA CRUZ GUERRERO TORRES,IND,0.0,False
1562488,PAREDONES,SAN PEDRO DE ALCANTARA,ESCUELA MUNICIPAL SAN PEDRO DE ALCANTARA,2V-3V,XK.CHILE VAMOS RENOVACION NACIONAL - INDEPENDIENTES,308. ALEJANDRO ALFONSO PIÑA PIÑA,IND,0.0,False
1562489,PAREDONES,SAN PEDRO DE ALCANTARA,ESCUELA MUNICIPAL SAN PEDRO DE ALCANTARA,2V-3V,XU.UNIDOS POR LA DIGNIDAD,309. GERARDO JOEL RUBIO CONTRERAS,PDC,5.0,False
1562490,PAREDONES,SAN PEDRO DE ALCANTARA,ESCUELA MUNICIPAL SAN PEDRO DE ALCANTARA,2V-3V,XU.UNIDOS POR LA DIGNIDAD,310. MIGUEL ALEJANDRO MOLINA CONTRERAS,PDC,0.0,False
1562491,PAREDONES,SAN PEDRO DE ALCANTARA,ESCUELA MUNICIPAL SAN PEDRO DE ALCANTARA,2V-3V,XU.UNIDOS POR LA DIGNIDAD,311. ZARELLA ANDREA SILVA CATALAN,IND,0.0,False
1562492,PAREDONES,SAN PEDRO DE ALCANTARA,ESCUELA MUNICIPAL SAN PEDRO DE ALCANTARA,2V-3V,XU.UNIDOS POR LA DIGNIDAD,312. WILSON POZO PIÑA,IND,0.0,False
1562493,PAREDONES,SAN PEDRO DE ALCANTARA,ESCUELA MUNICIPAL SAN PEDRO DE ALCANTARA,2V-3V,YW.UNIDAD POR EL APRUEBO PS PPD E INDEPENDIENTES,313. SAMMY ORMAZABAL LOPEZ,PPD,16.0,True
1562494,PAREDONES,SAN PEDRO DE ALCANTARA,ESCUELA MUNICIPAL SAN PEDRO DE ALCANTARA,2V-3V,YW.UNIDAD POR EL APRUEBO PS PPD E INDEPENDIENTES,314. PAOLA DEL CARMEN BUSTAMANTE VARGAS,IND,2.0,False
1562495,PAREDONES,SAN PEDRO DE ALCANTARA,ESCUELA MUNICIPAL SAN PEDRO DE ALCANTARA,2V-3V,YW.UNIDAD POR EL APRUEBO PS PPD E INDEPENDIENTES,315. SOTERO ANSELMO URZUA CANALES,IND,78.0,True
1562496,PAREDONES,SAN PEDRO DE ALCANTARA,ESCUELA MUNICIPAL SAN PEDRO DE ALCANTARA,2V-3V,YW.UNIDAD POR EL APRUEBO PS PPD E INDEPENDIENTES,316. MATIAS GALLARDO ALEGRIA,PS,1.0,False
1562497,PAREDONES,SAN PEDRO DE ALCANTARA,ESCUELA MUNICIPAL SAN PEDRO DE ALCANTARA,2V-3V,YW.UNIDAD POR EL APRUEBO PS PPD E INDEPENDIENTES,317. HUGO SANTA MARIA GONZALEZ,PS,0.0,False
1562498,PAREDONES,SAN PEDRO DE ALCANTARA,ESCUELA MUNICIPAL SAN PEDRO DE ALCANTARA,2V-3V,YW.UNIDAD POR EL APRUEBO PS PPD E INDEPENDIENTES,318. CRISTINA DEL CARMEN FLORES TRINCADO,PS,0.0,False
1562499,PAREDONES,SAN PEDRO DE ALCANTARA,ESCUELA MUNICIPAL SAN PEDRO DE ALCANTARA,2V-3V,ZJ.CHILE VAMOS UDI - INDEPENDIENTES,319. ISABEL MARGARITA GUERRA CASTILLO,UDI,44.0,False
1562500,PAREDONES,SAN PEDRO DE ALCANTARA,ESCUELA MUNICIPAL SAN PEDRO DE ALCANTARA,2V-3V,ZJ.CHILE VAMOS UDI - INDEPENDIENTES,320. JOSE MIGUEL ANDRES MUÑOZ CATALAN,UDI,5.0,True
1562501,PAREDONES,SAN PEDRO DE ALCANTARA,ESCUELA MUNICIPAL SAN PEDRO DE ALCANTARA,2V-3V,ZJ.CHILE VAMOS UDI - INDEPENDIENTES,321. SERGIO ANTONIO BRIONES CORNEJO,UDI,12.0,False
1562502,PAREDONES,SAN PEDRO DE ALCANTARA,ESCUELA MUNICIPAL SAN PEDRO DE ALCANTARA,2V-3V,ZU.RADICALES E INDEPENDIENTES,322. HERNALDO ANDRES AHUMADA CHAVEZ,PR,16.0,True
1562503,PAREDONES,SAN PEDRO DE ALCANTARA,ESCUELA MUNICIPAL SAN PEDRO DE ALCANTARA,2V-3V,ZU.RADICALES E INDEPENDIENTES,323. ROCIO ALEJANDRA GOMEZ VERGARA,IND,1.0,False
1562504,PAREDONES,SAN PEDRO DE ALCANTARA,ESCUELA MUNICIPAL SAN PEDRO DE ALCANTARA,2V-3V,ZU.RADICALES E INDEPENDIENTES,324. FRANCISCO ALEJANDRO CORNEJO MARTINEZ,IND,0.0,False
