,COMUNA,CIRC_ELEC,LOCAL,MESA,LISTA,CANDIDATX,PARTIDO,VOTOS,ELECTX
1590306,PELARCO,PELARCO,GIMNASIO MUNICIPAL,1V,M.CHILE DIGNO VERDE Y SOBERANO,300. GUSTAVO ULISES VALDIVIA LEON,PCCH,2.0,False
1590307,PELARCO,PELARCO,GIMNASIO MUNICIPAL,1V,XK.CHILE VAMOS RENOVACION NACIONAL - INDEPENDIENTES,301. VICTOR ARCE ALFARO,RN,6.0,True
1590308,PELARCO,PELARCO,GIMNASIO MUNICIPAL,1V,XK.CHILE VAMOS RENOVACION NACIONAL - INDEPENDIENTES,302. CLAUDIA ANDREA BOBADILLA SALAS,IND,7.0,False
1590309,PELARCO,PELARCO,GIMNASIO MUNICIPAL,1V,XK.CHILE VAMOS RENOVACION NACIONAL - INDEPENDIENTES,303. IGNACIO ANTONIO MACHUCA FUENTES,IND,4.0,False
1590310,PELARCO,PELARCO,GIMNASIO MUNICIPAL,1V,XK.CHILE VAMOS RENOVACION NACIONAL - INDEPENDIENTES,304. VICTOR SAMUEL MOYA ROCO,IND,1.0,False
1590311,PELARCO,PELARCO,GIMNASIO MUNICIPAL,1V,XK.CHILE VAMOS RENOVACION NACIONAL - INDEPENDIENTES,305. LUIS PEREIRA REBOLLEDO,IND,2.0,False
1590312,PELARCO,PELARCO,GIMNASIO MUNICIPAL,1V,XU.UNIDOS POR LA DIGNIDAD,306. ISABEL FABIOLA PINO VIEDMA,PDC,2.0,False
1590313,PELARCO,PELARCO,GIMNASIO MUNICIPAL,1V,XU.UNIDOS POR LA DIGNIDAD,307. ROMUALDO EUSEBIO ABURTO LOYOLA,PDC,4.0,True
1590314,PELARCO,PELARCO,GIMNASIO MUNICIPAL,1V,XU.UNIDOS POR LA DIGNIDAD,308. MARIANA DEL CARMEN CASTILLO REYES,IND,3.0,False
1590315,PELARCO,PELARCO,GIMNASIO MUNICIPAL,1V,XU.UNIDOS POR LA DIGNIDAD,309. MARCELA MARGARITA GUTIERREZ GONZALEZ,IND,9.0,True
1590316,PELARCO,PELARCO,GIMNASIO MUNICIPAL,1V,XU.UNIDOS POR LA DIGNIDAD,310. HECTOR PATRICIO CONTRERAS GONZALEZ,IND,0.0,False
1590317,PELARCO,PELARCO,GIMNASIO MUNICIPAL,1V,XU.UNIDOS POR LA DIGNIDAD,311. MARIELA DEL CARMEN ROSALES MORA,IND,1.0,False
1590318,PELARCO,PELARCO,GIMNASIO MUNICIPAL,1V,YW.UNIDAD POR EL APRUEBO PS PPD E INDEPENDIENTES,312. PAMELA MARGARITA HERRERA MACAYA,PPD,4.0,False
1590319,PELARCO,PELARCO,GIMNASIO MUNICIPAL,1V,YW.UNIDAD POR EL APRUEBO PS PPD E INDEPENDIENTES,313. JOSE SEGUNDO ARAYA CARRASCO,PPD,4.0,False
1590320,PELARCO,PELARCO,GIMNASIO MUNICIPAL,1V,YW.UNIDAD POR EL APRUEBO PS PPD E INDEPENDIENTES,314. PAULO ANDRES VERGARA MORALES,PPD,3.0,False
1590321,PELARCO,PELARCO,GIMNASIO MUNICIPAL,1V,YW.UNIDAD POR EL APRUEBO PS PPD E INDEPENDIENTES,315. PEDRO FELIPE GONZALEZ VERGARA,PS,5.0,False
1590322,PELARCO,PELARCO,GIMNASIO MUNICIPAL,1V,YW.UNIDAD POR EL APRUEBO PS PPD E INDEPENDIENTES,316. VERONICA  ROJAS FONSECA,IND,10.0,True
1590323,PELARCO,PELARCO,GIMNASIO MUNICIPAL,1V,ZG.CHILE VAMOS EVOPOLI - INDEPENDIENTES,317. FRANCISCO QUINTEROS JEREZ,IND,5.0,False
1590324,PELARCO,PELARCO,GIMNASIO MUNICIPAL,1V,ZG.CHILE VAMOS EVOPOLI - INDEPENDIENTES,318. PAULA ANDREA AVILA ROMAN,IND,1.0,False
1590325,PELARCO,PELARCO,GIMNASIO MUNICIPAL,1V,ZG.CHILE VAMOS EVOPOLI - INDEPENDIENTES,319. IGNACIO PARDO ROJAS,IND,2.0,False
1590326,PELARCO,PELARCO,GIMNASIO MUNICIPAL,1V,ZG.CHILE VAMOS EVOPOLI - INDEPENDIENTES,320. EVELYN BEATRIZ SEPULVEDA CERON,IND,0.0,False
1590327,PELARCO,PELARCO,GIMNASIO MUNICIPAL,1V,ZG.CHILE VAMOS EVOPOLI - INDEPENDIENTES,321. JOSE MATIAS FUENTES FUENTES,IND,4.0,False
1590328,PELARCO,PELARCO,GIMNASIO MUNICIPAL,1V,ZJ.CHILE VAMOS UDI - INDEPENDIENTES,322. CAMILA ALEJANDRA DIAZ RIOS,UDI,3.0,True
1590329,PELARCO,PELARCO,GIMNASIO MUNICIPAL,1V,ZJ.CHILE VAMOS UDI - INDEPENDIENTES,323. RICARDO PATRICIO GOMEZ CASANOVA,UDI,16.0,True
1590330,PELARCO,PELARCO,GIMNASIO MUNICIPAL,1V,ZJ.CHILE VAMOS UDI - INDEPENDIENTES,324. CHRISTIAN ALFREDO ACUÑA HERRERA,IND,9.0,False
1590331,PELARCO,PELARCO,GIMNASIO MUNICIPAL,1V,ZJ.CHILE VAMOS UDI - INDEPENDIENTES,325. JUANA YOLANDA MUÑOZ MUÑOZ,IND,1.0,False
1590332,PELARCO,PELARCO,GIMNASIO MUNICIPAL,1V,ZJ.CHILE VAMOS UDI - INDEPENDIENTES,326. SILVANA PAOLA ROJAS JARA,IND,2.0,False
1590333,PELARCO,PELARCO,GIMNASIO MUNICIPAL,1V,ZJ.CHILE VAMOS UDI - INDEPENDIENTES,327. DIEGO ELISEO VALENZUELA CID,IND,2.0,False
1590334,PELARCO,PELARCO,GIMNASIO MUNICIPAL,2V,M.CHILE DIGNO VERDE Y SOBERANO,300. GUSTAVO ULISES VALDIVIA LEON,PCCH,2.0,False
1590335,PELARCO,PELARCO,GIMNASIO MUNICIPAL,2V,XK.CHILE VAMOS RENOVACION NACIONAL - INDEPENDIENTES,301. VICTOR ARCE ALFARO,RN,7.0,True
1590336,PELARCO,PELARCO,GIMNASIO MUNICIPAL,2V,XK.CHILE VAMOS RENOVACION NACIONAL - INDEPENDIENTES,302. CLAUDIA ANDREA BOBADILLA SALAS,IND,3.0,False
1590337,PELARCO,PELARCO,GIMNASIO MUNICIPAL,2V,XK.CHILE VAMOS RENOVACION NACIONAL - INDEPENDIENTES,303. IGNACIO ANTONIO MACHUCA FUENTES,IND,7.0,False
1590338,PELARCO,PELARCO,GIMNASIO MUNICIPAL,2V,XK.CHILE VAMOS RENOVACION NACIONAL - INDEPENDIENTES,304. VICTOR SAMUEL MOYA ROCO,IND,0.0,False
1590339,PELARCO,PELARCO,GIMNASIO MUNICIPAL,2V,XK.CHILE VAMOS RENOVACION NACIONAL - INDEPENDIENTES,305. LUIS PEREIRA REBOLLEDO,IND,2.0,False
1590340,PELARCO,PELARCO,GIMNASIO MUNICIPAL,2V,XU.UNIDOS POR LA DIGNIDAD,306. ISABEL FABIOLA PINO VIEDMA,PDC,6.0,False
1590341,PELARCO,PELARCO,GIMNASIO MUNICIPAL,2V,XU.UNIDOS POR LA DIGNIDAD,307. ROMUALDO EUSEBIO ABURTO LOYOLA,PDC,7.0,True
1590342,PELARCO,PELARCO,GIMNASIO MUNICIPAL,2V,XU.UNIDOS POR LA DIGNIDAD,308. MARIANA DEL CARMEN CASTILLO REYES,IND,0.0,False
1590343,PELARCO,PELARCO,GIMNASIO MUNICIPAL,2V,XU.UNIDOS POR LA DIGNIDAD,309. MARCELA MARGARITA GUTIERREZ GONZALEZ,IND,19.0,True
1590344,PELARCO,PELARCO,GIMNASIO MUNICIPAL,2V,XU.UNIDOS POR LA DIGNIDAD,310. HECTOR PATRICIO CONTRERAS GONZALEZ,IND,5.0,False
1590345,PELARCO,PELARCO,GIMNASIO MUNICIPAL,2V,XU.UNIDOS POR LA DIGNIDAD,311. MARIELA DEL CARMEN ROSALES MORA,IND,7.0,False
1590346,PELARCO,PELARCO,GIMNASIO MUNICIPAL,2V,YW.UNIDAD POR EL APRUEBO PS PPD E INDEPENDIENTES,312. PAMELA MARGARITA HERRERA MACAYA,PPD,2.0,False
1590347,PELARCO,PELARCO,GIMNASIO MUNICIPAL,2V,YW.UNIDAD POR EL APRUEBO PS PPD E INDEPENDIENTES,313. JOSE SEGUNDO ARAYA CARRASCO,PPD,5.0,False
1590348,PELARCO,PELARCO,GIMNASIO MUNICIPAL,2V,YW.UNIDAD POR EL APRUEBO PS PPD E INDEPENDIENTES,314. PAULO ANDRES VERGARA MORALES,PPD,3.0,False
1590349,PELARCO,PELARCO,GIMNASIO MUNICIPAL,2V,YW.UNIDAD POR EL APRUEBO PS PPD E INDEPENDIENTES,315. PEDRO FELIPE GONZALEZ VERGARA,PS,4.0,False
1590350,PELARCO,PELARCO,GIMNASIO MUNICIPAL,2V,YW.UNIDAD POR EL APRUEBO PS PPD E INDEPENDIENTES,316. VERONICA  ROJAS FONSECA,IND,7.0,True
1590351,PELARCO,PELARCO,GIMNASIO MUNICIPAL,2V,ZG.CHILE VAMOS EVOPOLI - INDEPENDIENTES,317. FRANCISCO QUINTEROS JEREZ,IND,3.0,False
1590352,PELARCO,PELARCO,GIMNASIO MUNICIPAL,2V,ZG.CHILE VAMOS EVOPOLI - INDEPENDIENTES,318. PAULA ANDREA AVILA ROMAN,IND,3.0,False
1590353,PELARCO,PELARCO,GIMNASIO MUNICIPAL,2V,ZG.CHILE VAMOS EVOPOLI - INDEPENDIENTES,319. IGNACIO PARDO ROJAS,IND,1.0,False
1590354,PELARCO,PELARCO,GIMNASIO MUNICIPAL,2V,ZG.CHILE VAMOS EVOPOLI - INDEPENDIENTES,320. EVELYN BEATRIZ SEPULVEDA CERON,IND,0.0,False
1590355,PELARCO,PELARCO,GIMNASIO MUNICIPAL,2V,ZG.CHILE VAMOS EVOPOLI - INDEPENDIENTES,321. JOSE MATIAS FUENTES FUENTES,IND,5.0,False
1590356,PELARCO,PELARCO,GIMNASIO MUNICIPAL,2V,ZJ.CHILE VAMOS UDI - INDEPENDIENTES,322. CAMILA ALEJANDRA DIAZ RIOS,UDI,6.0,True
1590357,PELARCO,PELARCO,GIMNASIO MUNICIPAL,2V,ZJ.CHILE VAMOS UDI - INDEPENDIENTES,323. RICARDO PATRICIO GOMEZ CASANOVA,UDI,18.0,True
1590358,PELARCO,PELARCO,GIMNASIO MUNICIPAL,2V,ZJ.CHILE VAMOS UDI - INDEPENDIENTES,324. CHRISTIAN ALFREDO ACUÑA HERRERA,IND,9.0,False
1590359,PELARCO,PELARCO,GIMNASIO MUNICIPAL,2V,ZJ.CHILE VAMOS UDI - INDEPENDIENTES,325. JUANA YOLANDA MUÑOZ MUÑOZ,IND,4.0,False
1590360,PELARCO,PELARCO,GIMNASIO MUNICIPAL,2V,ZJ.CHILE VAMOS UDI - INDEPENDIENTES,326. SILVANA PAOLA ROJAS JARA,IND,5.0,False
1590361,PELARCO,PELARCO,GIMNASIO MUNICIPAL,2V,ZJ.CHILE VAMOS UDI - INDEPENDIENTES,327. DIEGO ELISEO VALENZUELA CID,IND,8.0,False
1590362,PELARCO,PELARCO,GIMNASIO MUNICIPAL,3V,M.CHILE DIGNO VERDE Y SOBERANO,300. GUSTAVO ULISES VALDIVIA LEON,PCCH,0.0,False
1590363,PELARCO,PELARCO,GIMNASIO MUNICIPAL,3V,XK.CHILE VAMOS RENOVACION NACIONAL - INDEPENDIENTES,301. VICTOR ARCE ALFARO,RN,9.0,True
1590364,PELARCO,PELARCO,GIMNASIO MUNICIPAL,3V,XK.CHILE VAMOS RENOVACION NACIONAL - INDEPENDIENTES,302. CLAUDIA ANDREA BOBADILLA SALAS,IND,9.0,False
1590365,PELARCO,PELARCO,GIMNASIO MUNICIPAL,3V,XK.CHILE VAMOS RENOVACION NACIONAL - INDEPENDIENTES,303. IGNACIO ANTONIO MACHUCA FUENTES,IND,7.0,False
1590366,PELARCO,PELARCO,GIMNASIO MUNICIPAL,3V,XK.CHILE VAMOS RENOVACION NACIONAL - INDEPENDIENTES,304. VICTOR SAMUEL MOYA ROCO,IND,0.0,False
1590367,PELARCO,PELARCO,GIMNASIO MUNICIPAL,3V,XK.CHILE VAMOS RENOVACION NACIONAL - INDEPENDIENTES,305. LUIS PEREIRA REBOLLEDO,IND,3.0,False
1590368,PELARCO,PELARCO,GIMNASIO MUNICIPAL,3V,XU.UNIDOS POR LA DIGNIDAD,306. ISABEL FABIOLA PINO VIEDMA,PDC,5.0,False
1590369,PELARCO,PELARCO,GIMNASIO MUNICIPAL,3V,XU.UNIDOS POR LA DIGNIDAD,307. ROMUALDO EUSEBIO ABURTO LOYOLA,PDC,5.0,True
1590370,PELARCO,PELARCO,GIMNASIO MUNICIPAL,3V,XU.UNIDOS POR LA DIGNIDAD,308. MARIANA DEL CARMEN CASTILLO REYES,IND,1.0,False
1590371,PELARCO,PELARCO,GIMNASIO MUNICIPAL,3V,XU.UNIDOS POR LA DIGNIDAD,309. MARCELA MARGARITA GUTIERREZ GONZALEZ,IND,12.0,True
1590372,PELARCO,PELARCO,GIMNASIO MUNICIPAL,3V,XU.UNIDOS POR LA DIGNIDAD,310. HECTOR PATRICIO CONTRERAS GONZALEZ,IND,7.0,False
1590373,PELARCO,PELARCO,GIMNASIO MUNICIPAL,3V,XU.UNIDOS POR LA DIGNIDAD,311. MARIELA DEL CARMEN ROSALES MORA,IND,2.0,False
1590374,PELARCO,PELARCO,GIMNASIO MUNICIPAL,3V,YW.UNIDAD POR EL APRUEBO PS PPD E INDEPENDIENTES,312. PAMELA MARGARITA HERRERA MACAYA,PPD,2.0,False
1590375,PELARCO,PELARCO,GIMNASIO MUNICIPAL,3V,YW.UNIDAD POR EL APRUEBO PS PPD E INDEPENDIENTES,313. JOSE SEGUNDO ARAYA CARRASCO,PPD,4.0,False
1590376,PELARCO,PELARCO,GIMNASIO MUNICIPAL,3V,YW.UNIDAD POR EL APRUEBO PS PPD E INDEPENDIENTES,314. PAULO ANDRES VERGARA MORALES,PPD,4.0,False
1590377,PELARCO,PELARCO,GIMNASIO MUNICIPAL,3V,YW.UNIDAD POR EL APRUEBO PS PPD E INDEPENDIENTES,315. PEDRO FELIPE GONZALEZ VERGARA,PS,6.0,False
1590378,PELARCO,PELARCO,GIMNASIO MUNICIPAL,3V,YW.UNIDAD POR EL APRUEBO PS PPD E INDEPENDIENTES,316. VERONICA  ROJAS FONSECA,IND,8.0,True
1590379,PELARCO,PELARCO,GIMNASIO MUNICIPAL,3V,ZG.CHILE VAMOS EVOPOLI - INDEPENDIENTES,317. FRANCISCO QUINTEROS JEREZ,IND,7.0,False
1590380,PELARCO,PELARCO,GIMNASIO MUNICIPAL,3V,ZG.CHILE VAMOS EVOPOLI - INDEPENDIENTES,318. PAULA ANDREA AVILA ROMAN,IND,0.0,False
1590381,PELARCO,PELARCO,GIMNASIO MUNICIPAL,3V,ZG.CHILE VAMOS EVOPOLI - INDEPENDIENTES,319. IGNACIO PARDO ROJAS,IND,0.0,False
1590382,PELARCO,PELARCO,GIMNASIO MUNICIPAL,3V,ZG.CHILE VAMOS EVOPOLI - INDEPENDIENTES,320. EVELYN BEATRIZ SEPULVEDA CERON,IND,1.0,False
1590383,PELARCO,PELARCO,GIMNASIO MUNICIPAL,3V,ZG.CHILE VAMOS EVOPOLI - INDEPENDIENTES,321. JOSE MATIAS FUENTES FUENTES,IND,2.0,False
1590384,PELARCO,PELARCO,GIMNASIO MUNICIPAL,3V,ZJ.CHILE VAMOS UDI - INDEPENDIENTES,322. CAMILA ALEJANDRA DIAZ RIOS,UDI,15.0,True
1590385,PELARCO,PELARCO,GIMNASIO MUNICIPAL,3V,ZJ.CHILE VAMOS UDI - INDEPENDIENTES,323. RICARDO PATRICIO GOMEZ CASANOVA,UDI,26.0,True
1590386,PELARCO,PELARCO,GIMNASIO MUNICIPAL,3V,ZJ.CHILE VAMOS UDI - INDEPENDIENTES,324. CHRISTIAN ALFREDO ACUÑA HERRERA,IND,9.0,False
1590387,PELARCO,PELARCO,GIMNASIO MUNICIPAL,3V,ZJ.CHILE VAMOS UDI - INDEPENDIENTES,325. JUANA YOLANDA MUÑOZ MUÑOZ,IND,1.0,False
1590388,PELARCO,PELARCO,GIMNASIO MUNICIPAL,3V,ZJ.CHILE VAMOS UDI - INDEPENDIENTES,326. SILVANA PAOLA ROJAS JARA,IND,0.0,False
1590389,PELARCO,PELARCO,GIMNASIO MUNICIPAL,3V,ZJ.CHILE VAMOS UDI - INDEPENDIENTES,327. DIEGO ELISEO VALENZUELA CID,IND,6.0,False
1590390,PELARCO,PELARCO,GIMNASIO MUNICIPAL,4V,M.CHILE DIGNO VERDE Y SOBERANO,300. GUSTAVO ULISES VALDIVIA LEON,PCCH,1.0,False
1590391,PELARCO,PELARCO,GIMNASIO MUNICIPAL,4V,XK.CHILE VAMOS RENOVACION NACIONAL - INDEPENDIENTES,301. VICTOR ARCE ALFARO,RN,13.0,True
1590392,PELARCO,PELARCO,GIMNASIO MUNICIPAL,4V,XK.CHILE VAMOS RENOVACION NACIONAL - INDEPENDIENTES,302. CLAUDIA ANDREA BOBADILLA SALAS,IND,11.0,False
1590393,PELARCO,PELARCO,GIMNASIO MUNICIPAL,4V,XK.CHILE VAMOS RENOVACION NACIONAL - INDEPENDIENTES,303. IGNACIO ANTONIO MACHUCA FUENTES,IND,7.0,False
1590394,PELARCO,PELARCO,GIMNASIO MUNICIPAL,4V,XK.CHILE VAMOS RENOVACION NACIONAL - INDEPENDIENTES,304. VICTOR SAMUEL MOYA ROCO,IND,0.0,False
1590395,PELARCO,PELARCO,GIMNASIO MUNICIPAL,4V,XK.CHILE VAMOS RENOVACION NACIONAL - INDEPENDIENTES,305. LUIS PEREIRA REBOLLEDO,IND,2.0,False
1590396,PELARCO,PELARCO,GIMNASIO MUNICIPAL,4V,XU.UNIDOS POR LA DIGNIDAD,306. ISABEL FABIOLA PINO VIEDMA,PDC,4.0,False
1590397,PELARCO,PELARCO,GIMNASIO MUNICIPAL,4V,XU.UNIDOS POR LA DIGNIDAD,307. ROMUALDO EUSEBIO ABURTO LOYOLA,PDC,8.0,True
1590398,PELARCO,PELARCO,GIMNASIO MUNICIPAL,4V,XU.UNIDOS POR LA DIGNIDAD,308. MARIANA DEL CARMEN CASTILLO REYES,IND,0.0,False
1590399,PELARCO,PELARCO,GIMNASIO MUNICIPAL,4V,XU.UNIDOS POR LA DIGNIDAD,309. MARCELA MARGARITA GUTIERREZ GONZALEZ,IND,20.0,True
1590400,PELARCO,PELARCO,GIMNASIO MUNICIPAL,4V,XU.UNIDOS POR LA DIGNIDAD,310. HECTOR PATRICIO CONTRERAS GONZALEZ,IND,7.0,False
1590401,PELARCO,PELARCO,GIMNASIO MUNICIPAL,4V,XU.UNIDOS POR LA DIGNIDAD,311. MARIELA DEL CARMEN ROSALES MORA,IND,0.0,False
1590402,PELARCO,PELARCO,GIMNASIO MUNICIPAL,4V,YW.UNIDAD POR EL APRUEBO PS PPD E INDEPENDIENTES,312. PAMELA MARGARITA HERRERA MACAYA,PPD,5.0,False
1590403,PELARCO,PELARCO,GIMNASIO MUNICIPAL,4V,YW.UNIDAD POR EL APRUEBO PS PPD E INDEPENDIENTES,313. JOSE SEGUNDO ARAYA CARRASCO,PPD,6.0,False
1590404,PELARCO,PELARCO,GIMNASIO MUNICIPAL,4V,YW.UNIDAD POR EL APRUEBO PS PPD E INDEPENDIENTES,314. PAULO ANDRES VERGARA MORALES,PPD,2.0,False
1590405,PELARCO,PELARCO,GIMNASIO MUNICIPAL,4V,YW.UNIDAD POR EL APRUEBO PS PPD E INDEPENDIENTES,315. PEDRO FELIPE GONZALEZ VERGARA,PS,6.0,False
1590406,PELARCO,PELARCO,GIMNASIO MUNICIPAL,4V,YW.UNIDAD POR EL APRUEBO PS PPD E INDEPENDIENTES,316. VERONICA  ROJAS FONSECA,IND,5.0,True
1590407,PELARCO,PELARCO,GIMNASIO MUNICIPAL,4V,ZG.CHILE VAMOS EVOPOLI - INDEPENDIENTES,317. FRANCISCO QUINTEROS JEREZ,IND,5.0,False
1590408,PELARCO,PELARCO,GIMNASIO MUNICIPAL,4V,ZG.CHILE VAMOS EVOPOLI - INDEPENDIENTES,318. PAULA ANDREA AVILA ROMAN,IND,2.0,False
1590409,PELARCO,PELARCO,GIMNASIO MUNICIPAL,4V,ZG.CHILE VAMOS EVOPOLI - INDEPENDIENTES,319. IGNACIO PARDO ROJAS,IND,1.0,False
1590410,PELARCO,PELARCO,GIMNASIO MUNICIPAL,4V,ZG.CHILE VAMOS EVOPOLI - INDEPENDIENTES,320. EVELYN BEATRIZ SEPULVEDA CERON,IND,0.0,False
1590411,PELARCO,PELARCO,GIMNASIO MUNICIPAL,4V,ZG.CHILE VAMOS EVOPOLI - INDEPENDIENTES,321. JOSE MATIAS FUENTES FUENTES,IND,3.0,False
1590412,PELARCO,PELARCO,GIMNASIO MUNICIPAL,4V,ZJ.CHILE VAMOS UDI - INDEPENDIENTES,322. CAMILA ALEJANDRA DIAZ RIOS,UDI,14.0,True
1590413,PELARCO,PELARCO,GIMNASIO MUNICIPAL,4V,ZJ.CHILE VAMOS UDI - INDEPENDIENTES,323. RICARDO PATRICIO GOMEZ CASANOVA,UDI,23.0,True
1590414,PELARCO,PELARCO,GIMNASIO MUNICIPAL,4V,ZJ.CHILE VAMOS UDI - INDEPENDIENTES,324. CHRISTIAN ALFREDO ACUÑA HERRERA,IND,7.0,False
1590415,PELARCO,PELARCO,GIMNASIO MUNICIPAL,4V,ZJ.CHILE VAMOS UDI - INDEPENDIENTES,325. JUANA YOLANDA MUÑOZ MUÑOZ,IND,6.0,False
1590416,PELARCO,PELARCO,GIMNASIO MUNICIPAL,4V,ZJ.CHILE VAMOS UDI - INDEPENDIENTES,326. SILVANA PAOLA ROJAS JARA,IND,2.0,False
1590417,PELARCO,PELARCO,GIMNASIO MUNICIPAL,4V,ZJ.CHILE VAMOS UDI - INDEPENDIENTES,327. DIEGO ELISEO VALENZUELA CID,IND,3.0,False
1590418,PELARCO,PELARCO,GIMNASIO MUNICIPAL,5V,M.CHILE DIGNO VERDE Y SOBERANO,300. GUSTAVO ULISES VALDIVIA LEON,PCCH,2.0,False
1590419,PELARCO,PELARCO,GIMNASIO MUNICIPAL,5V,XK.CHILE VAMOS RENOVACION NACIONAL - INDEPENDIENTES,301. VICTOR ARCE ALFARO,RN,6.0,True
1590420,PELARCO,PELARCO,GIMNASIO MUNICIPAL,5V,XK.CHILE VAMOS RENOVACION NACIONAL - INDEPENDIENTES,302. CLAUDIA ANDREA BOBADILLA SALAS,IND,10.0,False
1590421,PELARCO,PELARCO,GIMNASIO MUNICIPAL,5V,XK.CHILE VAMOS RENOVACION NACIONAL - INDEPENDIENTES,303. IGNACIO ANTONIO MACHUCA FUENTES,IND,9.0,False
1590422,PELARCO,PELARCO,GIMNASIO MUNICIPAL,5V,XK.CHILE VAMOS RENOVACION NACIONAL - INDEPENDIENTES,304. VICTOR SAMUEL MOYA ROCO,IND,1.0,False
1590423,PELARCO,PELARCO,GIMNASIO MUNICIPAL,5V,XK.CHILE VAMOS RENOVACION NACIONAL - INDEPENDIENTES,305. LUIS PEREIRA REBOLLEDO,IND,2.0,False
1590424,PELARCO,PELARCO,GIMNASIO MUNICIPAL,5V,XU.UNIDOS POR LA DIGNIDAD,306. ISABEL FABIOLA PINO VIEDMA,PDC,2.0,False
1590425,PELARCO,PELARCO,GIMNASIO MUNICIPAL,5V,XU.UNIDOS POR LA DIGNIDAD,307. ROMUALDO EUSEBIO ABURTO LOYOLA,PDC,5.0,True
1590426,PELARCO,PELARCO,GIMNASIO MUNICIPAL,5V,XU.UNIDOS POR LA DIGNIDAD,308. MARIANA DEL CARMEN CASTILLO REYES,IND,2.0,False
1590427,PELARCO,PELARCO,GIMNASIO MUNICIPAL,5V,XU.UNIDOS POR LA DIGNIDAD,309. MARCELA MARGARITA GUTIERREZ GONZALEZ,IND,14.0,True
1590428,PELARCO,PELARCO,GIMNASIO MUNICIPAL,5V,XU.UNIDOS POR LA DIGNIDAD,310. HECTOR PATRICIO CONTRERAS GONZALEZ,IND,6.0,False
1590429,PELARCO,PELARCO,GIMNASIO MUNICIPAL,5V,XU.UNIDOS POR LA DIGNIDAD,311. MARIELA DEL CARMEN ROSALES MORA,IND,4.0,False
1590430,PELARCO,PELARCO,GIMNASIO MUNICIPAL,5V,YW.UNIDAD POR EL APRUEBO PS PPD E INDEPENDIENTES,312. PAMELA MARGARITA HERRERA MACAYA,PPD,5.0,False
1590431,PELARCO,PELARCO,GIMNASIO MUNICIPAL,5V,YW.UNIDAD POR EL APRUEBO PS PPD E INDEPENDIENTES,313. JOSE SEGUNDO ARAYA CARRASCO,PPD,7.0,False
1590432,PELARCO,PELARCO,GIMNASIO MUNICIPAL,5V,YW.UNIDAD POR EL APRUEBO PS PPD E INDEPENDIENTES,314. PAULO ANDRES VERGARA MORALES,PPD,5.0,False
1590433,PELARCO,PELARCO,GIMNASIO MUNICIPAL,5V,YW.UNIDAD POR EL APRUEBO PS PPD E INDEPENDIENTES,315. PEDRO FELIPE GONZALEZ VERGARA,PS,4.0,False
1590434,PELARCO,PELARCO,GIMNASIO MUNICIPAL,5V,YW.UNIDAD POR EL APRUEBO PS PPD E INDEPENDIENTES,316. VERONICA  ROJAS FONSECA,IND,7.0,True
1590435,PELARCO,PELARCO,GIMNASIO MUNICIPAL,5V,ZG.CHILE VAMOS EVOPOLI - INDEPENDIENTES,317. FRANCISCO QUINTEROS JEREZ,IND,4.0,False
1590436,PELARCO,PELARCO,GIMNASIO MUNICIPAL,5V,ZG.CHILE VAMOS EVOPOLI - INDEPENDIENTES,318. PAULA ANDREA AVILA ROMAN,IND,1.0,False
1590437,PELARCO,PELARCO,GIMNASIO MUNICIPAL,5V,ZG.CHILE VAMOS EVOPOLI - INDEPENDIENTES,319. IGNACIO PARDO ROJAS,IND,1.0,False
1590438,PELARCO,PELARCO,GIMNASIO MUNICIPAL,5V,ZG.CHILE VAMOS EVOPOLI - INDEPENDIENTES,320. EVELYN BEATRIZ SEPULVEDA CERON,IND,1.0,False
1590439,PELARCO,PELARCO,GIMNASIO MUNICIPAL,5V,ZG.CHILE VAMOS EVOPOLI - INDEPENDIENTES,321. JOSE MATIAS FUENTES FUENTES,IND,4.0,False
1590440,PELARCO,PELARCO,GIMNASIO MUNICIPAL,5V,ZJ.CHILE VAMOS UDI - INDEPENDIENTES,322. CAMILA ALEJANDRA DIAZ RIOS,UDI,5.0,True
1590441,PELARCO,PELARCO,GIMNASIO MUNICIPAL,5V,ZJ.CHILE VAMOS UDI - INDEPENDIENTES,323. RICARDO PATRICIO GOMEZ CASANOVA,UDI,27.0,True
1590442,PELARCO,PELARCO,GIMNASIO MUNICIPAL,5V,ZJ.CHILE VAMOS UDI - INDEPENDIENTES,324. CHRISTIAN ALFREDO ACUÑA HERRERA,IND,4.0,False
1590443,PELARCO,PELARCO,GIMNASIO MUNICIPAL,5V,ZJ.CHILE VAMOS UDI - INDEPENDIENTES,325. JUANA YOLANDA MUÑOZ MUÑOZ,IND,4.0,False
1590444,PELARCO,PELARCO,GIMNASIO MUNICIPAL,5V,ZJ.CHILE VAMOS UDI - INDEPENDIENTES,326. SILVANA PAOLA ROJAS JARA,IND,3.0,False
1590445,PELARCO,PELARCO,GIMNASIO MUNICIPAL,5V,ZJ.CHILE VAMOS UDI - INDEPENDIENTES,327. DIEGO ELISEO VALENZUELA CID,IND,4.0,False
1590446,PELARCO,PELARCO,GIMNASIO MUNICIPAL,6V,M.CHILE DIGNO VERDE Y SOBERANO,300. GUSTAVO ULISES VALDIVIA LEON,PCCH,1.0,False
1590447,PELARCO,PELARCO,GIMNASIO MUNICIPAL,6V,XK.CHILE VAMOS RENOVACION NACIONAL - INDEPENDIENTES,301. VICTOR ARCE ALFARO,RN,6.0,True
1590448,PELARCO,PELARCO,GIMNASIO MUNICIPAL,6V,XK.CHILE VAMOS RENOVACION NACIONAL - INDEPENDIENTES,302. CLAUDIA ANDREA BOBADILLA SALAS,IND,5.0,False
1590449,PELARCO,PELARCO,GIMNASIO MUNICIPAL,6V,XK.CHILE VAMOS RENOVACION NACIONAL - INDEPENDIENTES,303. IGNACIO ANTONIO MACHUCA FUENTES,IND,12.0,False
1590450,PELARCO,PELARCO,GIMNASIO MUNICIPAL,6V,XK.CHILE VAMOS RENOVACION NACIONAL - INDEPENDIENTES,304. VICTOR SAMUEL MOYA ROCO,IND,2.0,False
1590451,PELARCO,PELARCO,GIMNASIO MUNICIPAL,6V,XK.CHILE VAMOS RENOVACION NACIONAL - INDEPENDIENTES,305. LUIS PEREIRA REBOLLEDO,IND,2.0,False
1590452,PELARCO,PELARCO,GIMNASIO MUNICIPAL,6V,XU.UNIDOS POR LA DIGNIDAD,306. ISABEL FABIOLA PINO VIEDMA,PDC,4.0,False
1590453,PELARCO,PELARCO,GIMNASIO MUNICIPAL,6V,XU.UNIDOS POR LA DIGNIDAD,307. ROMUALDO EUSEBIO ABURTO LOYOLA,PDC,3.0,True
1590454,PELARCO,PELARCO,GIMNASIO MUNICIPAL,6V,XU.UNIDOS POR LA DIGNIDAD,308. MARIANA DEL CARMEN CASTILLO REYES,IND,1.0,False
1590455,PELARCO,PELARCO,GIMNASIO MUNICIPAL,6V,XU.UNIDOS POR LA DIGNIDAD,309. MARCELA MARGARITA GUTIERREZ GONZALEZ,IND,12.0,True
1590456,PELARCO,PELARCO,GIMNASIO MUNICIPAL,6V,XU.UNIDOS POR LA DIGNIDAD,310. HECTOR PATRICIO CONTRERAS GONZALEZ,IND,2.0,False
1590457,PELARCO,PELARCO,GIMNASIO MUNICIPAL,6V,XU.UNIDOS POR LA DIGNIDAD,311. MARIELA DEL CARMEN ROSALES MORA,IND,4.0,False
1590458,PELARCO,PELARCO,GIMNASIO MUNICIPAL,6V,YW.UNIDAD POR EL APRUEBO PS PPD E INDEPENDIENTES,312. PAMELA MARGARITA HERRERA MACAYA,PPD,4.0,False
1590459,PELARCO,PELARCO,GIMNASIO MUNICIPAL,6V,YW.UNIDAD POR EL APRUEBO PS PPD E INDEPENDIENTES,313. JOSE SEGUNDO ARAYA CARRASCO,PPD,8.0,False
1590460,PELARCO,PELARCO,GIMNASIO MUNICIPAL,6V,YW.UNIDAD POR EL APRUEBO PS PPD E INDEPENDIENTES,314. PAULO ANDRES VERGARA MORALES,PPD,3.0,False
1590461,PELARCO,PELARCO,GIMNASIO MUNICIPAL,6V,YW.UNIDAD POR EL APRUEBO PS PPD E INDEPENDIENTES,315. PEDRO FELIPE GONZALEZ VERGARA,PS,9.0,False
1590462,PELARCO,PELARCO,GIMNASIO MUNICIPAL,6V,YW.UNIDAD POR EL APRUEBO PS PPD E INDEPENDIENTES,316. VERONICA  ROJAS FONSECA,IND,13.0,True
1590463,PELARCO,PELARCO,GIMNASIO MUNICIPAL,6V,ZG.CHILE VAMOS EVOPOLI - INDEPENDIENTES,317. FRANCISCO QUINTEROS JEREZ,IND,3.0,False
1590464,PELARCO,PELARCO,GIMNASIO MUNICIPAL,6V,ZG.CHILE VAMOS EVOPOLI - INDEPENDIENTES,318. PAULA ANDREA AVILA ROMAN,IND,0.0,False
1590465,PELARCO,PELARCO,GIMNASIO MUNICIPAL,6V,ZG.CHILE VAMOS EVOPOLI - INDEPENDIENTES,319. IGNACIO PARDO ROJAS,IND,1.0,False
1590466,PELARCO,PELARCO,GIMNASIO MUNICIPAL,6V,ZG.CHILE VAMOS EVOPOLI - INDEPENDIENTES,320. EVELYN BEATRIZ SEPULVEDA CERON,IND,0.0,False
1590467,PELARCO,PELARCO,GIMNASIO MUNICIPAL,6V,ZG.CHILE VAMOS EVOPOLI - INDEPENDIENTES,321. JOSE MATIAS FUENTES FUENTES,IND,9.0,False
1590468,PELARCO,PELARCO,GIMNASIO MUNICIPAL,6V,ZJ.CHILE VAMOS UDI - INDEPENDIENTES,322. CAMILA ALEJANDRA DIAZ RIOS,UDI,9.0,True
1590469,PELARCO,PELARCO,GIMNASIO MUNICIPAL,6V,ZJ.CHILE VAMOS UDI - INDEPENDIENTES,323. RICARDO PATRICIO GOMEZ CASANOVA,UDI,20.0,True
1590470,PELARCO,PELARCO,GIMNASIO MUNICIPAL,6V,ZJ.CHILE VAMOS UDI - INDEPENDIENTES,324. CHRISTIAN ALFREDO ACUÑA HERRERA,IND,4.0,False
1590471,PELARCO,PELARCO,GIMNASIO MUNICIPAL,6V,ZJ.CHILE VAMOS UDI - INDEPENDIENTES,325. JUANA YOLANDA MUÑOZ MUÑOZ,IND,1.0,False
1590472,PELARCO,PELARCO,GIMNASIO MUNICIPAL,6V,ZJ.CHILE VAMOS UDI - INDEPENDIENTES,326. SILVANA PAOLA ROJAS JARA,IND,1.0,False
1590473,PELARCO,PELARCO,GIMNASIO MUNICIPAL,6V,ZJ.CHILE VAMOS UDI - INDEPENDIENTES,327. DIEGO ELISEO VALENZUELA CID,IND,4.0,False
1590474,PELARCO,PELARCO,GIMNASIO MUNICIPAL,7V,M.CHILE DIGNO VERDE Y SOBERANO,300. GUSTAVO ULISES VALDIVIA LEON,PCCH,2.0,False
1590475,PELARCO,PELARCO,GIMNASIO MUNICIPAL,7V,XK.CHILE VAMOS RENOVACION NACIONAL - INDEPENDIENTES,301. VICTOR ARCE ALFARO,RN,3.0,True
1590476,PELARCO,PELARCO,GIMNASIO MUNICIPAL,7V,XK.CHILE VAMOS RENOVACION NACIONAL - INDEPENDIENTES,302. CLAUDIA ANDREA BOBADILLA SALAS,IND,13.0,False
1590477,PELARCO,PELARCO,GIMNASIO MUNICIPAL,7V,XK.CHILE VAMOS RENOVACION NACIONAL - INDEPENDIENTES,303. IGNACIO ANTONIO MACHUCA FUENTES,IND,2.0,False
1590478,PELARCO,PELARCO,GIMNASIO MUNICIPAL,7V,XK.CHILE VAMOS RENOVACION NACIONAL - INDEPENDIENTES,304. VICTOR SAMUEL MOYA ROCO,IND,1.0,False
1590479,PELARCO,PELARCO,GIMNASIO MUNICIPAL,7V,XK.CHILE VAMOS RENOVACION NACIONAL - INDEPENDIENTES,305. LUIS PEREIRA REBOLLEDO,IND,3.0,False
1590480,PELARCO,PELARCO,GIMNASIO MUNICIPAL,7V,XU.UNIDOS POR LA DIGNIDAD,306. ISABEL FABIOLA PINO VIEDMA,PDC,6.0,False
1590481,PELARCO,PELARCO,GIMNASIO MUNICIPAL,7V,XU.UNIDOS POR LA DIGNIDAD,307. ROMUALDO EUSEBIO ABURTO LOYOLA,PDC,3.0,True
1590482,PELARCO,PELARCO,GIMNASIO MUNICIPAL,7V,XU.UNIDOS POR LA DIGNIDAD,308. MARIANA DEL CARMEN CASTILLO REYES,IND,1.0,False
1590483,PELARCO,PELARCO,GIMNASIO MUNICIPAL,7V,XU.UNIDOS POR LA DIGNIDAD,309. MARCELA MARGARITA GUTIERREZ GONZALEZ,IND,14.0,True
1590484,PELARCO,PELARCO,GIMNASIO MUNICIPAL,7V,XU.UNIDOS POR LA DIGNIDAD,310. HECTOR PATRICIO CONTRERAS GONZALEZ,IND,9.0,False
1590485,PELARCO,PELARCO,GIMNASIO MUNICIPAL,7V,XU.UNIDOS POR LA DIGNIDAD,311. MARIELA DEL CARMEN ROSALES MORA,IND,4.0,False
1590486,PELARCO,PELARCO,GIMNASIO MUNICIPAL,7V,YW.UNIDAD POR EL APRUEBO PS PPD E INDEPENDIENTES,312. PAMELA MARGARITA HERRERA MACAYA,PPD,7.0,False
1590487,PELARCO,PELARCO,GIMNASIO MUNICIPAL,7V,YW.UNIDAD POR EL APRUEBO PS PPD E INDEPENDIENTES,313. JOSE SEGUNDO ARAYA CARRASCO,PPD,7.0,False
1590488,PELARCO,PELARCO,GIMNASIO MUNICIPAL,7V,YW.UNIDAD POR EL APRUEBO PS PPD E INDEPENDIENTES,314. PAULO ANDRES VERGARA MORALES,PPD,3.0,False
1590489,PELARCO,PELARCO,GIMNASIO MUNICIPAL,7V,YW.UNIDAD POR EL APRUEBO PS PPD E INDEPENDIENTES,315. PEDRO FELIPE GONZALEZ VERGARA,PS,7.0,False
1590490,PELARCO,PELARCO,GIMNASIO MUNICIPAL,7V,YW.UNIDAD POR EL APRUEBO PS PPD E INDEPENDIENTES,316. VERONICA  ROJAS FONSECA,IND,6.0,True
1590491,PELARCO,PELARCO,GIMNASIO MUNICIPAL,7V,ZG.CHILE VAMOS EVOPOLI - INDEPENDIENTES,317. FRANCISCO QUINTEROS JEREZ,IND,4.0,False
1590492,PELARCO,PELARCO,GIMNASIO MUNICIPAL,7V,ZG.CHILE VAMOS EVOPOLI - INDEPENDIENTES,318. PAULA ANDREA AVILA ROMAN,IND,2.0,False
1590493,PELARCO,PELARCO,GIMNASIO MUNICIPAL,7V,ZG.CHILE VAMOS EVOPOLI - INDEPENDIENTES,319. IGNACIO PARDO ROJAS,IND,5.0,False
1590494,PELARCO,PELARCO,GIMNASIO MUNICIPAL,7V,ZG.CHILE VAMOS EVOPOLI - INDEPENDIENTES,320. EVELYN BEATRIZ SEPULVEDA CERON,IND,0.0,False
1590495,PELARCO,PELARCO,GIMNASIO MUNICIPAL,7V,ZG.CHILE VAMOS EVOPOLI - INDEPENDIENTES,321. JOSE MATIAS FUENTES FUENTES,IND,11.0,False
1590496,PELARCO,PELARCO,GIMNASIO MUNICIPAL,7V,ZJ.CHILE VAMOS UDI - INDEPENDIENTES,322. CAMILA ALEJANDRA DIAZ RIOS,UDI,4.0,True
1590497,PELARCO,PELARCO,GIMNASIO MUNICIPAL,7V,ZJ.CHILE VAMOS UDI - INDEPENDIENTES,323. RICARDO PATRICIO GOMEZ CASANOVA,UDI,21.0,True
1590498,PELARCO,PELARCO,GIMNASIO MUNICIPAL,7V,ZJ.CHILE VAMOS UDI - INDEPENDIENTES,324. CHRISTIAN ALFREDO ACUÑA HERRERA,IND,7.0,False
1590499,PELARCO,PELARCO,GIMNASIO MUNICIPAL,7V,ZJ.CHILE VAMOS UDI - INDEPENDIENTES,325. JUANA YOLANDA MUÑOZ MUÑOZ,IND,1.0,False
1590500,PELARCO,PELARCO,GIMNASIO MUNICIPAL,7V,ZJ.CHILE VAMOS UDI - INDEPENDIENTES,326. SILVANA PAOLA ROJAS JARA,IND,5.0,False
1590501,PELARCO,PELARCO,GIMNASIO MUNICIPAL,7V,ZJ.CHILE VAMOS UDI - INDEPENDIENTES,327. DIEGO ELISEO VALENZUELA CID,IND,2.0,False
1590502,PELARCO,PELARCO,GIMNASIO MUNICIPAL,8V,M.CHILE DIGNO VERDE Y SOBERANO,300. GUSTAVO ULISES VALDIVIA LEON,PCCH,4.0,False
1590503,PELARCO,PELARCO,GIMNASIO MUNICIPAL,8V,XK.CHILE VAMOS RENOVACION NACIONAL - INDEPENDIENTES,301. VICTOR ARCE ALFARO,RN,8.0,True
1590504,PELARCO,PELARCO,GIMNASIO MUNICIPAL,8V,XK.CHILE VAMOS RENOVACION NACIONAL - INDEPENDIENTES,302. CLAUDIA ANDREA BOBADILLA SALAS,IND,5.0,False
1590505,PELARCO,PELARCO,GIMNASIO MUNICIPAL,8V,XK.CHILE VAMOS RENOVACION NACIONAL - INDEPENDIENTES,303. IGNACIO ANTONIO MACHUCA FUENTES,IND,3.0,False
1590506,PELARCO,PELARCO,GIMNASIO MUNICIPAL,8V,XK.CHILE VAMOS RENOVACION NACIONAL - INDEPENDIENTES,304. VICTOR SAMUEL MOYA ROCO,IND,2.0,False
1590507,PELARCO,PELARCO,GIMNASIO MUNICIPAL,8V,XK.CHILE VAMOS RENOVACION NACIONAL - INDEPENDIENTES,305. LUIS PEREIRA REBOLLEDO,IND,1.0,False
1590508,PELARCO,PELARCO,GIMNASIO MUNICIPAL,8V,XU.UNIDOS POR LA DIGNIDAD,306. ISABEL FABIOLA PINO VIEDMA,PDC,4.0,False
1590509,PELARCO,PELARCO,GIMNASIO MUNICIPAL,8V,XU.UNIDOS POR LA DIGNIDAD,307. ROMUALDO EUSEBIO ABURTO LOYOLA,PDC,5.0,True
1590510,PELARCO,PELARCO,GIMNASIO MUNICIPAL,8V,XU.UNIDOS POR LA DIGNIDAD,308. MARIANA DEL CARMEN CASTILLO REYES,IND,1.0,False
1590511,PELARCO,PELARCO,GIMNASIO MUNICIPAL,8V,XU.UNIDOS POR LA DIGNIDAD,309. MARCELA MARGARITA GUTIERREZ GONZALEZ,IND,8.0,True
1590512,PELARCO,PELARCO,GIMNASIO MUNICIPAL,8V,XU.UNIDOS POR LA DIGNIDAD,310. HECTOR PATRICIO CONTRERAS GONZALEZ,IND,4.0,False
1590513,PELARCO,PELARCO,GIMNASIO MUNICIPAL,8V,XU.UNIDOS POR LA DIGNIDAD,311. MARIELA DEL CARMEN ROSALES MORA,IND,4.0,False
1590514,PELARCO,PELARCO,GIMNASIO MUNICIPAL,8V,YW.UNIDAD POR EL APRUEBO PS PPD E INDEPENDIENTES,312. PAMELA MARGARITA HERRERA MACAYA,PPD,3.0,False
1590515,PELARCO,PELARCO,GIMNASIO MUNICIPAL,8V,YW.UNIDAD POR EL APRUEBO PS PPD E INDEPENDIENTES,313. JOSE SEGUNDO ARAYA CARRASCO,PPD,7.0,False
1590516,PELARCO,PELARCO,GIMNASIO MUNICIPAL,8V,YW.UNIDAD POR EL APRUEBO PS PPD E INDEPENDIENTES,314. PAULO ANDRES VERGARA MORALES,PPD,3.0,False
1590517,PELARCO,PELARCO,GIMNASIO MUNICIPAL,8V,YW.UNIDAD POR EL APRUEBO PS PPD E INDEPENDIENTES,315. PEDRO FELIPE GONZALEZ VERGARA,PS,9.0,False
1590518,PELARCO,PELARCO,GIMNASIO MUNICIPAL,8V,YW.UNIDAD POR EL APRUEBO PS PPD E INDEPENDIENTES,316. VERONICA  ROJAS FONSECA,IND,8.0,True
1590519,PELARCO,PELARCO,GIMNASIO MUNICIPAL,8V,ZG.CHILE VAMOS EVOPOLI - INDEPENDIENTES,317. FRANCISCO QUINTEROS JEREZ,IND,1.0,False
1590520,PELARCO,PELARCO,GIMNASIO MUNICIPAL,8V,ZG.CHILE VAMOS EVOPOLI - INDEPENDIENTES,318. PAULA ANDREA AVILA ROMAN,IND,0.0,False
1590521,PELARCO,PELARCO,GIMNASIO MUNICIPAL,8V,ZG.CHILE VAMOS EVOPOLI - INDEPENDIENTES,319. IGNACIO PARDO ROJAS,IND,2.0,False
1590522,PELARCO,PELARCO,GIMNASIO MUNICIPAL,8V,ZG.CHILE VAMOS EVOPOLI - INDEPENDIENTES,320. EVELYN BEATRIZ SEPULVEDA CERON,IND,0.0,False
1590523,PELARCO,PELARCO,GIMNASIO MUNICIPAL,8V,ZG.CHILE VAMOS EVOPOLI - INDEPENDIENTES,321. JOSE MATIAS FUENTES FUENTES,IND,7.0,False
1590524,PELARCO,PELARCO,GIMNASIO MUNICIPAL,8V,ZJ.CHILE VAMOS UDI - INDEPENDIENTES,322. CAMILA ALEJANDRA DIAZ RIOS,UDI,11.0,True
1590525,PELARCO,PELARCO,GIMNASIO MUNICIPAL,8V,ZJ.CHILE VAMOS UDI - INDEPENDIENTES,323. RICARDO PATRICIO GOMEZ CASANOVA,UDI,10.0,True
1590526,PELARCO,PELARCO,GIMNASIO MUNICIPAL,8V,ZJ.CHILE VAMOS UDI - INDEPENDIENTES,324. CHRISTIAN ALFREDO ACUÑA HERRERA,IND,3.0,False
1590527,PELARCO,PELARCO,GIMNASIO MUNICIPAL,8V,ZJ.CHILE VAMOS UDI - INDEPENDIENTES,325. JUANA YOLANDA MUÑOZ MUÑOZ,IND,0.0,False
1590528,PELARCO,PELARCO,GIMNASIO MUNICIPAL,8V,ZJ.CHILE VAMOS UDI - INDEPENDIENTES,326. SILVANA PAOLA ROJAS JARA,IND,2.0,False
1590529,PELARCO,PELARCO,GIMNASIO MUNICIPAL,8V,ZJ.CHILE VAMOS UDI - INDEPENDIENTES,327. DIEGO ELISEO VALENZUELA CID,IND,3.0,False
1590530,PELARCO,PELARCO,GIMNASIO MUNICIPAL,9V,M.CHILE DIGNO VERDE Y SOBERANO,300. GUSTAVO ULISES VALDIVIA LEON,PCCH,5.0,False
1590531,PELARCO,PELARCO,GIMNASIO MUNICIPAL,9V,XK.CHILE VAMOS RENOVACION NACIONAL - INDEPENDIENTES,301. VICTOR ARCE ALFARO,RN,5.0,True
1590532,PELARCO,PELARCO,GIMNASIO MUNICIPAL,9V,XK.CHILE VAMOS RENOVACION NACIONAL - INDEPENDIENTES,302. CLAUDIA ANDREA BOBADILLA SALAS,IND,3.0,False
1590533,PELARCO,PELARCO,GIMNASIO MUNICIPAL,9V,XK.CHILE VAMOS RENOVACION NACIONAL - INDEPENDIENTES,303. IGNACIO ANTONIO MACHUCA FUENTES,IND,5.0,False
1590534,PELARCO,PELARCO,GIMNASIO MUNICIPAL,9V,XK.CHILE VAMOS RENOVACION NACIONAL - INDEPENDIENTES,304. VICTOR SAMUEL MOYA ROCO,IND,1.0,False
1590535,PELARCO,PELARCO,GIMNASIO MUNICIPAL,9V,XK.CHILE VAMOS RENOVACION NACIONAL - INDEPENDIENTES,305. LUIS PEREIRA REBOLLEDO,IND,5.0,False
1590536,PELARCO,PELARCO,GIMNASIO MUNICIPAL,9V,XU.UNIDOS POR LA DIGNIDAD,306. ISABEL FABIOLA PINO VIEDMA,PDC,7.0,False
1590537,PELARCO,PELARCO,GIMNASIO MUNICIPAL,9V,XU.UNIDOS POR LA DIGNIDAD,307. ROMUALDO EUSEBIO ABURTO LOYOLA,PDC,4.0,True
1590538,PELARCO,PELARCO,GIMNASIO MUNICIPAL,9V,XU.UNIDOS POR LA DIGNIDAD,308. MARIANA DEL CARMEN CASTILLO REYES,IND,0.0,False
1590539,PELARCO,PELARCO,GIMNASIO MUNICIPAL,9V,XU.UNIDOS POR LA DIGNIDAD,309. MARCELA MARGARITA GUTIERREZ GONZALEZ,IND,14.0,True
1590540,PELARCO,PELARCO,GIMNASIO MUNICIPAL,9V,XU.UNIDOS POR LA DIGNIDAD,310. HECTOR PATRICIO CONTRERAS GONZALEZ,IND,2.0,False
1590541,PELARCO,PELARCO,GIMNASIO MUNICIPAL,9V,XU.UNIDOS POR LA DIGNIDAD,311. MARIELA DEL CARMEN ROSALES MORA,IND,3.0,False
1590542,PELARCO,PELARCO,GIMNASIO MUNICIPAL,9V,YW.UNIDAD POR EL APRUEBO PS PPD E INDEPENDIENTES,312. PAMELA MARGARITA HERRERA MACAYA,PPD,3.0,False
1590543,PELARCO,PELARCO,GIMNASIO MUNICIPAL,9V,YW.UNIDAD POR EL APRUEBO PS PPD E INDEPENDIENTES,313. JOSE SEGUNDO ARAYA CARRASCO,PPD,9.0,False
1590544,PELARCO,PELARCO,GIMNASIO MUNICIPAL,9V,YW.UNIDAD POR EL APRUEBO PS PPD E INDEPENDIENTES,314. PAULO ANDRES VERGARA MORALES,PPD,2.0,False
1590545,PELARCO,PELARCO,GIMNASIO MUNICIPAL,9V,YW.UNIDAD POR EL APRUEBO PS PPD E INDEPENDIENTES,315. PEDRO FELIPE GONZALEZ VERGARA,PS,7.0,False
1590546,PELARCO,PELARCO,GIMNASIO MUNICIPAL,9V,YW.UNIDAD POR EL APRUEBO PS PPD E INDEPENDIENTES,316. VERONICA  ROJAS FONSECA,IND,8.0,True
1590547,PELARCO,PELARCO,GIMNASIO MUNICIPAL,9V,ZG.CHILE VAMOS EVOPOLI - INDEPENDIENTES,317. FRANCISCO QUINTEROS JEREZ,IND,5.0,False
1590548,PELARCO,PELARCO,GIMNASIO MUNICIPAL,9V,ZG.CHILE VAMOS EVOPOLI - INDEPENDIENTES,318. PAULA ANDREA AVILA ROMAN,IND,0.0,False
1590549,PELARCO,PELARCO,GIMNASIO MUNICIPAL,9V,ZG.CHILE VAMOS EVOPOLI - INDEPENDIENTES,319. IGNACIO PARDO ROJAS,IND,1.0,False
1590550,PELARCO,PELARCO,GIMNASIO MUNICIPAL,9V,ZG.CHILE VAMOS EVOPOLI - INDEPENDIENTES,320. EVELYN BEATRIZ SEPULVEDA CERON,IND,0.0,False
1590551,PELARCO,PELARCO,GIMNASIO MUNICIPAL,9V,ZG.CHILE VAMOS EVOPOLI - INDEPENDIENTES,321. JOSE MATIAS FUENTES FUENTES,IND,10.0,False
1590552,PELARCO,PELARCO,GIMNASIO MUNICIPAL,9V,ZJ.CHILE VAMOS UDI - INDEPENDIENTES,322. CAMILA ALEJANDRA DIAZ RIOS,UDI,8.0,True
1590553,PELARCO,PELARCO,GIMNASIO MUNICIPAL,9V,ZJ.CHILE VAMOS UDI - INDEPENDIENTES,323. RICARDO PATRICIO GOMEZ CASANOVA,UDI,30.0,True
1590554,PELARCO,PELARCO,GIMNASIO MUNICIPAL,9V,ZJ.CHILE VAMOS UDI - INDEPENDIENTES,324. CHRISTIAN ALFREDO ACUÑA HERRERA,IND,5.0,False
1590555,PELARCO,PELARCO,GIMNASIO MUNICIPAL,9V,ZJ.CHILE VAMOS UDI - INDEPENDIENTES,325. JUANA YOLANDA MUÑOZ MUÑOZ,IND,1.0,False
1590556,PELARCO,PELARCO,GIMNASIO MUNICIPAL,9V,ZJ.CHILE VAMOS UDI - INDEPENDIENTES,326. SILVANA PAOLA ROJAS JARA,IND,4.0,False
1590557,PELARCO,PELARCO,GIMNASIO MUNICIPAL,9V,ZJ.CHILE VAMOS UDI - INDEPENDIENTES,327. DIEGO ELISEO VALENZUELA CID,IND,2.0,False
1590558,PELARCO,PELARCO,GIMNASIO MUNICIPAL,10V,M.CHILE DIGNO VERDE Y SOBERANO,300. GUSTAVO ULISES VALDIVIA LEON,PCCH,3.0,False
1590559,PELARCO,PELARCO,GIMNASIO MUNICIPAL,10V,XK.CHILE VAMOS RENOVACION NACIONAL - INDEPENDIENTES,301. VICTOR ARCE ALFARO,RN,8.0,True
1590560,PELARCO,PELARCO,GIMNASIO MUNICIPAL,10V,XK.CHILE VAMOS RENOVACION NACIONAL - INDEPENDIENTES,302. CLAUDIA ANDREA BOBADILLA SALAS,IND,2.0,False
1590561,PELARCO,PELARCO,GIMNASIO MUNICIPAL,10V,XK.CHILE VAMOS RENOVACION NACIONAL - INDEPENDIENTES,303. IGNACIO ANTONIO MACHUCA FUENTES,IND,4.0,False
1590562,PELARCO,PELARCO,GIMNASIO MUNICIPAL,10V,XK.CHILE VAMOS RENOVACION NACIONAL - INDEPENDIENTES,304. VICTOR SAMUEL MOYA ROCO,IND,1.0,False
1590563,PELARCO,PELARCO,GIMNASIO MUNICIPAL,10V,XK.CHILE VAMOS RENOVACION NACIONAL - INDEPENDIENTES,305. LUIS PEREIRA REBOLLEDO,IND,1.0,False
1590564,PELARCO,PELARCO,GIMNASIO MUNICIPAL,10V,XU.UNIDOS POR LA DIGNIDAD,306. ISABEL FABIOLA PINO VIEDMA,PDC,3.0,False
1590565,PELARCO,PELARCO,GIMNASIO MUNICIPAL,10V,XU.UNIDOS POR LA DIGNIDAD,307. ROMUALDO EUSEBIO ABURTO LOYOLA,PDC,3.0,True
1590566,PELARCO,PELARCO,GIMNASIO MUNICIPAL,10V,XU.UNIDOS POR LA DIGNIDAD,308. MARIANA DEL CARMEN CASTILLO REYES,IND,1.0,False
1590567,PELARCO,PELARCO,GIMNASIO MUNICIPAL,10V,XU.UNIDOS POR LA DIGNIDAD,309. MARCELA MARGARITA GUTIERREZ GONZALEZ,IND,17.0,True
1590568,PELARCO,PELARCO,GIMNASIO MUNICIPAL,10V,XU.UNIDOS POR LA DIGNIDAD,310. HECTOR PATRICIO CONTRERAS GONZALEZ,IND,4.0,False
1590569,PELARCO,PELARCO,GIMNASIO MUNICIPAL,10V,XU.UNIDOS POR LA DIGNIDAD,311. MARIELA DEL CARMEN ROSALES MORA,IND,3.0,False
1590570,PELARCO,PELARCO,GIMNASIO MUNICIPAL,10V,YW.UNIDAD POR EL APRUEBO PS PPD E INDEPENDIENTES,312. PAMELA MARGARITA HERRERA MACAYA,PPD,5.0,False
1590571,PELARCO,PELARCO,GIMNASIO MUNICIPAL,10V,YW.UNIDAD POR EL APRUEBO PS PPD E INDEPENDIENTES,313. JOSE SEGUNDO ARAYA CARRASCO,PPD,9.0,False
1590572,PELARCO,PELARCO,GIMNASIO MUNICIPAL,10V,YW.UNIDAD POR EL APRUEBO PS PPD E INDEPENDIENTES,314. PAULO ANDRES VERGARA MORALES,PPD,2.0,False
1590573,PELARCO,PELARCO,GIMNASIO MUNICIPAL,10V,YW.UNIDAD POR EL APRUEBO PS PPD E INDEPENDIENTES,315. PEDRO FELIPE GONZALEZ VERGARA,PS,5.0,False
1590574,PELARCO,PELARCO,GIMNASIO MUNICIPAL,10V,YW.UNIDAD POR EL APRUEBO PS PPD E INDEPENDIENTES,316. VERONICA  ROJAS FONSECA,IND,10.0,True
1590575,PELARCO,PELARCO,GIMNASIO MUNICIPAL,10V,ZG.CHILE VAMOS EVOPOLI - INDEPENDIENTES,317. FRANCISCO QUINTEROS JEREZ,IND,6.0,False
1590576,PELARCO,PELARCO,GIMNASIO MUNICIPAL,10V,ZG.CHILE VAMOS EVOPOLI - INDEPENDIENTES,318. PAULA ANDREA AVILA ROMAN,IND,1.0,False
1590577,PELARCO,PELARCO,GIMNASIO MUNICIPAL,10V,ZG.CHILE VAMOS EVOPOLI - INDEPENDIENTES,319. IGNACIO PARDO ROJAS,IND,2.0,False
1590578,PELARCO,PELARCO,GIMNASIO MUNICIPAL,10V,ZG.CHILE VAMOS EVOPOLI - INDEPENDIENTES,320. EVELYN BEATRIZ SEPULVEDA CERON,IND,1.0,False
1590579,PELARCO,PELARCO,GIMNASIO MUNICIPAL,10V,ZG.CHILE VAMOS EVOPOLI - INDEPENDIENTES,321. JOSE MATIAS FUENTES FUENTES,IND,9.0,False
1590580,PELARCO,PELARCO,GIMNASIO MUNICIPAL,10V,ZJ.CHILE VAMOS UDI - INDEPENDIENTES,322. CAMILA ALEJANDRA DIAZ RIOS,UDI,8.0,True
1590581,PELARCO,PELARCO,GIMNASIO MUNICIPAL,10V,ZJ.CHILE VAMOS UDI - INDEPENDIENTES,323. RICARDO PATRICIO GOMEZ CASANOVA,UDI,15.0,True
1590582,PELARCO,PELARCO,GIMNASIO MUNICIPAL,10V,ZJ.CHILE VAMOS UDI - INDEPENDIENTES,324. CHRISTIAN ALFREDO ACUÑA HERRERA,IND,5.0,False
1590583,PELARCO,PELARCO,GIMNASIO MUNICIPAL,10V,ZJ.CHILE VAMOS UDI - INDEPENDIENTES,325. JUANA YOLANDA MUÑOZ MUÑOZ,IND,0.0,False
1590584,PELARCO,PELARCO,GIMNASIO MUNICIPAL,10V,ZJ.CHILE VAMOS UDI - INDEPENDIENTES,326. SILVANA PAOLA ROJAS JARA,IND,3.0,False
1590585,PELARCO,PELARCO,GIMNASIO MUNICIPAL,10V,ZJ.CHILE VAMOS UDI - INDEPENDIENTES,327. DIEGO ELISEO VALENZUELA CID,IND,0.0,False
1590586,PELARCO,PELARCO,LICEO DE PELARCO,1M,M.CHILE DIGNO VERDE Y SOBERANO,300. GUSTAVO ULISES VALDIVIA LEON,PCCH,0.0,False
1590587,PELARCO,PELARCO,LICEO DE PELARCO,1M,XK.CHILE VAMOS RENOVACION NACIONAL - INDEPENDIENTES,301. VICTOR ARCE ALFARO,RN,5.0,True
1590588,PELARCO,PELARCO,LICEO DE PELARCO,1M,XK.CHILE VAMOS RENOVACION NACIONAL - INDEPENDIENTES,302. CLAUDIA ANDREA BOBADILLA SALAS,IND,8.0,False
1590589,PELARCO,PELARCO,LICEO DE PELARCO,1M,XK.CHILE VAMOS RENOVACION NACIONAL - INDEPENDIENTES,303. IGNACIO ANTONIO MACHUCA FUENTES,IND,2.0,False
1590590,PELARCO,PELARCO,LICEO DE PELARCO,1M,XK.CHILE VAMOS RENOVACION NACIONAL - INDEPENDIENTES,304. VICTOR SAMUEL MOYA ROCO,IND,3.0,False
1590591,PELARCO,PELARCO,LICEO DE PELARCO,1M,XK.CHILE VAMOS RENOVACION NACIONAL - INDEPENDIENTES,305. LUIS PEREIRA REBOLLEDO,IND,2.0,False
1590592,PELARCO,PELARCO,LICEO DE PELARCO,1M,XU.UNIDOS POR LA DIGNIDAD,306. ISABEL FABIOLA PINO VIEDMA,PDC,3.0,False
1590593,PELARCO,PELARCO,LICEO DE PELARCO,1M,XU.UNIDOS POR LA DIGNIDAD,307. ROMUALDO EUSEBIO ABURTO LOYOLA,PDC,7.0,True
1590594,PELARCO,PELARCO,LICEO DE PELARCO,1M,XU.UNIDOS POR LA DIGNIDAD,308. MARIANA DEL CARMEN CASTILLO REYES,IND,0.0,False
1590595,PELARCO,PELARCO,LICEO DE PELARCO,1M,XU.UNIDOS POR LA DIGNIDAD,309. MARCELA MARGARITA GUTIERREZ GONZALEZ,IND,10.0,True
1590596,PELARCO,PELARCO,LICEO DE PELARCO,1M,XU.UNIDOS POR LA DIGNIDAD,310. HECTOR PATRICIO CONTRERAS GONZALEZ,IND,3.0,False
1590597,PELARCO,PELARCO,LICEO DE PELARCO,1M,XU.UNIDOS POR LA DIGNIDAD,311. MARIELA DEL CARMEN ROSALES MORA,IND,2.0,False
1590598,PELARCO,PELARCO,LICEO DE PELARCO,1M,YW.UNIDAD POR EL APRUEBO PS PPD E INDEPENDIENTES,312. PAMELA MARGARITA HERRERA MACAYA,PPD,6.0,False
1590599,PELARCO,PELARCO,LICEO DE PELARCO,1M,YW.UNIDAD POR EL APRUEBO PS PPD E INDEPENDIENTES,313. JOSE SEGUNDO ARAYA CARRASCO,PPD,3.0,False
1590600,PELARCO,PELARCO,LICEO DE PELARCO,1M,YW.UNIDAD POR EL APRUEBO PS PPD E INDEPENDIENTES,314. PAULO ANDRES VERGARA MORALES,PPD,2.0,False
1590601,PELARCO,PELARCO,LICEO DE PELARCO,1M,YW.UNIDAD POR EL APRUEBO PS PPD E INDEPENDIENTES,315. PEDRO FELIPE GONZALEZ VERGARA,PS,4.0,False
1590602,PELARCO,PELARCO,LICEO DE PELARCO,1M,YW.UNIDAD POR EL APRUEBO PS PPD E INDEPENDIENTES,316. VERONICA  ROJAS FONSECA,IND,8.0,True
1590603,PELARCO,PELARCO,LICEO DE PELARCO,1M,ZG.CHILE VAMOS EVOPOLI - INDEPENDIENTES,317. FRANCISCO QUINTEROS JEREZ,IND,4.0,False
1590604,PELARCO,PELARCO,LICEO DE PELARCO,1M,ZG.CHILE VAMOS EVOPOLI - INDEPENDIENTES,318. PAULA ANDREA AVILA ROMAN,IND,0.0,False
1590605,PELARCO,PELARCO,LICEO DE PELARCO,1M,ZG.CHILE VAMOS EVOPOLI - INDEPENDIENTES,319. IGNACIO PARDO ROJAS,IND,2.0,False
1590606,PELARCO,PELARCO,LICEO DE PELARCO,1M,ZG.CHILE VAMOS EVOPOLI - INDEPENDIENTES,320. EVELYN BEATRIZ SEPULVEDA CERON,IND,1.0,False
1590607,PELARCO,PELARCO,LICEO DE PELARCO,1M,ZG.CHILE VAMOS EVOPOLI - INDEPENDIENTES,321. JOSE MATIAS FUENTES FUENTES,IND,6.0,False
1590608,PELARCO,PELARCO,LICEO DE PELARCO,1M,ZJ.CHILE VAMOS UDI - INDEPENDIENTES,322. CAMILA ALEJANDRA DIAZ RIOS,UDI,11.0,True
1590609,PELARCO,PELARCO,LICEO DE PELARCO,1M,ZJ.CHILE VAMOS UDI - INDEPENDIENTES,323. RICARDO PATRICIO GOMEZ CASANOVA,UDI,15.0,True
1590610,PELARCO,PELARCO,LICEO DE PELARCO,1M,ZJ.CHILE VAMOS UDI - INDEPENDIENTES,324. CHRISTIAN ALFREDO ACUÑA HERRERA,IND,7.0,False
1590611,PELARCO,PELARCO,LICEO DE PELARCO,1M,ZJ.CHILE VAMOS UDI - INDEPENDIENTES,325. JUANA YOLANDA MUÑOZ MUÑOZ,IND,2.0,False
1590612,PELARCO,PELARCO,LICEO DE PELARCO,1M,ZJ.CHILE VAMOS UDI - INDEPENDIENTES,326. SILVANA PAOLA ROJAS JARA,IND,2.0,False
1590613,PELARCO,PELARCO,LICEO DE PELARCO,1M,ZJ.CHILE VAMOS UDI - INDEPENDIENTES,327. DIEGO ELISEO VALENZUELA CID,IND,6.0,False
1590614,PELARCO,PELARCO,LICEO DE PELARCO,2M,M.CHILE DIGNO VERDE Y SOBERANO,300. GUSTAVO ULISES VALDIVIA LEON,PCCH,,False
1590615,PELARCO,PELARCO,LICEO DE PELARCO,2M,XK.CHILE VAMOS RENOVACION NACIONAL - INDEPENDIENTES,301. VICTOR ARCE ALFARO,RN,7.0,True
1590616,PELARCO,PELARCO,LICEO DE PELARCO,2M,XK.CHILE VAMOS RENOVACION NACIONAL - INDEPENDIENTES,302. CLAUDIA ANDREA BOBADILLA SALAS,IND,14.0,False
1590617,PELARCO,PELARCO,LICEO DE PELARCO,2M,XK.CHILE VAMOS RENOVACION NACIONAL - INDEPENDIENTES,303. IGNACIO ANTONIO MACHUCA FUENTES,IND,4.0,False
1590618,PELARCO,PELARCO,LICEO DE PELARCO,2M,XK.CHILE VAMOS RENOVACION NACIONAL - INDEPENDIENTES,304. VICTOR SAMUEL MOYA ROCO,IND,1.0,False
1590619,PELARCO,PELARCO,LICEO DE PELARCO,2M,XK.CHILE VAMOS RENOVACION NACIONAL - INDEPENDIENTES,305. LUIS PEREIRA REBOLLEDO,IND,2.0,False
1590620,PELARCO,PELARCO,LICEO DE PELARCO,2M,XU.UNIDOS POR LA DIGNIDAD,306. ISABEL FABIOLA PINO VIEDMA,PDC,4.0,False
1590621,PELARCO,PELARCO,LICEO DE PELARCO,2M,XU.UNIDOS POR LA DIGNIDAD,307. ROMUALDO EUSEBIO ABURTO LOYOLA,PDC,10.0,True
1590622,PELARCO,PELARCO,LICEO DE PELARCO,2M,XU.UNIDOS POR LA DIGNIDAD,308. MARIANA DEL CARMEN CASTILLO REYES,IND,4.0,False
1590623,PELARCO,PELARCO,LICEO DE PELARCO,2M,XU.UNIDOS POR LA DIGNIDAD,309. MARCELA MARGARITA GUTIERREZ GONZALEZ,IND,15.0,True
1590624,PELARCO,PELARCO,LICEO DE PELARCO,2M,XU.UNIDOS POR LA DIGNIDAD,310. HECTOR PATRICIO CONTRERAS GONZALEZ,IND,3.0,False
1590625,PELARCO,PELARCO,LICEO DE PELARCO,2M,XU.UNIDOS POR LA DIGNIDAD,311. MARIELA DEL CARMEN ROSALES MORA,IND,3.0,False
1590626,PELARCO,PELARCO,LICEO DE PELARCO,2M,YW.UNIDAD POR EL APRUEBO PS PPD E INDEPENDIENTES,312. PAMELA MARGARITA HERRERA MACAYA,PPD,,False
1590627,PELARCO,PELARCO,LICEO DE PELARCO,2M,YW.UNIDAD POR EL APRUEBO PS PPD E INDEPENDIENTES,313. JOSE SEGUNDO ARAYA CARRASCO,PPD,2.0,False
1590628,PELARCO,PELARCO,LICEO DE PELARCO,2M,YW.UNIDAD POR EL APRUEBO PS PPD E INDEPENDIENTES,314. PAULO ANDRES VERGARA MORALES,PPD,1.0,False
1590629,PELARCO,PELARCO,LICEO DE PELARCO,2M,YW.UNIDAD POR EL APRUEBO PS PPD E INDEPENDIENTES,315. PEDRO FELIPE GONZALEZ VERGARA,PS,3.0,False
1590630,PELARCO,PELARCO,LICEO DE PELARCO,2M,YW.UNIDAD POR EL APRUEBO PS PPD E INDEPENDIENTES,316. VERONICA  ROJAS FONSECA,IND,11.0,True
1590631,PELARCO,PELARCO,LICEO DE PELARCO,2M,ZG.CHILE VAMOS EVOPOLI - INDEPENDIENTES,317. FRANCISCO QUINTEROS JEREZ,IND,7.0,False
1590632,PELARCO,PELARCO,LICEO DE PELARCO,2M,ZG.CHILE VAMOS EVOPOLI - INDEPENDIENTES,318. PAULA ANDREA AVILA ROMAN,IND,2.0,False
1590633,PELARCO,PELARCO,LICEO DE PELARCO,2M,ZG.CHILE VAMOS EVOPOLI - INDEPENDIENTES,319. IGNACIO PARDO ROJAS,IND,,False
1590634,PELARCO,PELARCO,LICEO DE PELARCO,2M,ZG.CHILE VAMOS EVOPOLI - INDEPENDIENTES,320. EVELYN BEATRIZ SEPULVEDA CERON,IND,,False
1590635,PELARCO,PELARCO,LICEO DE PELARCO,2M,ZG.CHILE VAMOS EVOPOLI - INDEPENDIENTES,321. JOSE MATIAS FUENTES FUENTES,IND,5.0,False
1590636,PELARCO,PELARCO,LICEO DE PELARCO,2M,ZJ.CHILE VAMOS UDI - INDEPENDIENTES,322. CAMILA ALEJANDRA DIAZ RIOS,UDI,10.0,True
1590637,PELARCO,PELARCO,LICEO DE PELARCO,2M,ZJ.CHILE VAMOS UDI - INDEPENDIENTES,323. RICARDO PATRICIO GOMEZ CASANOVA,UDI,20.0,True
1590638,PELARCO,PELARCO,LICEO DE PELARCO,2M,ZJ.CHILE VAMOS UDI - INDEPENDIENTES,324. CHRISTIAN ALFREDO ACUÑA HERRERA,IND,7.0,False
1590639,PELARCO,PELARCO,LICEO DE PELARCO,2M,ZJ.CHILE VAMOS UDI - INDEPENDIENTES,325. JUANA YOLANDA MUÑOZ MUÑOZ,IND,7.0,False
1590640,PELARCO,PELARCO,LICEO DE PELARCO,2M,ZJ.CHILE VAMOS UDI - INDEPENDIENTES,326. SILVANA PAOLA ROJAS JARA,IND,7.0,False
1590641,PELARCO,PELARCO,LICEO DE PELARCO,2M,ZJ.CHILE VAMOS UDI - INDEPENDIENTES,327. DIEGO ELISEO VALENZUELA CID,IND,5.0,False
1590642,PELARCO,PELARCO,LICEO DE PELARCO,3M,M.CHILE DIGNO VERDE Y SOBERANO,300. GUSTAVO ULISES VALDIVIA LEON,PCCH,2.0,False
1590643,PELARCO,PELARCO,LICEO DE PELARCO,3M,XK.CHILE VAMOS RENOVACION NACIONAL - INDEPENDIENTES,301. VICTOR ARCE ALFARO,RN,10.0,True
1590644,PELARCO,PELARCO,LICEO DE PELARCO,3M,XK.CHILE VAMOS RENOVACION NACIONAL - INDEPENDIENTES,302. CLAUDIA ANDREA BOBADILLA SALAS,IND,8.0,False
1590645,PELARCO,PELARCO,LICEO DE PELARCO,3M,XK.CHILE VAMOS RENOVACION NACIONAL - INDEPENDIENTES,303. IGNACIO ANTONIO MACHUCA FUENTES,IND,2.0,False
1590646,PELARCO,PELARCO,LICEO DE PELARCO,3M,XK.CHILE VAMOS RENOVACION NACIONAL - INDEPENDIENTES,304. VICTOR SAMUEL MOYA ROCO,IND,1.0,False
1590647,PELARCO,PELARCO,LICEO DE PELARCO,3M,XK.CHILE VAMOS RENOVACION NACIONAL - INDEPENDIENTES,305. LUIS PEREIRA REBOLLEDO,IND,2.0,False
1590648,PELARCO,PELARCO,LICEO DE PELARCO,3M,XU.UNIDOS POR LA DIGNIDAD,306. ISABEL FABIOLA PINO VIEDMA,PDC,1.0,False
1590649,PELARCO,PELARCO,LICEO DE PELARCO,3M,XU.UNIDOS POR LA DIGNIDAD,307. ROMUALDO EUSEBIO ABURTO LOYOLA,PDC,5.0,True
1590650,PELARCO,PELARCO,LICEO DE PELARCO,3M,XU.UNIDOS POR LA DIGNIDAD,308. MARIANA DEL CARMEN CASTILLO REYES,IND,1.0,False
1590651,PELARCO,PELARCO,LICEO DE PELARCO,3M,XU.UNIDOS POR LA DIGNIDAD,309. MARCELA MARGARITA GUTIERREZ GONZALEZ,IND,11.0,True
1590652,PELARCO,PELARCO,LICEO DE PELARCO,3M,XU.UNIDOS POR LA DIGNIDAD,310. HECTOR PATRICIO CONTRERAS GONZALEZ,IND,2.0,False
1590653,PELARCO,PELARCO,LICEO DE PELARCO,3M,XU.UNIDOS POR LA DIGNIDAD,311. MARIELA DEL CARMEN ROSALES MORA,IND,4.0,False
1590654,PELARCO,PELARCO,LICEO DE PELARCO,3M,YW.UNIDAD POR EL APRUEBO PS PPD E INDEPENDIENTES,312. PAMELA MARGARITA HERRERA MACAYA,PPD,3.0,False
1590655,PELARCO,PELARCO,LICEO DE PELARCO,3M,YW.UNIDAD POR EL APRUEBO PS PPD E INDEPENDIENTES,313. JOSE SEGUNDO ARAYA CARRASCO,PPD,2.0,False
1590656,PELARCO,PELARCO,LICEO DE PELARCO,3M,YW.UNIDAD POR EL APRUEBO PS PPD E INDEPENDIENTES,314. PAULO ANDRES VERGARA MORALES,PPD,0.0,False
1590657,PELARCO,PELARCO,LICEO DE PELARCO,3M,YW.UNIDAD POR EL APRUEBO PS PPD E INDEPENDIENTES,315. PEDRO FELIPE GONZALEZ VERGARA,PS,4.0,False
1590658,PELARCO,PELARCO,LICEO DE PELARCO,3M,YW.UNIDAD POR EL APRUEBO PS PPD E INDEPENDIENTES,316. VERONICA  ROJAS FONSECA,IND,7.0,True
1590659,PELARCO,PELARCO,LICEO DE PELARCO,3M,ZG.CHILE VAMOS EVOPOLI - INDEPENDIENTES,317. FRANCISCO QUINTEROS JEREZ,IND,4.0,False
1590660,PELARCO,PELARCO,LICEO DE PELARCO,3M,ZG.CHILE VAMOS EVOPOLI - INDEPENDIENTES,318. PAULA ANDREA AVILA ROMAN,IND,1.0,False
1590661,PELARCO,PELARCO,LICEO DE PELARCO,3M,ZG.CHILE VAMOS EVOPOLI - INDEPENDIENTES,319. IGNACIO PARDO ROJAS,IND,2.0,False
1590662,PELARCO,PELARCO,LICEO DE PELARCO,3M,ZG.CHILE VAMOS EVOPOLI - INDEPENDIENTES,320. EVELYN BEATRIZ SEPULVEDA CERON,IND,0.0,False
1590663,PELARCO,PELARCO,LICEO DE PELARCO,3M,ZG.CHILE VAMOS EVOPOLI - INDEPENDIENTES,321. JOSE MATIAS FUENTES FUENTES,IND,6.0,False
1590664,PELARCO,PELARCO,LICEO DE PELARCO,3M,ZJ.CHILE VAMOS UDI - INDEPENDIENTES,322. CAMILA ALEJANDRA DIAZ RIOS,UDI,5.0,True
1590665,PELARCO,PELARCO,LICEO DE PELARCO,3M,ZJ.CHILE VAMOS UDI - INDEPENDIENTES,323. RICARDO PATRICIO GOMEZ CASANOVA,UDI,29.0,True
1590666,PELARCO,PELARCO,LICEO DE PELARCO,3M,ZJ.CHILE VAMOS UDI - INDEPENDIENTES,324. CHRISTIAN ALFREDO ACUÑA HERRERA,IND,7.0,False
1590667,PELARCO,PELARCO,LICEO DE PELARCO,3M,ZJ.CHILE VAMOS UDI - INDEPENDIENTES,325. JUANA YOLANDA MUÑOZ MUÑOZ,IND,1.0,False
1590668,PELARCO,PELARCO,LICEO DE PELARCO,3M,ZJ.CHILE VAMOS UDI - INDEPENDIENTES,326. SILVANA PAOLA ROJAS JARA,IND,2.0,False
1590669,PELARCO,PELARCO,LICEO DE PELARCO,3M,ZJ.CHILE VAMOS UDI - INDEPENDIENTES,327. DIEGO ELISEO VALENZUELA CID,IND,10.0,False
1590670,PELARCO,PELARCO,LICEO DE PELARCO,4M,M.CHILE DIGNO VERDE Y SOBERANO,300. GUSTAVO ULISES VALDIVIA LEON,PCCH,3.0,False
1590671,PELARCO,PELARCO,LICEO DE PELARCO,4M,XK.CHILE VAMOS RENOVACION NACIONAL - INDEPENDIENTES,301. VICTOR ARCE ALFARO,RN,12.0,True
1590672,PELARCO,PELARCO,LICEO DE PELARCO,4M,XK.CHILE VAMOS RENOVACION NACIONAL - INDEPENDIENTES,302. CLAUDIA ANDREA BOBADILLA SALAS,IND,11.0,False
1590673,PELARCO,PELARCO,LICEO DE PELARCO,4M,XK.CHILE VAMOS RENOVACION NACIONAL - INDEPENDIENTES,303. IGNACIO ANTONIO MACHUCA FUENTES,IND,5.0,False
1590674,PELARCO,PELARCO,LICEO DE PELARCO,4M,XK.CHILE VAMOS RENOVACION NACIONAL - INDEPENDIENTES,304. VICTOR SAMUEL MOYA ROCO,IND,2.0,False
1590675,PELARCO,PELARCO,LICEO DE PELARCO,4M,XK.CHILE VAMOS RENOVACION NACIONAL - INDEPENDIENTES,305. LUIS PEREIRA REBOLLEDO,IND,4.0,False
1590676,PELARCO,PELARCO,LICEO DE PELARCO,4M,XU.UNIDOS POR LA DIGNIDAD,306. ISABEL FABIOLA PINO VIEDMA,PDC,8.0,False
1590677,PELARCO,PELARCO,LICEO DE PELARCO,4M,XU.UNIDOS POR LA DIGNIDAD,307. ROMUALDO EUSEBIO ABURTO LOYOLA,PDC,5.0,True
1590678,PELARCO,PELARCO,LICEO DE PELARCO,4M,XU.UNIDOS POR LA DIGNIDAD,308. MARIANA DEL CARMEN CASTILLO REYES,IND,1.0,False
1590679,PELARCO,PELARCO,LICEO DE PELARCO,4M,XU.UNIDOS POR LA DIGNIDAD,309. MARCELA MARGARITA GUTIERREZ GONZALEZ,IND,14.0,True
1590680,PELARCO,PELARCO,LICEO DE PELARCO,4M,XU.UNIDOS POR LA DIGNIDAD,310. HECTOR PATRICIO CONTRERAS GONZALEZ,IND,7.0,False
1590681,PELARCO,PELARCO,LICEO DE PELARCO,4M,XU.UNIDOS POR LA DIGNIDAD,311. MARIELA DEL CARMEN ROSALES MORA,IND,3.0,False
1590682,PELARCO,PELARCO,LICEO DE PELARCO,4M,YW.UNIDAD POR EL APRUEBO PS PPD E INDEPENDIENTES,312. PAMELA MARGARITA HERRERA MACAYA,PPD,0.0,False
1590683,PELARCO,PELARCO,LICEO DE PELARCO,4M,YW.UNIDAD POR EL APRUEBO PS PPD E INDEPENDIENTES,313. JOSE SEGUNDO ARAYA CARRASCO,PPD,7.0,False
1590684,PELARCO,PELARCO,LICEO DE PELARCO,4M,YW.UNIDAD POR EL APRUEBO PS PPD E INDEPENDIENTES,314. PAULO ANDRES VERGARA MORALES,PPD,2.0,False
1590685,PELARCO,PELARCO,LICEO DE PELARCO,4M,YW.UNIDAD POR EL APRUEBO PS PPD E INDEPENDIENTES,315. PEDRO FELIPE GONZALEZ VERGARA,PS,5.0,False
1590686,PELARCO,PELARCO,LICEO DE PELARCO,4M,YW.UNIDAD POR EL APRUEBO PS PPD E INDEPENDIENTES,316. VERONICA  ROJAS FONSECA,IND,4.0,True
1590687,PELARCO,PELARCO,LICEO DE PELARCO,4M,ZG.CHILE VAMOS EVOPOLI - INDEPENDIENTES,317. FRANCISCO QUINTEROS JEREZ,IND,4.0,False
1590688,PELARCO,PELARCO,LICEO DE PELARCO,4M,ZG.CHILE VAMOS EVOPOLI - INDEPENDIENTES,318. PAULA ANDREA AVILA ROMAN,IND,1.0,False
1590689,PELARCO,PELARCO,LICEO DE PELARCO,4M,ZG.CHILE VAMOS EVOPOLI - INDEPENDIENTES,319. IGNACIO PARDO ROJAS,IND,1.0,False
1590690,PELARCO,PELARCO,LICEO DE PELARCO,4M,ZG.CHILE VAMOS EVOPOLI - INDEPENDIENTES,320. EVELYN BEATRIZ SEPULVEDA CERON,IND,1.0,False
1590691,PELARCO,PELARCO,LICEO DE PELARCO,4M,ZG.CHILE VAMOS EVOPOLI - INDEPENDIENTES,321. JOSE MATIAS FUENTES FUENTES,IND,11.0,False
1590692,PELARCO,PELARCO,LICEO DE PELARCO,4M,ZJ.CHILE VAMOS UDI - INDEPENDIENTES,322. CAMILA ALEJANDRA DIAZ RIOS,UDI,9.0,True
1590693,PELARCO,PELARCO,LICEO DE PELARCO,4M,ZJ.CHILE VAMOS UDI - INDEPENDIENTES,323. RICARDO PATRICIO GOMEZ CASANOVA,UDI,27.0,True
1590694,PELARCO,PELARCO,LICEO DE PELARCO,4M,ZJ.CHILE VAMOS UDI - INDEPENDIENTES,324. CHRISTIAN ALFREDO ACUÑA HERRERA,IND,8.0,False
1590695,PELARCO,PELARCO,LICEO DE PELARCO,4M,ZJ.CHILE VAMOS UDI - INDEPENDIENTES,325. JUANA YOLANDA MUÑOZ MUÑOZ,IND,3.0,False
1590696,PELARCO,PELARCO,LICEO DE PELARCO,4M,ZJ.CHILE VAMOS UDI - INDEPENDIENTES,326. SILVANA PAOLA ROJAS JARA,IND,3.0,False
1590697,PELARCO,PELARCO,LICEO DE PELARCO,4M,ZJ.CHILE VAMOS UDI - INDEPENDIENTES,327. DIEGO ELISEO VALENZUELA CID,IND,2.0,False
1590698,PELARCO,PELARCO,LICEO DE PELARCO,5M,M.CHILE DIGNO VERDE Y SOBERANO,300. GUSTAVO ULISES VALDIVIA LEON,PCCH,4.0,False
1590699,PELARCO,PELARCO,LICEO DE PELARCO,5M,XK.CHILE VAMOS RENOVACION NACIONAL - INDEPENDIENTES,301. VICTOR ARCE ALFARO,RN,14.0,True
1590700,PELARCO,PELARCO,LICEO DE PELARCO,5M,XK.CHILE VAMOS RENOVACION NACIONAL - INDEPENDIENTES,302. CLAUDIA ANDREA BOBADILLA SALAS,IND,3.0,False
1590701,PELARCO,PELARCO,LICEO DE PELARCO,5M,XK.CHILE VAMOS RENOVACION NACIONAL - INDEPENDIENTES,303. IGNACIO ANTONIO MACHUCA FUENTES,IND,6.0,False
1590702,PELARCO,PELARCO,LICEO DE PELARCO,5M,XK.CHILE VAMOS RENOVACION NACIONAL - INDEPENDIENTES,304. VICTOR SAMUEL MOYA ROCO,IND,3.0,False
1590703,PELARCO,PELARCO,LICEO DE PELARCO,5M,XK.CHILE VAMOS RENOVACION NACIONAL - INDEPENDIENTES,305. LUIS PEREIRA REBOLLEDO,IND,1.0,False
1590704,PELARCO,PELARCO,LICEO DE PELARCO,5M,XU.UNIDOS POR LA DIGNIDAD,306. ISABEL FABIOLA PINO VIEDMA,PDC,6.0,False
1590705,PELARCO,PELARCO,LICEO DE PELARCO,5M,XU.UNIDOS POR LA DIGNIDAD,307. ROMUALDO EUSEBIO ABURTO LOYOLA,PDC,4.0,True
1590706,PELARCO,PELARCO,LICEO DE PELARCO,5M,XU.UNIDOS POR LA DIGNIDAD,308. MARIANA DEL CARMEN CASTILLO REYES,IND,,False
1590707,PELARCO,PELARCO,LICEO DE PELARCO,5M,XU.UNIDOS POR LA DIGNIDAD,309. MARCELA MARGARITA GUTIERREZ GONZALEZ,IND,10.0,True
1590708,PELARCO,PELARCO,LICEO DE PELARCO,5M,XU.UNIDOS POR LA DIGNIDAD,310. HECTOR PATRICIO CONTRERAS GONZALEZ,IND,2.0,False
1590709,PELARCO,PELARCO,LICEO DE PELARCO,5M,XU.UNIDOS POR LA DIGNIDAD,311. MARIELA DEL CARMEN ROSALES MORA,IND,4.0,False
1590710,PELARCO,PELARCO,LICEO DE PELARCO,5M,YW.UNIDAD POR EL APRUEBO PS PPD E INDEPENDIENTES,312. PAMELA MARGARITA HERRERA MACAYA,PPD,3.0,False
1590711,PELARCO,PELARCO,LICEO DE PELARCO,5M,YW.UNIDAD POR EL APRUEBO PS PPD E INDEPENDIENTES,313. JOSE SEGUNDO ARAYA CARRASCO,PPD,9.0,False
1590712,PELARCO,PELARCO,LICEO DE PELARCO,5M,YW.UNIDAD POR EL APRUEBO PS PPD E INDEPENDIENTES,314. PAULO ANDRES VERGARA MORALES,PPD,1.0,False
1590713,PELARCO,PELARCO,LICEO DE PELARCO,5M,YW.UNIDAD POR EL APRUEBO PS PPD E INDEPENDIENTES,315. PEDRO FELIPE GONZALEZ VERGARA,PS,7.0,False
1590714,PELARCO,PELARCO,LICEO DE PELARCO,5M,YW.UNIDAD POR EL APRUEBO PS PPD E INDEPENDIENTES,316. VERONICA  ROJAS FONSECA,IND,3.0,True
1590715,PELARCO,PELARCO,LICEO DE PELARCO,5M,ZG.CHILE VAMOS EVOPOLI - INDEPENDIENTES,317. FRANCISCO QUINTEROS JEREZ,IND,7.0,False
1590716,PELARCO,PELARCO,LICEO DE PELARCO,5M,ZG.CHILE VAMOS EVOPOLI - INDEPENDIENTES,318. PAULA ANDREA AVILA ROMAN,IND,1.0,False
1590717,PELARCO,PELARCO,LICEO DE PELARCO,5M,ZG.CHILE VAMOS EVOPOLI - INDEPENDIENTES,319. IGNACIO PARDO ROJAS,IND,3.0,False
1590718,PELARCO,PELARCO,LICEO DE PELARCO,5M,ZG.CHILE VAMOS EVOPOLI - INDEPENDIENTES,320. EVELYN BEATRIZ SEPULVEDA CERON,IND,,False
1590719,PELARCO,PELARCO,LICEO DE PELARCO,5M,ZG.CHILE VAMOS EVOPOLI - INDEPENDIENTES,321. JOSE MATIAS FUENTES FUENTES,IND,6.0,False
1590720,PELARCO,PELARCO,LICEO DE PELARCO,5M,ZJ.CHILE VAMOS UDI - INDEPENDIENTES,322. CAMILA ALEJANDRA DIAZ RIOS,UDI,5.0,True
1590721,PELARCO,PELARCO,LICEO DE PELARCO,5M,ZJ.CHILE VAMOS UDI - INDEPENDIENTES,323. RICARDO PATRICIO GOMEZ CASANOVA,UDI,18.0,True
1590722,PELARCO,PELARCO,LICEO DE PELARCO,5M,ZJ.CHILE VAMOS UDI - INDEPENDIENTES,324. CHRISTIAN ALFREDO ACUÑA HERRERA,IND,9.0,False
1590723,PELARCO,PELARCO,LICEO DE PELARCO,5M,ZJ.CHILE VAMOS UDI - INDEPENDIENTES,325. JUANA YOLANDA MUÑOZ MUÑOZ,IND,2.0,False
1590724,PELARCO,PELARCO,LICEO DE PELARCO,5M,ZJ.CHILE VAMOS UDI - INDEPENDIENTES,326. SILVANA PAOLA ROJAS JARA,IND,3.0,False
1590725,PELARCO,PELARCO,LICEO DE PELARCO,5M,ZJ.CHILE VAMOS UDI - INDEPENDIENTES,327. DIEGO ELISEO VALENZUELA CID,IND,7.0,False
1590726,PELARCO,PELARCO,LICEO DE PELARCO,6M,M.CHILE DIGNO VERDE Y SOBERANO,300. GUSTAVO ULISES VALDIVIA LEON,PCCH,1.0,False
1590727,PELARCO,PELARCO,LICEO DE PELARCO,6M,XK.CHILE VAMOS RENOVACION NACIONAL - INDEPENDIENTES,301. VICTOR ARCE ALFARO,RN,10.0,True
1590728,PELARCO,PELARCO,LICEO DE PELARCO,6M,XK.CHILE VAMOS RENOVACION NACIONAL - INDEPENDIENTES,302. CLAUDIA ANDREA BOBADILLA SALAS,IND,10.0,False
1590729,PELARCO,PELARCO,LICEO DE PELARCO,6M,XK.CHILE VAMOS RENOVACION NACIONAL - INDEPENDIENTES,303. IGNACIO ANTONIO MACHUCA FUENTES,IND,2.0,False
1590730,PELARCO,PELARCO,LICEO DE PELARCO,6M,XK.CHILE VAMOS RENOVACION NACIONAL - INDEPENDIENTES,304. VICTOR SAMUEL MOYA ROCO,IND,0.0,False
1590731,PELARCO,PELARCO,LICEO DE PELARCO,6M,XK.CHILE VAMOS RENOVACION NACIONAL - INDEPENDIENTES,305. LUIS PEREIRA REBOLLEDO,IND,6.0,False
1590732,PELARCO,PELARCO,LICEO DE PELARCO,6M,XU.UNIDOS POR LA DIGNIDAD,306. ISABEL FABIOLA PINO VIEDMA,PDC,6.0,False
1590733,PELARCO,PELARCO,LICEO DE PELARCO,6M,XU.UNIDOS POR LA DIGNIDAD,307. ROMUALDO EUSEBIO ABURTO LOYOLA,PDC,4.0,True
1590734,PELARCO,PELARCO,LICEO DE PELARCO,6M,XU.UNIDOS POR LA DIGNIDAD,308. MARIANA DEL CARMEN CASTILLO REYES,IND,1.0,False
1590735,PELARCO,PELARCO,LICEO DE PELARCO,6M,XU.UNIDOS POR LA DIGNIDAD,309. MARCELA MARGARITA GUTIERREZ GONZALEZ,IND,18.0,True
1590736,PELARCO,PELARCO,LICEO DE PELARCO,6M,XU.UNIDOS POR LA DIGNIDAD,310. HECTOR PATRICIO CONTRERAS GONZALEZ,IND,4.0,False
1590737,PELARCO,PELARCO,LICEO DE PELARCO,6M,XU.UNIDOS POR LA DIGNIDAD,311. MARIELA DEL CARMEN ROSALES MORA,IND,3.0,False
1590738,PELARCO,PELARCO,LICEO DE PELARCO,6M,YW.UNIDAD POR EL APRUEBO PS PPD E INDEPENDIENTES,312. PAMELA MARGARITA HERRERA MACAYA,PPD,7.0,False
1590739,PELARCO,PELARCO,LICEO DE PELARCO,6M,YW.UNIDAD POR EL APRUEBO PS PPD E INDEPENDIENTES,313. JOSE SEGUNDO ARAYA CARRASCO,PPD,6.0,False
1590740,PELARCO,PELARCO,LICEO DE PELARCO,6M,YW.UNIDAD POR EL APRUEBO PS PPD E INDEPENDIENTES,314. PAULO ANDRES VERGARA MORALES,PPD,1.0,False
1590741,PELARCO,PELARCO,LICEO DE PELARCO,6M,YW.UNIDAD POR EL APRUEBO PS PPD E INDEPENDIENTES,315. PEDRO FELIPE GONZALEZ VERGARA,PS,6.0,False
1590742,PELARCO,PELARCO,LICEO DE PELARCO,6M,YW.UNIDAD POR EL APRUEBO PS PPD E INDEPENDIENTES,316. VERONICA  ROJAS FONSECA,IND,7.0,True
1590743,PELARCO,PELARCO,LICEO DE PELARCO,6M,ZG.CHILE VAMOS EVOPOLI - INDEPENDIENTES,317. FRANCISCO QUINTEROS JEREZ,IND,8.0,False
1590744,PELARCO,PELARCO,LICEO DE PELARCO,6M,ZG.CHILE VAMOS EVOPOLI - INDEPENDIENTES,318. PAULA ANDREA AVILA ROMAN,IND,2.0,False
1590745,PELARCO,PELARCO,LICEO DE PELARCO,6M,ZG.CHILE VAMOS EVOPOLI - INDEPENDIENTES,319. IGNACIO PARDO ROJAS,IND,0.0,False
1590746,PELARCO,PELARCO,LICEO DE PELARCO,6M,ZG.CHILE VAMOS EVOPOLI - INDEPENDIENTES,320. EVELYN BEATRIZ SEPULVEDA CERON,IND,0.0,False
1590747,PELARCO,PELARCO,LICEO DE PELARCO,6M,ZG.CHILE VAMOS EVOPOLI - INDEPENDIENTES,321. JOSE MATIAS FUENTES FUENTES,IND,2.0,False
1590748,PELARCO,PELARCO,LICEO DE PELARCO,6M,ZJ.CHILE VAMOS UDI - INDEPENDIENTES,322. CAMILA ALEJANDRA DIAZ RIOS,UDI,4.0,True
1590749,PELARCO,PELARCO,LICEO DE PELARCO,6M,ZJ.CHILE VAMOS UDI - INDEPENDIENTES,323. RICARDO PATRICIO GOMEZ CASANOVA,UDI,16.0,True
1590750,PELARCO,PELARCO,LICEO DE PELARCO,6M,ZJ.CHILE VAMOS UDI - INDEPENDIENTES,324. CHRISTIAN ALFREDO ACUÑA HERRERA,IND,6.0,False
1590751,PELARCO,PELARCO,LICEO DE PELARCO,6M,ZJ.CHILE VAMOS UDI - INDEPENDIENTES,325. JUANA YOLANDA MUÑOZ MUÑOZ,IND,1.0,False
1590752,PELARCO,PELARCO,LICEO DE PELARCO,6M,ZJ.CHILE VAMOS UDI - INDEPENDIENTES,326. SILVANA PAOLA ROJAS JARA,IND,4.0,False
1590753,PELARCO,PELARCO,LICEO DE PELARCO,6M,ZJ.CHILE VAMOS UDI - INDEPENDIENTES,327. DIEGO ELISEO VALENZUELA CID,IND,6.0,False
1590754,PELARCO,PELARCO,LICEO DE PELARCO,7M,M.CHILE DIGNO VERDE Y SOBERANO,300. GUSTAVO ULISES VALDIVIA LEON,PCCH,3.0,False
1590755,PELARCO,PELARCO,LICEO DE PELARCO,7M,XK.CHILE VAMOS RENOVACION NACIONAL - INDEPENDIENTES,301. VICTOR ARCE ALFARO,RN,9.0,True
1590756,PELARCO,PELARCO,LICEO DE PELARCO,7M,XK.CHILE VAMOS RENOVACION NACIONAL - INDEPENDIENTES,302. CLAUDIA ANDREA BOBADILLA SALAS,IND,8.0,False
1590757,PELARCO,PELARCO,LICEO DE PELARCO,7M,XK.CHILE VAMOS RENOVACION NACIONAL - INDEPENDIENTES,303. IGNACIO ANTONIO MACHUCA FUENTES,IND,4.0,False
1590758,PELARCO,PELARCO,LICEO DE PELARCO,7M,XK.CHILE VAMOS RENOVACION NACIONAL - INDEPENDIENTES,304. VICTOR SAMUEL MOYA ROCO,IND,0.0,False
1590759,PELARCO,PELARCO,LICEO DE PELARCO,7M,XK.CHILE VAMOS RENOVACION NACIONAL - INDEPENDIENTES,305. LUIS PEREIRA REBOLLEDO,IND,7.0,False
1590760,PELARCO,PELARCO,LICEO DE PELARCO,7M,XU.UNIDOS POR LA DIGNIDAD,306. ISABEL FABIOLA PINO VIEDMA,PDC,10.0,False
1590761,PELARCO,PELARCO,LICEO DE PELARCO,7M,XU.UNIDOS POR LA DIGNIDAD,307. ROMUALDO EUSEBIO ABURTO LOYOLA,PDC,5.0,True
1590762,PELARCO,PELARCO,LICEO DE PELARCO,7M,XU.UNIDOS POR LA DIGNIDAD,308. MARIANA DEL CARMEN CASTILLO REYES,IND,3.0,False
1590763,PELARCO,PELARCO,LICEO DE PELARCO,7M,XU.UNIDOS POR LA DIGNIDAD,309. MARCELA MARGARITA GUTIERREZ GONZALEZ,IND,17.0,True
1590764,PELARCO,PELARCO,LICEO DE PELARCO,7M,XU.UNIDOS POR LA DIGNIDAD,310. HECTOR PATRICIO CONTRERAS GONZALEZ,IND,6.0,False
1590765,PELARCO,PELARCO,LICEO DE PELARCO,7M,XU.UNIDOS POR LA DIGNIDAD,311. MARIELA DEL CARMEN ROSALES MORA,IND,3.0,False
1590766,PELARCO,PELARCO,LICEO DE PELARCO,7M,YW.UNIDAD POR EL APRUEBO PS PPD E INDEPENDIENTES,312. PAMELA MARGARITA HERRERA MACAYA,PPD,4.0,False
1590767,PELARCO,PELARCO,LICEO DE PELARCO,7M,YW.UNIDAD POR EL APRUEBO PS PPD E INDEPENDIENTES,313. JOSE SEGUNDO ARAYA CARRASCO,PPD,4.0,False
1590768,PELARCO,PELARCO,LICEO DE PELARCO,7M,YW.UNIDAD POR EL APRUEBO PS PPD E INDEPENDIENTES,314. PAULO ANDRES VERGARA MORALES,PPD,4.0,False
1590769,PELARCO,PELARCO,LICEO DE PELARCO,7M,YW.UNIDAD POR EL APRUEBO PS PPD E INDEPENDIENTES,315. PEDRO FELIPE GONZALEZ VERGARA,PS,7.0,False
1590770,PELARCO,PELARCO,LICEO DE PELARCO,7M,YW.UNIDAD POR EL APRUEBO PS PPD E INDEPENDIENTES,316. VERONICA  ROJAS FONSECA,IND,5.0,True
1590771,PELARCO,PELARCO,LICEO DE PELARCO,7M,ZG.CHILE VAMOS EVOPOLI - INDEPENDIENTES,317. FRANCISCO QUINTEROS JEREZ,IND,5.0,False
1590772,PELARCO,PELARCO,LICEO DE PELARCO,7M,ZG.CHILE VAMOS EVOPOLI - INDEPENDIENTES,318. PAULA ANDREA AVILA ROMAN,IND,0.0,False
1590773,PELARCO,PELARCO,LICEO DE PELARCO,7M,ZG.CHILE VAMOS EVOPOLI - INDEPENDIENTES,319. IGNACIO PARDO ROJAS,IND,3.0,False
1590774,PELARCO,PELARCO,LICEO DE PELARCO,7M,ZG.CHILE VAMOS EVOPOLI - INDEPENDIENTES,320. EVELYN BEATRIZ SEPULVEDA CERON,IND,0.0,False
1590775,PELARCO,PELARCO,LICEO DE PELARCO,7M,ZG.CHILE VAMOS EVOPOLI - INDEPENDIENTES,321. JOSE MATIAS FUENTES FUENTES,IND,9.0,False
1590776,PELARCO,PELARCO,LICEO DE PELARCO,7M,ZJ.CHILE VAMOS UDI - INDEPENDIENTES,322. CAMILA ALEJANDRA DIAZ RIOS,UDI,14.0,True
1590777,PELARCO,PELARCO,LICEO DE PELARCO,7M,ZJ.CHILE VAMOS UDI - INDEPENDIENTES,323. RICARDO PATRICIO GOMEZ CASANOVA,UDI,17.0,True
1590778,PELARCO,PELARCO,LICEO DE PELARCO,7M,ZJ.CHILE VAMOS UDI - INDEPENDIENTES,324. CHRISTIAN ALFREDO ACUÑA HERRERA,IND,7.0,False
1590779,PELARCO,PELARCO,LICEO DE PELARCO,7M,ZJ.CHILE VAMOS UDI - INDEPENDIENTES,325. JUANA YOLANDA MUÑOZ MUÑOZ,IND,0.0,False
1590780,PELARCO,PELARCO,LICEO DE PELARCO,7M,ZJ.CHILE VAMOS UDI - INDEPENDIENTES,326. SILVANA PAOLA ROJAS JARA,IND,3.0,False
1590781,PELARCO,PELARCO,LICEO DE PELARCO,7M,ZJ.CHILE VAMOS UDI - INDEPENDIENTES,327. DIEGO ELISEO VALENZUELA CID,IND,5.0,False
1590782,PELARCO,PELARCO,LICEO DE PELARCO,8M,M.CHILE DIGNO VERDE Y SOBERANO,300. GUSTAVO ULISES VALDIVIA LEON,PCCH,1.0,False
1590783,PELARCO,PELARCO,LICEO DE PELARCO,8M,XK.CHILE VAMOS RENOVACION NACIONAL - INDEPENDIENTES,301. VICTOR ARCE ALFARO,RN,8.0,True
1590784,PELARCO,PELARCO,LICEO DE PELARCO,8M,XK.CHILE VAMOS RENOVACION NACIONAL - INDEPENDIENTES,302. CLAUDIA ANDREA BOBADILLA SALAS,IND,11.0,False
1590785,PELARCO,PELARCO,LICEO DE PELARCO,8M,XK.CHILE VAMOS RENOVACION NACIONAL - INDEPENDIENTES,303. IGNACIO ANTONIO MACHUCA FUENTES,IND,3.0,False
1590786,PELARCO,PELARCO,LICEO DE PELARCO,8M,XK.CHILE VAMOS RENOVACION NACIONAL - INDEPENDIENTES,304. VICTOR SAMUEL MOYA ROCO,IND,2.0,False
1590787,PELARCO,PELARCO,LICEO DE PELARCO,8M,XK.CHILE VAMOS RENOVACION NACIONAL - INDEPENDIENTES,305. LUIS PEREIRA REBOLLEDO,IND,5.0,False
1590788,PELARCO,PELARCO,LICEO DE PELARCO,8M,XU.UNIDOS POR LA DIGNIDAD,306. ISABEL FABIOLA PINO VIEDMA,PDC,6.0,False
1590789,PELARCO,PELARCO,LICEO DE PELARCO,8M,XU.UNIDOS POR LA DIGNIDAD,307. ROMUALDO EUSEBIO ABURTO LOYOLA,PDC,8.0,True
1590790,PELARCO,PELARCO,LICEO DE PELARCO,8M,XU.UNIDOS POR LA DIGNIDAD,308. MARIANA DEL CARMEN CASTILLO REYES,IND,4.0,False
1590791,PELARCO,PELARCO,LICEO DE PELARCO,8M,XU.UNIDOS POR LA DIGNIDAD,309. MARCELA MARGARITA GUTIERREZ GONZALEZ,IND,19.0,True
1590792,PELARCO,PELARCO,LICEO DE PELARCO,8M,XU.UNIDOS POR LA DIGNIDAD,310. HECTOR PATRICIO CONTRERAS GONZALEZ,IND,4.0,False
1590793,PELARCO,PELARCO,LICEO DE PELARCO,8M,XU.UNIDOS POR LA DIGNIDAD,311. MARIELA DEL CARMEN ROSALES MORA,IND,9.0,False
1590794,PELARCO,PELARCO,LICEO DE PELARCO,8M,YW.UNIDAD POR EL APRUEBO PS PPD E INDEPENDIENTES,312. PAMELA MARGARITA HERRERA MACAYA,PPD,2.0,False
1590795,PELARCO,PELARCO,LICEO DE PELARCO,8M,YW.UNIDAD POR EL APRUEBO PS PPD E INDEPENDIENTES,313. JOSE SEGUNDO ARAYA CARRASCO,PPD,6.0,False
1590796,PELARCO,PELARCO,LICEO DE PELARCO,8M,YW.UNIDAD POR EL APRUEBO PS PPD E INDEPENDIENTES,314. PAULO ANDRES VERGARA MORALES,PPD,1.0,False
1590797,PELARCO,PELARCO,LICEO DE PELARCO,8M,YW.UNIDAD POR EL APRUEBO PS PPD E INDEPENDIENTES,315. PEDRO FELIPE GONZALEZ VERGARA,PS,12.0,False
1590798,PELARCO,PELARCO,LICEO DE PELARCO,8M,YW.UNIDAD POR EL APRUEBO PS PPD E INDEPENDIENTES,316. VERONICA  ROJAS FONSECA,IND,7.0,True
1590799,PELARCO,PELARCO,LICEO DE PELARCO,8M,ZG.CHILE VAMOS EVOPOLI - INDEPENDIENTES,317. FRANCISCO QUINTEROS JEREZ,IND,3.0,False
1590800,PELARCO,PELARCO,LICEO DE PELARCO,8M,ZG.CHILE VAMOS EVOPOLI - INDEPENDIENTES,318. PAULA ANDREA AVILA ROMAN,IND,0.0,False
1590801,PELARCO,PELARCO,LICEO DE PELARCO,8M,ZG.CHILE VAMOS EVOPOLI - INDEPENDIENTES,319. IGNACIO PARDO ROJAS,IND,5.0,False
1590802,PELARCO,PELARCO,LICEO DE PELARCO,8M,ZG.CHILE VAMOS EVOPOLI - INDEPENDIENTES,320. EVELYN BEATRIZ SEPULVEDA CERON,IND,0.0,False
1590803,PELARCO,PELARCO,LICEO DE PELARCO,8M,ZG.CHILE VAMOS EVOPOLI - INDEPENDIENTES,321. JOSE MATIAS FUENTES FUENTES,IND,4.0,False
1590804,PELARCO,PELARCO,LICEO DE PELARCO,8M,ZJ.CHILE VAMOS UDI - INDEPENDIENTES,322. CAMILA ALEJANDRA DIAZ RIOS,UDI,13.0,True
1590805,PELARCO,PELARCO,LICEO DE PELARCO,8M,ZJ.CHILE VAMOS UDI - INDEPENDIENTES,323. RICARDO PATRICIO GOMEZ CASANOVA,UDI,16.0,True
1590806,PELARCO,PELARCO,LICEO DE PELARCO,8M,ZJ.CHILE VAMOS UDI - INDEPENDIENTES,324. CHRISTIAN ALFREDO ACUÑA HERRERA,IND,11.0,False
1590807,PELARCO,PELARCO,LICEO DE PELARCO,8M,ZJ.CHILE VAMOS UDI - INDEPENDIENTES,325. JUANA YOLANDA MUÑOZ MUÑOZ,IND,1.0,False
1590808,PELARCO,PELARCO,LICEO DE PELARCO,8M,ZJ.CHILE VAMOS UDI - INDEPENDIENTES,326. SILVANA PAOLA ROJAS JARA,IND,2.0,False
1590809,PELARCO,PELARCO,LICEO DE PELARCO,8M,ZJ.CHILE VAMOS UDI - INDEPENDIENTES,327. DIEGO ELISEO VALENZUELA CID,IND,4.0,False
1590810,PELARCO,PELARCO,LICEO DE PELARCO,9M,M.CHILE DIGNO VERDE Y SOBERANO,300. GUSTAVO ULISES VALDIVIA LEON,PCCH,1.0,False
1590811,PELARCO,PELARCO,LICEO DE PELARCO,9M,XK.CHILE VAMOS RENOVACION NACIONAL - INDEPENDIENTES,301. VICTOR ARCE ALFARO,RN,5.0,True
1590812,PELARCO,PELARCO,LICEO DE PELARCO,9M,XK.CHILE VAMOS RENOVACION NACIONAL - INDEPENDIENTES,302. CLAUDIA ANDREA BOBADILLA SALAS,IND,16.0,False
1590813,PELARCO,PELARCO,LICEO DE PELARCO,9M,XK.CHILE VAMOS RENOVACION NACIONAL - INDEPENDIENTES,303. IGNACIO ANTONIO MACHUCA FUENTES,IND,11.0,False
1590814,PELARCO,PELARCO,LICEO DE PELARCO,9M,XK.CHILE VAMOS RENOVACION NACIONAL - INDEPENDIENTES,304. VICTOR SAMUEL MOYA ROCO,IND,2.0,False
1590815,PELARCO,PELARCO,LICEO DE PELARCO,9M,XK.CHILE VAMOS RENOVACION NACIONAL - INDEPENDIENTES,305. LUIS PEREIRA REBOLLEDO,IND,2.0,False
1590816,PELARCO,PELARCO,LICEO DE PELARCO,9M,XU.UNIDOS POR LA DIGNIDAD,306. ISABEL FABIOLA PINO VIEDMA,PDC,6.0,False
1590817,PELARCO,PELARCO,LICEO DE PELARCO,9M,XU.UNIDOS POR LA DIGNIDAD,307. ROMUALDO EUSEBIO ABURTO LOYOLA,PDC,6.0,True
1590818,PELARCO,PELARCO,LICEO DE PELARCO,9M,XU.UNIDOS POR LA DIGNIDAD,308. MARIANA DEL CARMEN CASTILLO REYES,IND,2.0,False
1590819,PELARCO,PELARCO,LICEO DE PELARCO,9M,XU.UNIDOS POR LA DIGNIDAD,309. MARCELA MARGARITA GUTIERREZ GONZALEZ,IND,14.0,True
1590820,PELARCO,PELARCO,LICEO DE PELARCO,9M,XU.UNIDOS POR LA DIGNIDAD,310. HECTOR PATRICIO CONTRERAS GONZALEZ,IND,5.0,False
1590821,PELARCO,PELARCO,LICEO DE PELARCO,9M,XU.UNIDOS POR LA DIGNIDAD,311. MARIELA DEL CARMEN ROSALES MORA,IND,5.0,False
1590822,PELARCO,PELARCO,LICEO DE PELARCO,9M,YW.UNIDAD POR EL APRUEBO PS PPD E INDEPENDIENTES,312. PAMELA MARGARITA HERRERA MACAYA,PPD,9.0,False
1590823,PELARCO,PELARCO,LICEO DE PELARCO,9M,YW.UNIDAD POR EL APRUEBO PS PPD E INDEPENDIENTES,313. JOSE SEGUNDO ARAYA CARRASCO,PPD,3.0,False
1590824,PELARCO,PELARCO,LICEO DE PELARCO,9M,YW.UNIDAD POR EL APRUEBO PS PPD E INDEPENDIENTES,314. PAULO ANDRES VERGARA MORALES,PPD,6.0,False
1590825,PELARCO,PELARCO,LICEO DE PELARCO,9M,YW.UNIDAD POR EL APRUEBO PS PPD E INDEPENDIENTES,315. PEDRO FELIPE GONZALEZ VERGARA,PS,7.0,False
1590826,PELARCO,PELARCO,LICEO DE PELARCO,9M,YW.UNIDAD POR EL APRUEBO PS PPD E INDEPENDIENTES,316. VERONICA  ROJAS FONSECA,IND,7.0,True
1590827,PELARCO,PELARCO,LICEO DE PELARCO,9M,ZG.CHILE VAMOS EVOPOLI - INDEPENDIENTES,317. FRANCISCO QUINTEROS JEREZ,IND,4.0,False
1590828,PELARCO,PELARCO,LICEO DE PELARCO,9M,ZG.CHILE VAMOS EVOPOLI - INDEPENDIENTES,318. PAULA ANDREA AVILA ROMAN,IND,1.0,False
1590829,PELARCO,PELARCO,LICEO DE PELARCO,9M,ZG.CHILE VAMOS EVOPOLI - INDEPENDIENTES,319. IGNACIO PARDO ROJAS,IND,2.0,False
1590830,PELARCO,PELARCO,LICEO DE PELARCO,9M,ZG.CHILE VAMOS EVOPOLI - INDEPENDIENTES,320. EVELYN BEATRIZ SEPULVEDA CERON,IND,0.0,False
1590831,PELARCO,PELARCO,LICEO DE PELARCO,9M,ZG.CHILE VAMOS EVOPOLI - INDEPENDIENTES,321. JOSE MATIAS FUENTES FUENTES,IND,6.0,False
1590832,PELARCO,PELARCO,LICEO DE PELARCO,9M,ZJ.CHILE VAMOS UDI - INDEPENDIENTES,322. CAMILA ALEJANDRA DIAZ RIOS,UDI,13.0,True
1590833,PELARCO,PELARCO,LICEO DE PELARCO,9M,ZJ.CHILE VAMOS UDI - INDEPENDIENTES,323. RICARDO PATRICIO GOMEZ CASANOVA,UDI,23.0,True
1590834,PELARCO,PELARCO,LICEO DE PELARCO,9M,ZJ.CHILE VAMOS UDI - INDEPENDIENTES,324. CHRISTIAN ALFREDO ACUÑA HERRERA,IND,8.0,False
1590835,PELARCO,PELARCO,LICEO DE PELARCO,9M,ZJ.CHILE VAMOS UDI - INDEPENDIENTES,325. JUANA YOLANDA MUÑOZ MUÑOZ,IND,1.0,False
1590836,PELARCO,PELARCO,LICEO DE PELARCO,9M,ZJ.CHILE VAMOS UDI - INDEPENDIENTES,326. SILVANA PAOLA ROJAS JARA,IND,4.0,False
1590837,PELARCO,PELARCO,LICEO DE PELARCO,9M,ZJ.CHILE VAMOS UDI - INDEPENDIENTES,327. DIEGO ELISEO VALENZUELA CID,IND,8.0,False
1590838,PELARCO,PELARCO,LICEO DE PELARCO,10M,M.CHILE DIGNO VERDE Y SOBERANO,300. GUSTAVO ULISES VALDIVIA LEON,PCCH,1.0,False
1590839,PELARCO,PELARCO,LICEO DE PELARCO,10M,XK.CHILE VAMOS RENOVACION NACIONAL - INDEPENDIENTES,301. VICTOR ARCE ALFARO,RN,9.0,True
1590840,PELARCO,PELARCO,LICEO DE PELARCO,10M,XK.CHILE VAMOS RENOVACION NACIONAL - INDEPENDIENTES,302. CLAUDIA ANDREA BOBADILLA SALAS,IND,4.0,False
1590841,PELARCO,PELARCO,LICEO DE PELARCO,10M,XK.CHILE VAMOS RENOVACION NACIONAL - INDEPENDIENTES,303. IGNACIO ANTONIO MACHUCA FUENTES,IND,6.0,False
1590842,PELARCO,PELARCO,LICEO DE PELARCO,10M,XK.CHILE VAMOS RENOVACION NACIONAL - INDEPENDIENTES,304. VICTOR SAMUEL MOYA ROCO,IND,1.0,False
1590843,PELARCO,PELARCO,LICEO DE PELARCO,10M,XK.CHILE VAMOS RENOVACION NACIONAL - INDEPENDIENTES,305. LUIS PEREIRA REBOLLEDO,IND,2.0,False
1590844,PELARCO,PELARCO,LICEO DE PELARCO,10M,XU.UNIDOS POR LA DIGNIDAD,306. ISABEL FABIOLA PINO VIEDMA,PDC,4.0,False
1590845,PELARCO,PELARCO,LICEO DE PELARCO,10M,XU.UNIDOS POR LA DIGNIDAD,307. ROMUALDO EUSEBIO ABURTO LOYOLA,PDC,11.0,True
1590846,PELARCO,PELARCO,LICEO DE PELARCO,10M,XU.UNIDOS POR LA DIGNIDAD,308. MARIANA DEL CARMEN CASTILLO REYES,IND,1.0,False
1590847,PELARCO,PELARCO,LICEO DE PELARCO,10M,XU.UNIDOS POR LA DIGNIDAD,309. MARCELA MARGARITA GUTIERREZ GONZALEZ,IND,32.0,True
1590848,PELARCO,PELARCO,LICEO DE PELARCO,10M,XU.UNIDOS POR LA DIGNIDAD,310. HECTOR PATRICIO CONTRERAS GONZALEZ,IND,7.0,False
1590849,PELARCO,PELARCO,LICEO DE PELARCO,10M,XU.UNIDOS POR LA DIGNIDAD,311. MARIELA DEL CARMEN ROSALES MORA,IND,8.0,False
1590850,PELARCO,PELARCO,LICEO DE PELARCO,10M,YW.UNIDAD POR EL APRUEBO PS PPD E INDEPENDIENTES,312. PAMELA MARGARITA HERRERA MACAYA,PPD,6.0,False
1590851,PELARCO,PELARCO,LICEO DE PELARCO,10M,YW.UNIDAD POR EL APRUEBO PS PPD E INDEPENDIENTES,313. JOSE SEGUNDO ARAYA CARRASCO,PPD,3.0,False
1590852,PELARCO,PELARCO,LICEO DE PELARCO,10M,YW.UNIDAD POR EL APRUEBO PS PPD E INDEPENDIENTES,314. PAULO ANDRES VERGARA MORALES,PPD,9.0,False
1590853,PELARCO,PELARCO,LICEO DE PELARCO,10M,YW.UNIDAD POR EL APRUEBO PS PPD E INDEPENDIENTES,315. PEDRO FELIPE GONZALEZ VERGARA,PS,6.0,False
1590854,PELARCO,PELARCO,LICEO DE PELARCO,10M,YW.UNIDAD POR EL APRUEBO PS PPD E INDEPENDIENTES,316. VERONICA  ROJAS FONSECA,IND,20.0,True
1590855,PELARCO,PELARCO,LICEO DE PELARCO,10M,ZG.CHILE VAMOS EVOPOLI - INDEPENDIENTES,317. FRANCISCO QUINTEROS JEREZ,IND,6.0,False
1590856,PELARCO,PELARCO,LICEO DE PELARCO,10M,ZG.CHILE VAMOS EVOPOLI - INDEPENDIENTES,318. PAULA ANDREA AVILA ROMAN,IND,1.0,False
1590857,PELARCO,PELARCO,LICEO DE PELARCO,10M,ZG.CHILE VAMOS EVOPOLI - INDEPENDIENTES,319. IGNACIO PARDO ROJAS,IND,1.0,False
1590858,PELARCO,PELARCO,LICEO DE PELARCO,10M,ZG.CHILE VAMOS EVOPOLI - INDEPENDIENTES,320. EVELYN BEATRIZ SEPULVEDA CERON,IND,1.0,False
1590859,PELARCO,PELARCO,LICEO DE PELARCO,10M,ZG.CHILE VAMOS EVOPOLI - INDEPENDIENTES,321. JOSE MATIAS FUENTES FUENTES,IND,7.0,False
1590860,PELARCO,PELARCO,LICEO DE PELARCO,10M,ZJ.CHILE VAMOS UDI - INDEPENDIENTES,322. CAMILA ALEJANDRA DIAZ RIOS,UDI,12.0,True
1590861,PELARCO,PELARCO,LICEO DE PELARCO,10M,ZJ.CHILE VAMOS UDI - INDEPENDIENTES,323. RICARDO PATRICIO GOMEZ CASANOVA,UDI,16.0,True
1590862,PELARCO,PELARCO,LICEO DE PELARCO,10M,ZJ.CHILE VAMOS UDI - INDEPENDIENTES,324. CHRISTIAN ALFREDO ACUÑA HERRERA,IND,6.0,False
1590863,PELARCO,PELARCO,LICEO DE PELARCO,10M,ZJ.CHILE VAMOS UDI - INDEPENDIENTES,325. JUANA YOLANDA MUÑOZ MUÑOZ,IND,2.0,False
1590864,PELARCO,PELARCO,LICEO DE PELARCO,10M,ZJ.CHILE VAMOS UDI - INDEPENDIENTES,326. SILVANA PAOLA ROJAS JARA,IND,3.0,False
1590865,PELARCO,PELARCO,LICEO DE PELARCO,10M,ZJ.CHILE VAMOS UDI - INDEPENDIENTES,327. DIEGO ELISEO VALENZUELA CID,IND,9.0,False
1590866,PELARCO,PELARCO,LICEO DE PELARCO,11M,M.CHILE DIGNO VERDE Y SOBERANO,300. GUSTAVO ULISES VALDIVIA LEON,PCCH,2.0,False
1590867,PELARCO,PELARCO,LICEO DE PELARCO,11M,XK.CHILE VAMOS RENOVACION NACIONAL - INDEPENDIENTES,301. VICTOR ARCE ALFARO,RN,6.0,True
1590868,PELARCO,PELARCO,LICEO DE PELARCO,11M,XK.CHILE VAMOS RENOVACION NACIONAL - INDEPENDIENTES,302. CLAUDIA ANDREA BOBADILLA SALAS,IND,12.0,False
1590869,PELARCO,PELARCO,LICEO DE PELARCO,11M,XK.CHILE VAMOS RENOVACION NACIONAL - INDEPENDIENTES,303. IGNACIO ANTONIO MACHUCA FUENTES,IND,4.0,False
1590870,PELARCO,PELARCO,LICEO DE PELARCO,11M,XK.CHILE VAMOS RENOVACION NACIONAL - INDEPENDIENTES,304. VICTOR SAMUEL MOYA ROCO,IND,0.0,False
1590871,PELARCO,PELARCO,LICEO DE PELARCO,11M,XK.CHILE VAMOS RENOVACION NACIONAL - INDEPENDIENTES,305. LUIS PEREIRA REBOLLEDO,IND,13.0,False
1590872,PELARCO,PELARCO,LICEO DE PELARCO,11M,XU.UNIDOS POR LA DIGNIDAD,306. ISABEL FABIOLA PINO VIEDMA,PDC,3.0,False
1590873,PELARCO,PELARCO,LICEO DE PELARCO,11M,XU.UNIDOS POR LA DIGNIDAD,307. ROMUALDO EUSEBIO ABURTO LOYOLA,PDC,3.0,True
1590874,PELARCO,PELARCO,LICEO DE PELARCO,11M,XU.UNIDOS POR LA DIGNIDAD,308. MARIANA DEL CARMEN CASTILLO REYES,IND,1.0,False
1590875,PELARCO,PELARCO,LICEO DE PELARCO,11M,XU.UNIDOS POR LA DIGNIDAD,309. MARCELA MARGARITA GUTIERREZ GONZALEZ,IND,29.0,True
1590876,PELARCO,PELARCO,LICEO DE PELARCO,11M,XU.UNIDOS POR LA DIGNIDAD,310. HECTOR PATRICIO CONTRERAS GONZALEZ,IND,6.0,False
1590877,PELARCO,PELARCO,LICEO DE PELARCO,11M,XU.UNIDOS POR LA DIGNIDAD,311. MARIELA DEL CARMEN ROSALES MORA,IND,3.0,False
1590878,PELARCO,PELARCO,LICEO DE PELARCO,11M,YW.UNIDAD POR EL APRUEBO PS PPD E INDEPENDIENTES,312. PAMELA MARGARITA HERRERA MACAYA,PPD,2.0,False
1590879,PELARCO,PELARCO,LICEO DE PELARCO,11M,YW.UNIDAD POR EL APRUEBO PS PPD E INDEPENDIENTES,313. JOSE SEGUNDO ARAYA CARRASCO,PPD,5.0,False
1590880,PELARCO,PELARCO,LICEO DE PELARCO,11M,YW.UNIDAD POR EL APRUEBO PS PPD E INDEPENDIENTES,314. PAULO ANDRES VERGARA MORALES,PPD,2.0,False
1590881,PELARCO,PELARCO,LICEO DE PELARCO,11M,YW.UNIDAD POR EL APRUEBO PS PPD E INDEPENDIENTES,315. PEDRO FELIPE GONZALEZ VERGARA,PS,9.0,False
1590882,PELARCO,PELARCO,LICEO DE PELARCO,11M,YW.UNIDAD POR EL APRUEBO PS PPD E INDEPENDIENTES,316. VERONICA  ROJAS FONSECA,IND,19.0,True
1590883,PELARCO,PELARCO,LICEO DE PELARCO,11M,ZG.CHILE VAMOS EVOPOLI - INDEPENDIENTES,317. FRANCISCO QUINTEROS JEREZ,IND,5.0,False
1590884,PELARCO,PELARCO,LICEO DE PELARCO,11M,ZG.CHILE VAMOS EVOPOLI - INDEPENDIENTES,318. PAULA ANDREA AVILA ROMAN,IND,2.0,False
1590885,PELARCO,PELARCO,LICEO DE PELARCO,11M,ZG.CHILE VAMOS EVOPOLI - INDEPENDIENTES,319. IGNACIO PARDO ROJAS,IND,2.0,False
1590886,PELARCO,PELARCO,LICEO DE PELARCO,11M,ZG.CHILE VAMOS EVOPOLI - INDEPENDIENTES,320. EVELYN BEATRIZ SEPULVEDA CERON,IND,0.0,False
1590887,PELARCO,PELARCO,LICEO DE PELARCO,11M,ZG.CHILE VAMOS EVOPOLI - INDEPENDIENTES,321. JOSE MATIAS FUENTES FUENTES,IND,11.0,False
1590888,PELARCO,PELARCO,LICEO DE PELARCO,11M,ZJ.CHILE VAMOS UDI - INDEPENDIENTES,322. CAMILA ALEJANDRA DIAZ RIOS,UDI,16.0,True
1590889,PELARCO,PELARCO,LICEO DE PELARCO,11M,ZJ.CHILE VAMOS UDI - INDEPENDIENTES,323. RICARDO PATRICIO GOMEZ CASANOVA,UDI,15.0,True
1590890,PELARCO,PELARCO,LICEO DE PELARCO,11M,ZJ.CHILE VAMOS UDI - INDEPENDIENTES,324. CHRISTIAN ALFREDO ACUÑA HERRERA,IND,4.0,False
1590891,PELARCO,PELARCO,LICEO DE PELARCO,11M,ZJ.CHILE VAMOS UDI - INDEPENDIENTES,325. JUANA YOLANDA MUÑOZ MUÑOZ,IND,1.0,False
1590892,PELARCO,PELARCO,LICEO DE PELARCO,11M,ZJ.CHILE VAMOS UDI - INDEPENDIENTES,326. SILVANA PAOLA ROJAS JARA,IND,5.0,False
1590893,PELARCO,PELARCO,LICEO DE PELARCO,11M,ZJ.CHILE VAMOS UDI - INDEPENDIENTES,327. DIEGO ELISEO VALENZUELA CID,IND,5.0,False
1590894,PELARCO,PELARCO,LICEO DE PELARCO,12M,M.CHILE DIGNO VERDE Y SOBERANO,300. GUSTAVO ULISES VALDIVIA LEON,PCCH,8.0,False
1590895,PELARCO,PELARCO,LICEO DE PELARCO,12M,XK.CHILE VAMOS RENOVACION NACIONAL - INDEPENDIENTES,301. VICTOR ARCE ALFARO,RN,8.0,True
1590896,PELARCO,PELARCO,LICEO DE PELARCO,12M,XK.CHILE VAMOS RENOVACION NACIONAL - INDEPENDIENTES,302. CLAUDIA ANDREA BOBADILLA SALAS,IND,8.0,False
1590897,PELARCO,PELARCO,LICEO DE PELARCO,12M,XK.CHILE VAMOS RENOVACION NACIONAL - INDEPENDIENTES,303. IGNACIO ANTONIO MACHUCA FUENTES,IND,9.0,False
1590898,PELARCO,PELARCO,LICEO DE PELARCO,12M,XK.CHILE VAMOS RENOVACION NACIONAL - INDEPENDIENTES,304. VICTOR SAMUEL MOYA ROCO,IND,1.0,False
1590899,PELARCO,PELARCO,LICEO DE PELARCO,12M,XK.CHILE VAMOS RENOVACION NACIONAL - INDEPENDIENTES,305. LUIS PEREIRA REBOLLEDO,IND,6.0,False
1590900,PELARCO,PELARCO,LICEO DE PELARCO,12M,XU.UNIDOS POR LA DIGNIDAD,306. ISABEL FABIOLA PINO VIEDMA,PDC,4.0,False
1590901,PELARCO,PELARCO,LICEO DE PELARCO,12M,XU.UNIDOS POR LA DIGNIDAD,307. ROMUALDO EUSEBIO ABURTO LOYOLA,PDC,7.0,True
1590902,PELARCO,PELARCO,LICEO DE PELARCO,12M,XU.UNIDOS POR LA DIGNIDAD,308. MARIANA DEL CARMEN CASTILLO REYES,IND,2.0,False
1590903,PELARCO,PELARCO,LICEO DE PELARCO,12M,XU.UNIDOS POR LA DIGNIDAD,309. MARCELA MARGARITA GUTIERREZ GONZALEZ,IND,9.0,True
1590904,PELARCO,PELARCO,LICEO DE PELARCO,12M,XU.UNIDOS POR LA DIGNIDAD,310. HECTOR PATRICIO CONTRERAS GONZALEZ,IND,3.0,False
1590905,PELARCO,PELARCO,LICEO DE PELARCO,12M,XU.UNIDOS POR LA DIGNIDAD,311. MARIELA DEL CARMEN ROSALES MORA,IND,3.0,False
1590906,PELARCO,PELARCO,LICEO DE PELARCO,12M,YW.UNIDAD POR EL APRUEBO PS PPD E INDEPENDIENTES,312. PAMELA MARGARITA HERRERA MACAYA,PPD,0.0,False
1590907,PELARCO,PELARCO,LICEO DE PELARCO,12M,YW.UNIDAD POR EL APRUEBO PS PPD E INDEPENDIENTES,313. JOSE SEGUNDO ARAYA CARRASCO,PPD,3.0,False
1590908,PELARCO,PELARCO,LICEO DE PELARCO,12M,YW.UNIDAD POR EL APRUEBO PS PPD E INDEPENDIENTES,314. PAULO ANDRES VERGARA MORALES,PPD,2.0,False
1590909,PELARCO,PELARCO,LICEO DE PELARCO,12M,YW.UNIDAD POR EL APRUEBO PS PPD E INDEPENDIENTES,315. PEDRO FELIPE GONZALEZ VERGARA,PS,4.0,False
1590910,PELARCO,PELARCO,LICEO DE PELARCO,12M,YW.UNIDAD POR EL APRUEBO PS PPD E INDEPENDIENTES,316. VERONICA  ROJAS FONSECA,IND,13.0,True
1590911,PELARCO,PELARCO,LICEO DE PELARCO,12M,ZG.CHILE VAMOS EVOPOLI - INDEPENDIENTES,317. FRANCISCO QUINTEROS JEREZ,IND,2.0,False
1590912,PELARCO,PELARCO,LICEO DE PELARCO,12M,ZG.CHILE VAMOS EVOPOLI - INDEPENDIENTES,318. PAULA ANDREA AVILA ROMAN,IND,0.0,False
1590913,PELARCO,PELARCO,LICEO DE PELARCO,12M,ZG.CHILE VAMOS EVOPOLI - INDEPENDIENTES,319. IGNACIO PARDO ROJAS,IND,1.0,False
1590914,PELARCO,PELARCO,LICEO DE PELARCO,12M,ZG.CHILE VAMOS EVOPOLI - INDEPENDIENTES,320. EVELYN BEATRIZ SEPULVEDA CERON,IND,0.0,False
1590915,PELARCO,PELARCO,LICEO DE PELARCO,12M,ZG.CHILE VAMOS EVOPOLI - INDEPENDIENTES,321. JOSE MATIAS FUENTES FUENTES,IND,12.0,False
1590916,PELARCO,PELARCO,LICEO DE PELARCO,12M,ZJ.CHILE VAMOS UDI - INDEPENDIENTES,322. CAMILA ALEJANDRA DIAZ RIOS,UDI,11.0,True
1590917,PELARCO,PELARCO,LICEO DE PELARCO,12M,ZJ.CHILE VAMOS UDI - INDEPENDIENTES,323. RICARDO PATRICIO GOMEZ CASANOVA,UDI,12.0,True
1590918,PELARCO,PELARCO,LICEO DE PELARCO,12M,ZJ.CHILE VAMOS UDI - INDEPENDIENTES,324. CHRISTIAN ALFREDO ACUÑA HERRERA,IND,10.0,False
1590919,PELARCO,PELARCO,LICEO DE PELARCO,12M,ZJ.CHILE VAMOS UDI - INDEPENDIENTES,325. JUANA YOLANDA MUÑOZ MUÑOZ,IND,0.0,False
1590920,PELARCO,PELARCO,LICEO DE PELARCO,12M,ZJ.CHILE VAMOS UDI - INDEPENDIENTES,326. SILVANA PAOLA ROJAS JARA,IND,2.0,False
1590921,PELARCO,PELARCO,LICEO DE PELARCO,12M,ZJ.CHILE VAMOS UDI - INDEPENDIENTES,327. DIEGO ELISEO VALENZUELA CID,IND,9.0,False
1590922,PELARCO,PELARCO,LICEO DE PELARCO,11V,M.CHILE DIGNO VERDE Y SOBERANO,300. GUSTAVO ULISES VALDIVIA LEON,PCCH,2.0,False
1590923,PELARCO,PELARCO,LICEO DE PELARCO,11V,XK.CHILE VAMOS RENOVACION NACIONAL - INDEPENDIENTES,301. VICTOR ARCE ALFARO,RN,8.0,True
1590924,PELARCO,PELARCO,LICEO DE PELARCO,11V,XK.CHILE VAMOS RENOVACION NACIONAL - INDEPENDIENTES,302. CLAUDIA ANDREA BOBADILLA SALAS,IND,4.0,False
1590925,PELARCO,PELARCO,LICEO DE PELARCO,11V,XK.CHILE VAMOS RENOVACION NACIONAL - INDEPENDIENTES,303. IGNACIO ANTONIO MACHUCA FUENTES,IND,6.0,False
1590926,PELARCO,PELARCO,LICEO DE PELARCO,11V,XK.CHILE VAMOS RENOVACION NACIONAL - INDEPENDIENTES,304. VICTOR SAMUEL MOYA ROCO,IND,1.0,False
1590927,PELARCO,PELARCO,LICEO DE PELARCO,11V,XK.CHILE VAMOS RENOVACION NACIONAL - INDEPENDIENTES,305. LUIS PEREIRA REBOLLEDO,IND,4.0,False
1590928,PELARCO,PELARCO,LICEO DE PELARCO,11V,XU.UNIDOS POR LA DIGNIDAD,306. ISABEL FABIOLA PINO VIEDMA,PDC,10.0,False
1590929,PELARCO,PELARCO,LICEO DE PELARCO,11V,XU.UNIDOS POR LA DIGNIDAD,307. ROMUALDO EUSEBIO ABURTO LOYOLA,PDC,4.0,True
1590930,PELARCO,PELARCO,LICEO DE PELARCO,11V,XU.UNIDOS POR LA DIGNIDAD,308. MARIANA DEL CARMEN CASTILLO REYES,IND,4.0,False
1590931,PELARCO,PELARCO,LICEO DE PELARCO,11V,XU.UNIDOS POR LA DIGNIDAD,309. MARCELA MARGARITA GUTIERREZ GONZALEZ,IND,11.0,True
1590932,PELARCO,PELARCO,LICEO DE PELARCO,11V,XU.UNIDOS POR LA DIGNIDAD,310. HECTOR PATRICIO CONTRERAS GONZALEZ,IND,1.0,False
1590933,PELARCO,PELARCO,LICEO DE PELARCO,11V,XU.UNIDOS POR LA DIGNIDAD,311. MARIELA DEL CARMEN ROSALES MORA,IND,4.0,False
1590934,PELARCO,PELARCO,LICEO DE PELARCO,11V,YW.UNIDAD POR EL APRUEBO PS PPD E INDEPENDIENTES,312. PAMELA MARGARITA HERRERA MACAYA,PPD,3.0,False
1590935,PELARCO,PELARCO,LICEO DE PELARCO,11V,YW.UNIDAD POR EL APRUEBO PS PPD E INDEPENDIENTES,313. JOSE SEGUNDO ARAYA CARRASCO,PPD,11.0,False
1590936,PELARCO,PELARCO,LICEO DE PELARCO,11V,YW.UNIDAD POR EL APRUEBO PS PPD E INDEPENDIENTES,314. PAULO ANDRES VERGARA MORALES,PPD,3.0,False
1590937,PELARCO,PELARCO,LICEO DE PELARCO,11V,YW.UNIDAD POR EL APRUEBO PS PPD E INDEPENDIENTES,315. PEDRO FELIPE GONZALEZ VERGARA,PS,6.0,False
1590938,PELARCO,PELARCO,LICEO DE PELARCO,11V,YW.UNIDAD POR EL APRUEBO PS PPD E INDEPENDIENTES,316. VERONICA  ROJAS FONSECA,IND,11.0,True
1590939,PELARCO,PELARCO,LICEO DE PELARCO,11V,ZG.CHILE VAMOS EVOPOLI - INDEPENDIENTES,317. FRANCISCO QUINTEROS JEREZ,IND,4.0,False
1590940,PELARCO,PELARCO,LICEO DE PELARCO,11V,ZG.CHILE VAMOS EVOPOLI - INDEPENDIENTES,318. PAULA ANDREA AVILA ROMAN,IND,2.0,False
1590941,PELARCO,PELARCO,LICEO DE PELARCO,11V,ZG.CHILE VAMOS EVOPOLI - INDEPENDIENTES,319. IGNACIO PARDO ROJAS,IND,1.0,False
1590942,PELARCO,PELARCO,LICEO DE PELARCO,11V,ZG.CHILE VAMOS EVOPOLI - INDEPENDIENTES,320. EVELYN BEATRIZ SEPULVEDA CERON,IND,3.0,False
1590943,PELARCO,PELARCO,LICEO DE PELARCO,11V,ZG.CHILE VAMOS EVOPOLI - INDEPENDIENTES,321. JOSE MATIAS FUENTES FUENTES,IND,2.0,False
1590944,PELARCO,PELARCO,LICEO DE PELARCO,11V,ZJ.CHILE VAMOS UDI - INDEPENDIENTES,322. CAMILA ALEJANDRA DIAZ RIOS,UDI,7.0,True
1590945,PELARCO,PELARCO,LICEO DE PELARCO,11V,ZJ.CHILE VAMOS UDI - INDEPENDIENTES,323. RICARDO PATRICIO GOMEZ CASANOVA,UDI,23.0,True
1590946,PELARCO,PELARCO,LICEO DE PELARCO,11V,ZJ.CHILE VAMOS UDI - INDEPENDIENTES,324. CHRISTIAN ALFREDO ACUÑA HERRERA,IND,4.0,False
1590947,PELARCO,PELARCO,LICEO DE PELARCO,11V,ZJ.CHILE VAMOS UDI - INDEPENDIENTES,325. JUANA YOLANDA MUÑOZ MUÑOZ,IND,1.0,False
1590948,PELARCO,PELARCO,LICEO DE PELARCO,11V,ZJ.CHILE VAMOS UDI - INDEPENDIENTES,326. SILVANA PAOLA ROJAS JARA,IND,1.0,False
1590949,PELARCO,PELARCO,LICEO DE PELARCO,11V,ZJ.CHILE VAMOS UDI - INDEPENDIENTES,327. DIEGO ELISEO VALENZUELA CID,IND,5.0,False
1590950,PELARCO,PELARCO,LICEO DE PELARCO,12V,M.CHILE DIGNO VERDE Y SOBERANO,300. GUSTAVO ULISES VALDIVIA LEON,PCCH,5.0,False
1590951,PELARCO,PELARCO,LICEO DE PELARCO,12V,XK.CHILE VAMOS RENOVACION NACIONAL - INDEPENDIENTES,301. VICTOR ARCE ALFARO,RN,12.0,True
1590952,PELARCO,PELARCO,LICEO DE PELARCO,12V,XK.CHILE VAMOS RENOVACION NACIONAL - INDEPENDIENTES,302. CLAUDIA ANDREA BOBADILLA SALAS,IND,8.0,False
1590953,PELARCO,PELARCO,LICEO DE PELARCO,12V,XK.CHILE VAMOS RENOVACION NACIONAL - INDEPENDIENTES,303. IGNACIO ANTONIO MACHUCA FUENTES,IND,2.0,False
1590954,PELARCO,PELARCO,LICEO DE PELARCO,12V,XK.CHILE VAMOS RENOVACION NACIONAL - INDEPENDIENTES,304. VICTOR SAMUEL MOYA ROCO,IND,0.0,False
1590955,PELARCO,PELARCO,LICEO DE PELARCO,12V,XK.CHILE VAMOS RENOVACION NACIONAL - INDEPENDIENTES,305. LUIS PEREIRA REBOLLEDO,IND,3.0,False
1590956,PELARCO,PELARCO,LICEO DE PELARCO,12V,XU.UNIDOS POR LA DIGNIDAD,306. ISABEL FABIOLA PINO VIEDMA,PDC,2.0,False
1590957,PELARCO,PELARCO,LICEO DE PELARCO,12V,XU.UNIDOS POR LA DIGNIDAD,307. ROMUALDO EUSEBIO ABURTO LOYOLA,PDC,9.0,True
1590958,PELARCO,PELARCO,LICEO DE PELARCO,12V,XU.UNIDOS POR LA DIGNIDAD,308. MARIANA DEL CARMEN CASTILLO REYES,IND,0.0,False
1590959,PELARCO,PELARCO,LICEO DE PELARCO,12V,XU.UNIDOS POR LA DIGNIDAD,309. MARCELA MARGARITA GUTIERREZ GONZALEZ,IND,16.0,True
1590960,PELARCO,PELARCO,LICEO DE PELARCO,12V,XU.UNIDOS POR LA DIGNIDAD,310. HECTOR PATRICIO CONTRERAS GONZALEZ,IND,4.0,False
1590961,PELARCO,PELARCO,LICEO DE PELARCO,12V,XU.UNIDOS POR LA DIGNIDAD,311. MARIELA DEL CARMEN ROSALES MORA,IND,2.0,False
1590962,PELARCO,PELARCO,LICEO DE PELARCO,12V,YW.UNIDAD POR EL APRUEBO PS PPD E INDEPENDIENTES,312. PAMELA MARGARITA HERRERA MACAYA,PPD,3.0,False
1590963,PELARCO,PELARCO,LICEO DE PELARCO,12V,YW.UNIDAD POR EL APRUEBO PS PPD E INDEPENDIENTES,313. JOSE SEGUNDO ARAYA CARRASCO,PPD,5.0,False
1590964,PELARCO,PELARCO,LICEO DE PELARCO,12V,YW.UNIDAD POR EL APRUEBO PS PPD E INDEPENDIENTES,314. PAULO ANDRES VERGARA MORALES,PPD,4.0,False
1590965,PELARCO,PELARCO,LICEO DE PELARCO,12V,YW.UNIDAD POR EL APRUEBO PS PPD E INDEPENDIENTES,315. PEDRO FELIPE GONZALEZ VERGARA,PS,5.0,False
1590966,PELARCO,PELARCO,LICEO DE PELARCO,12V,YW.UNIDAD POR EL APRUEBO PS PPD E INDEPENDIENTES,316. VERONICA  ROJAS FONSECA,IND,10.0,True
1590967,PELARCO,PELARCO,LICEO DE PELARCO,12V,ZG.CHILE VAMOS EVOPOLI - INDEPENDIENTES,317. FRANCISCO QUINTEROS JEREZ,IND,4.0,False
1590968,PELARCO,PELARCO,LICEO DE PELARCO,12V,ZG.CHILE VAMOS EVOPOLI - INDEPENDIENTES,318. PAULA ANDREA AVILA ROMAN,IND,3.0,False
1590969,PELARCO,PELARCO,LICEO DE PELARCO,12V,ZG.CHILE VAMOS EVOPOLI - INDEPENDIENTES,319. IGNACIO PARDO ROJAS,IND,1.0,False
1590970,PELARCO,PELARCO,LICEO DE PELARCO,12V,ZG.CHILE VAMOS EVOPOLI - INDEPENDIENTES,320. EVELYN BEATRIZ SEPULVEDA CERON,IND,0.0,False
1590971,PELARCO,PELARCO,LICEO DE PELARCO,12V,ZG.CHILE VAMOS EVOPOLI - INDEPENDIENTES,321. JOSE MATIAS FUENTES FUENTES,IND,7.0,False
1590972,PELARCO,PELARCO,LICEO DE PELARCO,12V,ZJ.CHILE VAMOS UDI - INDEPENDIENTES,322. CAMILA ALEJANDRA DIAZ RIOS,UDI,8.0,True
1590973,PELARCO,PELARCO,LICEO DE PELARCO,12V,ZJ.CHILE VAMOS UDI - INDEPENDIENTES,323. RICARDO PATRICIO GOMEZ CASANOVA,UDI,17.0,True
1590974,PELARCO,PELARCO,LICEO DE PELARCO,12V,ZJ.CHILE VAMOS UDI - INDEPENDIENTES,324. CHRISTIAN ALFREDO ACUÑA HERRERA,IND,12.0,False
1590975,PELARCO,PELARCO,LICEO DE PELARCO,12V,ZJ.CHILE VAMOS UDI - INDEPENDIENTES,325. JUANA YOLANDA MUÑOZ MUÑOZ,IND,0.0,False
1590976,PELARCO,PELARCO,LICEO DE PELARCO,12V,ZJ.CHILE VAMOS UDI - INDEPENDIENTES,326. SILVANA PAOLA ROJAS JARA,IND,3.0,False
1590977,PELARCO,PELARCO,LICEO DE PELARCO,12V,ZJ.CHILE VAMOS UDI - INDEPENDIENTES,327. DIEGO ELISEO VALENZUELA CID,IND,2.0,False
1590978,PELARCO,PELARCO,LICEO DE PELARCO,13V,M.CHILE DIGNO VERDE Y SOBERANO,300. GUSTAVO ULISES VALDIVIA LEON,PCCH,3.0,False
1590979,PELARCO,PELARCO,LICEO DE PELARCO,13V,XK.CHILE VAMOS RENOVACION NACIONAL - INDEPENDIENTES,301. VICTOR ARCE ALFARO,RN,8.0,True
1590980,PELARCO,PELARCO,LICEO DE PELARCO,13V,XK.CHILE VAMOS RENOVACION NACIONAL - INDEPENDIENTES,302. CLAUDIA ANDREA BOBADILLA SALAS,IND,7.0,False
1590981,PELARCO,PELARCO,LICEO DE PELARCO,13V,XK.CHILE VAMOS RENOVACION NACIONAL - INDEPENDIENTES,303. IGNACIO ANTONIO MACHUCA FUENTES,IND,3.0,False
1590982,PELARCO,PELARCO,LICEO DE PELARCO,13V,XK.CHILE VAMOS RENOVACION NACIONAL - INDEPENDIENTES,304. VICTOR SAMUEL MOYA ROCO,IND,,False
1590983,PELARCO,PELARCO,LICEO DE PELARCO,13V,XK.CHILE VAMOS RENOVACION NACIONAL - INDEPENDIENTES,305. LUIS PEREIRA REBOLLEDO,IND,7.0,False
1590984,PELARCO,PELARCO,LICEO DE PELARCO,13V,XU.UNIDOS POR LA DIGNIDAD,306. ISABEL FABIOLA PINO VIEDMA,PDC,4.0,False
1590985,PELARCO,PELARCO,LICEO DE PELARCO,13V,XU.UNIDOS POR LA DIGNIDAD,307. ROMUALDO EUSEBIO ABURTO LOYOLA,PDC,4.0,True
1590986,PELARCO,PELARCO,LICEO DE PELARCO,13V,XU.UNIDOS POR LA DIGNIDAD,308. MARIANA DEL CARMEN CASTILLO REYES,IND,2.0,False
1590987,PELARCO,PELARCO,LICEO DE PELARCO,13V,XU.UNIDOS POR LA DIGNIDAD,309. MARCELA MARGARITA GUTIERREZ GONZALEZ,IND,17.0,True
1590988,PELARCO,PELARCO,LICEO DE PELARCO,13V,XU.UNIDOS POR LA DIGNIDAD,310. HECTOR PATRICIO CONTRERAS GONZALEZ,IND,2.0,False
1590989,PELARCO,PELARCO,LICEO DE PELARCO,13V,XU.UNIDOS POR LA DIGNIDAD,311. MARIELA DEL CARMEN ROSALES MORA,IND,3.0,False
1590990,PELARCO,PELARCO,LICEO DE PELARCO,13V,YW.UNIDAD POR EL APRUEBO PS PPD E INDEPENDIENTES,312. PAMELA MARGARITA HERRERA MACAYA,PPD,4.0,False
1590991,PELARCO,PELARCO,LICEO DE PELARCO,13V,YW.UNIDAD POR EL APRUEBO PS PPD E INDEPENDIENTES,313. JOSE SEGUNDO ARAYA CARRASCO,PPD,10.0,False
1590992,PELARCO,PELARCO,LICEO DE PELARCO,13V,YW.UNIDAD POR EL APRUEBO PS PPD E INDEPENDIENTES,314. PAULO ANDRES VERGARA MORALES,PPD,4.0,False
1590993,PELARCO,PELARCO,LICEO DE PELARCO,13V,YW.UNIDAD POR EL APRUEBO PS PPD E INDEPENDIENTES,315. PEDRO FELIPE GONZALEZ VERGARA,PS,8.0,False
1590994,PELARCO,PELARCO,LICEO DE PELARCO,13V,YW.UNIDAD POR EL APRUEBO PS PPD E INDEPENDIENTES,316. VERONICA  ROJAS FONSECA,IND,9.0,True
1590995,PELARCO,PELARCO,LICEO DE PELARCO,13V,ZG.CHILE VAMOS EVOPOLI - INDEPENDIENTES,317. FRANCISCO QUINTEROS JEREZ,IND,2.0,False
1590996,PELARCO,PELARCO,LICEO DE PELARCO,13V,ZG.CHILE VAMOS EVOPOLI - INDEPENDIENTES,318. PAULA ANDREA AVILA ROMAN,IND,1.0,False
1590997,PELARCO,PELARCO,LICEO DE PELARCO,13V,ZG.CHILE VAMOS EVOPOLI - INDEPENDIENTES,319. IGNACIO PARDO ROJAS,IND,,False
1590998,PELARCO,PELARCO,LICEO DE PELARCO,13V,ZG.CHILE VAMOS EVOPOLI - INDEPENDIENTES,320. EVELYN BEATRIZ SEPULVEDA CERON,IND,1.0,False
1590999,PELARCO,PELARCO,LICEO DE PELARCO,13V,ZG.CHILE VAMOS EVOPOLI - INDEPENDIENTES,321. JOSE MATIAS FUENTES FUENTES,IND,6.0,False
1591000,PELARCO,PELARCO,LICEO DE PELARCO,13V,ZJ.CHILE VAMOS UDI - INDEPENDIENTES,322. CAMILA ALEJANDRA DIAZ RIOS,UDI,8.0,True
1591001,PELARCO,PELARCO,LICEO DE PELARCO,13V,ZJ.CHILE VAMOS UDI - INDEPENDIENTES,323. RICARDO PATRICIO GOMEZ CASANOVA,UDI,19.0,True
1591002,PELARCO,PELARCO,LICEO DE PELARCO,13V,ZJ.CHILE VAMOS UDI - INDEPENDIENTES,324. CHRISTIAN ALFREDO ACUÑA HERRERA,IND,10.0,False
1591003,PELARCO,PELARCO,LICEO DE PELARCO,13V,ZJ.CHILE VAMOS UDI - INDEPENDIENTES,325. JUANA YOLANDA MUÑOZ MUÑOZ,IND,2.0,False
1591004,PELARCO,PELARCO,LICEO DE PELARCO,13V,ZJ.CHILE VAMOS UDI - INDEPENDIENTES,326. SILVANA PAOLA ROJAS JARA,IND,,False
1591005,PELARCO,PELARCO,LICEO DE PELARCO,13V,ZJ.CHILE VAMOS UDI - INDEPENDIENTES,327. DIEGO ELISEO VALENZUELA CID,IND,4.0,False
1591006,PELARCO,PELARCO,LICEO DE PELARCO,14,M.CHILE DIGNO VERDE Y SOBERANO,300. GUSTAVO ULISES VALDIVIA LEON,PCCH,5.0,False
1591007,PELARCO,PELARCO,LICEO DE PELARCO,14,XK.CHILE VAMOS RENOVACION NACIONAL - INDEPENDIENTES,301. VICTOR ARCE ALFARO,RN,9.0,True
1591008,PELARCO,PELARCO,LICEO DE PELARCO,14,XK.CHILE VAMOS RENOVACION NACIONAL - INDEPENDIENTES,302. CLAUDIA ANDREA BOBADILLA SALAS,IND,10.0,False
1591009,PELARCO,PELARCO,LICEO DE PELARCO,14,XK.CHILE VAMOS RENOVACION NACIONAL - INDEPENDIENTES,303. IGNACIO ANTONIO MACHUCA FUENTES,IND,4.0,False
1591010,PELARCO,PELARCO,LICEO DE PELARCO,14,XK.CHILE VAMOS RENOVACION NACIONAL - INDEPENDIENTES,304. VICTOR SAMUEL MOYA ROCO,IND,1.0,False
1591011,PELARCO,PELARCO,LICEO DE PELARCO,14,XK.CHILE VAMOS RENOVACION NACIONAL - INDEPENDIENTES,305. LUIS PEREIRA REBOLLEDO,IND,1.0,False
1591012,PELARCO,PELARCO,LICEO DE PELARCO,14,XU.UNIDOS POR LA DIGNIDAD,306. ISABEL FABIOLA PINO VIEDMA,PDC,6.0,False
1591013,PELARCO,PELARCO,LICEO DE PELARCO,14,XU.UNIDOS POR LA DIGNIDAD,307. ROMUALDO EUSEBIO ABURTO LOYOLA,PDC,8.0,True
1591014,PELARCO,PELARCO,LICEO DE PELARCO,14,XU.UNIDOS POR LA DIGNIDAD,308. MARIANA DEL CARMEN CASTILLO REYES,IND,3.0,False
1591015,PELARCO,PELARCO,LICEO DE PELARCO,14,XU.UNIDOS POR LA DIGNIDAD,309. MARCELA MARGARITA GUTIERREZ GONZALEZ,IND,14.0,True
1591016,PELARCO,PELARCO,LICEO DE PELARCO,14,XU.UNIDOS POR LA DIGNIDAD,310. HECTOR PATRICIO CONTRERAS GONZALEZ,IND,6.0,False
1591017,PELARCO,PELARCO,LICEO DE PELARCO,14,XU.UNIDOS POR LA DIGNIDAD,311. MARIELA DEL CARMEN ROSALES MORA,IND,5.0,False
1591018,PELARCO,PELARCO,LICEO DE PELARCO,14,YW.UNIDAD POR EL APRUEBO PS PPD E INDEPENDIENTES,312. PAMELA MARGARITA HERRERA MACAYA,PPD,2.0,False
1591019,PELARCO,PELARCO,LICEO DE PELARCO,14,YW.UNIDAD POR EL APRUEBO PS PPD E INDEPENDIENTES,313. JOSE SEGUNDO ARAYA CARRASCO,PPD,0.0,False
1591020,PELARCO,PELARCO,LICEO DE PELARCO,14,YW.UNIDAD POR EL APRUEBO PS PPD E INDEPENDIENTES,314. PAULO ANDRES VERGARA MORALES,PPD,5.0,False
1591021,PELARCO,PELARCO,LICEO DE PELARCO,14,YW.UNIDAD POR EL APRUEBO PS PPD E INDEPENDIENTES,315. PEDRO FELIPE GONZALEZ VERGARA,PS,6.0,False
1591022,PELARCO,PELARCO,LICEO DE PELARCO,14,YW.UNIDAD POR EL APRUEBO PS PPD E INDEPENDIENTES,316. VERONICA  ROJAS FONSECA,IND,13.0,True
1591023,PELARCO,PELARCO,LICEO DE PELARCO,14,ZG.CHILE VAMOS EVOPOLI - INDEPENDIENTES,317. FRANCISCO QUINTEROS JEREZ,IND,7.0,False
1591024,PELARCO,PELARCO,LICEO DE PELARCO,14,ZG.CHILE VAMOS EVOPOLI - INDEPENDIENTES,318. PAULA ANDREA AVILA ROMAN,IND,0.0,False
1591025,PELARCO,PELARCO,LICEO DE PELARCO,14,ZG.CHILE VAMOS EVOPOLI - INDEPENDIENTES,319. IGNACIO PARDO ROJAS,IND,4.0,False
1591026,PELARCO,PELARCO,LICEO DE PELARCO,14,ZG.CHILE VAMOS EVOPOLI - INDEPENDIENTES,320. EVELYN BEATRIZ SEPULVEDA CERON,IND,0.0,False
1591027,PELARCO,PELARCO,LICEO DE PELARCO,14,ZG.CHILE VAMOS EVOPOLI - INDEPENDIENTES,321. JOSE MATIAS FUENTES FUENTES,IND,6.0,False
1591028,PELARCO,PELARCO,LICEO DE PELARCO,14,ZJ.CHILE VAMOS UDI - INDEPENDIENTES,322. CAMILA ALEJANDRA DIAZ RIOS,UDI,9.0,True
1591029,PELARCO,PELARCO,LICEO DE PELARCO,14,ZJ.CHILE VAMOS UDI - INDEPENDIENTES,323. RICARDO PATRICIO GOMEZ CASANOVA,UDI,17.0,True
1591030,PELARCO,PELARCO,LICEO DE PELARCO,14,ZJ.CHILE VAMOS UDI - INDEPENDIENTES,324. CHRISTIAN ALFREDO ACUÑA HERRERA,IND,4.0,False
1591031,PELARCO,PELARCO,LICEO DE PELARCO,14,ZJ.CHILE VAMOS UDI - INDEPENDIENTES,325. JUANA YOLANDA MUÑOZ MUÑOZ,IND,2.0,False
1591032,PELARCO,PELARCO,LICEO DE PELARCO,14,ZJ.CHILE VAMOS UDI - INDEPENDIENTES,326. SILVANA PAOLA ROJAS JARA,IND,2.0,False
1591033,PELARCO,PELARCO,LICEO DE PELARCO,14,ZJ.CHILE VAMOS UDI - INDEPENDIENTES,327. DIEGO ELISEO VALENZUELA CID,IND,8.0,False
