,COMUNA,CIRC_ELEC,LOCAL,MESA,LISTA,CANDIDATX,PARTIDO,VOTOS,ELECTX
1674420,PICA,PICA,ESCUELA SAN ANDRES DE PICA,1M,M.CHILE DIGNO VERDE Y SOBERANO,300. FRANCISCO ALEJANDRO CABEZAS CORTES,PCCH,3.0,False
1674421,PICA,PICA,ESCUELA SAN ANDRES DE PICA,1M,M.CHILE DIGNO VERDE Y SOBERANO,301. CARLA YUBITZA LOYOLA CANTILLANO,PCCH,1.0,False
1674422,PICA,PICA,ESCUELA SAN ANDRES DE PICA,1M,M.CHILE DIGNO VERDE Y SOBERANO,302. LEONARDO JAVIER PALAPE PALAPE,IND,4.0,False
1674423,PICA,PICA,ESCUELA SAN ANDRES DE PICA,1M,XK.CHILE VAMOS RENOVACION NACIONAL - INDEPENDIENTES,303. JUAN CARLOS GODOY APALA,RN,25.0,True
1674424,PICA,PICA,ESCUELA SAN ANDRES DE PICA,1M,XK.CHILE VAMOS RENOVACION NACIONAL - INDEPENDIENTES,304. ANGEL NAZARENO OLIVARES MARTINEZ,RN,6.0,False
1674425,PICA,PICA,ESCUELA SAN ANDRES DE PICA,1M,XK.CHILE VAMOS RENOVACION NACIONAL - INDEPENDIENTES,305. CLAUDIA IVONNE JOFRE RIVERA,RN,7.0,True
1674426,PICA,PICA,ESCUELA SAN ANDRES DE PICA,1M,XK.CHILE VAMOS RENOVACION NACIONAL - INDEPENDIENTES,306. ALEJANDRO ALBERTO CHACON BRAÑEZ,IND,0.0,False
1674427,PICA,PICA,ESCUELA SAN ANDRES DE PICA,1M,XK.CHILE VAMOS RENOVACION NACIONAL - INDEPENDIENTES,307. CLAUDIA ELIZABETH ROJAS PLAZA,IND,11.0,True
1674428,PICA,PICA,ESCUELA SAN ANDRES DE PICA,1M,XS.FRENTE AMPLIO,308. MARIA TERESA OXA VILLAGRA,IND,30.0,True
1674429,PICA,PICA,ESCUELA SAN ANDRES DE PICA,1M,XS.FRENTE AMPLIO,309. OLIVIA ANTONIETA VALENZUELA LEMA,IND,6.0,False
1674430,PICA,PICA,ESCUELA SAN ANDRES DE PICA,1M,XS.FRENTE AMPLIO,310. DAYRI MOSCOSO CASTRO,IND,2.0,False
1674431,PICA,PICA,ESCUELA SAN ANDRES DE PICA,1M,XS.FRENTE AMPLIO,311. CLIDER FERNANDO GALEAS PEREZ,IND,1.0,False
1674432,PICA,PICA,ESCUELA SAN ANDRES DE PICA,1M,XU.UNIDOS POR LA DIGNIDAD,312. RODOLFO GONZALEZ LUTINO,PDC,9.0,True
1674433,PICA,PICA,ESCUELA SAN ANDRES DE PICA,1M,XU.UNIDOS POR LA DIGNIDAD,313. VICTOR ALBERTO VERA GONZALEZ,PDC,8.0,False
1674434,PICA,PICA,ESCUELA SAN ANDRES DE PICA,1M,XU.UNIDOS POR LA DIGNIDAD,314. CARLOS VICTORIANO PAILLALEF ANTICOY,IND,7.0,False
1674435,PICA,PICA,ESCUELA SAN ANDRES DE PICA,1M,XY.DIGNIDAD AHORA,315. MAURICIO ANDRES VERA CALZARETTA,IND,2.0,False
1674436,PICA,PICA,ESCUELA SAN ANDRES DE PICA,1M,YW.UNIDAD POR EL APRUEBO PS PPD E INDEPENDIENTES,316. ROBERTO MERIDA OVIEDO,PS,5.0,False
1674437,PICA,PICA,ESCUELA SAN ANDRES DE PICA,1M,YW.UNIDAD POR EL APRUEBO PS PPD E INDEPENDIENTES,317. MIGUEL NUÑEZ HERRERA,IND,5.0,False
1674438,PICA,PICA,ESCUELA SAN ANDRES DE PICA,1M,YW.UNIDAD POR EL APRUEBO PS PPD E INDEPENDIENTES,318. JUDITH ESTEBAN PURE,IND,5.0,False
1674439,PICA,PICA,ESCUELA SAN ANDRES DE PICA,1M,ZJ.CHILE VAMOS UDI - INDEPENDIENTES,319. PATRICIO JULIO VARGAS BRIONES,UDI,9.0,True
1674440,PICA,PICA,ESCUELA SAN ANDRES DE PICA,1M,ZJ.CHILE VAMOS UDI - INDEPENDIENTES,320. LIDIA CARINA LOPEZ ARROYO,UDI,8.0,False
1674441,PICA,PICA,ESCUELA SAN ANDRES DE PICA,1M,ZJ.CHILE VAMOS UDI - INDEPENDIENTES,321. HECTOR LUIS CAMPUZANO GUZMAN,UDI,3.0,False
1674442,PICA,PICA,ESCUELA SAN ANDRES DE PICA,1M,ZJ.CHILE VAMOS UDI - INDEPENDIENTES,322. MARIA ELIANA TRONCOSO RAMOS,UDI,1.0,False
1674443,PICA,PICA,ESCUELA SAN ANDRES DE PICA,1M,ZJ.CHILE VAMOS UDI - INDEPENDIENTES,323. TEDDY JESUS PERALTA QUIGUATA,IND,3.0,False
1674444,PICA,PICA,ESCUELA SAN ANDRES DE PICA,1M,ZJ.CHILE VAMOS UDI - INDEPENDIENTES,324. ERICA RUTH AYAVIRE TICONA,IND,3.0,False
1674445,PICA,PICA,ESCUELA SAN ANDRES DE PICA,1M,ZU.RADICALES E INDEPENDIENTES,325. DELIA DEL CARMEN ORDENES TORO,IND,3.0,False
1674446,PICA,PICA,ESCUELA SAN ANDRES DE PICA,1M,ZU.RADICALES E INDEPENDIENTES,326. MARIANELA HAYDEE NARVAEZ SOTO,IND,2.0,False
1674447,PICA,PICA,ESCUELA SAN ANDRES DE PICA,2M,M.CHILE DIGNO VERDE Y SOBERANO,300. FRANCISCO ALEJANDRO CABEZAS CORTES,PCCH,6.0,False
1674448,PICA,PICA,ESCUELA SAN ANDRES DE PICA,2M,M.CHILE DIGNO VERDE Y SOBERANO,301. CARLA YUBITZA LOYOLA CANTILLANO,PCCH,5.0,False
1674449,PICA,PICA,ESCUELA SAN ANDRES DE PICA,2M,M.CHILE DIGNO VERDE Y SOBERANO,302. LEONARDO JAVIER PALAPE PALAPE,IND,2.0,False
1674450,PICA,PICA,ESCUELA SAN ANDRES DE PICA,2M,XK.CHILE VAMOS RENOVACION NACIONAL - INDEPENDIENTES,303. JUAN CARLOS GODOY APALA,RN,20.0,True
1674451,PICA,PICA,ESCUELA SAN ANDRES DE PICA,2M,XK.CHILE VAMOS RENOVACION NACIONAL - INDEPENDIENTES,304. ANGEL NAZARENO OLIVARES MARTINEZ,RN,9.0,False
1674452,PICA,PICA,ESCUELA SAN ANDRES DE PICA,2M,XK.CHILE VAMOS RENOVACION NACIONAL - INDEPENDIENTES,305. CLAUDIA IVONNE JOFRE RIVERA,RN,7.0,True
1674453,PICA,PICA,ESCUELA SAN ANDRES DE PICA,2M,XK.CHILE VAMOS RENOVACION NACIONAL - INDEPENDIENTES,306. ALEJANDRO ALBERTO CHACON BRAÑEZ,IND,0.0,False
1674454,PICA,PICA,ESCUELA SAN ANDRES DE PICA,2M,XK.CHILE VAMOS RENOVACION NACIONAL - INDEPENDIENTES,307. CLAUDIA ELIZABETH ROJAS PLAZA,IND,15.0,True
1674455,PICA,PICA,ESCUELA SAN ANDRES DE PICA,2M,XS.FRENTE AMPLIO,308. MARIA TERESA OXA VILLAGRA,IND,26.0,True
1674456,PICA,PICA,ESCUELA SAN ANDRES DE PICA,2M,XS.FRENTE AMPLIO,309. OLIVIA ANTONIETA VALENZUELA LEMA,IND,9.0,False
1674457,PICA,PICA,ESCUELA SAN ANDRES DE PICA,2M,XS.FRENTE AMPLIO,310. DAYRI MOSCOSO CASTRO,IND,11.0,False
1674458,PICA,PICA,ESCUELA SAN ANDRES DE PICA,2M,XS.FRENTE AMPLIO,311. CLIDER FERNANDO GALEAS PEREZ,IND,0.0,False
1674459,PICA,PICA,ESCUELA SAN ANDRES DE PICA,2M,XU.UNIDOS POR LA DIGNIDAD,312. RODOLFO GONZALEZ LUTINO,PDC,13.0,True
1674460,PICA,PICA,ESCUELA SAN ANDRES DE PICA,2M,XU.UNIDOS POR LA DIGNIDAD,313. VICTOR ALBERTO VERA GONZALEZ,PDC,11.0,False
1674461,PICA,PICA,ESCUELA SAN ANDRES DE PICA,2M,XU.UNIDOS POR LA DIGNIDAD,314. CARLOS VICTORIANO PAILLALEF ANTICOY,IND,2.0,False
1674462,PICA,PICA,ESCUELA SAN ANDRES DE PICA,2M,XY.DIGNIDAD AHORA,315. MAURICIO ANDRES VERA CALZARETTA,IND,1.0,False
1674463,PICA,PICA,ESCUELA SAN ANDRES DE PICA,2M,YW.UNIDAD POR EL APRUEBO PS PPD E INDEPENDIENTES,316. ROBERTO MERIDA OVIEDO,PS,1.0,False
1674464,PICA,PICA,ESCUELA SAN ANDRES DE PICA,2M,YW.UNIDAD POR EL APRUEBO PS PPD E INDEPENDIENTES,317. MIGUEL NUÑEZ HERRERA,IND,2.0,False
1674465,PICA,PICA,ESCUELA SAN ANDRES DE PICA,2M,YW.UNIDAD POR EL APRUEBO PS PPD E INDEPENDIENTES,318. JUDITH ESTEBAN PURE,IND,9.0,False
1674466,PICA,PICA,ESCUELA SAN ANDRES DE PICA,2M,ZJ.CHILE VAMOS UDI - INDEPENDIENTES,319. PATRICIO JULIO VARGAS BRIONES,UDI,16.0,True
1674467,PICA,PICA,ESCUELA SAN ANDRES DE PICA,2M,ZJ.CHILE VAMOS UDI - INDEPENDIENTES,320. LIDIA CARINA LOPEZ ARROYO,UDI,3.0,False
1674468,PICA,PICA,ESCUELA SAN ANDRES DE PICA,2M,ZJ.CHILE VAMOS UDI - INDEPENDIENTES,321. HECTOR LUIS CAMPUZANO GUZMAN,UDI,3.0,False
1674469,PICA,PICA,ESCUELA SAN ANDRES DE PICA,2M,ZJ.CHILE VAMOS UDI - INDEPENDIENTES,322. MARIA ELIANA TRONCOSO RAMOS,UDI,0.0,False
1674470,PICA,PICA,ESCUELA SAN ANDRES DE PICA,2M,ZJ.CHILE VAMOS UDI - INDEPENDIENTES,323. TEDDY JESUS PERALTA QUIGUATA,IND,10.0,False
1674471,PICA,PICA,ESCUELA SAN ANDRES DE PICA,2M,ZJ.CHILE VAMOS UDI - INDEPENDIENTES,324. ERICA RUTH AYAVIRE TICONA,IND,3.0,False
1674472,PICA,PICA,ESCUELA SAN ANDRES DE PICA,2M,ZU.RADICALES E INDEPENDIENTES,325. DELIA DEL CARMEN ORDENES TORO,IND,1.0,False
1674473,PICA,PICA,ESCUELA SAN ANDRES DE PICA,2M,ZU.RADICALES E INDEPENDIENTES,326. MARIANELA HAYDEE NARVAEZ SOTO,IND,2.0,False
1674474,PICA,PICA,ESCUELA SAN ANDRES DE PICA,3M,M.CHILE DIGNO VERDE Y SOBERANO,300. FRANCISCO ALEJANDRO CABEZAS CORTES,PCCH,6.0,False
1674475,PICA,PICA,ESCUELA SAN ANDRES DE PICA,3M,M.CHILE DIGNO VERDE Y SOBERANO,301. CARLA YUBITZA LOYOLA CANTILLANO,PCCH,0.0,False
1674476,PICA,PICA,ESCUELA SAN ANDRES DE PICA,3M,M.CHILE DIGNO VERDE Y SOBERANO,302. LEONARDO JAVIER PALAPE PALAPE,IND,4.0,False
1674477,PICA,PICA,ESCUELA SAN ANDRES DE PICA,3M,XK.CHILE VAMOS RENOVACION NACIONAL - INDEPENDIENTES,303. JUAN CARLOS GODOY APALA,RN,21.0,True
1674478,PICA,PICA,ESCUELA SAN ANDRES DE PICA,3M,XK.CHILE VAMOS RENOVACION NACIONAL - INDEPENDIENTES,304. ANGEL NAZARENO OLIVARES MARTINEZ,RN,7.0,False
1674479,PICA,PICA,ESCUELA SAN ANDRES DE PICA,3M,XK.CHILE VAMOS RENOVACION NACIONAL - INDEPENDIENTES,305. CLAUDIA IVONNE JOFRE RIVERA,RN,6.0,True
1674480,PICA,PICA,ESCUELA SAN ANDRES DE PICA,3M,XK.CHILE VAMOS RENOVACION NACIONAL - INDEPENDIENTES,306. ALEJANDRO ALBERTO CHACON BRAÑEZ,IND,1.0,False
1674481,PICA,PICA,ESCUELA SAN ANDRES DE PICA,3M,XK.CHILE VAMOS RENOVACION NACIONAL - INDEPENDIENTES,307. CLAUDIA ELIZABETH ROJAS PLAZA,IND,5.0,True
1674482,PICA,PICA,ESCUELA SAN ANDRES DE PICA,3M,XS.FRENTE AMPLIO,308. MARIA TERESA OXA VILLAGRA,IND,21.0,True
1674483,PICA,PICA,ESCUELA SAN ANDRES DE PICA,3M,XS.FRENTE AMPLIO,309. OLIVIA ANTONIETA VALENZUELA LEMA,IND,5.0,False
1674484,PICA,PICA,ESCUELA SAN ANDRES DE PICA,3M,XS.FRENTE AMPLIO,310. DAYRI MOSCOSO CASTRO,IND,3.0,False
1674485,PICA,PICA,ESCUELA SAN ANDRES DE PICA,3M,XS.FRENTE AMPLIO,311. CLIDER FERNANDO GALEAS PEREZ,IND,0.0,False
1674486,PICA,PICA,ESCUELA SAN ANDRES DE PICA,3M,XU.UNIDOS POR LA DIGNIDAD,312. RODOLFO GONZALEZ LUTINO,PDC,10.0,True
1674487,PICA,PICA,ESCUELA SAN ANDRES DE PICA,3M,XU.UNIDOS POR LA DIGNIDAD,313. VICTOR ALBERTO VERA GONZALEZ,PDC,5.0,False
1674488,PICA,PICA,ESCUELA SAN ANDRES DE PICA,3M,XU.UNIDOS POR LA DIGNIDAD,314. CARLOS VICTORIANO PAILLALEF ANTICOY,IND,5.0,False
1674489,PICA,PICA,ESCUELA SAN ANDRES DE PICA,3M,XY.DIGNIDAD AHORA,315. MAURICIO ANDRES VERA CALZARETTA,IND,4.0,False
1674490,PICA,PICA,ESCUELA SAN ANDRES DE PICA,3M,YW.UNIDAD POR EL APRUEBO PS PPD E INDEPENDIENTES,316. ROBERTO MERIDA OVIEDO,PS,1.0,False
1674491,PICA,PICA,ESCUELA SAN ANDRES DE PICA,3M,YW.UNIDAD POR EL APRUEBO PS PPD E INDEPENDIENTES,317. MIGUEL NUÑEZ HERRERA,IND,1.0,False
1674492,PICA,PICA,ESCUELA SAN ANDRES DE PICA,3M,YW.UNIDAD POR EL APRUEBO PS PPD E INDEPENDIENTES,318. JUDITH ESTEBAN PURE,IND,3.0,False
1674493,PICA,PICA,ESCUELA SAN ANDRES DE PICA,3M,ZJ.CHILE VAMOS UDI - INDEPENDIENTES,319. PATRICIO JULIO VARGAS BRIONES,UDI,14.0,True
1674494,PICA,PICA,ESCUELA SAN ANDRES DE PICA,3M,ZJ.CHILE VAMOS UDI - INDEPENDIENTES,320. LIDIA CARINA LOPEZ ARROYO,UDI,15.0,False
1674495,PICA,PICA,ESCUELA SAN ANDRES DE PICA,3M,ZJ.CHILE VAMOS UDI - INDEPENDIENTES,321. HECTOR LUIS CAMPUZANO GUZMAN,UDI,2.0,False
1674496,PICA,PICA,ESCUELA SAN ANDRES DE PICA,3M,ZJ.CHILE VAMOS UDI - INDEPENDIENTES,322. MARIA ELIANA TRONCOSO RAMOS,UDI,0.0,False
1674497,PICA,PICA,ESCUELA SAN ANDRES DE PICA,3M,ZJ.CHILE VAMOS UDI - INDEPENDIENTES,323. TEDDY JESUS PERALTA QUIGUATA,IND,10.0,False
1674498,PICA,PICA,ESCUELA SAN ANDRES DE PICA,3M,ZJ.CHILE VAMOS UDI - INDEPENDIENTES,324. ERICA RUTH AYAVIRE TICONA,IND,1.0,False
1674499,PICA,PICA,ESCUELA SAN ANDRES DE PICA,3M,ZU.RADICALES E INDEPENDIENTES,325. DELIA DEL CARMEN ORDENES TORO,IND,0.0,False
1674500,PICA,PICA,ESCUELA SAN ANDRES DE PICA,3M,ZU.RADICALES E INDEPENDIENTES,326. MARIANELA HAYDEE NARVAEZ SOTO,IND,3.0,False
1674501,PICA,PICA,ESCUELA SAN ANDRES DE PICA,4M,M.CHILE DIGNO VERDE Y SOBERANO,300. FRANCISCO ALEJANDRO CABEZAS CORTES,PCCH,8.0,False
1674502,PICA,PICA,ESCUELA SAN ANDRES DE PICA,4M,M.CHILE DIGNO VERDE Y SOBERANO,301. CARLA YUBITZA LOYOLA CANTILLANO,PCCH,4.0,False
1674503,PICA,PICA,ESCUELA SAN ANDRES DE PICA,4M,M.CHILE DIGNO VERDE Y SOBERANO,302. LEONARDO JAVIER PALAPE PALAPE,IND,1.0,False
1674504,PICA,PICA,ESCUELA SAN ANDRES DE PICA,4M,XK.CHILE VAMOS RENOVACION NACIONAL - INDEPENDIENTES,303. JUAN CARLOS GODOY APALA,RN,31.0,True
1674505,PICA,PICA,ESCUELA SAN ANDRES DE PICA,4M,XK.CHILE VAMOS RENOVACION NACIONAL - INDEPENDIENTES,304. ANGEL NAZARENO OLIVARES MARTINEZ,RN,8.0,False
1674506,PICA,PICA,ESCUELA SAN ANDRES DE PICA,4M,XK.CHILE VAMOS RENOVACION NACIONAL - INDEPENDIENTES,305. CLAUDIA IVONNE JOFRE RIVERA,RN,5.0,True
1674507,PICA,PICA,ESCUELA SAN ANDRES DE PICA,4M,XK.CHILE VAMOS RENOVACION NACIONAL - INDEPENDIENTES,306. ALEJANDRO ALBERTO CHACON BRAÑEZ,IND,1.0,False
1674508,PICA,PICA,ESCUELA SAN ANDRES DE PICA,4M,XK.CHILE VAMOS RENOVACION NACIONAL - INDEPENDIENTES,307. CLAUDIA ELIZABETH ROJAS PLAZA,IND,9.0,True
1674509,PICA,PICA,ESCUELA SAN ANDRES DE PICA,4M,XS.FRENTE AMPLIO,308. MARIA TERESA OXA VILLAGRA,IND,20.0,True
1674510,PICA,PICA,ESCUELA SAN ANDRES DE PICA,4M,XS.FRENTE AMPLIO,309. OLIVIA ANTONIETA VALENZUELA LEMA,IND,4.0,False
1674511,PICA,PICA,ESCUELA SAN ANDRES DE PICA,4M,XS.FRENTE AMPLIO,310. DAYRI MOSCOSO CASTRO,IND,5.0,False
1674512,PICA,PICA,ESCUELA SAN ANDRES DE PICA,4M,XS.FRENTE AMPLIO,311. CLIDER FERNANDO GALEAS PEREZ,IND,1.0,False
1674513,PICA,PICA,ESCUELA SAN ANDRES DE PICA,4M,XU.UNIDOS POR LA DIGNIDAD,312. RODOLFO GONZALEZ LUTINO,PDC,21.0,True
1674514,PICA,PICA,ESCUELA SAN ANDRES DE PICA,4M,XU.UNIDOS POR LA DIGNIDAD,313. VICTOR ALBERTO VERA GONZALEZ,PDC,8.0,False
1674515,PICA,PICA,ESCUELA SAN ANDRES DE PICA,4M,XU.UNIDOS POR LA DIGNIDAD,314. CARLOS VICTORIANO PAILLALEF ANTICOY,IND,11.0,False
1674516,PICA,PICA,ESCUELA SAN ANDRES DE PICA,4M,XY.DIGNIDAD AHORA,315. MAURICIO ANDRES VERA CALZARETTA,IND,3.0,False
1674517,PICA,PICA,ESCUELA SAN ANDRES DE PICA,4M,YW.UNIDAD POR EL APRUEBO PS PPD E INDEPENDIENTES,316. ROBERTO MERIDA OVIEDO,PS,2.0,False
1674518,PICA,PICA,ESCUELA SAN ANDRES DE PICA,4M,YW.UNIDAD POR EL APRUEBO PS PPD E INDEPENDIENTES,317. MIGUEL NUÑEZ HERRERA,IND,3.0,False
1674519,PICA,PICA,ESCUELA SAN ANDRES DE PICA,4M,YW.UNIDAD POR EL APRUEBO PS PPD E INDEPENDIENTES,318. JUDITH ESTEBAN PURE,IND,6.0,False
1674520,PICA,PICA,ESCUELA SAN ANDRES DE PICA,4M,ZJ.CHILE VAMOS UDI - INDEPENDIENTES,319. PATRICIO JULIO VARGAS BRIONES,UDI,12.0,True
1674521,PICA,PICA,ESCUELA SAN ANDRES DE PICA,4M,ZJ.CHILE VAMOS UDI - INDEPENDIENTES,320. LIDIA CARINA LOPEZ ARROYO,UDI,6.0,False
1674522,PICA,PICA,ESCUELA SAN ANDRES DE PICA,4M,ZJ.CHILE VAMOS UDI - INDEPENDIENTES,321. HECTOR LUIS CAMPUZANO GUZMAN,UDI,3.0,False
1674523,PICA,PICA,ESCUELA SAN ANDRES DE PICA,4M,ZJ.CHILE VAMOS UDI - INDEPENDIENTES,322. MARIA ELIANA TRONCOSO RAMOS,UDI,1.0,False
1674524,PICA,PICA,ESCUELA SAN ANDRES DE PICA,4M,ZJ.CHILE VAMOS UDI - INDEPENDIENTES,323. TEDDY JESUS PERALTA QUIGUATA,IND,5.0,False
1674525,PICA,PICA,ESCUELA SAN ANDRES DE PICA,4M,ZJ.CHILE VAMOS UDI - INDEPENDIENTES,324. ERICA RUTH AYAVIRE TICONA,IND,2.0,False
1674526,PICA,PICA,ESCUELA SAN ANDRES DE PICA,4M,ZU.RADICALES E INDEPENDIENTES,325. DELIA DEL CARMEN ORDENES TORO,IND,0.0,False
1674527,PICA,PICA,ESCUELA SAN ANDRES DE PICA,4M,ZU.RADICALES E INDEPENDIENTES,326. MARIANELA HAYDEE NARVAEZ SOTO,IND,2.0,False
1674528,PICA,PICA,ESCUELA SAN ANDRES DE PICA,5M,M.CHILE DIGNO VERDE Y SOBERANO,300. FRANCISCO ALEJANDRO CABEZAS CORTES,PCCH,5.0,False
1674529,PICA,PICA,ESCUELA SAN ANDRES DE PICA,5M,M.CHILE DIGNO VERDE Y SOBERANO,301. CARLA YUBITZA LOYOLA CANTILLANO,PCCH,0.0,False
1674530,PICA,PICA,ESCUELA SAN ANDRES DE PICA,5M,M.CHILE DIGNO VERDE Y SOBERANO,302. LEONARDO JAVIER PALAPE PALAPE,IND,0.0,False
1674531,PICA,PICA,ESCUELA SAN ANDRES DE PICA,5M,XK.CHILE VAMOS RENOVACION NACIONAL - INDEPENDIENTES,303. JUAN CARLOS GODOY APALA,RN,30.0,True
1674532,PICA,PICA,ESCUELA SAN ANDRES DE PICA,5M,XK.CHILE VAMOS RENOVACION NACIONAL - INDEPENDIENTES,304. ANGEL NAZARENO OLIVARES MARTINEZ,RN,13.0,False
1674533,PICA,PICA,ESCUELA SAN ANDRES DE PICA,5M,XK.CHILE VAMOS RENOVACION NACIONAL - INDEPENDIENTES,305. CLAUDIA IVONNE JOFRE RIVERA,RN,10.0,True
1674534,PICA,PICA,ESCUELA SAN ANDRES DE PICA,5M,XK.CHILE VAMOS RENOVACION NACIONAL - INDEPENDIENTES,306. ALEJANDRO ALBERTO CHACON BRAÑEZ,IND,0.0,False
1674535,PICA,PICA,ESCUELA SAN ANDRES DE PICA,5M,XK.CHILE VAMOS RENOVACION NACIONAL - INDEPENDIENTES,307. CLAUDIA ELIZABETH ROJAS PLAZA,IND,0.0,True
1674536,PICA,PICA,ESCUELA SAN ANDRES DE PICA,5M,XS.FRENTE AMPLIO,308. MARIA TERESA OXA VILLAGRA,IND,17.0,True
1674537,PICA,PICA,ESCUELA SAN ANDRES DE PICA,5M,XS.FRENTE AMPLIO,309. OLIVIA ANTONIETA VALENZUELA LEMA,IND,4.0,False
1674538,PICA,PICA,ESCUELA SAN ANDRES DE PICA,5M,XS.FRENTE AMPLIO,310. DAYRI MOSCOSO CASTRO,IND,1.0,False
1674539,PICA,PICA,ESCUELA SAN ANDRES DE PICA,5M,XS.FRENTE AMPLIO,311. CLIDER FERNANDO GALEAS PEREZ,IND,0.0,False
1674540,PICA,PICA,ESCUELA SAN ANDRES DE PICA,5M,XU.UNIDOS POR LA DIGNIDAD,312. RODOLFO GONZALEZ LUTINO,PDC,14.0,True
1674541,PICA,PICA,ESCUELA SAN ANDRES DE PICA,5M,XU.UNIDOS POR LA DIGNIDAD,313. VICTOR ALBERTO VERA GONZALEZ,PDC,6.0,False
1674542,PICA,PICA,ESCUELA SAN ANDRES DE PICA,5M,XU.UNIDOS POR LA DIGNIDAD,314. CARLOS VICTORIANO PAILLALEF ANTICOY,IND,11.0,False
1674543,PICA,PICA,ESCUELA SAN ANDRES DE PICA,5M,XY.DIGNIDAD AHORA,315. MAURICIO ANDRES VERA CALZARETTA,IND,6.0,False
1674544,PICA,PICA,ESCUELA SAN ANDRES DE PICA,5M,YW.UNIDAD POR EL APRUEBO PS PPD E INDEPENDIENTES,316. ROBERTO MERIDA OVIEDO,PS,0.0,False
1674545,PICA,PICA,ESCUELA SAN ANDRES DE PICA,5M,YW.UNIDAD POR EL APRUEBO PS PPD E INDEPENDIENTES,317. MIGUEL NUÑEZ HERRERA,IND,5.0,False
1674546,PICA,PICA,ESCUELA SAN ANDRES DE PICA,5M,YW.UNIDAD POR EL APRUEBO PS PPD E INDEPENDIENTES,318. JUDITH ESTEBAN PURE,IND,4.0,False
1674547,PICA,PICA,ESCUELA SAN ANDRES DE PICA,5M,ZJ.CHILE VAMOS UDI - INDEPENDIENTES,319. PATRICIO JULIO VARGAS BRIONES,UDI,9.0,True
1674548,PICA,PICA,ESCUELA SAN ANDRES DE PICA,5M,ZJ.CHILE VAMOS UDI - INDEPENDIENTES,320. LIDIA CARINA LOPEZ ARROYO,UDI,10.0,False
1674549,PICA,PICA,ESCUELA SAN ANDRES DE PICA,5M,ZJ.CHILE VAMOS UDI - INDEPENDIENTES,321. HECTOR LUIS CAMPUZANO GUZMAN,UDI,4.0,False
1674550,PICA,PICA,ESCUELA SAN ANDRES DE PICA,5M,ZJ.CHILE VAMOS UDI - INDEPENDIENTES,322. MARIA ELIANA TRONCOSO RAMOS,UDI,1.0,False
1674551,PICA,PICA,ESCUELA SAN ANDRES DE PICA,5M,ZJ.CHILE VAMOS UDI - INDEPENDIENTES,323. TEDDY JESUS PERALTA QUIGUATA,IND,2.0,False
1674552,PICA,PICA,ESCUELA SAN ANDRES DE PICA,5M,ZJ.CHILE VAMOS UDI - INDEPENDIENTES,324. ERICA RUTH AYAVIRE TICONA,IND,1.0,False
1674553,PICA,PICA,ESCUELA SAN ANDRES DE PICA,5M,ZU.RADICALES E INDEPENDIENTES,325. DELIA DEL CARMEN ORDENES TORO,IND,4.0,False
1674554,PICA,PICA,ESCUELA SAN ANDRES DE PICA,5M,ZU.RADICALES E INDEPENDIENTES,326. MARIANELA HAYDEE NARVAEZ SOTO,IND,1.0,False
1674555,PICA,PICA,ESCUELA SAN ANDRES DE PICA,6M,M.CHILE DIGNO VERDE Y SOBERANO,300. FRANCISCO ALEJANDRO CABEZAS CORTES,PCCH,7.0,False
1674556,PICA,PICA,ESCUELA SAN ANDRES DE PICA,6M,M.CHILE DIGNO VERDE Y SOBERANO,301. CARLA YUBITZA LOYOLA CANTILLANO,PCCH,4.0,False
1674557,PICA,PICA,ESCUELA SAN ANDRES DE PICA,6M,M.CHILE DIGNO VERDE Y SOBERANO,302. LEONARDO JAVIER PALAPE PALAPE,IND,1.0,False
1674558,PICA,PICA,ESCUELA SAN ANDRES DE PICA,6M,XK.CHILE VAMOS RENOVACION NACIONAL - INDEPENDIENTES,303. JUAN CARLOS GODOY APALA,RN,27.0,True
1674559,PICA,PICA,ESCUELA SAN ANDRES DE PICA,6M,XK.CHILE VAMOS RENOVACION NACIONAL - INDEPENDIENTES,304. ANGEL NAZARENO OLIVARES MARTINEZ,RN,12.0,False
1674560,PICA,PICA,ESCUELA SAN ANDRES DE PICA,6M,XK.CHILE VAMOS RENOVACION NACIONAL - INDEPENDIENTES,305. CLAUDIA IVONNE JOFRE RIVERA,RN,8.0,True
1674561,PICA,PICA,ESCUELA SAN ANDRES DE PICA,6M,XK.CHILE VAMOS RENOVACION NACIONAL - INDEPENDIENTES,306. ALEJANDRO ALBERTO CHACON BRAÑEZ,IND,0.0,False
1674562,PICA,PICA,ESCUELA SAN ANDRES DE PICA,6M,XK.CHILE VAMOS RENOVACION NACIONAL - INDEPENDIENTES,307. CLAUDIA ELIZABETH ROJAS PLAZA,IND,14.0,True
1674563,PICA,PICA,ESCUELA SAN ANDRES DE PICA,6M,XS.FRENTE AMPLIO,308. MARIA TERESA OXA VILLAGRA,IND,32.0,True
1674564,PICA,PICA,ESCUELA SAN ANDRES DE PICA,6M,XS.FRENTE AMPLIO,309. OLIVIA ANTONIETA VALENZUELA LEMA,IND,7.0,False
1674565,PICA,PICA,ESCUELA SAN ANDRES DE PICA,6M,XS.FRENTE AMPLIO,310. DAYRI MOSCOSO CASTRO,IND,6.0,False
1674566,PICA,PICA,ESCUELA SAN ANDRES DE PICA,6M,XS.FRENTE AMPLIO,311. CLIDER FERNANDO GALEAS PEREZ,IND,1.0,False
1674567,PICA,PICA,ESCUELA SAN ANDRES DE PICA,6M,XU.UNIDOS POR LA DIGNIDAD,312. RODOLFO GONZALEZ LUTINO,PDC,7.0,True
1674568,PICA,PICA,ESCUELA SAN ANDRES DE PICA,6M,XU.UNIDOS POR LA DIGNIDAD,313. VICTOR ALBERTO VERA GONZALEZ,PDC,7.0,False
1674569,PICA,PICA,ESCUELA SAN ANDRES DE PICA,6M,XU.UNIDOS POR LA DIGNIDAD,314. CARLOS VICTORIANO PAILLALEF ANTICOY,IND,10.0,False
1674570,PICA,PICA,ESCUELA SAN ANDRES DE PICA,6M,XY.DIGNIDAD AHORA,315. MAURICIO ANDRES VERA CALZARETTA,IND,5.0,False
1674571,PICA,PICA,ESCUELA SAN ANDRES DE PICA,6M,YW.UNIDAD POR EL APRUEBO PS PPD E INDEPENDIENTES,316. ROBERTO MERIDA OVIEDO,PS,6.0,False
1674572,PICA,PICA,ESCUELA SAN ANDRES DE PICA,6M,YW.UNIDAD POR EL APRUEBO PS PPD E INDEPENDIENTES,317. MIGUEL NUÑEZ HERRERA,IND,6.0,False
1674573,PICA,PICA,ESCUELA SAN ANDRES DE PICA,6M,YW.UNIDAD POR EL APRUEBO PS PPD E INDEPENDIENTES,318. JUDITH ESTEBAN PURE,IND,2.0,False
1674574,PICA,PICA,ESCUELA SAN ANDRES DE PICA,6M,ZJ.CHILE VAMOS UDI - INDEPENDIENTES,319. PATRICIO JULIO VARGAS BRIONES,UDI,14.0,True
1674575,PICA,PICA,ESCUELA SAN ANDRES DE PICA,6M,ZJ.CHILE VAMOS UDI - INDEPENDIENTES,320. LIDIA CARINA LOPEZ ARROYO,UDI,11.0,False
1674576,PICA,PICA,ESCUELA SAN ANDRES DE PICA,6M,ZJ.CHILE VAMOS UDI - INDEPENDIENTES,321. HECTOR LUIS CAMPUZANO GUZMAN,UDI,7.0,False
1674577,PICA,PICA,ESCUELA SAN ANDRES DE PICA,6M,ZJ.CHILE VAMOS UDI - INDEPENDIENTES,322. MARIA ELIANA TRONCOSO RAMOS,UDI,0.0,False
1674578,PICA,PICA,ESCUELA SAN ANDRES DE PICA,6M,ZJ.CHILE VAMOS UDI - INDEPENDIENTES,323. TEDDY JESUS PERALTA QUIGUATA,IND,4.0,False
1674579,PICA,PICA,ESCUELA SAN ANDRES DE PICA,6M,ZJ.CHILE VAMOS UDI - INDEPENDIENTES,324. ERICA RUTH AYAVIRE TICONA,IND,1.0,False
1674580,PICA,PICA,ESCUELA SAN ANDRES DE PICA,6M,ZU.RADICALES E INDEPENDIENTES,325. DELIA DEL CARMEN ORDENES TORO,IND,7.0,False
1674581,PICA,PICA,ESCUELA SAN ANDRES DE PICA,6M,ZU.RADICALES E INDEPENDIENTES,326. MARIANELA HAYDEE NARVAEZ SOTO,IND,1.0,False
1674582,PICA,PICA,ESCUELA SAN ANDRES DE PICA,7M,M.CHILE DIGNO VERDE Y SOBERANO,300. FRANCISCO ALEJANDRO CABEZAS CORTES,PCCH,4.0,False
1674583,PICA,PICA,ESCUELA SAN ANDRES DE PICA,7M,M.CHILE DIGNO VERDE Y SOBERANO,301. CARLA YUBITZA LOYOLA CANTILLANO,PCCH,2.0,False
1674584,PICA,PICA,ESCUELA SAN ANDRES DE PICA,7M,M.CHILE DIGNO VERDE Y SOBERANO,302. LEONARDO JAVIER PALAPE PALAPE,IND,3.0,False
1674585,PICA,PICA,ESCUELA SAN ANDRES DE PICA,7M,XK.CHILE VAMOS RENOVACION NACIONAL - INDEPENDIENTES,303. JUAN CARLOS GODOY APALA,RN,20.0,True
1674586,PICA,PICA,ESCUELA SAN ANDRES DE PICA,7M,XK.CHILE VAMOS RENOVACION NACIONAL - INDEPENDIENTES,304. ANGEL NAZARENO OLIVARES MARTINEZ,RN,5.0,False
1674587,PICA,PICA,ESCUELA SAN ANDRES DE PICA,7M,XK.CHILE VAMOS RENOVACION NACIONAL - INDEPENDIENTES,305. CLAUDIA IVONNE JOFRE RIVERA,RN,7.0,True
1674588,PICA,PICA,ESCUELA SAN ANDRES DE PICA,7M,XK.CHILE VAMOS RENOVACION NACIONAL - INDEPENDIENTES,306. ALEJANDRO ALBERTO CHACON BRAÑEZ,IND,0.0,False
1674589,PICA,PICA,ESCUELA SAN ANDRES DE PICA,7M,XK.CHILE VAMOS RENOVACION NACIONAL - INDEPENDIENTES,307. CLAUDIA ELIZABETH ROJAS PLAZA,IND,13.0,True
1674590,PICA,PICA,ESCUELA SAN ANDRES DE PICA,7M,XS.FRENTE AMPLIO,308. MARIA TERESA OXA VILLAGRA,IND,14.0,True
1674591,PICA,PICA,ESCUELA SAN ANDRES DE PICA,7M,XS.FRENTE AMPLIO,309. OLIVIA ANTONIETA VALENZUELA LEMA,IND,3.0,False
1674592,PICA,PICA,ESCUELA SAN ANDRES DE PICA,7M,XS.FRENTE AMPLIO,310. DAYRI MOSCOSO CASTRO,IND,4.0,False
1674593,PICA,PICA,ESCUELA SAN ANDRES DE PICA,7M,XS.FRENTE AMPLIO,311. CLIDER FERNANDO GALEAS PEREZ,IND,0.0,False
1674594,PICA,PICA,ESCUELA SAN ANDRES DE PICA,7M,XU.UNIDOS POR LA DIGNIDAD,312. RODOLFO GONZALEZ LUTINO,PDC,5.0,True
1674595,PICA,PICA,ESCUELA SAN ANDRES DE PICA,7M,XU.UNIDOS POR LA DIGNIDAD,313. VICTOR ALBERTO VERA GONZALEZ,PDC,6.0,False
1674596,PICA,PICA,ESCUELA SAN ANDRES DE PICA,7M,XU.UNIDOS POR LA DIGNIDAD,314. CARLOS VICTORIANO PAILLALEF ANTICOY,IND,4.0,False
1674597,PICA,PICA,ESCUELA SAN ANDRES DE PICA,7M,XY.DIGNIDAD AHORA,315. MAURICIO ANDRES VERA CALZARETTA,IND,4.0,False
1674598,PICA,PICA,ESCUELA SAN ANDRES DE PICA,7M,YW.UNIDAD POR EL APRUEBO PS PPD E INDEPENDIENTES,316. ROBERTO MERIDA OVIEDO,PS,1.0,False
1674599,PICA,PICA,ESCUELA SAN ANDRES DE PICA,7M,YW.UNIDAD POR EL APRUEBO PS PPD E INDEPENDIENTES,317. MIGUEL NUÑEZ HERRERA,IND,4.0,False
1674600,PICA,PICA,ESCUELA SAN ANDRES DE PICA,7M,YW.UNIDAD POR EL APRUEBO PS PPD E INDEPENDIENTES,318. JUDITH ESTEBAN PURE,IND,1.0,False
1674601,PICA,PICA,ESCUELA SAN ANDRES DE PICA,7M,ZJ.CHILE VAMOS UDI - INDEPENDIENTES,319. PATRICIO JULIO VARGAS BRIONES,UDI,11.0,True
1674602,PICA,PICA,ESCUELA SAN ANDRES DE PICA,7M,ZJ.CHILE VAMOS UDI - INDEPENDIENTES,320. LIDIA CARINA LOPEZ ARROYO,UDI,6.0,False
1674603,PICA,PICA,ESCUELA SAN ANDRES DE PICA,7M,ZJ.CHILE VAMOS UDI - INDEPENDIENTES,321. HECTOR LUIS CAMPUZANO GUZMAN,UDI,3.0,False
1674604,PICA,PICA,ESCUELA SAN ANDRES DE PICA,7M,ZJ.CHILE VAMOS UDI - INDEPENDIENTES,322. MARIA ELIANA TRONCOSO RAMOS,UDI,1.0,False
1674605,PICA,PICA,ESCUELA SAN ANDRES DE PICA,7M,ZJ.CHILE VAMOS UDI - INDEPENDIENTES,323. TEDDY JESUS PERALTA QUIGUATA,IND,6.0,False
1674606,PICA,PICA,ESCUELA SAN ANDRES DE PICA,7M,ZJ.CHILE VAMOS UDI - INDEPENDIENTES,324. ERICA RUTH AYAVIRE TICONA,IND,1.0,False
1674607,PICA,PICA,ESCUELA SAN ANDRES DE PICA,7M,ZU.RADICALES E INDEPENDIENTES,325. DELIA DEL CARMEN ORDENES TORO,IND,5.0,False
1674608,PICA,PICA,ESCUELA SAN ANDRES DE PICA,7M,ZU.RADICALES E INDEPENDIENTES,326. MARIANELA HAYDEE NARVAEZ SOTO,IND,0.0,False
1674609,PICA,PICA,ESCUELA SAN ANDRES DE PICA,8M,M.CHILE DIGNO VERDE Y SOBERANO,300. FRANCISCO ALEJANDRO CABEZAS CORTES,PCCH,4.0,False
1674610,PICA,PICA,ESCUELA SAN ANDRES DE PICA,8M,M.CHILE DIGNO VERDE Y SOBERANO,301. CARLA YUBITZA LOYOLA CANTILLANO,PCCH,5.0,False
1674611,PICA,PICA,ESCUELA SAN ANDRES DE PICA,8M,M.CHILE DIGNO VERDE Y SOBERANO,302. LEONARDO JAVIER PALAPE PALAPE,IND,1.0,False
1674612,PICA,PICA,ESCUELA SAN ANDRES DE PICA,8M,XK.CHILE VAMOS RENOVACION NACIONAL - INDEPENDIENTES,303. JUAN CARLOS GODOY APALA,RN,15.0,True
1674613,PICA,PICA,ESCUELA SAN ANDRES DE PICA,8M,XK.CHILE VAMOS RENOVACION NACIONAL - INDEPENDIENTES,304. ANGEL NAZARENO OLIVARES MARTINEZ,RN,8.0,False
1674614,PICA,PICA,ESCUELA SAN ANDRES DE PICA,8M,XK.CHILE VAMOS RENOVACION NACIONAL - INDEPENDIENTES,305. CLAUDIA IVONNE JOFRE RIVERA,RN,11.0,True
1674615,PICA,PICA,ESCUELA SAN ANDRES DE PICA,8M,XK.CHILE VAMOS RENOVACION NACIONAL - INDEPENDIENTES,306. ALEJANDRO ALBERTO CHACON BRAÑEZ,IND,0.0,False
1674616,PICA,PICA,ESCUELA SAN ANDRES DE PICA,8M,XK.CHILE VAMOS RENOVACION NACIONAL - INDEPENDIENTES,307. CLAUDIA ELIZABETH ROJAS PLAZA,IND,6.0,True
1674617,PICA,PICA,ESCUELA SAN ANDRES DE PICA,8M,XS.FRENTE AMPLIO,308. MARIA TERESA OXA VILLAGRA,IND,14.0,True
1674618,PICA,PICA,ESCUELA SAN ANDRES DE PICA,8M,XS.FRENTE AMPLIO,309. OLIVIA ANTONIETA VALENZUELA LEMA,IND,5.0,False
1674619,PICA,PICA,ESCUELA SAN ANDRES DE PICA,8M,XS.FRENTE AMPLIO,310. DAYRI MOSCOSO CASTRO,IND,5.0,False
1674620,PICA,PICA,ESCUELA SAN ANDRES DE PICA,8M,XS.FRENTE AMPLIO,311. CLIDER FERNANDO GALEAS PEREZ,IND,1.0,False
1674621,PICA,PICA,ESCUELA SAN ANDRES DE PICA,8M,XU.UNIDOS POR LA DIGNIDAD,312. RODOLFO GONZALEZ LUTINO,PDC,2.0,True
1674622,PICA,PICA,ESCUELA SAN ANDRES DE PICA,8M,XU.UNIDOS POR LA DIGNIDAD,313. VICTOR ALBERTO VERA GONZALEZ,PDC,1.0,False
1674623,PICA,PICA,ESCUELA SAN ANDRES DE PICA,8M,XU.UNIDOS POR LA DIGNIDAD,314. CARLOS VICTORIANO PAILLALEF ANTICOY,IND,2.0,False
1674624,PICA,PICA,ESCUELA SAN ANDRES DE PICA,8M,XY.DIGNIDAD AHORA,315. MAURICIO ANDRES VERA CALZARETTA,IND,1.0,False
1674625,PICA,PICA,ESCUELA SAN ANDRES DE PICA,8M,YW.UNIDAD POR EL APRUEBO PS PPD E INDEPENDIENTES,316. ROBERTO MERIDA OVIEDO,PS,0.0,False
1674626,PICA,PICA,ESCUELA SAN ANDRES DE PICA,8M,YW.UNIDAD POR EL APRUEBO PS PPD E INDEPENDIENTES,317. MIGUEL NUÑEZ HERRERA,IND,3.0,False
1674627,PICA,PICA,ESCUELA SAN ANDRES DE PICA,8M,YW.UNIDAD POR EL APRUEBO PS PPD E INDEPENDIENTES,318. JUDITH ESTEBAN PURE,IND,5.0,False
1674628,PICA,PICA,ESCUELA SAN ANDRES DE PICA,8M,ZJ.CHILE VAMOS UDI - INDEPENDIENTES,319. PATRICIO JULIO VARGAS BRIONES,UDI,5.0,True
1674629,PICA,PICA,ESCUELA SAN ANDRES DE PICA,8M,ZJ.CHILE VAMOS UDI - INDEPENDIENTES,320. LIDIA CARINA LOPEZ ARROYO,UDI,3.0,False
1674630,PICA,PICA,ESCUELA SAN ANDRES DE PICA,8M,ZJ.CHILE VAMOS UDI - INDEPENDIENTES,321. HECTOR LUIS CAMPUZANO GUZMAN,UDI,7.0,False
1674631,PICA,PICA,ESCUELA SAN ANDRES DE PICA,8M,ZJ.CHILE VAMOS UDI - INDEPENDIENTES,322. MARIA ELIANA TRONCOSO RAMOS,UDI,0.0,False
1674632,PICA,PICA,ESCUELA SAN ANDRES DE PICA,8M,ZJ.CHILE VAMOS UDI - INDEPENDIENTES,323. TEDDY JESUS PERALTA QUIGUATA,IND,4.0,False
1674633,PICA,PICA,ESCUELA SAN ANDRES DE PICA,8M,ZJ.CHILE VAMOS UDI - INDEPENDIENTES,324. ERICA RUTH AYAVIRE TICONA,IND,0.0,False
1674634,PICA,PICA,ESCUELA SAN ANDRES DE PICA,8M,ZU.RADICALES E INDEPENDIENTES,325. DELIA DEL CARMEN ORDENES TORO,IND,5.0,False
1674635,PICA,PICA,ESCUELA SAN ANDRES DE PICA,8M,ZU.RADICALES E INDEPENDIENTES,326. MARIANELA HAYDEE NARVAEZ SOTO,IND,1.0,False
1674636,PICA,PICA,ESCUELA SAN ANDRES DE PICA,9M,M.CHILE DIGNO VERDE Y SOBERANO,300. FRANCISCO ALEJANDRO CABEZAS CORTES,PCCH,4.0,False
1674637,PICA,PICA,ESCUELA SAN ANDRES DE PICA,9M,M.CHILE DIGNO VERDE Y SOBERANO,301. CARLA YUBITZA LOYOLA CANTILLANO,PCCH,4.0,False
1674638,PICA,PICA,ESCUELA SAN ANDRES DE PICA,9M,M.CHILE DIGNO VERDE Y SOBERANO,302. LEONARDO JAVIER PALAPE PALAPE,IND,3.0,False
1674639,PICA,PICA,ESCUELA SAN ANDRES DE PICA,9M,XK.CHILE VAMOS RENOVACION NACIONAL - INDEPENDIENTES,303. JUAN CARLOS GODOY APALA,RN,29.0,True
1674640,PICA,PICA,ESCUELA SAN ANDRES DE PICA,9M,XK.CHILE VAMOS RENOVACION NACIONAL - INDEPENDIENTES,304. ANGEL NAZARENO OLIVARES MARTINEZ,RN,9.0,False
1674641,PICA,PICA,ESCUELA SAN ANDRES DE PICA,9M,XK.CHILE VAMOS RENOVACION NACIONAL - INDEPENDIENTES,305. CLAUDIA IVONNE JOFRE RIVERA,RN,4.0,True
1674642,PICA,PICA,ESCUELA SAN ANDRES DE PICA,9M,XK.CHILE VAMOS RENOVACION NACIONAL - INDEPENDIENTES,306. ALEJANDRO ALBERTO CHACON BRAÑEZ,IND,1.0,False
1674643,PICA,PICA,ESCUELA SAN ANDRES DE PICA,9M,XK.CHILE VAMOS RENOVACION NACIONAL - INDEPENDIENTES,307. CLAUDIA ELIZABETH ROJAS PLAZA,IND,19.0,True
1674644,PICA,PICA,ESCUELA SAN ANDRES DE PICA,9M,XS.FRENTE AMPLIO,308. MARIA TERESA OXA VILLAGRA,IND,17.0,True
1674645,PICA,PICA,ESCUELA SAN ANDRES DE PICA,9M,XS.FRENTE AMPLIO,309. OLIVIA ANTONIETA VALENZUELA LEMA,IND,1.0,False
1674646,PICA,PICA,ESCUELA SAN ANDRES DE PICA,9M,XS.FRENTE AMPLIO,310. DAYRI MOSCOSO CASTRO,IND,3.0,False
1674647,PICA,PICA,ESCUELA SAN ANDRES DE PICA,9M,XS.FRENTE AMPLIO,311. CLIDER FERNANDO GALEAS PEREZ,IND,0.0,False
1674648,PICA,PICA,ESCUELA SAN ANDRES DE PICA,9M,XU.UNIDOS POR LA DIGNIDAD,312. RODOLFO GONZALEZ LUTINO,PDC,6.0,True
1674649,PICA,PICA,ESCUELA SAN ANDRES DE PICA,9M,XU.UNIDOS POR LA DIGNIDAD,313. VICTOR ALBERTO VERA GONZALEZ,PDC,3.0,False
1674650,PICA,PICA,ESCUELA SAN ANDRES DE PICA,9M,XU.UNIDOS POR LA DIGNIDAD,314. CARLOS VICTORIANO PAILLALEF ANTICOY,IND,1.0,False
1674651,PICA,PICA,ESCUELA SAN ANDRES DE PICA,9M,XY.DIGNIDAD AHORA,315. MAURICIO ANDRES VERA CALZARETTA,IND,2.0,False
1674652,PICA,PICA,ESCUELA SAN ANDRES DE PICA,9M,YW.UNIDAD POR EL APRUEBO PS PPD E INDEPENDIENTES,316. ROBERTO MERIDA OVIEDO,PS,1.0,False
1674653,PICA,PICA,ESCUELA SAN ANDRES DE PICA,9M,YW.UNIDAD POR EL APRUEBO PS PPD E INDEPENDIENTES,317. MIGUEL NUÑEZ HERRERA,IND,5.0,False
1674654,PICA,PICA,ESCUELA SAN ANDRES DE PICA,9M,YW.UNIDAD POR EL APRUEBO PS PPD E INDEPENDIENTES,318. JUDITH ESTEBAN PURE,IND,10.0,False
1674655,PICA,PICA,ESCUELA SAN ANDRES DE PICA,9M,ZJ.CHILE VAMOS UDI - INDEPENDIENTES,319. PATRICIO JULIO VARGAS BRIONES,UDI,15.0,True
1674656,PICA,PICA,ESCUELA SAN ANDRES DE PICA,9M,ZJ.CHILE VAMOS UDI - INDEPENDIENTES,320. LIDIA CARINA LOPEZ ARROYO,UDI,8.0,False
1674657,PICA,PICA,ESCUELA SAN ANDRES DE PICA,9M,ZJ.CHILE VAMOS UDI - INDEPENDIENTES,321. HECTOR LUIS CAMPUZANO GUZMAN,UDI,4.0,False
1674658,PICA,PICA,ESCUELA SAN ANDRES DE PICA,9M,ZJ.CHILE VAMOS UDI - INDEPENDIENTES,322. MARIA ELIANA TRONCOSO RAMOS,UDI,4.0,False
1674659,PICA,PICA,ESCUELA SAN ANDRES DE PICA,9M,ZJ.CHILE VAMOS UDI - INDEPENDIENTES,323. TEDDY JESUS PERALTA QUIGUATA,IND,3.0,False
1674660,PICA,PICA,ESCUELA SAN ANDRES DE PICA,9M,ZJ.CHILE VAMOS UDI - INDEPENDIENTES,324. ERICA RUTH AYAVIRE TICONA,IND,2.0,False
1674661,PICA,PICA,ESCUELA SAN ANDRES DE PICA,9M,ZU.RADICALES E INDEPENDIENTES,325. DELIA DEL CARMEN ORDENES TORO,IND,3.0,False
1674662,PICA,PICA,ESCUELA SAN ANDRES DE PICA,9M,ZU.RADICALES E INDEPENDIENTES,326. MARIANELA HAYDEE NARVAEZ SOTO,IND,0.0,False
1674663,PICA,PICA,ESCUELA SAN ANDRES DE PICA,10M,M.CHILE DIGNO VERDE Y SOBERANO,300. FRANCISCO ALEJANDRO CABEZAS CORTES,PCCH,1.0,False
1674664,PICA,PICA,ESCUELA SAN ANDRES DE PICA,10M,M.CHILE DIGNO VERDE Y SOBERANO,301. CARLA YUBITZA LOYOLA CANTILLANO,PCCH,4.0,False
1674665,PICA,PICA,ESCUELA SAN ANDRES DE PICA,10M,M.CHILE DIGNO VERDE Y SOBERANO,302. LEONARDO JAVIER PALAPE PALAPE,IND,2.0,False
1674666,PICA,PICA,ESCUELA SAN ANDRES DE PICA,10M,XK.CHILE VAMOS RENOVACION NACIONAL - INDEPENDIENTES,303. JUAN CARLOS GODOY APALA,RN,14.0,True
1674667,PICA,PICA,ESCUELA SAN ANDRES DE PICA,10M,XK.CHILE VAMOS RENOVACION NACIONAL - INDEPENDIENTES,304. ANGEL NAZARENO OLIVARES MARTINEZ,RN,5.0,False
1674668,PICA,PICA,ESCUELA SAN ANDRES DE PICA,10M,XK.CHILE VAMOS RENOVACION NACIONAL - INDEPENDIENTES,305. CLAUDIA IVONNE JOFRE RIVERA,RN,7.0,True
1674669,PICA,PICA,ESCUELA SAN ANDRES DE PICA,10M,XK.CHILE VAMOS RENOVACION NACIONAL - INDEPENDIENTES,306. ALEJANDRO ALBERTO CHACON BRAÑEZ,IND,0.0,False
1674670,PICA,PICA,ESCUELA SAN ANDRES DE PICA,10M,XK.CHILE VAMOS RENOVACION NACIONAL - INDEPENDIENTES,307. CLAUDIA ELIZABETH ROJAS PLAZA,IND,16.0,True
1674671,PICA,PICA,ESCUELA SAN ANDRES DE PICA,10M,XS.FRENTE AMPLIO,308. MARIA TERESA OXA VILLAGRA,IND,16.0,True
1674672,PICA,PICA,ESCUELA SAN ANDRES DE PICA,10M,XS.FRENTE AMPLIO,309. OLIVIA ANTONIETA VALENZUELA LEMA,IND,4.0,False
1674673,PICA,PICA,ESCUELA SAN ANDRES DE PICA,10M,XS.FRENTE AMPLIO,310. DAYRI MOSCOSO CASTRO,IND,3.0,False
1674674,PICA,PICA,ESCUELA SAN ANDRES DE PICA,10M,XS.FRENTE AMPLIO,311. CLIDER FERNANDO GALEAS PEREZ,IND,0.0,False
1674675,PICA,PICA,ESCUELA SAN ANDRES DE PICA,10M,XU.UNIDOS POR LA DIGNIDAD,312. RODOLFO GONZALEZ LUTINO,PDC,2.0,True
1674676,PICA,PICA,ESCUELA SAN ANDRES DE PICA,10M,XU.UNIDOS POR LA DIGNIDAD,313. VICTOR ALBERTO VERA GONZALEZ,PDC,2.0,False
1674677,PICA,PICA,ESCUELA SAN ANDRES DE PICA,10M,XU.UNIDOS POR LA DIGNIDAD,314. CARLOS VICTORIANO PAILLALEF ANTICOY,IND,2.0,False
1674678,PICA,PICA,ESCUELA SAN ANDRES DE PICA,10M,XY.DIGNIDAD AHORA,315. MAURICIO ANDRES VERA CALZARETTA,IND,6.0,False
1674679,PICA,PICA,ESCUELA SAN ANDRES DE PICA,10M,YW.UNIDAD POR EL APRUEBO PS PPD E INDEPENDIENTES,316. ROBERTO MERIDA OVIEDO,PS,2.0,False
1674680,PICA,PICA,ESCUELA SAN ANDRES DE PICA,10M,YW.UNIDAD POR EL APRUEBO PS PPD E INDEPENDIENTES,317. MIGUEL NUÑEZ HERRERA,IND,6.0,False
1674681,PICA,PICA,ESCUELA SAN ANDRES DE PICA,10M,YW.UNIDAD POR EL APRUEBO PS PPD E INDEPENDIENTES,318. JUDITH ESTEBAN PURE,IND,1.0,False
1674682,PICA,PICA,ESCUELA SAN ANDRES DE PICA,10M,ZJ.CHILE VAMOS UDI - INDEPENDIENTES,319. PATRICIO JULIO VARGAS BRIONES,UDI,5.0,True
1674683,PICA,PICA,ESCUELA SAN ANDRES DE PICA,10M,ZJ.CHILE VAMOS UDI - INDEPENDIENTES,320. LIDIA CARINA LOPEZ ARROYO,UDI,4.0,False
1674684,PICA,PICA,ESCUELA SAN ANDRES DE PICA,10M,ZJ.CHILE VAMOS UDI - INDEPENDIENTES,321. HECTOR LUIS CAMPUZANO GUZMAN,UDI,5.0,False
1674685,PICA,PICA,ESCUELA SAN ANDRES DE PICA,10M,ZJ.CHILE VAMOS UDI - INDEPENDIENTES,322. MARIA ELIANA TRONCOSO RAMOS,UDI,2.0,False
1674686,PICA,PICA,ESCUELA SAN ANDRES DE PICA,10M,ZJ.CHILE VAMOS UDI - INDEPENDIENTES,323. TEDDY JESUS PERALTA QUIGUATA,IND,3.0,False
1674687,PICA,PICA,ESCUELA SAN ANDRES DE PICA,10M,ZJ.CHILE VAMOS UDI - INDEPENDIENTES,324. ERICA RUTH AYAVIRE TICONA,IND,0.0,False
1674688,PICA,PICA,ESCUELA SAN ANDRES DE PICA,10M,ZU.RADICALES E INDEPENDIENTES,325. DELIA DEL CARMEN ORDENES TORO,IND,5.0,False
1674689,PICA,PICA,ESCUELA SAN ANDRES DE PICA,10M,ZU.RADICALES E INDEPENDIENTES,326. MARIANELA HAYDEE NARVAEZ SOTO,IND,2.0,False
1674690,PICA,PICA,LICEO PADRE ALBERTO HURTADO CRUCHAGA,1V,M.CHILE DIGNO VERDE Y SOBERANO,300. FRANCISCO ALEJANDRO CABEZAS CORTES,PCCH,5.0,False
1674691,PICA,PICA,LICEO PADRE ALBERTO HURTADO CRUCHAGA,1V,M.CHILE DIGNO VERDE Y SOBERANO,301. CARLA YUBITZA LOYOLA CANTILLANO,PCCH,6.0,False
1674692,PICA,PICA,LICEO PADRE ALBERTO HURTADO CRUCHAGA,1V,M.CHILE DIGNO VERDE Y SOBERANO,302. LEONARDO JAVIER PALAPE PALAPE,IND,1.0,False
1674693,PICA,PICA,LICEO PADRE ALBERTO HURTADO CRUCHAGA,1V,XK.CHILE VAMOS RENOVACION NACIONAL - INDEPENDIENTES,303. JUAN CARLOS GODOY APALA,RN,24.0,True
1674694,PICA,PICA,LICEO PADRE ALBERTO HURTADO CRUCHAGA,1V,XK.CHILE VAMOS RENOVACION NACIONAL - INDEPENDIENTES,304. ANGEL NAZARENO OLIVARES MARTINEZ,RN,4.0,False
1674695,PICA,PICA,LICEO PADRE ALBERTO HURTADO CRUCHAGA,1V,XK.CHILE VAMOS RENOVACION NACIONAL - INDEPENDIENTES,305. CLAUDIA IVONNE JOFRE RIVERA,RN,8.0,True
1674696,PICA,PICA,LICEO PADRE ALBERTO HURTADO CRUCHAGA,1V,XK.CHILE VAMOS RENOVACION NACIONAL - INDEPENDIENTES,306. ALEJANDRO ALBERTO CHACON BRAÑEZ,IND,0.0,False
1674697,PICA,PICA,LICEO PADRE ALBERTO HURTADO CRUCHAGA,1V,XK.CHILE VAMOS RENOVACION NACIONAL - INDEPENDIENTES,307. CLAUDIA ELIZABETH ROJAS PLAZA,IND,6.0,True
1674698,PICA,PICA,LICEO PADRE ALBERTO HURTADO CRUCHAGA,1V,XS.FRENTE AMPLIO,308. MARIA TERESA OXA VILLAGRA,IND,24.0,True
1674699,PICA,PICA,LICEO PADRE ALBERTO HURTADO CRUCHAGA,1V,XS.FRENTE AMPLIO,309. OLIVIA ANTONIETA VALENZUELA LEMA,IND,5.0,False
1674700,PICA,PICA,LICEO PADRE ALBERTO HURTADO CRUCHAGA,1V,XS.FRENTE AMPLIO,310. DAYRI MOSCOSO CASTRO,IND,12.0,False
1674701,PICA,PICA,LICEO PADRE ALBERTO HURTADO CRUCHAGA,1V,XS.FRENTE AMPLIO,311. CLIDER FERNANDO GALEAS PEREZ,IND,0.0,False
1674702,PICA,PICA,LICEO PADRE ALBERTO HURTADO CRUCHAGA,1V,XU.UNIDOS POR LA DIGNIDAD,312. RODOLFO GONZALEZ LUTINO,PDC,13.0,True
1674703,PICA,PICA,LICEO PADRE ALBERTO HURTADO CRUCHAGA,1V,XU.UNIDOS POR LA DIGNIDAD,313. VICTOR ALBERTO VERA GONZALEZ,PDC,7.0,False
1674704,PICA,PICA,LICEO PADRE ALBERTO HURTADO CRUCHAGA,1V,XU.UNIDOS POR LA DIGNIDAD,314. CARLOS VICTORIANO PAILLALEF ANTICOY,IND,2.0,False
1674705,PICA,PICA,LICEO PADRE ALBERTO HURTADO CRUCHAGA,1V,XY.DIGNIDAD AHORA,315. MAURICIO ANDRES VERA CALZARETTA,IND,4.0,False
1674706,PICA,PICA,LICEO PADRE ALBERTO HURTADO CRUCHAGA,1V,YW.UNIDAD POR EL APRUEBO PS PPD E INDEPENDIENTES,316. ROBERTO MERIDA OVIEDO,PS,1.0,False
1674707,PICA,PICA,LICEO PADRE ALBERTO HURTADO CRUCHAGA,1V,YW.UNIDAD POR EL APRUEBO PS PPD E INDEPENDIENTES,317. MIGUEL NUÑEZ HERRERA,IND,7.0,False
1674708,PICA,PICA,LICEO PADRE ALBERTO HURTADO CRUCHAGA,1V,YW.UNIDAD POR EL APRUEBO PS PPD E INDEPENDIENTES,318. JUDITH ESTEBAN PURE,IND,5.0,False
1674709,PICA,PICA,LICEO PADRE ALBERTO HURTADO CRUCHAGA,1V,ZJ.CHILE VAMOS UDI - INDEPENDIENTES,319. PATRICIO JULIO VARGAS BRIONES,UDI,13.0,True
1674710,PICA,PICA,LICEO PADRE ALBERTO HURTADO CRUCHAGA,1V,ZJ.CHILE VAMOS UDI - INDEPENDIENTES,320. LIDIA CARINA LOPEZ ARROYO,UDI,8.0,False
1674711,PICA,PICA,LICEO PADRE ALBERTO HURTADO CRUCHAGA,1V,ZJ.CHILE VAMOS UDI - INDEPENDIENTES,321. HECTOR LUIS CAMPUZANO GUZMAN,UDI,2.0,False
1674712,PICA,PICA,LICEO PADRE ALBERTO HURTADO CRUCHAGA,1V,ZJ.CHILE VAMOS UDI - INDEPENDIENTES,322. MARIA ELIANA TRONCOSO RAMOS,UDI,0.0,False
1674713,PICA,PICA,LICEO PADRE ALBERTO HURTADO CRUCHAGA,1V,ZJ.CHILE VAMOS UDI - INDEPENDIENTES,323. TEDDY JESUS PERALTA QUIGUATA,IND,6.0,False
1674714,PICA,PICA,LICEO PADRE ALBERTO HURTADO CRUCHAGA,1V,ZJ.CHILE VAMOS UDI - INDEPENDIENTES,324. ERICA RUTH AYAVIRE TICONA,IND,1.0,False
1674715,PICA,PICA,LICEO PADRE ALBERTO HURTADO CRUCHAGA,1V,ZU.RADICALES E INDEPENDIENTES,325. DELIA DEL CARMEN ORDENES TORO,IND,5.0,False
1674716,PICA,PICA,LICEO PADRE ALBERTO HURTADO CRUCHAGA,1V,ZU.RADICALES E INDEPENDIENTES,326. MARIANELA HAYDEE NARVAEZ SOTO,IND,0.0,False
1674717,PICA,PICA,LICEO PADRE ALBERTO HURTADO CRUCHAGA,2V,M.CHILE DIGNO VERDE Y SOBERANO,300. FRANCISCO ALEJANDRO CABEZAS CORTES,PCCH,4.0,False
1674718,PICA,PICA,LICEO PADRE ALBERTO HURTADO CRUCHAGA,2V,M.CHILE DIGNO VERDE Y SOBERANO,301. CARLA YUBITZA LOYOLA CANTILLANO,PCCH,3.0,False
1674719,PICA,PICA,LICEO PADRE ALBERTO HURTADO CRUCHAGA,2V,M.CHILE DIGNO VERDE Y SOBERANO,302. LEONARDO JAVIER PALAPE PALAPE,IND,4.0,False
1674720,PICA,PICA,LICEO PADRE ALBERTO HURTADO CRUCHAGA,2V,XK.CHILE VAMOS RENOVACION NACIONAL - INDEPENDIENTES,303. JUAN CARLOS GODOY APALA,RN,39.0,True
1674721,PICA,PICA,LICEO PADRE ALBERTO HURTADO CRUCHAGA,2V,XK.CHILE VAMOS RENOVACION NACIONAL - INDEPENDIENTES,304. ANGEL NAZARENO OLIVARES MARTINEZ,RN,7.0,False
1674722,PICA,PICA,LICEO PADRE ALBERTO HURTADO CRUCHAGA,2V,XK.CHILE VAMOS RENOVACION NACIONAL - INDEPENDIENTES,305. CLAUDIA IVONNE JOFRE RIVERA,RN,8.0,True
1674723,PICA,PICA,LICEO PADRE ALBERTO HURTADO CRUCHAGA,2V,XK.CHILE VAMOS RENOVACION NACIONAL - INDEPENDIENTES,306. ALEJANDRO ALBERTO CHACON BRAÑEZ,IND,1.0,False
1674724,PICA,PICA,LICEO PADRE ALBERTO HURTADO CRUCHAGA,2V,XK.CHILE VAMOS RENOVACION NACIONAL - INDEPENDIENTES,307. CLAUDIA ELIZABETH ROJAS PLAZA,IND,7.0,True
1674725,PICA,PICA,LICEO PADRE ALBERTO HURTADO CRUCHAGA,2V,XS.FRENTE AMPLIO,308. MARIA TERESA OXA VILLAGRA,IND,35.0,True
1674726,PICA,PICA,LICEO PADRE ALBERTO HURTADO CRUCHAGA,2V,XS.FRENTE AMPLIO,309. OLIVIA ANTONIETA VALENZUELA LEMA,IND,5.0,False
1674727,PICA,PICA,LICEO PADRE ALBERTO HURTADO CRUCHAGA,2V,XS.FRENTE AMPLIO,310. DAYRI MOSCOSO CASTRO,IND,4.0,False
1674728,PICA,PICA,LICEO PADRE ALBERTO HURTADO CRUCHAGA,2V,XS.FRENTE AMPLIO,311. CLIDER FERNANDO GALEAS PEREZ,IND,2.0,False
1674729,PICA,PICA,LICEO PADRE ALBERTO HURTADO CRUCHAGA,2V,XU.UNIDOS POR LA DIGNIDAD,312. RODOLFO GONZALEZ LUTINO,PDC,13.0,True
1674730,PICA,PICA,LICEO PADRE ALBERTO HURTADO CRUCHAGA,2V,XU.UNIDOS POR LA DIGNIDAD,313. VICTOR ALBERTO VERA GONZALEZ,PDC,10.0,False
1674731,PICA,PICA,LICEO PADRE ALBERTO HURTADO CRUCHAGA,2V,XU.UNIDOS POR LA DIGNIDAD,314. CARLOS VICTORIANO PAILLALEF ANTICOY,IND,1.0,False
1674732,PICA,PICA,LICEO PADRE ALBERTO HURTADO CRUCHAGA,2V,XY.DIGNIDAD AHORA,315. MAURICIO ANDRES VERA CALZARETTA,IND,7.0,False
1674733,PICA,PICA,LICEO PADRE ALBERTO HURTADO CRUCHAGA,2V,YW.UNIDAD POR EL APRUEBO PS PPD E INDEPENDIENTES,316. ROBERTO MERIDA OVIEDO,PS,2.0,False
1674734,PICA,PICA,LICEO PADRE ALBERTO HURTADO CRUCHAGA,2V,YW.UNIDAD POR EL APRUEBO PS PPD E INDEPENDIENTES,317. MIGUEL NUÑEZ HERRERA,IND,5.0,False
1674735,PICA,PICA,LICEO PADRE ALBERTO HURTADO CRUCHAGA,2V,YW.UNIDAD POR EL APRUEBO PS PPD E INDEPENDIENTES,318. JUDITH ESTEBAN PURE,IND,8.0,False
1674736,PICA,PICA,LICEO PADRE ALBERTO HURTADO CRUCHAGA,2V,ZJ.CHILE VAMOS UDI - INDEPENDIENTES,319. PATRICIO JULIO VARGAS BRIONES,UDI,7.0,True
1674737,PICA,PICA,LICEO PADRE ALBERTO HURTADO CRUCHAGA,2V,ZJ.CHILE VAMOS UDI - INDEPENDIENTES,320. LIDIA CARINA LOPEZ ARROYO,UDI,8.0,False
1674738,PICA,PICA,LICEO PADRE ALBERTO HURTADO CRUCHAGA,2V,ZJ.CHILE VAMOS UDI - INDEPENDIENTES,321. HECTOR LUIS CAMPUZANO GUZMAN,UDI,2.0,False
1674739,PICA,PICA,LICEO PADRE ALBERTO HURTADO CRUCHAGA,2V,ZJ.CHILE VAMOS UDI - INDEPENDIENTES,322. MARIA ELIANA TRONCOSO RAMOS,UDI,0.0,False
1674740,PICA,PICA,LICEO PADRE ALBERTO HURTADO CRUCHAGA,2V,ZJ.CHILE VAMOS UDI - INDEPENDIENTES,323. TEDDY JESUS PERALTA QUIGUATA,IND,10.0,False
1674741,PICA,PICA,LICEO PADRE ALBERTO HURTADO CRUCHAGA,2V,ZJ.CHILE VAMOS UDI - INDEPENDIENTES,324. ERICA RUTH AYAVIRE TICONA,IND,2.0,False
1674742,PICA,PICA,LICEO PADRE ALBERTO HURTADO CRUCHAGA,2V,ZU.RADICALES E INDEPENDIENTES,325. DELIA DEL CARMEN ORDENES TORO,IND,5.0,False
1674743,PICA,PICA,LICEO PADRE ALBERTO HURTADO CRUCHAGA,2V,ZU.RADICALES E INDEPENDIENTES,326. MARIANELA HAYDEE NARVAEZ SOTO,IND,0.0,False
1674744,PICA,PICA,LICEO PADRE ALBERTO HURTADO CRUCHAGA,3V,M.CHILE DIGNO VERDE Y SOBERANO,300. FRANCISCO ALEJANDRO CABEZAS CORTES,PCCH,4.0,False
1674745,PICA,PICA,LICEO PADRE ALBERTO HURTADO CRUCHAGA,3V,M.CHILE DIGNO VERDE Y SOBERANO,301. CARLA YUBITZA LOYOLA CANTILLANO,PCCH,1.0,False
1674746,PICA,PICA,LICEO PADRE ALBERTO HURTADO CRUCHAGA,3V,M.CHILE DIGNO VERDE Y SOBERANO,302. LEONARDO JAVIER PALAPE PALAPE,IND,6.0,False
1674747,PICA,PICA,LICEO PADRE ALBERTO HURTADO CRUCHAGA,3V,XK.CHILE VAMOS RENOVACION NACIONAL - INDEPENDIENTES,303. JUAN CARLOS GODOY APALA,RN,31.0,True
1674748,PICA,PICA,LICEO PADRE ALBERTO HURTADO CRUCHAGA,3V,XK.CHILE VAMOS RENOVACION NACIONAL - INDEPENDIENTES,304. ANGEL NAZARENO OLIVARES MARTINEZ,RN,12.0,False
1674749,PICA,PICA,LICEO PADRE ALBERTO HURTADO CRUCHAGA,3V,XK.CHILE VAMOS RENOVACION NACIONAL - INDEPENDIENTES,305. CLAUDIA IVONNE JOFRE RIVERA,RN,11.0,True
1674750,PICA,PICA,LICEO PADRE ALBERTO HURTADO CRUCHAGA,3V,XK.CHILE VAMOS RENOVACION NACIONAL - INDEPENDIENTES,306. ALEJANDRO ALBERTO CHACON BRAÑEZ,IND,0.0,False
1674751,PICA,PICA,LICEO PADRE ALBERTO HURTADO CRUCHAGA,3V,XK.CHILE VAMOS RENOVACION NACIONAL - INDEPENDIENTES,307. CLAUDIA ELIZABETH ROJAS PLAZA,IND,12.0,True
1674752,PICA,PICA,LICEO PADRE ALBERTO HURTADO CRUCHAGA,3V,XS.FRENTE AMPLIO,308. MARIA TERESA OXA VILLAGRA,IND,36.0,True
1674753,PICA,PICA,LICEO PADRE ALBERTO HURTADO CRUCHAGA,3V,XS.FRENTE AMPLIO,309. OLIVIA ANTONIETA VALENZUELA LEMA,IND,3.0,False
1674754,PICA,PICA,LICEO PADRE ALBERTO HURTADO CRUCHAGA,3V,XS.FRENTE AMPLIO,310. DAYRI MOSCOSO CASTRO,IND,13.0,False
1674755,PICA,PICA,LICEO PADRE ALBERTO HURTADO CRUCHAGA,3V,XS.FRENTE AMPLIO,311. CLIDER FERNANDO GALEAS PEREZ,IND,0.0,False
1674756,PICA,PICA,LICEO PADRE ALBERTO HURTADO CRUCHAGA,3V,XU.UNIDOS POR LA DIGNIDAD,312. RODOLFO GONZALEZ LUTINO,PDC,7.0,True
1674757,PICA,PICA,LICEO PADRE ALBERTO HURTADO CRUCHAGA,3V,XU.UNIDOS POR LA DIGNIDAD,313. VICTOR ALBERTO VERA GONZALEZ,PDC,6.0,False
1674758,PICA,PICA,LICEO PADRE ALBERTO HURTADO CRUCHAGA,3V,XU.UNIDOS POR LA DIGNIDAD,314. CARLOS VICTORIANO PAILLALEF ANTICOY,IND,5.0,False
1674759,PICA,PICA,LICEO PADRE ALBERTO HURTADO CRUCHAGA,3V,XY.DIGNIDAD AHORA,315. MAURICIO ANDRES VERA CALZARETTA,IND,6.0,False
1674760,PICA,PICA,LICEO PADRE ALBERTO HURTADO CRUCHAGA,3V,YW.UNIDAD POR EL APRUEBO PS PPD E INDEPENDIENTES,316. ROBERTO MERIDA OVIEDO,PS,8.0,False
1674761,PICA,PICA,LICEO PADRE ALBERTO HURTADO CRUCHAGA,3V,YW.UNIDAD POR EL APRUEBO PS PPD E INDEPENDIENTES,317. MIGUEL NUÑEZ HERRERA,IND,7.0,False
1674762,PICA,PICA,LICEO PADRE ALBERTO HURTADO CRUCHAGA,3V,YW.UNIDAD POR EL APRUEBO PS PPD E INDEPENDIENTES,318. JUDITH ESTEBAN PURE,IND,6.0,False
1674763,PICA,PICA,LICEO PADRE ALBERTO HURTADO CRUCHAGA,3V,ZJ.CHILE VAMOS UDI - INDEPENDIENTES,319. PATRICIO JULIO VARGAS BRIONES,UDI,10.0,True
1674764,PICA,PICA,LICEO PADRE ALBERTO HURTADO CRUCHAGA,3V,ZJ.CHILE VAMOS UDI - INDEPENDIENTES,320. LIDIA CARINA LOPEZ ARROYO,UDI,16.0,False
1674765,PICA,PICA,LICEO PADRE ALBERTO HURTADO CRUCHAGA,3V,ZJ.CHILE VAMOS UDI - INDEPENDIENTES,321. HECTOR LUIS CAMPUZANO GUZMAN,UDI,5.0,False
1674766,PICA,PICA,LICEO PADRE ALBERTO HURTADO CRUCHAGA,3V,ZJ.CHILE VAMOS UDI - INDEPENDIENTES,322. MARIA ELIANA TRONCOSO RAMOS,UDI,1.0,False
1674767,PICA,PICA,LICEO PADRE ALBERTO HURTADO CRUCHAGA,3V,ZJ.CHILE VAMOS UDI - INDEPENDIENTES,323. TEDDY JESUS PERALTA QUIGUATA,IND,5.0,False
1674768,PICA,PICA,LICEO PADRE ALBERTO HURTADO CRUCHAGA,3V,ZJ.CHILE VAMOS UDI - INDEPENDIENTES,324. ERICA RUTH AYAVIRE TICONA,IND,2.0,False
1674769,PICA,PICA,LICEO PADRE ALBERTO HURTADO CRUCHAGA,3V,ZU.RADICALES E INDEPENDIENTES,325. DELIA DEL CARMEN ORDENES TORO,IND,2.0,False
1674770,PICA,PICA,LICEO PADRE ALBERTO HURTADO CRUCHAGA,3V,ZU.RADICALES E INDEPENDIENTES,326. MARIANELA HAYDEE NARVAEZ SOTO,IND,3.0,False
1674771,PICA,PICA,LICEO PADRE ALBERTO HURTADO CRUCHAGA,4V,M.CHILE DIGNO VERDE Y SOBERANO,300. FRANCISCO ALEJANDRO CABEZAS CORTES,PCCH,5.0,False
1674772,PICA,PICA,LICEO PADRE ALBERTO HURTADO CRUCHAGA,4V,M.CHILE DIGNO VERDE Y SOBERANO,301. CARLA YUBITZA LOYOLA CANTILLANO,PCCH,2.0,False
1674773,PICA,PICA,LICEO PADRE ALBERTO HURTADO CRUCHAGA,4V,M.CHILE DIGNO VERDE Y SOBERANO,302. LEONARDO JAVIER PALAPE PALAPE,IND,6.0,False
1674774,PICA,PICA,LICEO PADRE ALBERTO HURTADO CRUCHAGA,4V,XK.CHILE VAMOS RENOVACION NACIONAL - INDEPENDIENTES,303. JUAN CARLOS GODOY APALA,RN,35.0,True
1674775,PICA,PICA,LICEO PADRE ALBERTO HURTADO CRUCHAGA,4V,XK.CHILE VAMOS RENOVACION NACIONAL - INDEPENDIENTES,304. ANGEL NAZARENO OLIVARES MARTINEZ,RN,5.0,False
1674776,PICA,PICA,LICEO PADRE ALBERTO HURTADO CRUCHAGA,4V,XK.CHILE VAMOS RENOVACION NACIONAL - INDEPENDIENTES,305. CLAUDIA IVONNE JOFRE RIVERA,RN,13.0,True
1674777,PICA,PICA,LICEO PADRE ALBERTO HURTADO CRUCHAGA,4V,XK.CHILE VAMOS RENOVACION NACIONAL - INDEPENDIENTES,306. ALEJANDRO ALBERTO CHACON BRAÑEZ,IND,0.0,False
1674778,PICA,PICA,LICEO PADRE ALBERTO HURTADO CRUCHAGA,4V,XK.CHILE VAMOS RENOVACION NACIONAL - INDEPENDIENTES,307. CLAUDIA ELIZABETH ROJAS PLAZA,IND,13.0,True
1674779,PICA,PICA,LICEO PADRE ALBERTO HURTADO CRUCHAGA,4V,XS.FRENTE AMPLIO,308. MARIA TERESA OXA VILLAGRA,IND,26.0,True
1674780,PICA,PICA,LICEO PADRE ALBERTO HURTADO CRUCHAGA,4V,XS.FRENTE AMPLIO,309. OLIVIA ANTONIETA VALENZUELA LEMA,IND,3.0,False
1674781,PICA,PICA,LICEO PADRE ALBERTO HURTADO CRUCHAGA,4V,XS.FRENTE AMPLIO,310. DAYRI MOSCOSO CASTRO,IND,8.0,False
1674782,PICA,PICA,LICEO PADRE ALBERTO HURTADO CRUCHAGA,4V,XS.FRENTE AMPLIO,311. CLIDER FERNANDO GALEAS PEREZ,IND,0.0,False
1674783,PICA,PICA,LICEO PADRE ALBERTO HURTADO CRUCHAGA,4V,XU.UNIDOS POR LA DIGNIDAD,312. RODOLFO GONZALEZ LUTINO,PDC,3.0,True
1674784,PICA,PICA,LICEO PADRE ALBERTO HURTADO CRUCHAGA,4V,XU.UNIDOS POR LA DIGNIDAD,313. VICTOR ALBERTO VERA GONZALEZ,PDC,2.0,False
1674785,PICA,PICA,LICEO PADRE ALBERTO HURTADO CRUCHAGA,4V,XU.UNIDOS POR LA DIGNIDAD,314. CARLOS VICTORIANO PAILLALEF ANTICOY,IND,0.0,False
1674786,PICA,PICA,LICEO PADRE ALBERTO HURTADO CRUCHAGA,4V,XY.DIGNIDAD AHORA,315. MAURICIO ANDRES VERA CALZARETTA,IND,6.0,False
1674787,PICA,PICA,LICEO PADRE ALBERTO HURTADO CRUCHAGA,4V,YW.UNIDAD POR EL APRUEBO PS PPD E INDEPENDIENTES,316. ROBERTO MERIDA OVIEDO,PS,7.0,False
1674788,PICA,PICA,LICEO PADRE ALBERTO HURTADO CRUCHAGA,4V,YW.UNIDAD POR EL APRUEBO PS PPD E INDEPENDIENTES,317. MIGUEL NUÑEZ HERRERA,IND,6.0,False
1674789,PICA,PICA,LICEO PADRE ALBERTO HURTADO CRUCHAGA,4V,YW.UNIDAD POR EL APRUEBO PS PPD E INDEPENDIENTES,318. JUDITH ESTEBAN PURE,IND,3.0,False
1674790,PICA,PICA,LICEO PADRE ALBERTO HURTADO CRUCHAGA,4V,ZJ.CHILE VAMOS UDI - INDEPENDIENTES,319. PATRICIO JULIO VARGAS BRIONES,UDI,12.0,True
1674791,PICA,PICA,LICEO PADRE ALBERTO HURTADO CRUCHAGA,4V,ZJ.CHILE VAMOS UDI - INDEPENDIENTES,320. LIDIA CARINA LOPEZ ARROYO,UDI,12.0,False
1674792,PICA,PICA,LICEO PADRE ALBERTO HURTADO CRUCHAGA,4V,ZJ.CHILE VAMOS UDI - INDEPENDIENTES,321. HECTOR LUIS CAMPUZANO GUZMAN,UDI,4.0,False
1674793,PICA,PICA,LICEO PADRE ALBERTO HURTADO CRUCHAGA,4V,ZJ.CHILE VAMOS UDI - INDEPENDIENTES,322. MARIA ELIANA TRONCOSO RAMOS,UDI,0.0,False
1674794,PICA,PICA,LICEO PADRE ALBERTO HURTADO CRUCHAGA,4V,ZJ.CHILE VAMOS UDI - INDEPENDIENTES,323. TEDDY JESUS PERALTA QUIGUATA,IND,5.0,False
1674795,PICA,PICA,LICEO PADRE ALBERTO HURTADO CRUCHAGA,4V,ZJ.CHILE VAMOS UDI - INDEPENDIENTES,324. ERICA RUTH AYAVIRE TICONA,IND,1.0,False
1674796,PICA,PICA,LICEO PADRE ALBERTO HURTADO CRUCHAGA,4V,ZU.RADICALES E INDEPENDIENTES,325. DELIA DEL CARMEN ORDENES TORO,IND,3.0,False
1674797,PICA,PICA,LICEO PADRE ALBERTO HURTADO CRUCHAGA,4V,ZU.RADICALES E INDEPENDIENTES,326. MARIANELA HAYDEE NARVAEZ SOTO,IND,2.0,False
1674798,PICA,PICA,LICEO PADRE ALBERTO HURTADO CRUCHAGA,5V,M.CHILE DIGNO VERDE Y SOBERANO,300. FRANCISCO ALEJANDRO CABEZAS CORTES,PCCH,2.0,False
1674799,PICA,PICA,LICEO PADRE ALBERTO HURTADO CRUCHAGA,5V,M.CHILE DIGNO VERDE Y SOBERANO,301. CARLA YUBITZA LOYOLA CANTILLANO,PCCH,0.0,False
1674800,PICA,PICA,LICEO PADRE ALBERTO HURTADO CRUCHAGA,5V,M.CHILE DIGNO VERDE Y SOBERANO,302. LEONARDO JAVIER PALAPE PALAPE,IND,4.0,False
1674801,PICA,PICA,LICEO PADRE ALBERTO HURTADO CRUCHAGA,5V,XK.CHILE VAMOS RENOVACION NACIONAL - INDEPENDIENTES,303. JUAN CARLOS GODOY APALA,RN,20.0,True
1674802,PICA,PICA,LICEO PADRE ALBERTO HURTADO CRUCHAGA,5V,XK.CHILE VAMOS RENOVACION NACIONAL - INDEPENDIENTES,304. ANGEL NAZARENO OLIVARES MARTINEZ,RN,6.0,False
1674803,PICA,PICA,LICEO PADRE ALBERTO HURTADO CRUCHAGA,5V,XK.CHILE VAMOS RENOVACION NACIONAL - INDEPENDIENTES,305. CLAUDIA IVONNE JOFRE RIVERA,RN,10.0,True
1674804,PICA,PICA,LICEO PADRE ALBERTO HURTADO CRUCHAGA,5V,XK.CHILE VAMOS RENOVACION NACIONAL - INDEPENDIENTES,306. ALEJANDRO ALBERTO CHACON BRAÑEZ,IND,0.0,False
1674805,PICA,PICA,LICEO PADRE ALBERTO HURTADO CRUCHAGA,5V,XK.CHILE VAMOS RENOVACION NACIONAL - INDEPENDIENTES,307. CLAUDIA ELIZABETH ROJAS PLAZA,IND,5.0,True
1674806,PICA,PICA,LICEO PADRE ALBERTO HURTADO CRUCHAGA,5V,XS.FRENTE AMPLIO,308. MARIA TERESA OXA VILLAGRA,IND,18.0,True
1674807,PICA,PICA,LICEO PADRE ALBERTO HURTADO CRUCHAGA,5V,XS.FRENTE AMPLIO,309. OLIVIA ANTONIETA VALENZUELA LEMA,IND,0.0,False
1674808,PICA,PICA,LICEO PADRE ALBERTO HURTADO CRUCHAGA,5V,XS.FRENTE AMPLIO,310. DAYRI MOSCOSO CASTRO,IND,2.0,False
1674809,PICA,PICA,LICEO PADRE ALBERTO HURTADO CRUCHAGA,5V,XS.FRENTE AMPLIO,311. CLIDER FERNANDO GALEAS PEREZ,IND,1.0,False
1674810,PICA,PICA,LICEO PADRE ALBERTO HURTADO CRUCHAGA,5V,XU.UNIDOS POR LA DIGNIDAD,312. RODOLFO GONZALEZ LUTINO,PDC,2.0,True
1674811,PICA,PICA,LICEO PADRE ALBERTO HURTADO CRUCHAGA,5V,XU.UNIDOS POR LA DIGNIDAD,313. VICTOR ALBERTO VERA GONZALEZ,PDC,3.0,False
1674812,PICA,PICA,LICEO PADRE ALBERTO HURTADO CRUCHAGA,5V,XU.UNIDOS POR LA DIGNIDAD,314. CARLOS VICTORIANO PAILLALEF ANTICOY,IND,5.0,False
1674813,PICA,PICA,LICEO PADRE ALBERTO HURTADO CRUCHAGA,5V,XY.DIGNIDAD AHORA,315. MAURICIO ANDRES VERA CALZARETTA,IND,6.0,False
1674814,PICA,PICA,LICEO PADRE ALBERTO HURTADO CRUCHAGA,5V,YW.UNIDAD POR EL APRUEBO PS PPD E INDEPENDIENTES,316. ROBERTO MERIDA OVIEDO,PS,3.0,False
1674815,PICA,PICA,LICEO PADRE ALBERTO HURTADO CRUCHAGA,5V,YW.UNIDAD POR EL APRUEBO PS PPD E INDEPENDIENTES,317. MIGUEL NUÑEZ HERRERA,IND,3.0,False
1674816,PICA,PICA,LICEO PADRE ALBERTO HURTADO CRUCHAGA,5V,YW.UNIDAD POR EL APRUEBO PS PPD E INDEPENDIENTES,318. JUDITH ESTEBAN PURE,IND,2.0,False
1674817,PICA,PICA,LICEO PADRE ALBERTO HURTADO CRUCHAGA,5V,ZJ.CHILE VAMOS UDI - INDEPENDIENTES,319. PATRICIO JULIO VARGAS BRIONES,UDI,5.0,True
1674818,PICA,PICA,LICEO PADRE ALBERTO HURTADO CRUCHAGA,5V,ZJ.CHILE VAMOS UDI - INDEPENDIENTES,320. LIDIA CARINA LOPEZ ARROYO,UDI,9.0,False
1674819,PICA,PICA,LICEO PADRE ALBERTO HURTADO CRUCHAGA,5V,ZJ.CHILE VAMOS UDI - INDEPENDIENTES,321. HECTOR LUIS CAMPUZANO GUZMAN,UDI,3.0,False
1674820,PICA,PICA,LICEO PADRE ALBERTO HURTADO CRUCHAGA,5V,ZJ.CHILE VAMOS UDI - INDEPENDIENTES,322. MARIA ELIANA TRONCOSO RAMOS,UDI,2.0,False
1674821,PICA,PICA,LICEO PADRE ALBERTO HURTADO CRUCHAGA,5V,ZJ.CHILE VAMOS UDI - INDEPENDIENTES,323. TEDDY JESUS PERALTA QUIGUATA,IND,5.0,False
1674822,PICA,PICA,LICEO PADRE ALBERTO HURTADO CRUCHAGA,5V,ZJ.CHILE VAMOS UDI - INDEPENDIENTES,324. ERICA RUTH AYAVIRE TICONA,IND,2.0,False
1674823,PICA,PICA,LICEO PADRE ALBERTO HURTADO CRUCHAGA,5V,ZU.RADICALES E INDEPENDIENTES,325. DELIA DEL CARMEN ORDENES TORO,IND,3.0,False
1674824,PICA,PICA,LICEO PADRE ALBERTO HURTADO CRUCHAGA,5V,ZU.RADICALES E INDEPENDIENTES,326. MARIANELA HAYDEE NARVAEZ SOTO,IND,1.0,False
1674825,PICA,PICA,LICEO PADRE ALBERTO HURTADO CRUCHAGA,6V,M.CHILE DIGNO VERDE Y SOBERANO,300. FRANCISCO ALEJANDRO CABEZAS CORTES,PCCH,1.0,False
1674826,PICA,PICA,LICEO PADRE ALBERTO HURTADO CRUCHAGA,6V,M.CHILE DIGNO VERDE Y SOBERANO,301. CARLA YUBITZA LOYOLA CANTILLANO,PCCH,6.0,False
1674827,PICA,PICA,LICEO PADRE ALBERTO HURTADO CRUCHAGA,6V,M.CHILE DIGNO VERDE Y SOBERANO,302. LEONARDO JAVIER PALAPE PALAPE,IND,2.0,False
1674828,PICA,PICA,LICEO PADRE ALBERTO HURTADO CRUCHAGA,6V,XK.CHILE VAMOS RENOVACION NACIONAL - INDEPENDIENTES,303. JUAN CARLOS GODOY APALA,RN,21.0,True
1674829,PICA,PICA,LICEO PADRE ALBERTO HURTADO CRUCHAGA,6V,XK.CHILE VAMOS RENOVACION NACIONAL - INDEPENDIENTES,304. ANGEL NAZARENO OLIVARES MARTINEZ,RN,8.0,False
1674830,PICA,PICA,LICEO PADRE ALBERTO HURTADO CRUCHAGA,6V,XK.CHILE VAMOS RENOVACION NACIONAL - INDEPENDIENTES,305. CLAUDIA IVONNE JOFRE RIVERA,RN,5.0,True
1674831,PICA,PICA,LICEO PADRE ALBERTO HURTADO CRUCHAGA,6V,XK.CHILE VAMOS RENOVACION NACIONAL - INDEPENDIENTES,306. ALEJANDRO ALBERTO CHACON BRAÑEZ,IND,0.0,False
1674832,PICA,PICA,LICEO PADRE ALBERTO HURTADO CRUCHAGA,6V,XK.CHILE VAMOS RENOVACION NACIONAL - INDEPENDIENTES,307. CLAUDIA ELIZABETH ROJAS PLAZA,IND,6.0,True
1674833,PICA,PICA,LICEO PADRE ALBERTO HURTADO CRUCHAGA,6V,XS.FRENTE AMPLIO,308. MARIA TERESA OXA VILLAGRA,IND,7.0,True
1674834,PICA,PICA,LICEO PADRE ALBERTO HURTADO CRUCHAGA,6V,XS.FRENTE AMPLIO,309. OLIVIA ANTONIETA VALENZUELA LEMA,IND,2.0,False
1674835,PICA,PICA,LICEO PADRE ALBERTO HURTADO CRUCHAGA,6V,XS.FRENTE AMPLIO,310. DAYRI MOSCOSO CASTRO,IND,4.0,False
1674836,PICA,PICA,LICEO PADRE ALBERTO HURTADO CRUCHAGA,6V,XS.FRENTE AMPLIO,311. CLIDER FERNANDO GALEAS PEREZ,IND,0.0,False
1674837,PICA,PICA,LICEO PADRE ALBERTO HURTADO CRUCHAGA,6V,XU.UNIDOS POR LA DIGNIDAD,312. RODOLFO GONZALEZ LUTINO,PDC,4.0,True
1674838,PICA,PICA,LICEO PADRE ALBERTO HURTADO CRUCHAGA,6V,XU.UNIDOS POR LA DIGNIDAD,313. VICTOR ALBERTO VERA GONZALEZ,PDC,4.0,False
1674839,PICA,PICA,LICEO PADRE ALBERTO HURTADO CRUCHAGA,6V,XU.UNIDOS POR LA DIGNIDAD,314. CARLOS VICTORIANO PAILLALEF ANTICOY,IND,5.0,False
1674840,PICA,PICA,LICEO PADRE ALBERTO HURTADO CRUCHAGA,6V,XY.DIGNIDAD AHORA,315. MAURICIO ANDRES VERA CALZARETTA,IND,4.0,False
1674841,PICA,PICA,LICEO PADRE ALBERTO HURTADO CRUCHAGA,6V,YW.UNIDAD POR EL APRUEBO PS PPD E INDEPENDIENTES,316. ROBERTO MERIDA OVIEDO,PS,6.0,False
1674842,PICA,PICA,LICEO PADRE ALBERTO HURTADO CRUCHAGA,6V,YW.UNIDAD POR EL APRUEBO PS PPD E INDEPENDIENTES,317. MIGUEL NUÑEZ HERRERA,IND,3.0,False
1674843,PICA,PICA,LICEO PADRE ALBERTO HURTADO CRUCHAGA,6V,YW.UNIDAD POR EL APRUEBO PS PPD E INDEPENDIENTES,318. JUDITH ESTEBAN PURE,IND,2.0,False
1674844,PICA,PICA,LICEO PADRE ALBERTO HURTADO CRUCHAGA,6V,ZJ.CHILE VAMOS UDI - INDEPENDIENTES,319. PATRICIO JULIO VARGAS BRIONES,UDI,13.0,True
1674845,PICA,PICA,LICEO PADRE ALBERTO HURTADO CRUCHAGA,6V,ZJ.CHILE VAMOS UDI - INDEPENDIENTES,320. LIDIA CARINA LOPEZ ARROYO,UDI,9.0,False
1674846,PICA,PICA,LICEO PADRE ALBERTO HURTADO CRUCHAGA,6V,ZJ.CHILE VAMOS UDI - INDEPENDIENTES,321. HECTOR LUIS CAMPUZANO GUZMAN,UDI,3.0,False
1674847,PICA,PICA,LICEO PADRE ALBERTO HURTADO CRUCHAGA,6V,ZJ.CHILE VAMOS UDI - INDEPENDIENTES,322. MARIA ELIANA TRONCOSO RAMOS,UDI,2.0,False
1674848,PICA,PICA,LICEO PADRE ALBERTO HURTADO CRUCHAGA,6V,ZJ.CHILE VAMOS UDI - INDEPENDIENTES,323. TEDDY JESUS PERALTA QUIGUATA,IND,5.0,False
1674849,PICA,PICA,LICEO PADRE ALBERTO HURTADO CRUCHAGA,6V,ZJ.CHILE VAMOS UDI - INDEPENDIENTES,324. ERICA RUTH AYAVIRE TICONA,IND,4.0,False
1674850,PICA,PICA,LICEO PADRE ALBERTO HURTADO CRUCHAGA,6V,ZU.RADICALES E INDEPENDIENTES,325. DELIA DEL CARMEN ORDENES TORO,IND,1.0,False
1674851,PICA,PICA,LICEO PADRE ALBERTO HURTADO CRUCHAGA,6V,ZU.RADICALES E INDEPENDIENTES,326. MARIANELA HAYDEE NARVAEZ SOTO,IND,2.0,False
1674852,PICA,PICA,LICEO PADRE ALBERTO HURTADO CRUCHAGA,7V,M.CHILE DIGNO VERDE Y SOBERANO,300. FRANCISCO ALEJANDRO CABEZAS CORTES,PCCH,6.0,False
1674853,PICA,PICA,LICEO PADRE ALBERTO HURTADO CRUCHAGA,7V,M.CHILE DIGNO VERDE Y SOBERANO,301. CARLA YUBITZA LOYOLA CANTILLANO,PCCH,4.0,False
1674854,PICA,PICA,LICEO PADRE ALBERTO HURTADO CRUCHAGA,7V,M.CHILE DIGNO VERDE Y SOBERANO,302. LEONARDO JAVIER PALAPE PALAPE,IND,1.0,False
1674855,PICA,PICA,LICEO PADRE ALBERTO HURTADO CRUCHAGA,7V,XK.CHILE VAMOS RENOVACION NACIONAL - INDEPENDIENTES,303. JUAN CARLOS GODOY APALA,RN,19.0,True
1674856,PICA,PICA,LICEO PADRE ALBERTO HURTADO CRUCHAGA,7V,XK.CHILE VAMOS RENOVACION NACIONAL - INDEPENDIENTES,304. ANGEL NAZARENO OLIVARES MARTINEZ,RN,6.0,False
1674857,PICA,PICA,LICEO PADRE ALBERTO HURTADO CRUCHAGA,7V,XK.CHILE VAMOS RENOVACION NACIONAL - INDEPENDIENTES,305. CLAUDIA IVONNE JOFRE RIVERA,RN,8.0,True
1674858,PICA,PICA,LICEO PADRE ALBERTO HURTADO CRUCHAGA,7V,XK.CHILE VAMOS RENOVACION NACIONAL - INDEPENDIENTES,306. ALEJANDRO ALBERTO CHACON BRAÑEZ,IND,0.0,False
1674859,PICA,PICA,LICEO PADRE ALBERTO HURTADO CRUCHAGA,7V,XK.CHILE VAMOS RENOVACION NACIONAL - INDEPENDIENTES,307. CLAUDIA ELIZABETH ROJAS PLAZA,IND,14.0,True
1674860,PICA,PICA,LICEO PADRE ALBERTO HURTADO CRUCHAGA,7V,XS.FRENTE AMPLIO,308. MARIA TERESA OXA VILLAGRA,IND,21.0,True
1674861,PICA,PICA,LICEO PADRE ALBERTO HURTADO CRUCHAGA,7V,XS.FRENTE AMPLIO,309. OLIVIA ANTONIETA VALENZUELA LEMA,IND,1.0,False
1674862,PICA,PICA,LICEO PADRE ALBERTO HURTADO CRUCHAGA,7V,XS.FRENTE AMPLIO,310. DAYRI MOSCOSO CASTRO,IND,6.0,False
1674863,PICA,PICA,LICEO PADRE ALBERTO HURTADO CRUCHAGA,7V,XS.FRENTE AMPLIO,311. CLIDER FERNANDO GALEAS PEREZ,IND,0.0,False
1674864,PICA,PICA,LICEO PADRE ALBERTO HURTADO CRUCHAGA,7V,XU.UNIDOS POR LA DIGNIDAD,312. RODOLFO GONZALEZ LUTINO,PDC,5.0,True
1674865,PICA,PICA,LICEO PADRE ALBERTO HURTADO CRUCHAGA,7V,XU.UNIDOS POR LA DIGNIDAD,313. VICTOR ALBERTO VERA GONZALEZ,PDC,2.0,False
1674866,PICA,PICA,LICEO PADRE ALBERTO HURTADO CRUCHAGA,7V,XU.UNIDOS POR LA DIGNIDAD,314. CARLOS VICTORIANO PAILLALEF ANTICOY,IND,5.0,False
1674867,PICA,PICA,LICEO PADRE ALBERTO HURTADO CRUCHAGA,7V,XY.DIGNIDAD AHORA,315. MAURICIO ANDRES VERA CALZARETTA,IND,5.0,False
1674868,PICA,PICA,LICEO PADRE ALBERTO HURTADO CRUCHAGA,7V,YW.UNIDAD POR EL APRUEBO PS PPD E INDEPENDIENTES,316. ROBERTO MERIDA OVIEDO,PS,3.0,False
1674869,PICA,PICA,LICEO PADRE ALBERTO HURTADO CRUCHAGA,7V,YW.UNIDAD POR EL APRUEBO PS PPD E INDEPENDIENTES,317. MIGUEL NUÑEZ HERRERA,IND,2.0,False
1674870,PICA,PICA,LICEO PADRE ALBERTO HURTADO CRUCHAGA,7V,YW.UNIDAD POR EL APRUEBO PS PPD E INDEPENDIENTES,318. JUDITH ESTEBAN PURE,IND,4.0,False
1674871,PICA,PICA,LICEO PADRE ALBERTO HURTADO CRUCHAGA,7V,ZJ.CHILE VAMOS UDI - INDEPENDIENTES,319. PATRICIO JULIO VARGAS BRIONES,UDI,11.0,True
1674872,PICA,PICA,LICEO PADRE ALBERTO HURTADO CRUCHAGA,7V,ZJ.CHILE VAMOS UDI - INDEPENDIENTES,320. LIDIA CARINA LOPEZ ARROYO,UDI,5.0,False
1674873,PICA,PICA,LICEO PADRE ALBERTO HURTADO CRUCHAGA,7V,ZJ.CHILE VAMOS UDI - INDEPENDIENTES,321. HECTOR LUIS CAMPUZANO GUZMAN,UDI,5.0,False
1674874,PICA,PICA,LICEO PADRE ALBERTO HURTADO CRUCHAGA,7V,ZJ.CHILE VAMOS UDI - INDEPENDIENTES,322. MARIA ELIANA TRONCOSO RAMOS,UDI,0.0,False
1674875,PICA,PICA,LICEO PADRE ALBERTO HURTADO CRUCHAGA,7V,ZJ.CHILE VAMOS UDI - INDEPENDIENTES,323. TEDDY JESUS PERALTA QUIGUATA,IND,5.0,False
1674876,PICA,PICA,LICEO PADRE ALBERTO HURTADO CRUCHAGA,7V,ZJ.CHILE VAMOS UDI - INDEPENDIENTES,324. ERICA RUTH AYAVIRE TICONA,IND,2.0,False
1674877,PICA,PICA,LICEO PADRE ALBERTO HURTADO CRUCHAGA,7V,ZU.RADICALES E INDEPENDIENTES,325. DELIA DEL CARMEN ORDENES TORO,IND,6.0,False
1674878,PICA,PICA,LICEO PADRE ALBERTO HURTADO CRUCHAGA,7V,ZU.RADICALES E INDEPENDIENTES,326. MARIANELA HAYDEE NARVAEZ SOTO,IND,0.0,False
1674879,PICA,PICA,LICEO PADRE ALBERTO HURTADO CRUCHAGA,8V,M.CHILE DIGNO VERDE Y SOBERANO,300. FRANCISCO ALEJANDRO CABEZAS CORTES,PCCH,4.0,False
1674880,PICA,PICA,LICEO PADRE ALBERTO HURTADO CRUCHAGA,8V,M.CHILE DIGNO VERDE Y SOBERANO,301. CARLA YUBITZA LOYOLA CANTILLANO,PCCH,5.0,False
1674881,PICA,PICA,LICEO PADRE ALBERTO HURTADO CRUCHAGA,8V,M.CHILE DIGNO VERDE Y SOBERANO,302. LEONARDO JAVIER PALAPE PALAPE,IND,1.0,False
1674882,PICA,PICA,LICEO PADRE ALBERTO HURTADO CRUCHAGA,8V,XK.CHILE VAMOS RENOVACION NACIONAL - INDEPENDIENTES,303. JUAN CARLOS GODOY APALA,RN,16.0,True
1674883,PICA,PICA,LICEO PADRE ALBERTO HURTADO CRUCHAGA,8V,XK.CHILE VAMOS RENOVACION NACIONAL - INDEPENDIENTES,304. ANGEL NAZARENO OLIVARES MARTINEZ,RN,3.0,False
1674884,PICA,PICA,LICEO PADRE ALBERTO HURTADO CRUCHAGA,8V,XK.CHILE VAMOS RENOVACION NACIONAL - INDEPENDIENTES,305. CLAUDIA IVONNE JOFRE RIVERA,RN,12.0,True
1674885,PICA,PICA,LICEO PADRE ALBERTO HURTADO CRUCHAGA,8V,XK.CHILE VAMOS RENOVACION NACIONAL - INDEPENDIENTES,306. ALEJANDRO ALBERTO CHACON BRAÑEZ,IND,0.0,False
1674886,PICA,PICA,LICEO PADRE ALBERTO HURTADO CRUCHAGA,8V,XK.CHILE VAMOS RENOVACION NACIONAL - INDEPENDIENTES,307. CLAUDIA ELIZABETH ROJAS PLAZA,IND,12.0,True
1674887,PICA,PICA,LICEO PADRE ALBERTO HURTADO CRUCHAGA,8V,XS.FRENTE AMPLIO,308. MARIA TERESA OXA VILLAGRA,IND,22.0,True
1674888,PICA,PICA,LICEO PADRE ALBERTO HURTADO CRUCHAGA,8V,XS.FRENTE AMPLIO,309. OLIVIA ANTONIETA VALENZUELA LEMA,IND,4.0,False
1674889,PICA,PICA,LICEO PADRE ALBERTO HURTADO CRUCHAGA,8V,XS.FRENTE AMPLIO,310. DAYRI MOSCOSO CASTRO,IND,4.0,False
1674890,PICA,PICA,LICEO PADRE ALBERTO HURTADO CRUCHAGA,8V,XS.FRENTE AMPLIO,311. CLIDER FERNANDO GALEAS PEREZ,IND,1.0,False
1674891,PICA,PICA,LICEO PADRE ALBERTO HURTADO CRUCHAGA,8V,XU.UNIDOS POR LA DIGNIDAD,312. RODOLFO GONZALEZ LUTINO,PDC,10.0,True
1674892,PICA,PICA,LICEO PADRE ALBERTO HURTADO CRUCHAGA,8V,XU.UNIDOS POR LA DIGNIDAD,313. VICTOR ALBERTO VERA GONZALEZ,PDC,2.0,False
1674893,PICA,PICA,LICEO PADRE ALBERTO HURTADO CRUCHAGA,8V,XU.UNIDOS POR LA DIGNIDAD,314. CARLOS VICTORIANO PAILLALEF ANTICOY,IND,2.0,False
1674894,PICA,PICA,LICEO PADRE ALBERTO HURTADO CRUCHAGA,8V,XY.DIGNIDAD AHORA,315. MAURICIO ANDRES VERA CALZARETTA,IND,3.0,False
1674895,PICA,PICA,LICEO PADRE ALBERTO HURTADO CRUCHAGA,8V,YW.UNIDAD POR EL APRUEBO PS PPD E INDEPENDIENTES,316. ROBERTO MERIDA OVIEDO,PS,1.0,False
1674896,PICA,PICA,LICEO PADRE ALBERTO HURTADO CRUCHAGA,8V,YW.UNIDAD POR EL APRUEBO PS PPD E INDEPENDIENTES,317. MIGUEL NUÑEZ HERRERA,IND,3.0,False
1674897,PICA,PICA,LICEO PADRE ALBERTO HURTADO CRUCHAGA,8V,YW.UNIDAD POR EL APRUEBO PS PPD E INDEPENDIENTES,318. JUDITH ESTEBAN PURE,IND,1.0,False
1674898,PICA,PICA,LICEO PADRE ALBERTO HURTADO CRUCHAGA,8V,ZJ.CHILE VAMOS UDI - INDEPENDIENTES,319. PATRICIO JULIO VARGAS BRIONES,UDI,10.0,True
1674899,PICA,PICA,LICEO PADRE ALBERTO HURTADO CRUCHAGA,8V,ZJ.CHILE VAMOS UDI - INDEPENDIENTES,320. LIDIA CARINA LOPEZ ARROYO,UDI,6.0,False
1674900,PICA,PICA,LICEO PADRE ALBERTO HURTADO CRUCHAGA,8V,ZJ.CHILE VAMOS UDI - INDEPENDIENTES,321. HECTOR LUIS CAMPUZANO GUZMAN,UDI,4.0,False
1674901,PICA,PICA,LICEO PADRE ALBERTO HURTADO CRUCHAGA,8V,ZJ.CHILE VAMOS UDI - INDEPENDIENTES,322. MARIA ELIANA TRONCOSO RAMOS,UDI,1.0,False
1674902,PICA,PICA,LICEO PADRE ALBERTO HURTADO CRUCHAGA,8V,ZJ.CHILE VAMOS UDI - INDEPENDIENTES,323. TEDDY JESUS PERALTA QUIGUATA,IND,4.0,False
1674903,PICA,PICA,LICEO PADRE ALBERTO HURTADO CRUCHAGA,8V,ZJ.CHILE VAMOS UDI - INDEPENDIENTES,324. ERICA RUTH AYAVIRE TICONA,IND,0.0,False
1674904,PICA,PICA,LICEO PADRE ALBERTO HURTADO CRUCHAGA,8V,ZU.RADICALES E INDEPENDIENTES,325. DELIA DEL CARMEN ORDENES TORO,IND,1.0,False
1674905,PICA,PICA,LICEO PADRE ALBERTO HURTADO CRUCHAGA,8V,ZU.RADICALES E INDEPENDIENTES,326. MARIANELA HAYDEE NARVAEZ SOTO,IND,1.0,False
1674906,PICA,PICA,LICEO PADRE ALBERTO HURTADO CRUCHAGA,9V,M.CHILE DIGNO VERDE Y SOBERANO,300. FRANCISCO ALEJANDRO CABEZAS CORTES,PCCH,6.0,False
1674907,PICA,PICA,LICEO PADRE ALBERTO HURTADO CRUCHAGA,9V,M.CHILE DIGNO VERDE Y SOBERANO,301. CARLA YUBITZA LOYOLA CANTILLANO,PCCH,2.0,False
1674908,PICA,PICA,LICEO PADRE ALBERTO HURTADO CRUCHAGA,9V,M.CHILE DIGNO VERDE Y SOBERANO,302. LEONARDO JAVIER PALAPE PALAPE,IND,3.0,False
1674909,PICA,PICA,LICEO PADRE ALBERTO HURTADO CRUCHAGA,9V,XK.CHILE VAMOS RENOVACION NACIONAL - INDEPENDIENTES,303. JUAN CARLOS GODOY APALA,RN,18.0,True
1674910,PICA,PICA,LICEO PADRE ALBERTO HURTADO CRUCHAGA,9V,XK.CHILE VAMOS RENOVACION NACIONAL - INDEPENDIENTES,304. ANGEL NAZARENO OLIVARES MARTINEZ,RN,19.0,False
1674911,PICA,PICA,LICEO PADRE ALBERTO HURTADO CRUCHAGA,9V,XK.CHILE VAMOS RENOVACION NACIONAL - INDEPENDIENTES,305. CLAUDIA IVONNE JOFRE RIVERA,RN,7.0,True
1674912,PICA,PICA,LICEO PADRE ALBERTO HURTADO CRUCHAGA,9V,XK.CHILE VAMOS RENOVACION NACIONAL - INDEPENDIENTES,306. ALEJANDRO ALBERTO CHACON BRAÑEZ,IND,0.0,False
1674913,PICA,PICA,LICEO PADRE ALBERTO HURTADO CRUCHAGA,9V,XK.CHILE VAMOS RENOVACION NACIONAL - INDEPENDIENTES,307. CLAUDIA ELIZABETH ROJAS PLAZA,IND,9.0,True
1674914,PICA,PICA,LICEO PADRE ALBERTO HURTADO CRUCHAGA,9V,XS.FRENTE AMPLIO,308. MARIA TERESA OXA VILLAGRA,IND,17.0,True
1674915,PICA,PICA,LICEO PADRE ALBERTO HURTADO CRUCHAGA,9V,XS.FRENTE AMPLIO,309. OLIVIA ANTONIETA VALENZUELA LEMA,IND,1.0,False
1674916,PICA,PICA,LICEO PADRE ALBERTO HURTADO CRUCHAGA,9V,XS.FRENTE AMPLIO,310. DAYRI MOSCOSO CASTRO,IND,7.0,False
1674917,PICA,PICA,LICEO PADRE ALBERTO HURTADO CRUCHAGA,9V,XS.FRENTE AMPLIO,311. CLIDER FERNANDO GALEAS PEREZ,IND,0.0,False
1674918,PICA,PICA,LICEO PADRE ALBERTO HURTADO CRUCHAGA,9V,XU.UNIDOS POR LA DIGNIDAD,312. RODOLFO GONZALEZ LUTINO,PDC,6.0,True
1674919,PICA,PICA,LICEO PADRE ALBERTO HURTADO CRUCHAGA,9V,XU.UNIDOS POR LA DIGNIDAD,313. VICTOR ALBERTO VERA GONZALEZ,PDC,2.0,False
1674920,PICA,PICA,LICEO PADRE ALBERTO HURTADO CRUCHAGA,9V,XU.UNIDOS POR LA DIGNIDAD,314. CARLOS VICTORIANO PAILLALEF ANTICOY,IND,1.0,False
1674921,PICA,PICA,LICEO PADRE ALBERTO HURTADO CRUCHAGA,9V,XY.DIGNIDAD AHORA,315. MAURICIO ANDRES VERA CALZARETTA,IND,5.0,False
1674922,PICA,PICA,LICEO PADRE ALBERTO HURTADO CRUCHAGA,9V,YW.UNIDAD POR EL APRUEBO PS PPD E INDEPENDIENTES,316. ROBERTO MERIDA OVIEDO,PS,6.0,False
1674923,PICA,PICA,LICEO PADRE ALBERTO HURTADO CRUCHAGA,9V,YW.UNIDAD POR EL APRUEBO PS PPD E INDEPENDIENTES,317. MIGUEL NUÑEZ HERRERA,IND,10.0,False
1674924,PICA,PICA,LICEO PADRE ALBERTO HURTADO CRUCHAGA,9V,YW.UNIDAD POR EL APRUEBO PS PPD E INDEPENDIENTES,318. JUDITH ESTEBAN PURE,IND,6.0,False
1674925,PICA,PICA,LICEO PADRE ALBERTO HURTADO CRUCHAGA,9V,ZJ.CHILE VAMOS UDI - INDEPENDIENTES,319. PATRICIO JULIO VARGAS BRIONES,UDI,9.0,True
1674926,PICA,PICA,LICEO PADRE ALBERTO HURTADO CRUCHAGA,9V,ZJ.CHILE VAMOS UDI - INDEPENDIENTES,320. LIDIA CARINA LOPEZ ARROYO,UDI,11.0,False
1674927,PICA,PICA,LICEO PADRE ALBERTO HURTADO CRUCHAGA,9V,ZJ.CHILE VAMOS UDI - INDEPENDIENTES,321. HECTOR LUIS CAMPUZANO GUZMAN,UDI,2.0,False
1674928,PICA,PICA,LICEO PADRE ALBERTO HURTADO CRUCHAGA,9V,ZJ.CHILE VAMOS UDI - INDEPENDIENTES,322. MARIA ELIANA TRONCOSO RAMOS,UDI,0.0,False
1674929,PICA,PICA,LICEO PADRE ALBERTO HURTADO CRUCHAGA,9V,ZJ.CHILE VAMOS UDI - INDEPENDIENTES,323. TEDDY JESUS PERALTA QUIGUATA,IND,4.0,False
1674930,PICA,PICA,LICEO PADRE ALBERTO HURTADO CRUCHAGA,9V,ZJ.CHILE VAMOS UDI - INDEPENDIENTES,324. ERICA RUTH AYAVIRE TICONA,IND,0.0,False
1674931,PICA,PICA,LICEO PADRE ALBERTO HURTADO CRUCHAGA,9V,ZU.RADICALES E INDEPENDIENTES,325. DELIA DEL CARMEN ORDENES TORO,IND,5.0,False
1674932,PICA,PICA,LICEO PADRE ALBERTO HURTADO CRUCHAGA,9V,ZU.RADICALES E INDEPENDIENTES,326. MARIANELA HAYDEE NARVAEZ SOTO,IND,1.0,False
1674933,PICA,PICA,LICEO PADRE ALBERTO HURTADO CRUCHAGA,10V,M.CHILE DIGNO VERDE Y SOBERANO,300. FRANCISCO ALEJANDRO CABEZAS CORTES,PCCH,3.0,False
1674934,PICA,PICA,LICEO PADRE ALBERTO HURTADO CRUCHAGA,10V,M.CHILE DIGNO VERDE Y SOBERANO,301. CARLA YUBITZA LOYOLA CANTILLANO,PCCH,3.0,False
1674935,PICA,PICA,LICEO PADRE ALBERTO HURTADO CRUCHAGA,10V,M.CHILE DIGNO VERDE Y SOBERANO,302. LEONARDO JAVIER PALAPE PALAPE,IND,2.0,False
1674936,PICA,PICA,LICEO PADRE ALBERTO HURTADO CRUCHAGA,10V,XK.CHILE VAMOS RENOVACION NACIONAL - INDEPENDIENTES,303. JUAN CARLOS GODOY APALA,RN,20.0,True
1674937,PICA,PICA,LICEO PADRE ALBERTO HURTADO CRUCHAGA,10V,XK.CHILE VAMOS RENOVACION NACIONAL - INDEPENDIENTES,304. ANGEL NAZARENO OLIVARES MARTINEZ,RN,5.0,False
1674938,PICA,PICA,LICEO PADRE ALBERTO HURTADO CRUCHAGA,10V,XK.CHILE VAMOS RENOVACION NACIONAL - INDEPENDIENTES,305. CLAUDIA IVONNE JOFRE RIVERA,RN,5.0,True
1674939,PICA,PICA,LICEO PADRE ALBERTO HURTADO CRUCHAGA,10V,XK.CHILE VAMOS RENOVACION NACIONAL - INDEPENDIENTES,306. ALEJANDRO ALBERTO CHACON BRAÑEZ,IND,0.0,False
1674940,PICA,PICA,LICEO PADRE ALBERTO HURTADO CRUCHAGA,10V,XK.CHILE VAMOS RENOVACION NACIONAL - INDEPENDIENTES,307. CLAUDIA ELIZABETH ROJAS PLAZA,IND,10.0,True
1674941,PICA,PICA,LICEO PADRE ALBERTO HURTADO CRUCHAGA,10V,XS.FRENTE AMPLIO,308. MARIA TERESA OXA VILLAGRA,IND,12.0,True
1674942,PICA,PICA,LICEO PADRE ALBERTO HURTADO CRUCHAGA,10V,XS.FRENTE AMPLIO,309. OLIVIA ANTONIETA VALENZUELA LEMA,IND,1.0,False
1674943,PICA,PICA,LICEO PADRE ALBERTO HURTADO CRUCHAGA,10V,XS.FRENTE AMPLIO,310. DAYRI MOSCOSO CASTRO,IND,3.0,False
1674944,PICA,PICA,LICEO PADRE ALBERTO HURTADO CRUCHAGA,10V,XS.FRENTE AMPLIO,311. CLIDER FERNANDO GALEAS PEREZ,IND,2.0,False
1674945,PICA,PICA,LICEO PADRE ALBERTO HURTADO CRUCHAGA,10V,XU.UNIDOS POR LA DIGNIDAD,312. RODOLFO GONZALEZ LUTINO,PDC,7.0,True
1674946,PICA,PICA,LICEO PADRE ALBERTO HURTADO CRUCHAGA,10V,XU.UNIDOS POR LA DIGNIDAD,313. VICTOR ALBERTO VERA GONZALEZ,PDC,2.0,False
1674947,PICA,PICA,LICEO PADRE ALBERTO HURTADO CRUCHAGA,10V,XU.UNIDOS POR LA DIGNIDAD,314. CARLOS VICTORIANO PAILLALEF ANTICOY,IND,2.0,False
1674948,PICA,PICA,LICEO PADRE ALBERTO HURTADO CRUCHAGA,10V,XY.DIGNIDAD AHORA,315. MAURICIO ANDRES VERA CALZARETTA,IND,10.0,False
1674949,PICA,PICA,LICEO PADRE ALBERTO HURTADO CRUCHAGA,10V,YW.UNIDAD POR EL APRUEBO PS PPD E INDEPENDIENTES,316. ROBERTO MERIDA OVIEDO,PS,2.0,False
1674950,PICA,PICA,LICEO PADRE ALBERTO HURTADO CRUCHAGA,10V,YW.UNIDAD POR EL APRUEBO PS PPD E INDEPENDIENTES,317. MIGUEL NUÑEZ HERRERA,IND,8.0,False
1674951,PICA,PICA,LICEO PADRE ALBERTO HURTADO CRUCHAGA,10V,YW.UNIDAD POR EL APRUEBO PS PPD E INDEPENDIENTES,318. JUDITH ESTEBAN PURE,IND,2.0,False
1674952,PICA,PICA,LICEO PADRE ALBERTO HURTADO CRUCHAGA,10V,ZJ.CHILE VAMOS UDI - INDEPENDIENTES,319. PATRICIO JULIO VARGAS BRIONES,UDI,5.0,True
1674953,PICA,PICA,LICEO PADRE ALBERTO HURTADO CRUCHAGA,10V,ZJ.CHILE VAMOS UDI - INDEPENDIENTES,320. LIDIA CARINA LOPEZ ARROYO,UDI,7.0,False
1674954,PICA,PICA,LICEO PADRE ALBERTO HURTADO CRUCHAGA,10V,ZJ.CHILE VAMOS UDI - INDEPENDIENTES,321. HECTOR LUIS CAMPUZANO GUZMAN,UDI,4.0,False
1674955,PICA,PICA,LICEO PADRE ALBERTO HURTADO CRUCHAGA,10V,ZJ.CHILE VAMOS UDI - INDEPENDIENTES,322. MARIA ELIANA TRONCOSO RAMOS,UDI,1.0,False
1674956,PICA,PICA,LICEO PADRE ALBERTO HURTADO CRUCHAGA,10V,ZJ.CHILE VAMOS UDI - INDEPENDIENTES,323. TEDDY JESUS PERALTA QUIGUATA,IND,4.0,False
1674957,PICA,PICA,LICEO PADRE ALBERTO HURTADO CRUCHAGA,10V,ZJ.CHILE VAMOS UDI - INDEPENDIENTES,324. ERICA RUTH AYAVIRE TICONA,IND,1.0,False
1674958,PICA,PICA,LICEO PADRE ALBERTO HURTADO CRUCHAGA,10V,ZU.RADICALES E INDEPENDIENTES,325. DELIA DEL CARMEN ORDENES TORO,IND,7.0,False
1674959,PICA,PICA,LICEO PADRE ALBERTO HURTADO CRUCHAGA,10V,ZU.RADICALES E INDEPENDIENTES,326. MARIANELA HAYDEE NARVAEZ SOTO,IND,0.0,False
1674960,PICA,PICA,LICEO PADRE ALBERTO HURTADO CRUCHAGA,11V,M.CHILE DIGNO VERDE Y SOBERANO,300. FRANCISCO ALEJANDRO CABEZAS CORTES,PCCH,3.0,False
1674961,PICA,PICA,LICEO PADRE ALBERTO HURTADO CRUCHAGA,11V,M.CHILE DIGNO VERDE Y SOBERANO,301. CARLA YUBITZA LOYOLA CANTILLANO,PCCH,1.0,False
1674962,PICA,PICA,LICEO PADRE ALBERTO HURTADO CRUCHAGA,11V,M.CHILE DIGNO VERDE Y SOBERANO,302. LEONARDO JAVIER PALAPE PALAPE,IND,4.0,False
1674963,PICA,PICA,LICEO PADRE ALBERTO HURTADO CRUCHAGA,11V,XK.CHILE VAMOS RENOVACION NACIONAL - INDEPENDIENTES,303. JUAN CARLOS GODOY APALA,RN,23.0,True
1674964,PICA,PICA,LICEO PADRE ALBERTO HURTADO CRUCHAGA,11V,XK.CHILE VAMOS RENOVACION NACIONAL - INDEPENDIENTES,304. ANGEL NAZARENO OLIVARES MARTINEZ,RN,6.0,False
1674965,PICA,PICA,LICEO PADRE ALBERTO HURTADO CRUCHAGA,11V,XK.CHILE VAMOS RENOVACION NACIONAL - INDEPENDIENTES,305. CLAUDIA IVONNE JOFRE RIVERA,RN,7.0,True
1674966,PICA,PICA,LICEO PADRE ALBERTO HURTADO CRUCHAGA,11V,XK.CHILE VAMOS RENOVACION NACIONAL - INDEPENDIENTES,306. ALEJANDRO ALBERTO CHACON BRAÑEZ,IND,2.0,False
1674967,PICA,PICA,LICEO PADRE ALBERTO HURTADO CRUCHAGA,11V,XK.CHILE VAMOS RENOVACION NACIONAL - INDEPENDIENTES,307. CLAUDIA ELIZABETH ROJAS PLAZA,IND,7.0,True
1674968,PICA,PICA,LICEO PADRE ALBERTO HURTADO CRUCHAGA,11V,XS.FRENTE AMPLIO,308. MARIA TERESA OXA VILLAGRA,IND,7.0,True
1674969,PICA,PICA,LICEO PADRE ALBERTO HURTADO CRUCHAGA,11V,XS.FRENTE AMPLIO,309. OLIVIA ANTONIETA VALENZUELA LEMA,IND,1.0,False
1674970,PICA,PICA,LICEO PADRE ALBERTO HURTADO CRUCHAGA,11V,XS.FRENTE AMPLIO,310. DAYRI MOSCOSO CASTRO,IND,6.0,False
1674971,PICA,PICA,LICEO PADRE ALBERTO HURTADO CRUCHAGA,11V,XS.FRENTE AMPLIO,311. CLIDER FERNANDO GALEAS PEREZ,IND,0.0,False
1674972,PICA,PICA,LICEO PADRE ALBERTO HURTADO CRUCHAGA,11V,XU.UNIDOS POR LA DIGNIDAD,312. RODOLFO GONZALEZ LUTINO,PDC,5.0,True
1674973,PICA,PICA,LICEO PADRE ALBERTO HURTADO CRUCHAGA,11V,XU.UNIDOS POR LA DIGNIDAD,313. VICTOR ALBERTO VERA GONZALEZ,PDC,2.0,False
1674974,PICA,PICA,LICEO PADRE ALBERTO HURTADO CRUCHAGA,11V,XU.UNIDOS POR LA DIGNIDAD,314. CARLOS VICTORIANO PAILLALEF ANTICOY,IND,2.0,False
1674975,PICA,PICA,LICEO PADRE ALBERTO HURTADO CRUCHAGA,11V,XY.DIGNIDAD AHORA,315. MAURICIO ANDRES VERA CALZARETTA,IND,0.0,False
1674976,PICA,PICA,LICEO PADRE ALBERTO HURTADO CRUCHAGA,11V,YW.UNIDAD POR EL APRUEBO PS PPD E INDEPENDIENTES,316. ROBERTO MERIDA OVIEDO,PS,1.0,False
1674977,PICA,PICA,LICEO PADRE ALBERTO HURTADO CRUCHAGA,11V,YW.UNIDAD POR EL APRUEBO PS PPD E INDEPENDIENTES,317. MIGUEL NUÑEZ HERRERA,IND,4.0,False
1674978,PICA,PICA,LICEO PADRE ALBERTO HURTADO CRUCHAGA,11V,YW.UNIDAD POR EL APRUEBO PS PPD E INDEPENDIENTES,318. JUDITH ESTEBAN PURE,IND,4.0,False
1674979,PICA,PICA,LICEO PADRE ALBERTO HURTADO CRUCHAGA,11V,ZJ.CHILE VAMOS UDI - INDEPENDIENTES,319. PATRICIO JULIO VARGAS BRIONES,UDI,11.0,True
1674980,PICA,PICA,LICEO PADRE ALBERTO HURTADO CRUCHAGA,11V,ZJ.CHILE VAMOS UDI - INDEPENDIENTES,320. LIDIA CARINA LOPEZ ARROYO,UDI,3.0,False
1674981,PICA,PICA,LICEO PADRE ALBERTO HURTADO CRUCHAGA,11V,ZJ.CHILE VAMOS UDI - INDEPENDIENTES,321. HECTOR LUIS CAMPUZANO GUZMAN,UDI,2.0,False
1674982,PICA,PICA,LICEO PADRE ALBERTO HURTADO CRUCHAGA,11V,ZJ.CHILE VAMOS UDI - INDEPENDIENTES,322. MARIA ELIANA TRONCOSO RAMOS,UDI,1.0,False
1674983,PICA,PICA,LICEO PADRE ALBERTO HURTADO CRUCHAGA,11V,ZJ.CHILE VAMOS UDI - INDEPENDIENTES,323. TEDDY JESUS PERALTA QUIGUATA,IND,1.0,False
1674984,PICA,PICA,LICEO PADRE ALBERTO HURTADO CRUCHAGA,11V,ZJ.CHILE VAMOS UDI - INDEPENDIENTES,324. ERICA RUTH AYAVIRE TICONA,IND,0.0,False
1674985,PICA,PICA,LICEO PADRE ALBERTO HURTADO CRUCHAGA,11V,ZU.RADICALES E INDEPENDIENTES,325. DELIA DEL CARMEN ORDENES TORO,IND,2.0,False
1674986,PICA,PICA,LICEO PADRE ALBERTO HURTADO CRUCHAGA,11V,ZU.RADICALES E INDEPENDIENTES,326. MARIANELA HAYDEE NARVAEZ SOTO,IND,0.0,False
1674987,PICA,PICA,LICEO PADRE ALBERTO HURTADO CRUCHAGA,12,M.CHILE DIGNO VERDE Y SOBERANO,300. FRANCISCO ALEJANDRO CABEZAS CORTES,PCCH,1.0,False
1674988,PICA,PICA,LICEO PADRE ALBERTO HURTADO CRUCHAGA,12,M.CHILE DIGNO VERDE Y SOBERANO,301. CARLA YUBITZA LOYOLA CANTILLANO,PCCH,5.0,False
1674989,PICA,PICA,LICEO PADRE ALBERTO HURTADO CRUCHAGA,12,M.CHILE DIGNO VERDE Y SOBERANO,302. LEONARDO JAVIER PALAPE PALAPE,IND,1.0,False
1674990,PICA,PICA,LICEO PADRE ALBERTO HURTADO CRUCHAGA,12,XK.CHILE VAMOS RENOVACION NACIONAL - INDEPENDIENTES,303. JUAN CARLOS GODOY APALA,RN,24.0,True
1674991,PICA,PICA,LICEO PADRE ALBERTO HURTADO CRUCHAGA,12,XK.CHILE VAMOS RENOVACION NACIONAL - INDEPENDIENTES,304. ANGEL NAZARENO OLIVARES MARTINEZ,RN,4.0,False
1674992,PICA,PICA,LICEO PADRE ALBERTO HURTADO CRUCHAGA,12,XK.CHILE VAMOS RENOVACION NACIONAL - INDEPENDIENTES,305. CLAUDIA IVONNE JOFRE RIVERA,RN,7.0,True
1674993,PICA,PICA,LICEO PADRE ALBERTO HURTADO CRUCHAGA,12,XK.CHILE VAMOS RENOVACION NACIONAL - INDEPENDIENTES,306. ALEJANDRO ALBERTO CHACON BRAÑEZ,IND,0.0,False
1674994,PICA,PICA,LICEO PADRE ALBERTO HURTADO CRUCHAGA,12,XK.CHILE VAMOS RENOVACION NACIONAL - INDEPENDIENTES,307. CLAUDIA ELIZABETH ROJAS PLAZA,IND,8.0,True
1674995,PICA,PICA,LICEO PADRE ALBERTO HURTADO CRUCHAGA,12,XS.FRENTE AMPLIO,308. MARIA TERESA OXA VILLAGRA,IND,9.0,True
1674996,PICA,PICA,LICEO PADRE ALBERTO HURTADO CRUCHAGA,12,XS.FRENTE AMPLIO,309. OLIVIA ANTONIETA VALENZUELA LEMA,IND,1.0,False
1674997,PICA,PICA,LICEO PADRE ALBERTO HURTADO CRUCHAGA,12,XS.FRENTE AMPLIO,310. DAYRI MOSCOSO CASTRO,IND,2.0,False
1674998,PICA,PICA,LICEO PADRE ALBERTO HURTADO CRUCHAGA,12,XS.FRENTE AMPLIO,311. CLIDER FERNANDO GALEAS PEREZ,IND,1.0,False
1674999,PICA,PICA,LICEO PADRE ALBERTO HURTADO CRUCHAGA,12,XU.UNIDOS POR LA DIGNIDAD,312. RODOLFO GONZALEZ LUTINO,PDC,8.0,True
1675000,PICA,PICA,LICEO PADRE ALBERTO HURTADO CRUCHAGA,12,XU.UNIDOS POR LA DIGNIDAD,313. VICTOR ALBERTO VERA GONZALEZ,PDC,3.0,False
1675001,PICA,PICA,LICEO PADRE ALBERTO HURTADO CRUCHAGA,12,XU.UNIDOS POR LA DIGNIDAD,314. CARLOS VICTORIANO PAILLALEF ANTICOY,IND,2.0,False
1675002,PICA,PICA,LICEO PADRE ALBERTO HURTADO CRUCHAGA,12,XY.DIGNIDAD AHORA,315. MAURICIO ANDRES VERA CALZARETTA,IND,6.0,False
1675003,PICA,PICA,LICEO PADRE ALBERTO HURTADO CRUCHAGA,12,YW.UNIDAD POR EL APRUEBO PS PPD E INDEPENDIENTES,316. ROBERTO MERIDA OVIEDO,PS,5.0,False
1675004,PICA,PICA,LICEO PADRE ALBERTO HURTADO CRUCHAGA,12,YW.UNIDAD POR EL APRUEBO PS PPD E INDEPENDIENTES,317. MIGUEL NUÑEZ HERRERA,IND,2.0,False
1675005,PICA,PICA,LICEO PADRE ALBERTO HURTADO CRUCHAGA,12,YW.UNIDAD POR EL APRUEBO PS PPD E INDEPENDIENTES,318. JUDITH ESTEBAN PURE,IND,3.0,False
1675006,PICA,PICA,LICEO PADRE ALBERTO HURTADO CRUCHAGA,12,ZJ.CHILE VAMOS UDI - INDEPENDIENTES,319. PATRICIO JULIO VARGAS BRIONES,UDI,13.0,True
1675007,PICA,PICA,LICEO PADRE ALBERTO HURTADO CRUCHAGA,12,ZJ.CHILE VAMOS UDI - INDEPENDIENTES,320. LIDIA CARINA LOPEZ ARROYO,UDI,6.0,False
1675008,PICA,PICA,LICEO PADRE ALBERTO HURTADO CRUCHAGA,12,ZJ.CHILE VAMOS UDI - INDEPENDIENTES,321. HECTOR LUIS CAMPUZANO GUZMAN,UDI,2.0,False
1675009,PICA,PICA,LICEO PADRE ALBERTO HURTADO CRUCHAGA,12,ZJ.CHILE VAMOS UDI - INDEPENDIENTES,322. MARIA ELIANA TRONCOSO RAMOS,UDI,2.0,False
1675010,PICA,PICA,LICEO PADRE ALBERTO HURTADO CRUCHAGA,12,ZJ.CHILE VAMOS UDI - INDEPENDIENTES,323. TEDDY JESUS PERALTA QUIGUATA,IND,4.0,False
1675011,PICA,PICA,LICEO PADRE ALBERTO HURTADO CRUCHAGA,12,ZJ.CHILE VAMOS UDI - INDEPENDIENTES,324. ERICA RUTH AYAVIRE TICONA,IND,0.0,False
1675012,PICA,PICA,LICEO PADRE ALBERTO HURTADO CRUCHAGA,12,ZU.RADICALES E INDEPENDIENTES,325. DELIA DEL CARMEN ORDENES TORO,IND,1.0,False
1675013,PICA,PICA,LICEO PADRE ALBERTO HURTADO CRUCHAGA,12,ZU.RADICALES E INDEPENDIENTES,326. MARIANELA HAYDEE NARVAEZ SOTO,IND,2.0,False
