,COMUNA,CIRC_ELEC,LOCAL,MESA,LISTA,CANDIDATX,PARTIDO,VOTOS,ELECTX
1685475,PLACILLA,PLACILLA,GIMNASIO MUNICIPAL,6V,M.CHILE DIGNO VERDE Y SOBERANO,300. JORGE RICARDO MARTINEZ BOLVARAN,FREVS,10.0,False
1685476,PLACILLA,PLACILLA,GIMNASIO MUNICIPAL,6V,M.CHILE DIGNO VERDE Y SOBERANO,301. ANGELICA ORLANDA SILVA CATALAN,FREVS,3.0,False
1685477,PLACILLA,PLACILLA,GIMNASIO MUNICIPAL,6V,M.CHILE DIGNO VERDE Y SOBERANO,302. MARIA PATRICIA SALINAS ROMERO,IND,3.0,False
1685478,PLACILLA,PLACILLA,GIMNASIO MUNICIPAL,6V,XK.CHILE VAMOS RENOVACION NACIONAL - INDEPENDIENTES,303. CESAR ANTONIO LOPEZ CEPEDA,RN,2.0,False
1685479,PLACILLA,PLACILLA,GIMNASIO MUNICIPAL,6V,XK.CHILE VAMOS RENOVACION NACIONAL - INDEPENDIENTES,304. IVO MAX KEOMAR CARO ORELLANA,IND,1.0,False
1685480,PLACILLA,PLACILLA,GIMNASIO MUNICIPAL,6V,XK.CHILE VAMOS RENOVACION NACIONAL - INDEPENDIENTES,305. DANIELA PAZ DIAZ ARIAS,IND,19.0,True
1685481,PLACILLA,PLACILLA,GIMNASIO MUNICIPAL,6V,XK.CHILE VAMOS RENOVACION NACIONAL - INDEPENDIENTES,306. BELEN ZUÑIGA JARA,IND,1.0,False
1685482,PLACILLA,PLACILLA,GIMNASIO MUNICIPAL,6V,XU.UNIDOS POR LA DIGNIDAD,307. PAULA ALEJANDRA BUSTAMANTE PINTO,PDC,7.0,False
1685483,PLACILLA,PLACILLA,GIMNASIO MUNICIPAL,6V,XU.UNIDOS POR LA DIGNIDAD,308. MARCELO  GONZALEZ FARIAS,PDC,21.0,True
1685484,PLACILLA,PLACILLA,GIMNASIO MUNICIPAL,6V,XU.UNIDOS POR LA DIGNIDAD,309. ARMANDO ENRIQUE REBOLLEDO BECERRA,IND,20.0,True
1685485,PLACILLA,PLACILLA,GIMNASIO MUNICIPAL,6V,XU.UNIDOS POR LA DIGNIDAD,310. JORGE AUGUSTO CABELLO GAETE,IND,3.0,False
1685486,PLACILLA,PLACILLA,GIMNASIO MUNICIPAL,6V,XU.UNIDOS POR LA DIGNIDAD,311. BASTIAN GIOVANNI PALOMINOS DINAMARCA,IND,19.0,True
1685487,PLACILLA,PLACILLA,GIMNASIO MUNICIPAL,6V,YM.CHILE VAMOS - PRI E INDEPENDIENTES,312. LUIS MARIANO NAVARRO VIDAL,IND,7.0,False
1685488,PLACILLA,PLACILLA,GIMNASIO MUNICIPAL,6V,YM.CHILE VAMOS - PRI E INDEPENDIENTES,313. ANGELICA LORETO LATORRE GONZALEZ,IND,6.0,False
1685489,PLACILLA,PLACILLA,GIMNASIO MUNICIPAL,6V,YM.CHILE VAMOS - PRI E INDEPENDIENTES,314. JOVANA CRISTINA MORALES BURDILES,IND,2.0,False
1685490,PLACILLA,PLACILLA,GIMNASIO MUNICIPAL,6V,YW.UNIDAD POR EL APRUEBO PS PPD E INDEPENDIENTES,315. ENRIQUE DIAZ QUIROZ,PPD,10.0,False
1685491,PLACILLA,PLACILLA,GIMNASIO MUNICIPAL,6V,YW.UNIDAD POR EL APRUEBO PS PPD E INDEPENDIENTES,316. HERNAN SANTA MARIA GONZALEZ,PS,14.0,True
1685492,PLACILLA,PLACILLA,GIMNASIO MUNICIPAL,6V,YW.UNIDAD POR EL APRUEBO PS PPD E INDEPENDIENTES,317. GERVASIO  GALAZ MUÑOZ,IND,8.0,False
1685493,PLACILLA,PLACILLA,GIMNASIO MUNICIPAL,6V,ZJ.CHILE VAMOS UDI - INDEPENDIENTES,318. JUAN EDUARDO RAMIREZ GALLARDO,UDI,9.0,False
1685494,PLACILLA,PLACILLA,GIMNASIO MUNICIPAL,6V,ZJ.CHILE VAMOS UDI - INDEPENDIENTES,319. CARLOS ALBERTO PABLO NUÑEZ FRITZ,UDI,3.0,False
1685495,PLACILLA,PLACILLA,GIMNASIO MUNICIPAL,6V,ZJ.CHILE VAMOS UDI - INDEPENDIENTES,320. VANESSA YESENIA CABELLO PARADA,IND,0.0,False
1685496,PLACILLA,PLACILLA,GIMNASIO MUNICIPAL,6V,ZJ.CHILE VAMOS UDI - INDEPENDIENTES,321. LUIS GERARDO MUÑOZ BECERRA,IND,1.0,False
1685497,PLACILLA,PLACILLA,GIMNASIO MUNICIPAL,6V,ZU.RADICALES E INDEPENDIENTES,322. JOHANNA RAQUEL TREJOS SILVA,IND,6.0,True
1685498,PLACILLA,PLACILLA,GIMNASIO MUNICIPAL,6V,ZU.RADICALES E INDEPENDIENTES,323. LAURA INES PONCE DONOSO,IND,5.0,False
1685499,PLACILLA,PLACILLA,GIMNASIO MUNICIPAL,6V,ZU.RADICALES E INDEPENDIENTES,324. ITALO ANDRES DIAZ URIBE,IND,4.0,False
1685500,PLACILLA,PLACILLA,GIMNASIO MUNICIPAL,6V,ZU.RADICALES E INDEPENDIENTES,325. DAVID HERNAN VERGARA ESPINA,IND,3.0,False
1685501,PLACILLA,PLACILLA,GIMNASIO MUNICIPAL,6V,ZU.RADICALES E INDEPENDIENTES,326. XIMENA MARGARITA DIAZ CABELLO,IND,1.0,False
1685502,PLACILLA,PLACILLA,GIMNASIO MUNICIPAL,6V,ZU.RADICALES E INDEPENDIENTES,327. SERGIO GUIDO FERRADA GOMEZ,IND,6.0,False
1685503,PLACILLA,PLACILLA,GIMNASIO MUNICIPAL,7V,M.CHILE DIGNO VERDE Y SOBERANO,300. JORGE RICARDO MARTINEZ BOLVARAN,FREVS,9.0,False
1685504,PLACILLA,PLACILLA,GIMNASIO MUNICIPAL,7V,M.CHILE DIGNO VERDE Y SOBERANO,301. ANGELICA ORLANDA SILVA CATALAN,FREVS,0.0,False
1685505,PLACILLA,PLACILLA,GIMNASIO MUNICIPAL,7V,M.CHILE DIGNO VERDE Y SOBERANO,302. MARIA PATRICIA SALINAS ROMERO,IND,3.0,False
1685506,PLACILLA,PLACILLA,GIMNASIO MUNICIPAL,7V,XK.CHILE VAMOS RENOVACION NACIONAL - INDEPENDIENTES,303. CESAR ANTONIO LOPEZ CEPEDA,RN,3.0,False
1685507,PLACILLA,PLACILLA,GIMNASIO MUNICIPAL,7V,XK.CHILE VAMOS RENOVACION NACIONAL - INDEPENDIENTES,304. IVO MAX KEOMAR CARO ORELLANA,IND,2.0,False
1685508,PLACILLA,PLACILLA,GIMNASIO MUNICIPAL,7V,XK.CHILE VAMOS RENOVACION NACIONAL - INDEPENDIENTES,305. DANIELA PAZ DIAZ ARIAS,IND,13.0,True
1685509,PLACILLA,PLACILLA,GIMNASIO MUNICIPAL,7V,XK.CHILE VAMOS RENOVACION NACIONAL - INDEPENDIENTES,306. BELEN ZUÑIGA JARA,IND,4.0,False
1685510,PLACILLA,PLACILLA,GIMNASIO MUNICIPAL,7V,XU.UNIDOS POR LA DIGNIDAD,307. PAULA ALEJANDRA BUSTAMANTE PINTO,PDC,5.0,False
1685511,PLACILLA,PLACILLA,GIMNASIO MUNICIPAL,7V,XU.UNIDOS POR LA DIGNIDAD,308. MARCELO  GONZALEZ FARIAS,PDC,25.0,True
1685512,PLACILLA,PLACILLA,GIMNASIO MUNICIPAL,7V,XU.UNIDOS POR LA DIGNIDAD,309. ARMANDO ENRIQUE REBOLLEDO BECERRA,IND,13.0,True
1685513,PLACILLA,PLACILLA,GIMNASIO MUNICIPAL,7V,XU.UNIDOS POR LA DIGNIDAD,310. JORGE AUGUSTO CABELLO GAETE,IND,10.0,False
1685514,PLACILLA,PLACILLA,GIMNASIO MUNICIPAL,7V,XU.UNIDOS POR LA DIGNIDAD,311. BASTIAN GIOVANNI PALOMINOS DINAMARCA,IND,21.0,True
1685515,PLACILLA,PLACILLA,GIMNASIO MUNICIPAL,7V,YM.CHILE VAMOS - PRI E INDEPENDIENTES,312. LUIS MARIANO NAVARRO VIDAL,IND,1.0,False
1685516,PLACILLA,PLACILLA,GIMNASIO MUNICIPAL,7V,YM.CHILE VAMOS - PRI E INDEPENDIENTES,313. ANGELICA LORETO LATORRE GONZALEZ,IND,3.0,False
1685517,PLACILLA,PLACILLA,GIMNASIO MUNICIPAL,7V,YM.CHILE VAMOS - PRI E INDEPENDIENTES,314. JOVANA CRISTINA MORALES BURDILES,IND,2.0,False
1685518,PLACILLA,PLACILLA,GIMNASIO MUNICIPAL,7V,YW.UNIDAD POR EL APRUEBO PS PPD E INDEPENDIENTES,315. ENRIQUE DIAZ QUIROZ,PPD,4.0,False
1685519,PLACILLA,PLACILLA,GIMNASIO MUNICIPAL,7V,YW.UNIDAD POR EL APRUEBO PS PPD E INDEPENDIENTES,316. HERNAN SANTA MARIA GONZALEZ,PS,21.0,True
1685520,PLACILLA,PLACILLA,GIMNASIO MUNICIPAL,7V,YW.UNIDAD POR EL APRUEBO PS PPD E INDEPENDIENTES,317. GERVASIO  GALAZ MUÑOZ,IND,7.0,False
1685521,PLACILLA,PLACILLA,GIMNASIO MUNICIPAL,7V,ZJ.CHILE VAMOS UDI - INDEPENDIENTES,318. JUAN EDUARDO RAMIREZ GALLARDO,UDI,5.0,False
1685522,PLACILLA,PLACILLA,GIMNASIO MUNICIPAL,7V,ZJ.CHILE VAMOS UDI - INDEPENDIENTES,319. CARLOS ALBERTO PABLO NUÑEZ FRITZ,UDI,7.0,False
1685523,PLACILLA,PLACILLA,GIMNASIO MUNICIPAL,7V,ZJ.CHILE VAMOS UDI - INDEPENDIENTES,320. VANESSA YESENIA CABELLO PARADA,IND,0.0,False
1685524,PLACILLA,PLACILLA,GIMNASIO MUNICIPAL,7V,ZJ.CHILE VAMOS UDI - INDEPENDIENTES,321. LUIS GERARDO MUÑOZ BECERRA,IND,1.0,False
1685525,PLACILLA,PLACILLA,GIMNASIO MUNICIPAL,7V,ZU.RADICALES E INDEPENDIENTES,322. JOHANNA RAQUEL TREJOS SILVA,IND,12.0,True
1685526,PLACILLA,PLACILLA,GIMNASIO MUNICIPAL,7V,ZU.RADICALES E INDEPENDIENTES,323. LAURA INES PONCE DONOSO,IND,3.0,False
1685527,PLACILLA,PLACILLA,GIMNASIO MUNICIPAL,7V,ZU.RADICALES E INDEPENDIENTES,324. ITALO ANDRES DIAZ URIBE,IND,3.0,False
1685528,PLACILLA,PLACILLA,GIMNASIO MUNICIPAL,7V,ZU.RADICALES E INDEPENDIENTES,325. DAVID HERNAN VERGARA ESPINA,IND,3.0,False
1685529,PLACILLA,PLACILLA,GIMNASIO MUNICIPAL,7V,ZU.RADICALES E INDEPENDIENTES,326. XIMENA MARGARITA DIAZ CABELLO,IND,1.0,False
1685530,PLACILLA,PLACILLA,GIMNASIO MUNICIPAL,7V,ZU.RADICALES E INDEPENDIENTES,327. SERGIO GUIDO FERRADA GOMEZ,IND,3.0,False
1685531,PLACILLA,PLACILLA,GIMNASIO MUNICIPAL,8V,M.CHILE DIGNO VERDE Y SOBERANO,300. JORGE RICARDO MARTINEZ BOLVARAN,FREVS,6.0,False
1685532,PLACILLA,PLACILLA,GIMNASIO MUNICIPAL,8V,M.CHILE DIGNO VERDE Y SOBERANO,301. ANGELICA ORLANDA SILVA CATALAN,FREVS,3.0,False
1685533,PLACILLA,PLACILLA,GIMNASIO MUNICIPAL,8V,M.CHILE DIGNO VERDE Y SOBERANO,302. MARIA PATRICIA SALINAS ROMERO,IND,7.0,False
1685534,PLACILLA,PLACILLA,GIMNASIO MUNICIPAL,8V,XK.CHILE VAMOS RENOVACION NACIONAL - INDEPENDIENTES,303. CESAR ANTONIO LOPEZ CEPEDA,RN,3.0,False
1685535,PLACILLA,PLACILLA,GIMNASIO MUNICIPAL,8V,XK.CHILE VAMOS RENOVACION NACIONAL - INDEPENDIENTES,304. IVO MAX KEOMAR CARO ORELLANA,IND,1.0,False
1685536,PLACILLA,PLACILLA,GIMNASIO MUNICIPAL,8V,XK.CHILE VAMOS RENOVACION NACIONAL - INDEPENDIENTES,305. DANIELA PAZ DIAZ ARIAS,IND,9.0,True
1685537,PLACILLA,PLACILLA,GIMNASIO MUNICIPAL,8V,XK.CHILE VAMOS RENOVACION NACIONAL - INDEPENDIENTES,306. BELEN ZUÑIGA JARA,IND,1.0,False
1685538,PLACILLA,PLACILLA,GIMNASIO MUNICIPAL,8V,XU.UNIDOS POR LA DIGNIDAD,307. PAULA ALEJANDRA BUSTAMANTE PINTO,PDC,6.0,False
1685539,PLACILLA,PLACILLA,GIMNASIO MUNICIPAL,8V,XU.UNIDOS POR LA DIGNIDAD,308. MARCELO  GONZALEZ FARIAS,PDC,17.0,True
1685540,PLACILLA,PLACILLA,GIMNASIO MUNICIPAL,8V,XU.UNIDOS POR LA DIGNIDAD,309. ARMANDO ENRIQUE REBOLLEDO BECERRA,IND,12.0,True
1685541,PLACILLA,PLACILLA,GIMNASIO MUNICIPAL,8V,XU.UNIDOS POR LA DIGNIDAD,310. JORGE AUGUSTO CABELLO GAETE,IND,7.0,False
1685542,PLACILLA,PLACILLA,GIMNASIO MUNICIPAL,8V,XU.UNIDOS POR LA DIGNIDAD,311. BASTIAN GIOVANNI PALOMINOS DINAMARCA,IND,17.0,True
1685543,PLACILLA,PLACILLA,GIMNASIO MUNICIPAL,8V,YM.CHILE VAMOS - PRI E INDEPENDIENTES,312. LUIS MARIANO NAVARRO VIDAL,IND,6.0,False
1685544,PLACILLA,PLACILLA,GIMNASIO MUNICIPAL,8V,YM.CHILE VAMOS - PRI E INDEPENDIENTES,313. ANGELICA LORETO LATORRE GONZALEZ,IND,7.0,False
1685545,PLACILLA,PLACILLA,GIMNASIO MUNICIPAL,8V,YM.CHILE VAMOS - PRI E INDEPENDIENTES,314. JOVANA CRISTINA MORALES BURDILES,IND,5.0,False
1685546,PLACILLA,PLACILLA,GIMNASIO MUNICIPAL,8V,YW.UNIDAD POR EL APRUEBO PS PPD E INDEPENDIENTES,315. ENRIQUE DIAZ QUIROZ,PPD,7.0,False
1685547,PLACILLA,PLACILLA,GIMNASIO MUNICIPAL,8V,YW.UNIDAD POR EL APRUEBO PS PPD E INDEPENDIENTES,316. HERNAN SANTA MARIA GONZALEZ,PS,17.0,True
1685548,PLACILLA,PLACILLA,GIMNASIO MUNICIPAL,8V,YW.UNIDAD POR EL APRUEBO PS PPD E INDEPENDIENTES,317. GERVASIO  GALAZ MUÑOZ,IND,3.0,False
1685549,PLACILLA,PLACILLA,GIMNASIO MUNICIPAL,8V,ZJ.CHILE VAMOS UDI - INDEPENDIENTES,318. JUAN EDUARDO RAMIREZ GALLARDO,UDI,3.0,False
1685550,PLACILLA,PLACILLA,GIMNASIO MUNICIPAL,8V,ZJ.CHILE VAMOS UDI - INDEPENDIENTES,319. CARLOS ALBERTO PABLO NUÑEZ FRITZ,UDI,3.0,False
1685551,PLACILLA,PLACILLA,GIMNASIO MUNICIPAL,8V,ZJ.CHILE VAMOS UDI - INDEPENDIENTES,320. VANESSA YESENIA CABELLO PARADA,IND,0.0,False
1685552,PLACILLA,PLACILLA,GIMNASIO MUNICIPAL,8V,ZJ.CHILE VAMOS UDI - INDEPENDIENTES,321. LUIS GERARDO MUÑOZ BECERRA,IND,2.0,False
1685553,PLACILLA,PLACILLA,GIMNASIO MUNICIPAL,8V,ZU.RADICALES E INDEPENDIENTES,322. JOHANNA RAQUEL TREJOS SILVA,IND,9.0,True
1685554,PLACILLA,PLACILLA,GIMNASIO MUNICIPAL,8V,ZU.RADICALES E INDEPENDIENTES,323. LAURA INES PONCE DONOSO,IND,2.0,False
1685555,PLACILLA,PLACILLA,GIMNASIO MUNICIPAL,8V,ZU.RADICALES E INDEPENDIENTES,324. ITALO ANDRES DIAZ URIBE,IND,6.0,False
1685556,PLACILLA,PLACILLA,GIMNASIO MUNICIPAL,8V,ZU.RADICALES E INDEPENDIENTES,325. DAVID HERNAN VERGARA ESPINA,IND,5.0,False
1685557,PLACILLA,PLACILLA,GIMNASIO MUNICIPAL,8V,ZU.RADICALES E INDEPENDIENTES,326. XIMENA MARGARITA DIAZ CABELLO,IND,3.0,False
1685558,PLACILLA,PLACILLA,GIMNASIO MUNICIPAL,8V,ZU.RADICALES E INDEPENDIENTES,327. SERGIO GUIDO FERRADA GOMEZ,IND,4.0,False
1685559,PLACILLA,PLACILLA,GIMNASIO MUNICIPAL,9V,M.CHILE DIGNO VERDE Y SOBERANO,300. JORGE RICARDO MARTINEZ BOLVARAN,FREVS,6.0,False
1685560,PLACILLA,PLACILLA,GIMNASIO MUNICIPAL,9V,M.CHILE DIGNO VERDE Y SOBERANO,301. ANGELICA ORLANDA SILVA CATALAN,FREVS,1.0,False
1685561,PLACILLA,PLACILLA,GIMNASIO MUNICIPAL,9V,M.CHILE DIGNO VERDE Y SOBERANO,302. MARIA PATRICIA SALINAS ROMERO,IND,2.0,False
1685562,PLACILLA,PLACILLA,GIMNASIO MUNICIPAL,9V,XK.CHILE VAMOS RENOVACION NACIONAL - INDEPENDIENTES,303. CESAR ANTONIO LOPEZ CEPEDA,RN,4.0,False
1685563,PLACILLA,PLACILLA,GIMNASIO MUNICIPAL,9V,XK.CHILE VAMOS RENOVACION NACIONAL - INDEPENDIENTES,304. IVO MAX KEOMAR CARO ORELLANA,IND,3.0,False
1685564,PLACILLA,PLACILLA,GIMNASIO MUNICIPAL,9V,XK.CHILE VAMOS RENOVACION NACIONAL - INDEPENDIENTES,305. DANIELA PAZ DIAZ ARIAS,IND,18.0,True
1685565,PLACILLA,PLACILLA,GIMNASIO MUNICIPAL,9V,XK.CHILE VAMOS RENOVACION NACIONAL - INDEPENDIENTES,306. BELEN ZUÑIGA JARA,IND,1.0,False
1685566,PLACILLA,PLACILLA,GIMNASIO MUNICIPAL,9V,XU.UNIDOS POR LA DIGNIDAD,307. PAULA ALEJANDRA BUSTAMANTE PINTO,PDC,2.0,False
1685567,PLACILLA,PLACILLA,GIMNASIO MUNICIPAL,9V,XU.UNIDOS POR LA DIGNIDAD,308. MARCELO  GONZALEZ FARIAS,PDC,21.0,True
1685568,PLACILLA,PLACILLA,GIMNASIO MUNICIPAL,9V,XU.UNIDOS POR LA DIGNIDAD,309. ARMANDO ENRIQUE REBOLLEDO BECERRA,IND,20.0,True
1685569,PLACILLA,PLACILLA,GIMNASIO MUNICIPAL,9V,XU.UNIDOS POR LA DIGNIDAD,310. JORGE AUGUSTO CABELLO GAETE,IND,3.0,False
1685570,PLACILLA,PLACILLA,GIMNASIO MUNICIPAL,9V,XU.UNIDOS POR LA DIGNIDAD,311. BASTIAN GIOVANNI PALOMINOS DINAMARCA,IND,20.0,True
1685571,PLACILLA,PLACILLA,GIMNASIO MUNICIPAL,9V,YM.CHILE VAMOS - PRI E INDEPENDIENTES,312. LUIS MARIANO NAVARRO VIDAL,IND,4.0,False
1685572,PLACILLA,PLACILLA,GIMNASIO MUNICIPAL,9V,YM.CHILE VAMOS - PRI E INDEPENDIENTES,313. ANGELICA LORETO LATORRE GONZALEZ,IND,5.0,False
1685573,PLACILLA,PLACILLA,GIMNASIO MUNICIPAL,9V,YM.CHILE VAMOS - PRI E INDEPENDIENTES,314. JOVANA CRISTINA MORALES BURDILES,IND,2.0,False
1685574,PLACILLA,PLACILLA,GIMNASIO MUNICIPAL,9V,YW.UNIDAD POR EL APRUEBO PS PPD E INDEPENDIENTES,315. ENRIQUE DIAZ QUIROZ,PPD,4.0,False
1685575,PLACILLA,PLACILLA,GIMNASIO MUNICIPAL,9V,YW.UNIDAD POR EL APRUEBO PS PPD E INDEPENDIENTES,316. HERNAN SANTA MARIA GONZALEZ,PS,9.0,True
1685576,PLACILLA,PLACILLA,GIMNASIO MUNICIPAL,9V,YW.UNIDAD POR EL APRUEBO PS PPD E INDEPENDIENTES,317. GERVASIO  GALAZ MUÑOZ,IND,7.0,False
1685577,PLACILLA,PLACILLA,GIMNASIO MUNICIPAL,9V,ZJ.CHILE VAMOS UDI - INDEPENDIENTES,318. JUAN EDUARDO RAMIREZ GALLARDO,UDI,2.0,False
1685578,PLACILLA,PLACILLA,GIMNASIO MUNICIPAL,9V,ZJ.CHILE VAMOS UDI - INDEPENDIENTES,319. CARLOS ALBERTO PABLO NUÑEZ FRITZ,UDI,2.0,False
1685579,PLACILLA,PLACILLA,GIMNASIO MUNICIPAL,9V,ZJ.CHILE VAMOS UDI - INDEPENDIENTES,320. VANESSA YESENIA CABELLO PARADA,IND,0.0,False
1685580,PLACILLA,PLACILLA,GIMNASIO MUNICIPAL,9V,ZJ.CHILE VAMOS UDI - INDEPENDIENTES,321. LUIS GERARDO MUÑOZ BECERRA,IND,0.0,False
1685581,PLACILLA,PLACILLA,GIMNASIO MUNICIPAL,9V,ZU.RADICALES E INDEPENDIENTES,322. JOHANNA RAQUEL TREJOS SILVA,IND,8.0,True
1685582,PLACILLA,PLACILLA,GIMNASIO MUNICIPAL,9V,ZU.RADICALES E INDEPENDIENTES,323. LAURA INES PONCE DONOSO,IND,1.0,False
1685583,PLACILLA,PLACILLA,GIMNASIO MUNICIPAL,9V,ZU.RADICALES E INDEPENDIENTES,324. ITALO ANDRES DIAZ URIBE,IND,4.0,False
1685584,PLACILLA,PLACILLA,GIMNASIO MUNICIPAL,9V,ZU.RADICALES E INDEPENDIENTES,325. DAVID HERNAN VERGARA ESPINA,IND,4.0,False
1685585,PLACILLA,PLACILLA,GIMNASIO MUNICIPAL,9V,ZU.RADICALES E INDEPENDIENTES,326. XIMENA MARGARITA DIAZ CABELLO,IND,2.0,False
1685586,PLACILLA,PLACILLA,GIMNASIO MUNICIPAL,9V,ZU.RADICALES E INDEPENDIENTES,327. SERGIO GUIDO FERRADA GOMEZ,IND,3.0,False
1685587,PLACILLA,PLACILLA,GIMNASIO MUNICIPAL,10V,M.CHILE DIGNO VERDE Y SOBERANO,300. JORGE RICARDO MARTINEZ BOLVARAN,FREVS,6.0,False
1685588,PLACILLA,PLACILLA,GIMNASIO MUNICIPAL,10V,M.CHILE DIGNO VERDE Y SOBERANO,301. ANGELICA ORLANDA SILVA CATALAN,FREVS,0.0,False
1685589,PLACILLA,PLACILLA,GIMNASIO MUNICIPAL,10V,M.CHILE DIGNO VERDE Y SOBERANO,302. MARIA PATRICIA SALINAS ROMERO,IND,7.0,False
1685590,PLACILLA,PLACILLA,GIMNASIO MUNICIPAL,10V,XK.CHILE VAMOS RENOVACION NACIONAL - INDEPENDIENTES,303. CESAR ANTONIO LOPEZ CEPEDA,RN,1.0,False
1685591,PLACILLA,PLACILLA,GIMNASIO MUNICIPAL,10V,XK.CHILE VAMOS RENOVACION NACIONAL - INDEPENDIENTES,304. IVO MAX KEOMAR CARO ORELLANA,IND,1.0,False
1685592,PLACILLA,PLACILLA,GIMNASIO MUNICIPAL,10V,XK.CHILE VAMOS RENOVACION NACIONAL - INDEPENDIENTES,305. DANIELA PAZ DIAZ ARIAS,IND,14.0,True
1685593,PLACILLA,PLACILLA,GIMNASIO MUNICIPAL,10V,XK.CHILE VAMOS RENOVACION NACIONAL - INDEPENDIENTES,306. BELEN ZUÑIGA JARA,IND,2.0,False
1685594,PLACILLA,PLACILLA,GIMNASIO MUNICIPAL,10V,XU.UNIDOS POR LA DIGNIDAD,307. PAULA ALEJANDRA BUSTAMANTE PINTO,PDC,3.0,False
1685595,PLACILLA,PLACILLA,GIMNASIO MUNICIPAL,10V,XU.UNIDOS POR LA DIGNIDAD,308. MARCELO  GONZALEZ FARIAS,PDC,13.0,True
1685596,PLACILLA,PLACILLA,GIMNASIO MUNICIPAL,10V,XU.UNIDOS POR LA DIGNIDAD,309. ARMANDO ENRIQUE REBOLLEDO BECERRA,IND,13.0,True
1685597,PLACILLA,PLACILLA,GIMNASIO MUNICIPAL,10V,XU.UNIDOS POR LA DIGNIDAD,310. JORGE AUGUSTO CABELLO GAETE,IND,6.0,False
1685598,PLACILLA,PLACILLA,GIMNASIO MUNICIPAL,10V,XU.UNIDOS POR LA DIGNIDAD,311. BASTIAN GIOVANNI PALOMINOS DINAMARCA,IND,13.0,True
1685599,PLACILLA,PLACILLA,GIMNASIO MUNICIPAL,10V,YM.CHILE VAMOS - PRI E INDEPENDIENTES,312. LUIS MARIANO NAVARRO VIDAL,IND,1.0,False
1685600,PLACILLA,PLACILLA,GIMNASIO MUNICIPAL,10V,YM.CHILE VAMOS - PRI E INDEPENDIENTES,313. ANGELICA LORETO LATORRE GONZALEZ,IND,7.0,False
1685601,PLACILLA,PLACILLA,GIMNASIO MUNICIPAL,10V,YM.CHILE VAMOS - PRI E INDEPENDIENTES,314. JOVANA CRISTINA MORALES BURDILES,IND,3.0,False
1685602,PLACILLA,PLACILLA,GIMNASIO MUNICIPAL,10V,YW.UNIDAD POR EL APRUEBO PS PPD E INDEPENDIENTES,315. ENRIQUE DIAZ QUIROZ,PPD,7.0,False
1685603,PLACILLA,PLACILLA,GIMNASIO MUNICIPAL,10V,YW.UNIDAD POR EL APRUEBO PS PPD E INDEPENDIENTES,316. HERNAN SANTA MARIA GONZALEZ,PS,20.0,True
1685604,PLACILLA,PLACILLA,GIMNASIO MUNICIPAL,10V,YW.UNIDAD POR EL APRUEBO PS PPD E INDEPENDIENTES,317. GERVASIO  GALAZ MUÑOZ,IND,9.0,False
1685605,PLACILLA,PLACILLA,GIMNASIO MUNICIPAL,10V,ZJ.CHILE VAMOS UDI - INDEPENDIENTES,318. JUAN EDUARDO RAMIREZ GALLARDO,UDI,14.0,False
1685606,PLACILLA,PLACILLA,GIMNASIO MUNICIPAL,10V,ZJ.CHILE VAMOS UDI - INDEPENDIENTES,319. CARLOS ALBERTO PABLO NUÑEZ FRITZ,UDI,8.0,False
1685607,PLACILLA,PLACILLA,GIMNASIO MUNICIPAL,10V,ZJ.CHILE VAMOS UDI - INDEPENDIENTES,320. VANESSA YESENIA CABELLO PARADA,IND,0.0,False
1685608,PLACILLA,PLACILLA,GIMNASIO MUNICIPAL,10V,ZJ.CHILE VAMOS UDI - INDEPENDIENTES,321. LUIS GERARDO MUÑOZ BECERRA,IND,1.0,False
1685609,PLACILLA,PLACILLA,GIMNASIO MUNICIPAL,10V,ZU.RADICALES E INDEPENDIENTES,322. JOHANNA RAQUEL TREJOS SILVA,IND,7.0,True
1685610,PLACILLA,PLACILLA,GIMNASIO MUNICIPAL,10V,ZU.RADICALES E INDEPENDIENTES,323. LAURA INES PONCE DONOSO,IND,7.0,False
1685611,PLACILLA,PLACILLA,GIMNASIO MUNICIPAL,10V,ZU.RADICALES E INDEPENDIENTES,324. ITALO ANDRES DIAZ URIBE,IND,9.0,False
1685612,PLACILLA,PLACILLA,GIMNASIO MUNICIPAL,10V,ZU.RADICALES E INDEPENDIENTES,325. DAVID HERNAN VERGARA ESPINA,IND,8.0,False
1685613,PLACILLA,PLACILLA,GIMNASIO MUNICIPAL,10V,ZU.RADICALES E INDEPENDIENTES,326. XIMENA MARGARITA DIAZ CABELLO,IND,2.0,False
1685614,PLACILLA,PLACILLA,GIMNASIO MUNICIPAL,10V,ZU.RADICALES E INDEPENDIENTES,327. SERGIO GUIDO FERRADA GOMEZ,IND,4.0,False
1685615,PLACILLA,PLACILLA,GIMNASIO MUNICIPAL,11V,M.CHILE DIGNO VERDE Y SOBERANO,300. JORGE RICARDO MARTINEZ BOLVARAN,FREVS,7.0,False
1685616,PLACILLA,PLACILLA,GIMNASIO MUNICIPAL,11V,M.CHILE DIGNO VERDE Y SOBERANO,301. ANGELICA ORLANDA SILVA CATALAN,FREVS,1.0,False
1685617,PLACILLA,PLACILLA,GIMNASIO MUNICIPAL,11V,M.CHILE DIGNO VERDE Y SOBERANO,302. MARIA PATRICIA SALINAS ROMERO,IND,5.0,False
1685618,PLACILLA,PLACILLA,GIMNASIO MUNICIPAL,11V,XK.CHILE VAMOS RENOVACION NACIONAL - INDEPENDIENTES,303. CESAR ANTONIO LOPEZ CEPEDA,RN,6.0,False
1685619,PLACILLA,PLACILLA,GIMNASIO MUNICIPAL,11V,XK.CHILE VAMOS RENOVACION NACIONAL - INDEPENDIENTES,304. IVO MAX KEOMAR CARO ORELLANA,IND,2.0,False
1685620,PLACILLA,PLACILLA,GIMNASIO MUNICIPAL,11V,XK.CHILE VAMOS RENOVACION NACIONAL - INDEPENDIENTES,305. DANIELA PAZ DIAZ ARIAS,IND,13.0,True
1685621,PLACILLA,PLACILLA,GIMNASIO MUNICIPAL,11V,XK.CHILE VAMOS RENOVACION NACIONAL - INDEPENDIENTES,306. BELEN ZUÑIGA JARA,IND,0.0,False
1685622,PLACILLA,PLACILLA,GIMNASIO MUNICIPAL,11V,XU.UNIDOS POR LA DIGNIDAD,307. PAULA ALEJANDRA BUSTAMANTE PINTO,PDC,7.0,False
1685623,PLACILLA,PLACILLA,GIMNASIO MUNICIPAL,11V,XU.UNIDOS POR LA DIGNIDAD,308. MARCELO  GONZALEZ FARIAS,PDC,13.0,True
1685624,PLACILLA,PLACILLA,GIMNASIO MUNICIPAL,11V,XU.UNIDOS POR LA DIGNIDAD,309. ARMANDO ENRIQUE REBOLLEDO BECERRA,IND,17.0,True
1685625,PLACILLA,PLACILLA,GIMNASIO MUNICIPAL,11V,XU.UNIDOS POR LA DIGNIDAD,310. JORGE AUGUSTO CABELLO GAETE,IND,8.0,False
1685626,PLACILLA,PLACILLA,GIMNASIO MUNICIPAL,11V,XU.UNIDOS POR LA DIGNIDAD,311. BASTIAN GIOVANNI PALOMINOS DINAMARCA,IND,18.0,True
1685627,PLACILLA,PLACILLA,GIMNASIO MUNICIPAL,11V,YM.CHILE VAMOS - PRI E INDEPENDIENTES,312. LUIS MARIANO NAVARRO VIDAL,IND,7.0,False
1685628,PLACILLA,PLACILLA,GIMNASIO MUNICIPAL,11V,YM.CHILE VAMOS - PRI E INDEPENDIENTES,313. ANGELICA LORETO LATORRE GONZALEZ,IND,10.0,False
1685629,PLACILLA,PLACILLA,GIMNASIO MUNICIPAL,11V,YM.CHILE VAMOS - PRI E INDEPENDIENTES,314. JOVANA CRISTINA MORALES BURDILES,IND,5.0,False
1685630,PLACILLA,PLACILLA,GIMNASIO MUNICIPAL,11V,YW.UNIDAD POR EL APRUEBO PS PPD E INDEPENDIENTES,315. ENRIQUE DIAZ QUIROZ,PPD,0.0,False
1685631,PLACILLA,PLACILLA,GIMNASIO MUNICIPAL,11V,YW.UNIDAD POR EL APRUEBO PS PPD E INDEPENDIENTES,316. HERNAN SANTA MARIA GONZALEZ,PS,25.0,True
1685632,PLACILLA,PLACILLA,GIMNASIO MUNICIPAL,11V,YW.UNIDAD POR EL APRUEBO PS PPD E INDEPENDIENTES,317. GERVASIO  GALAZ MUÑOZ,IND,5.0,False
1685633,PLACILLA,PLACILLA,GIMNASIO MUNICIPAL,11V,ZJ.CHILE VAMOS UDI - INDEPENDIENTES,318. JUAN EDUARDO RAMIREZ GALLARDO,UDI,10.0,False
1685634,PLACILLA,PLACILLA,GIMNASIO MUNICIPAL,11V,ZJ.CHILE VAMOS UDI - INDEPENDIENTES,319. CARLOS ALBERTO PABLO NUÑEZ FRITZ,UDI,1.0,False
1685635,PLACILLA,PLACILLA,GIMNASIO MUNICIPAL,11V,ZJ.CHILE VAMOS UDI - INDEPENDIENTES,320. VANESSA YESENIA CABELLO PARADA,IND,0.0,False
1685636,PLACILLA,PLACILLA,GIMNASIO MUNICIPAL,11V,ZJ.CHILE VAMOS UDI - INDEPENDIENTES,321. LUIS GERARDO MUÑOZ BECERRA,IND,0.0,False
1685637,PLACILLA,PLACILLA,GIMNASIO MUNICIPAL,11V,ZU.RADICALES E INDEPENDIENTES,322. JOHANNA RAQUEL TREJOS SILVA,IND,5.0,True
1685638,PLACILLA,PLACILLA,GIMNASIO MUNICIPAL,11V,ZU.RADICALES E INDEPENDIENTES,323. LAURA INES PONCE DONOSO,IND,3.0,False
1685639,PLACILLA,PLACILLA,GIMNASIO MUNICIPAL,11V,ZU.RADICALES E INDEPENDIENTES,324. ITALO ANDRES DIAZ URIBE,IND,4.0,False
1685640,PLACILLA,PLACILLA,GIMNASIO MUNICIPAL,11V,ZU.RADICALES E INDEPENDIENTES,325. DAVID HERNAN VERGARA ESPINA,IND,3.0,False
1685641,PLACILLA,PLACILLA,GIMNASIO MUNICIPAL,11V,ZU.RADICALES E INDEPENDIENTES,326. XIMENA MARGARITA DIAZ CABELLO,IND,2.0,False
1685642,PLACILLA,PLACILLA,GIMNASIO MUNICIPAL,11V,ZU.RADICALES E INDEPENDIENTES,327. SERGIO GUIDO FERRADA GOMEZ,IND,5.0,False
1685643,PLACILLA,PLACILLA,GIMNASIO MUNICIPAL,12V,M.CHILE DIGNO VERDE Y SOBERANO,300. JORGE RICARDO MARTINEZ BOLVARAN,FREVS,1.0,False
1685644,PLACILLA,PLACILLA,GIMNASIO MUNICIPAL,12V,M.CHILE DIGNO VERDE Y SOBERANO,301. ANGELICA ORLANDA SILVA CATALAN,FREVS,1.0,False
1685645,PLACILLA,PLACILLA,GIMNASIO MUNICIPAL,12V,M.CHILE DIGNO VERDE Y SOBERANO,302. MARIA PATRICIA SALINAS ROMERO,IND,6.0,False
1685646,PLACILLA,PLACILLA,GIMNASIO MUNICIPAL,12V,XK.CHILE VAMOS RENOVACION NACIONAL - INDEPENDIENTES,303. CESAR ANTONIO LOPEZ CEPEDA,RN,4.0,False
1685647,PLACILLA,PLACILLA,GIMNASIO MUNICIPAL,12V,XK.CHILE VAMOS RENOVACION NACIONAL - INDEPENDIENTES,304. IVO MAX KEOMAR CARO ORELLANA,IND,1.0,False
1685648,PLACILLA,PLACILLA,GIMNASIO MUNICIPAL,12V,XK.CHILE VAMOS RENOVACION NACIONAL - INDEPENDIENTES,305. DANIELA PAZ DIAZ ARIAS,IND,13.0,True
1685649,PLACILLA,PLACILLA,GIMNASIO MUNICIPAL,12V,XK.CHILE VAMOS RENOVACION NACIONAL - INDEPENDIENTES,306. BELEN ZUÑIGA JARA,IND,0.0,False
1685650,PLACILLA,PLACILLA,GIMNASIO MUNICIPAL,12V,XU.UNIDOS POR LA DIGNIDAD,307. PAULA ALEJANDRA BUSTAMANTE PINTO,PDC,7.0,False
1685651,PLACILLA,PLACILLA,GIMNASIO MUNICIPAL,12V,XU.UNIDOS POR LA DIGNIDAD,308. MARCELO  GONZALEZ FARIAS,PDC,14.0,True
1685652,PLACILLA,PLACILLA,GIMNASIO MUNICIPAL,12V,XU.UNIDOS POR LA DIGNIDAD,309. ARMANDO ENRIQUE REBOLLEDO BECERRA,IND,12.0,True
1685653,PLACILLA,PLACILLA,GIMNASIO MUNICIPAL,12V,XU.UNIDOS POR LA DIGNIDAD,310. JORGE AUGUSTO CABELLO GAETE,IND,4.0,False
1685654,PLACILLA,PLACILLA,GIMNASIO MUNICIPAL,12V,XU.UNIDOS POR LA DIGNIDAD,311. BASTIAN GIOVANNI PALOMINOS DINAMARCA,IND,19.0,True
1685655,PLACILLA,PLACILLA,GIMNASIO MUNICIPAL,12V,YM.CHILE VAMOS - PRI E INDEPENDIENTES,312. LUIS MARIANO NAVARRO VIDAL,IND,9.0,False
1685656,PLACILLA,PLACILLA,GIMNASIO MUNICIPAL,12V,YM.CHILE VAMOS - PRI E INDEPENDIENTES,313. ANGELICA LORETO LATORRE GONZALEZ,IND,9.0,False
1685657,PLACILLA,PLACILLA,GIMNASIO MUNICIPAL,12V,YM.CHILE VAMOS - PRI E INDEPENDIENTES,314. JOVANA CRISTINA MORALES BURDILES,IND,1.0,False
1685658,PLACILLA,PLACILLA,GIMNASIO MUNICIPAL,12V,YW.UNIDAD POR EL APRUEBO PS PPD E INDEPENDIENTES,315. ENRIQUE DIAZ QUIROZ,PPD,8.0,False
1685659,PLACILLA,PLACILLA,GIMNASIO MUNICIPAL,12V,YW.UNIDAD POR EL APRUEBO PS PPD E INDEPENDIENTES,316. HERNAN SANTA MARIA GONZALEZ,PS,16.0,True
1685660,PLACILLA,PLACILLA,GIMNASIO MUNICIPAL,12V,YW.UNIDAD POR EL APRUEBO PS PPD E INDEPENDIENTES,317. GERVASIO  GALAZ MUÑOZ,IND,7.0,False
1685661,PLACILLA,PLACILLA,GIMNASIO MUNICIPAL,12V,ZJ.CHILE VAMOS UDI - INDEPENDIENTES,318. JUAN EDUARDO RAMIREZ GALLARDO,UDI,8.0,False
1685662,PLACILLA,PLACILLA,GIMNASIO MUNICIPAL,12V,ZJ.CHILE VAMOS UDI - INDEPENDIENTES,319. CARLOS ALBERTO PABLO NUÑEZ FRITZ,UDI,2.0,False
1685663,PLACILLA,PLACILLA,GIMNASIO MUNICIPAL,12V,ZJ.CHILE VAMOS UDI - INDEPENDIENTES,320. VANESSA YESENIA CABELLO PARADA,IND,2.0,False
1685664,PLACILLA,PLACILLA,GIMNASIO MUNICIPAL,12V,ZJ.CHILE VAMOS UDI - INDEPENDIENTES,321. LUIS GERARDO MUÑOZ BECERRA,IND,1.0,False
1685665,PLACILLA,PLACILLA,GIMNASIO MUNICIPAL,12V,ZU.RADICALES E INDEPENDIENTES,322. JOHANNA RAQUEL TREJOS SILVA,IND,13.0,True
1685666,PLACILLA,PLACILLA,GIMNASIO MUNICIPAL,12V,ZU.RADICALES E INDEPENDIENTES,323. LAURA INES PONCE DONOSO,IND,1.0,False
1685667,PLACILLA,PLACILLA,GIMNASIO MUNICIPAL,12V,ZU.RADICALES E INDEPENDIENTES,324. ITALO ANDRES DIAZ URIBE,IND,0.0,False
1685668,PLACILLA,PLACILLA,GIMNASIO MUNICIPAL,12V,ZU.RADICALES E INDEPENDIENTES,325. DAVID HERNAN VERGARA ESPINA,IND,1.0,False
1685669,PLACILLA,PLACILLA,GIMNASIO MUNICIPAL,12V,ZU.RADICALES E INDEPENDIENTES,326. XIMENA MARGARITA DIAZ CABELLO,IND,3.0,False
1685670,PLACILLA,PLACILLA,GIMNASIO MUNICIPAL,12V,ZU.RADICALES E INDEPENDIENTES,327. SERGIO GUIDO FERRADA GOMEZ,IND,3.0,False
1685671,PLACILLA,PLACILLA,GIMNASIO MUNICIPAL,13V,M.CHILE DIGNO VERDE Y SOBERANO,300. JORGE RICARDO MARTINEZ BOLVARAN,FREVS,3.0,False
1685672,PLACILLA,PLACILLA,GIMNASIO MUNICIPAL,13V,M.CHILE DIGNO VERDE Y SOBERANO,301. ANGELICA ORLANDA SILVA CATALAN,FREVS,1.0,False
1685673,PLACILLA,PLACILLA,GIMNASIO MUNICIPAL,13V,M.CHILE DIGNO VERDE Y SOBERANO,302. MARIA PATRICIA SALINAS ROMERO,IND,4.0,False
1685674,PLACILLA,PLACILLA,GIMNASIO MUNICIPAL,13V,XK.CHILE VAMOS RENOVACION NACIONAL - INDEPENDIENTES,303. CESAR ANTONIO LOPEZ CEPEDA,RN,1.0,False
1685675,PLACILLA,PLACILLA,GIMNASIO MUNICIPAL,13V,XK.CHILE VAMOS RENOVACION NACIONAL - INDEPENDIENTES,304. IVO MAX KEOMAR CARO ORELLANA,IND,6.0,False
1685676,PLACILLA,PLACILLA,GIMNASIO MUNICIPAL,13V,XK.CHILE VAMOS RENOVACION NACIONAL - INDEPENDIENTES,305. DANIELA PAZ DIAZ ARIAS,IND,12.0,True
1685677,PLACILLA,PLACILLA,GIMNASIO MUNICIPAL,13V,XK.CHILE VAMOS RENOVACION NACIONAL - INDEPENDIENTES,306. BELEN ZUÑIGA JARA,IND,1.0,False
1685678,PLACILLA,PLACILLA,GIMNASIO MUNICIPAL,13V,XU.UNIDOS POR LA DIGNIDAD,307. PAULA ALEJANDRA BUSTAMANTE PINTO,PDC,6.0,False
1685679,PLACILLA,PLACILLA,GIMNASIO MUNICIPAL,13V,XU.UNIDOS POR LA DIGNIDAD,308. MARCELO  GONZALEZ FARIAS,PDC,17.0,True
1685680,PLACILLA,PLACILLA,GIMNASIO MUNICIPAL,13V,XU.UNIDOS POR LA DIGNIDAD,309. ARMANDO ENRIQUE REBOLLEDO BECERRA,IND,16.0,True
1685681,PLACILLA,PLACILLA,GIMNASIO MUNICIPAL,13V,XU.UNIDOS POR LA DIGNIDAD,310. JORGE AUGUSTO CABELLO GAETE,IND,2.0,False
1685682,PLACILLA,PLACILLA,GIMNASIO MUNICIPAL,13V,XU.UNIDOS POR LA DIGNIDAD,311. BASTIAN GIOVANNI PALOMINOS DINAMARCA,IND,15.0,True
1685683,PLACILLA,PLACILLA,GIMNASIO MUNICIPAL,13V,YM.CHILE VAMOS - PRI E INDEPENDIENTES,312. LUIS MARIANO NAVARRO VIDAL,IND,1.0,False
1685684,PLACILLA,PLACILLA,GIMNASIO MUNICIPAL,13V,YM.CHILE VAMOS - PRI E INDEPENDIENTES,313. ANGELICA LORETO LATORRE GONZALEZ,IND,7.0,False
1685685,PLACILLA,PLACILLA,GIMNASIO MUNICIPAL,13V,YM.CHILE VAMOS - PRI E INDEPENDIENTES,314. JOVANA CRISTINA MORALES BURDILES,IND,2.0,False
1685686,PLACILLA,PLACILLA,GIMNASIO MUNICIPAL,13V,YW.UNIDAD POR EL APRUEBO PS PPD E INDEPENDIENTES,315. ENRIQUE DIAZ QUIROZ,PPD,4.0,False
1685687,PLACILLA,PLACILLA,GIMNASIO MUNICIPAL,13V,YW.UNIDAD POR EL APRUEBO PS PPD E INDEPENDIENTES,316. HERNAN SANTA MARIA GONZALEZ,PS,21.0,True
1685688,PLACILLA,PLACILLA,GIMNASIO MUNICIPAL,13V,YW.UNIDAD POR EL APRUEBO PS PPD E INDEPENDIENTES,317. GERVASIO  GALAZ MUÑOZ,IND,15.0,False
1685689,PLACILLA,PLACILLA,GIMNASIO MUNICIPAL,13V,ZJ.CHILE VAMOS UDI - INDEPENDIENTES,318. JUAN EDUARDO RAMIREZ GALLARDO,UDI,11.0,False
1685690,PLACILLA,PLACILLA,GIMNASIO MUNICIPAL,13V,ZJ.CHILE VAMOS UDI - INDEPENDIENTES,319. CARLOS ALBERTO PABLO NUÑEZ FRITZ,UDI,0.0,False
1685691,PLACILLA,PLACILLA,GIMNASIO MUNICIPAL,13V,ZJ.CHILE VAMOS UDI - INDEPENDIENTES,320. VANESSA YESENIA CABELLO PARADA,IND,0.0,False
1685692,PLACILLA,PLACILLA,GIMNASIO MUNICIPAL,13V,ZJ.CHILE VAMOS UDI - INDEPENDIENTES,321. LUIS GERARDO MUÑOZ BECERRA,IND,0.0,False
1685693,PLACILLA,PLACILLA,GIMNASIO MUNICIPAL,13V,ZU.RADICALES E INDEPENDIENTES,322. JOHANNA RAQUEL TREJOS SILVA,IND,11.0,True
1685694,PLACILLA,PLACILLA,GIMNASIO MUNICIPAL,13V,ZU.RADICALES E INDEPENDIENTES,323. LAURA INES PONCE DONOSO,IND,2.0,False
1685695,PLACILLA,PLACILLA,GIMNASIO MUNICIPAL,13V,ZU.RADICALES E INDEPENDIENTES,324. ITALO ANDRES DIAZ URIBE,IND,4.0,False
1685696,PLACILLA,PLACILLA,GIMNASIO MUNICIPAL,13V,ZU.RADICALES E INDEPENDIENTES,325. DAVID HERNAN VERGARA ESPINA,IND,8.0,False
1685697,PLACILLA,PLACILLA,GIMNASIO MUNICIPAL,13V,ZU.RADICALES E INDEPENDIENTES,326. XIMENA MARGARITA DIAZ CABELLO,IND,0.0,False
1685698,PLACILLA,PLACILLA,GIMNASIO MUNICIPAL,13V,ZU.RADICALES E INDEPENDIENTES,327. SERGIO GUIDO FERRADA GOMEZ,IND,3.0,False
1685699,PLACILLA,PLACILLA,LICEO SAN FRANCISCO DE PLACILLA,1M,M.CHILE DIGNO VERDE Y SOBERANO,300. JORGE RICARDO MARTINEZ BOLVARAN,FREVS,5.0,False
1685700,PLACILLA,PLACILLA,LICEO SAN FRANCISCO DE PLACILLA,1M,M.CHILE DIGNO VERDE Y SOBERANO,301. ANGELICA ORLANDA SILVA CATALAN,FREVS,2.0,False
1685701,PLACILLA,PLACILLA,LICEO SAN FRANCISCO DE PLACILLA,1M,M.CHILE DIGNO VERDE Y SOBERANO,302. MARIA PATRICIA SALINAS ROMERO,IND,4.0,False
1685702,PLACILLA,PLACILLA,LICEO SAN FRANCISCO DE PLACILLA,1M,XK.CHILE VAMOS RENOVACION NACIONAL - INDEPENDIENTES,303. CESAR ANTONIO LOPEZ CEPEDA,RN,4.0,False
1685703,PLACILLA,PLACILLA,LICEO SAN FRANCISCO DE PLACILLA,1M,XK.CHILE VAMOS RENOVACION NACIONAL - INDEPENDIENTES,304. IVO MAX KEOMAR CARO ORELLANA,IND,2.0,False
1685704,PLACILLA,PLACILLA,LICEO SAN FRANCISCO DE PLACILLA,1M,XK.CHILE VAMOS RENOVACION NACIONAL - INDEPENDIENTES,305. DANIELA PAZ DIAZ ARIAS,IND,11.0,True
1685705,PLACILLA,PLACILLA,LICEO SAN FRANCISCO DE PLACILLA,1M,XK.CHILE VAMOS RENOVACION NACIONAL - INDEPENDIENTES,306. BELEN ZUÑIGA JARA,IND,0.0,False
1685706,PLACILLA,PLACILLA,LICEO SAN FRANCISCO DE PLACILLA,1M,XU.UNIDOS POR LA DIGNIDAD,307. PAULA ALEJANDRA BUSTAMANTE PINTO,PDC,7.0,False
1685707,PLACILLA,PLACILLA,LICEO SAN FRANCISCO DE PLACILLA,1M,XU.UNIDOS POR LA DIGNIDAD,308. MARCELO  GONZALEZ FARIAS,PDC,19.0,True
1685708,PLACILLA,PLACILLA,LICEO SAN FRANCISCO DE PLACILLA,1M,XU.UNIDOS POR LA DIGNIDAD,309. ARMANDO ENRIQUE REBOLLEDO BECERRA,IND,23.0,True
1685709,PLACILLA,PLACILLA,LICEO SAN FRANCISCO DE PLACILLA,1M,XU.UNIDOS POR LA DIGNIDAD,310. JORGE AUGUSTO CABELLO GAETE,IND,2.0,False
1685710,PLACILLA,PLACILLA,LICEO SAN FRANCISCO DE PLACILLA,1M,XU.UNIDOS POR LA DIGNIDAD,311. BASTIAN GIOVANNI PALOMINOS DINAMARCA,IND,21.0,True
1685711,PLACILLA,PLACILLA,LICEO SAN FRANCISCO DE PLACILLA,1M,YM.CHILE VAMOS - PRI E INDEPENDIENTES,312. LUIS MARIANO NAVARRO VIDAL,IND,6.0,False
1685712,PLACILLA,PLACILLA,LICEO SAN FRANCISCO DE PLACILLA,1M,YM.CHILE VAMOS - PRI E INDEPENDIENTES,313. ANGELICA LORETO LATORRE GONZALEZ,IND,8.0,False
1685713,PLACILLA,PLACILLA,LICEO SAN FRANCISCO DE PLACILLA,1M,YM.CHILE VAMOS - PRI E INDEPENDIENTES,314. JOVANA CRISTINA MORALES BURDILES,IND,1.0,False
1685714,PLACILLA,PLACILLA,LICEO SAN FRANCISCO DE PLACILLA,1M,YW.UNIDAD POR EL APRUEBO PS PPD E INDEPENDIENTES,315. ENRIQUE DIAZ QUIROZ,PPD,7.0,False
1685715,PLACILLA,PLACILLA,LICEO SAN FRANCISCO DE PLACILLA,1M,YW.UNIDAD POR EL APRUEBO PS PPD E INDEPENDIENTES,316. HERNAN SANTA MARIA GONZALEZ,PS,16.0,True
1685716,PLACILLA,PLACILLA,LICEO SAN FRANCISCO DE PLACILLA,1M,YW.UNIDAD POR EL APRUEBO PS PPD E INDEPENDIENTES,317. GERVASIO  GALAZ MUÑOZ,IND,7.0,False
1685717,PLACILLA,PLACILLA,LICEO SAN FRANCISCO DE PLACILLA,1M,ZJ.CHILE VAMOS UDI - INDEPENDIENTES,318. JUAN EDUARDO RAMIREZ GALLARDO,UDI,5.0,False
1685718,PLACILLA,PLACILLA,LICEO SAN FRANCISCO DE PLACILLA,1M,ZJ.CHILE VAMOS UDI - INDEPENDIENTES,319. CARLOS ALBERTO PABLO NUÑEZ FRITZ,UDI,0.0,False
1685719,PLACILLA,PLACILLA,LICEO SAN FRANCISCO DE PLACILLA,1M,ZJ.CHILE VAMOS UDI - INDEPENDIENTES,320. VANESSA YESENIA CABELLO PARADA,IND,0.0,False
1685720,PLACILLA,PLACILLA,LICEO SAN FRANCISCO DE PLACILLA,1M,ZJ.CHILE VAMOS UDI - INDEPENDIENTES,321. LUIS GERARDO MUÑOZ BECERRA,IND,1.0,False
1685721,PLACILLA,PLACILLA,LICEO SAN FRANCISCO DE PLACILLA,1M,ZU.RADICALES E INDEPENDIENTES,322. JOHANNA RAQUEL TREJOS SILVA,IND,4.0,True
1685722,PLACILLA,PLACILLA,LICEO SAN FRANCISCO DE PLACILLA,1M,ZU.RADICALES E INDEPENDIENTES,323. LAURA INES PONCE DONOSO,IND,6.0,False
1685723,PLACILLA,PLACILLA,LICEO SAN FRANCISCO DE PLACILLA,1M,ZU.RADICALES E INDEPENDIENTES,324. ITALO ANDRES DIAZ URIBE,IND,6.0,False
1685724,PLACILLA,PLACILLA,LICEO SAN FRANCISCO DE PLACILLA,1M,ZU.RADICALES E INDEPENDIENTES,325. DAVID HERNAN VERGARA ESPINA,IND,4.0,False
1685725,PLACILLA,PLACILLA,LICEO SAN FRANCISCO DE PLACILLA,1M,ZU.RADICALES E INDEPENDIENTES,326. XIMENA MARGARITA DIAZ CABELLO,IND,0.0,False
1685726,PLACILLA,PLACILLA,LICEO SAN FRANCISCO DE PLACILLA,1M,ZU.RADICALES E INDEPENDIENTES,327. SERGIO GUIDO FERRADA GOMEZ,IND,3.0,False
1685727,PLACILLA,PLACILLA,LICEO SAN FRANCISCO DE PLACILLA,2M,M.CHILE DIGNO VERDE Y SOBERANO,300. JORGE RICARDO MARTINEZ BOLVARAN,FREVS,7.0,False
1685728,PLACILLA,PLACILLA,LICEO SAN FRANCISCO DE PLACILLA,2M,M.CHILE DIGNO VERDE Y SOBERANO,301. ANGELICA ORLANDA SILVA CATALAN,FREVS,4.0,False
1685729,PLACILLA,PLACILLA,LICEO SAN FRANCISCO DE PLACILLA,2M,M.CHILE DIGNO VERDE Y SOBERANO,302. MARIA PATRICIA SALINAS ROMERO,IND,4.0,False
1685730,PLACILLA,PLACILLA,LICEO SAN FRANCISCO DE PLACILLA,2M,XK.CHILE VAMOS RENOVACION NACIONAL - INDEPENDIENTES,303. CESAR ANTONIO LOPEZ CEPEDA,RN,0.0,False
1685731,PLACILLA,PLACILLA,LICEO SAN FRANCISCO DE PLACILLA,2M,XK.CHILE VAMOS RENOVACION NACIONAL - INDEPENDIENTES,304. IVO MAX KEOMAR CARO ORELLANA,IND,1.0,False
1685732,PLACILLA,PLACILLA,LICEO SAN FRANCISCO DE PLACILLA,2M,XK.CHILE VAMOS RENOVACION NACIONAL - INDEPENDIENTES,305. DANIELA PAZ DIAZ ARIAS,IND,15.0,True
1685733,PLACILLA,PLACILLA,LICEO SAN FRANCISCO DE PLACILLA,2M,XK.CHILE VAMOS RENOVACION NACIONAL - INDEPENDIENTES,306. BELEN ZUÑIGA JARA,IND,0.0,False
1685734,PLACILLA,PLACILLA,LICEO SAN FRANCISCO DE PLACILLA,2M,XU.UNIDOS POR LA DIGNIDAD,307. PAULA ALEJANDRA BUSTAMANTE PINTO,PDC,2.0,False
1685735,PLACILLA,PLACILLA,LICEO SAN FRANCISCO DE PLACILLA,2M,XU.UNIDOS POR LA DIGNIDAD,308. MARCELO  GONZALEZ FARIAS,PDC,13.0,True
1685736,PLACILLA,PLACILLA,LICEO SAN FRANCISCO DE PLACILLA,2M,XU.UNIDOS POR LA DIGNIDAD,309. ARMANDO ENRIQUE REBOLLEDO BECERRA,IND,19.0,True
1685737,PLACILLA,PLACILLA,LICEO SAN FRANCISCO DE PLACILLA,2M,XU.UNIDOS POR LA DIGNIDAD,310. JORGE AUGUSTO CABELLO GAETE,IND,2.0,False
1685738,PLACILLA,PLACILLA,LICEO SAN FRANCISCO DE PLACILLA,2M,XU.UNIDOS POR LA DIGNIDAD,311. BASTIAN GIOVANNI PALOMINOS DINAMARCA,IND,20.0,True
1685739,PLACILLA,PLACILLA,LICEO SAN FRANCISCO DE PLACILLA,2M,YM.CHILE VAMOS - PRI E INDEPENDIENTES,312. LUIS MARIANO NAVARRO VIDAL,IND,9.0,False
1685740,PLACILLA,PLACILLA,LICEO SAN FRANCISCO DE PLACILLA,2M,YM.CHILE VAMOS - PRI E INDEPENDIENTES,313. ANGELICA LORETO LATORRE GONZALEZ,IND,6.0,False
1685741,PLACILLA,PLACILLA,LICEO SAN FRANCISCO DE PLACILLA,2M,YM.CHILE VAMOS - PRI E INDEPENDIENTES,314. JOVANA CRISTINA MORALES BURDILES,IND,1.0,False
1685742,PLACILLA,PLACILLA,LICEO SAN FRANCISCO DE PLACILLA,2M,YW.UNIDAD POR EL APRUEBO PS PPD E INDEPENDIENTES,315. ENRIQUE DIAZ QUIROZ,PPD,3.0,False
1685743,PLACILLA,PLACILLA,LICEO SAN FRANCISCO DE PLACILLA,2M,YW.UNIDAD POR EL APRUEBO PS PPD E INDEPENDIENTES,316. HERNAN SANTA MARIA GONZALEZ,PS,10.0,True
1685744,PLACILLA,PLACILLA,LICEO SAN FRANCISCO DE PLACILLA,2M,YW.UNIDAD POR EL APRUEBO PS PPD E INDEPENDIENTES,317. GERVASIO  GALAZ MUÑOZ,IND,8.0,False
1685745,PLACILLA,PLACILLA,LICEO SAN FRANCISCO DE PLACILLA,2M,ZJ.CHILE VAMOS UDI - INDEPENDIENTES,318. JUAN EDUARDO RAMIREZ GALLARDO,UDI,6.0,False
1685746,PLACILLA,PLACILLA,LICEO SAN FRANCISCO DE PLACILLA,2M,ZJ.CHILE VAMOS UDI - INDEPENDIENTES,319. CARLOS ALBERTO PABLO NUÑEZ FRITZ,UDI,2.0,False
1685747,PLACILLA,PLACILLA,LICEO SAN FRANCISCO DE PLACILLA,2M,ZJ.CHILE VAMOS UDI - INDEPENDIENTES,320. VANESSA YESENIA CABELLO PARADA,IND,0.0,False
1685748,PLACILLA,PLACILLA,LICEO SAN FRANCISCO DE PLACILLA,2M,ZJ.CHILE VAMOS UDI - INDEPENDIENTES,321. LUIS GERARDO MUÑOZ BECERRA,IND,1.0,False
1685749,PLACILLA,PLACILLA,LICEO SAN FRANCISCO DE PLACILLA,2M,ZU.RADICALES E INDEPENDIENTES,322. JOHANNA RAQUEL TREJOS SILVA,IND,6.0,True
1685750,PLACILLA,PLACILLA,LICEO SAN FRANCISCO DE PLACILLA,2M,ZU.RADICALES E INDEPENDIENTES,323. LAURA INES PONCE DONOSO,IND,6.0,False
1685751,PLACILLA,PLACILLA,LICEO SAN FRANCISCO DE PLACILLA,2M,ZU.RADICALES E INDEPENDIENTES,324. ITALO ANDRES DIAZ URIBE,IND,2.0,False
1685752,PLACILLA,PLACILLA,LICEO SAN FRANCISCO DE PLACILLA,2M,ZU.RADICALES E INDEPENDIENTES,325. DAVID HERNAN VERGARA ESPINA,IND,8.0,False
1685753,PLACILLA,PLACILLA,LICEO SAN FRANCISCO DE PLACILLA,2M,ZU.RADICALES E INDEPENDIENTES,326. XIMENA MARGARITA DIAZ CABELLO,IND,2.0,False
1685754,PLACILLA,PLACILLA,LICEO SAN FRANCISCO DE PLACILLA,2M,ZU.RADICALES E INDEPENDIENTES,327. SERGIO GUIDO FERRADA GOMEZ,IND,8.0,False
1685755,PLACILLA,PLACILLA,LICEO SAN FRANCISCO DE PLACILLA,3M,M.CHILE DIGNO VERDE Y SOBERANO,300. JORGE RICARDO MARTINEZ BOLVARAN,FREVS,6.0,False
1685756,PLACILLA,PLACILLA,LICEO SAN FRANCISCO DE PLACILLA,3M,M.CHILE DIGNO VERDE Y SOBERANO,301. ANGELICA ORLANDA SILVA CATALAN,FREVS,0.0,False
1685757,PLACILLA,PLACILLA,LICEO SAN FRANCISCO DE PLACILLA,3M,M.CHILE DIGNO VERDE Y SOBERANO,302. MARIA PATRICIA SALINAS ROMERO,IND,5.0,False
1685758,PLACILLA,PLACILLA,LICEO SAN FRANCISCO DE PLACILLA,3M,XK.CHILE VAMOS RENOVACION NACIONAL - INDEPENDIENTES,303. CESAR ANTONIO LOPEZ CEPEDA,RN,1.0,False
1685759,PLACILLA,PLACILLA,LICEO SAN FRANCISCO DE PLACILLA,3M,XK.CHILE VAMOS RENOVACION NACIONAL - INDEPENDIENTES,304. IVO MAX KEOMAR CARO ORELLANA,IND,0.0,False
1685760,PLACILLA,PLACILLA,LICEO SAN FRANCISCO DE PLACILLA,3M,XK.CHILE VAMOS RENOVACION NACIONAL - INDEPENDIENTES,305. DANIELA PAZ DIAZ ARIAS,IND,10.0,True
1685761,PLACILLA,PLACILLA,LICEO SAN FRANCISCO DE PLACILLA,3M,XK.CHILE VAMOS RENOVACION NACIONAL - INDEPENDIENTES,306. BELEN ZUÑIGA JARA,IND,0.0,False
1685762,PLACILLA,PLACILLA,LICEO SAN FRANCISCO DE PLACILLA,3M,XU.UNIDOS POR LA DIGNIDAD,307. PAULA ALEJANDRA BUSTAMANTE PINTO,PDC,7.0,False
1685763,PLACILLA,PLACILLA,LICEO SAN FRANCISCO DE PLACILLA,3M,XU.UNIDOS POR LA DIGNIDAD,308. MARCELO  GONZALEZ FARIAS,PDC,16.0,True
1685764,PLACILLA,PLACILLA,LICEO SAN FRANCISCO DE PLACILLA,3M,XU.UNIDOS POR LA DIGNIDAD,309. ARMANDO ENRIQUE REBOLLEDO BECERRA,IND,16.0,True
1685765,PLACILLA,PLACILLA,LICEO SAN FRANCISCO DE PLACILLA,3M,XU.UNIDOS POR LA DIGNIDAD,310. JORGE AUGUSTO CABELLO GAETE,IND,10.0,False
1685766,PLACILLA,PLACILLA,LICEO SAN FRANCISCO DE PLACILLA,3M,XU.UNIDOS POR LA DIGNIDAD,311. BASTIAN GIOVANNI PALOMINOS DINAMARCA,IND,17.0,True
1685767,PLACILLA,PLACILLA,LICEO SAN FRANCISCO DE PLACILLA,3M,YM.CHILE VAMOS - PRI E INDEPENDIENTES,312. LUIS MARIANO NAVARRO VIDAL,IND,4.0,False
1685768,PLACILLA,PLACILLA,LICEO SAN FRANCISCO DE PLACILLA,3M,YM.CHILE VAMOS - PRI E INDEPENDIENTES,313. ANGELICA LORETO LATORRE GONZALEZ,IND,8.0,False
1685769,PLACILLA,PLACILLA,LICEO SAN FRANCISCO DE PLACILLA,3M,YM.CHILE VAMOS - PRI E INDEPENDIENTES,314. JOVANA CRISTINA MORALES BURDILES,IND,1.0,False
1685770,PLACILLA,PLACILLA,LICEO SAN FRANCISCO DE PLACILLA,3M,YW.UNIDAD POR EL APRUEBO PS PPD E INDEPENDIENTES,315. ENRIQUE DIAZ QUIROZ,PPD,6.0,False
1685771,PLACILLA,PLACILLA,LICEO SAN FRANCISCO DE PLACILLA,3M,YW.UNIDAD POR EL APRUEBO PS PPD E INDEPENDIENTES,316. HERNAN SANTA MARIA GONZALEZ,PS,23.0,True
1685772,PLACILLA,PLACILLA,LICEO SAN FRANCISCO DE PLACILLA,3M,YW.UNIDAD POR EL APRUEBO PS PPD E INDEPENDIENTES,317. GERVASIO  GALAZ MUÑOZ,IND,3.0,False
1685773,PLACILLA,PLACILLA,LICEO SAN FRANCISCO DE PLACILLA,3M,ZJ.CHILE VAMOS UDI - INDEPENDIENTES,318. JUAN EDUARDO RAMIREZ GALLARDO,UDI,8.0,False
1685774,PLACILLA,PLACILLA,LICEO SAN FRANCISCO DE PLACILLA,3M,ZJ.CHILE VAMOS UDI - INDEPENDIENTES,319. CARLOS ALBERTO PABLO NUÑEZ FRITZ,UDI,2.0,False
1685775,PLACILLA,PLACILLA,LICEO SAN FRANCISCO DE PLACILLA,3M,ZJ.CHILE VAMOS UDI - INDEPENDIENTES,320. VANESSA YESENIA CABELLO PARADA,IND,0.0,False
1685776,PLACILLA,PLACILLA,LICEO SAN FRANCISCO DE PLACILLA,3M,ZJ.CHILE VAMOS UDI - INDEPENDIENTES,321. LUIS GERARDO MUÑOZ BECERRA,IND,0.0,False
1685777,PLACILLA,PLACILLA,LICEO SAN FRANCISCO DE PLACILLA,3M,ZU.RADICALES E INDEPENDIENTES,322. JOHANNA RAQUEL TREJOS SILVA,IND,9.0,True
1685778,PLACILLA,PLACILLA,LICEO SAN FRANCISCO DE PLACILLA,3M,ZU.RADICALES E INDEPENDIENTES,323. LAURA INES PONCE DONOSO,IND,5.0,False
1685779,PLACILLA,PLACILLA,LICEO SAN FRANCISCO DE PLACILLA,3M,ZU.RADICALES E INDEPENDIENTES,324. ITALO ANDRES DIAZ URIBE,IND,6.0,False
1685780,PLACILLA,PLACILLA,LICEO SAN FRANCISCO DE PLACILLA,3M,ZU.RADICALES E INDEPENDIENTES,325. DAVID HERNAN VERGARA ESPINA,IND,7.0,False
1685781,PLACILLA,PLACILLA,LICEO SAN FRANCISCO DE PLACILLA,3M,ZU.RADICALES E INDEPENDIENTES,326. XIMENA MARGARITA DIAZ CABELLO,IND,5.0,False
1685782,PLACILLA,PLACILLA,LICEO SAN FRANCISCO DE PLACILLA,3M,ZU.RADICALES E INDEPENDIENTES,327. SERGIO GUIDO FERRADA GOMEZ,IND,5.0,False
1685783,PLACILLA,PLACILLA,LICEO SAN FRANCISCO DE PLACILLA,4M,M.CHILE DIGNO VERDE Y SOBERANO,300. JORGE RICARDO MARTINEZ BOLVARAN,FREVS,7.0,False
1685784,PLACILLA,PLACILLA,LICEO SAN FRANCISCO DE PLACILLA,4M,M.CHILE DIGNO VERDE Y SOBERANO,301. ANGELICA ORLANDA SILVA CATALAN,FREVS,0.0,False
1685785,PLACILLA,PLACILLA,LICEO SAN FRANCISCO DE PLACILLA,4M,M.CHILE DIGNO VERDE Y SOBERANO,302. MARIA PATRICIA SALINAS ROMERO,IND,1.0,False
1685786,PLACILLA,PLACILLA,LICEO SAN FRANCISCO DE PLACILLA,4M,XK.CHILE VAMOS RENOVACION NACIONAL - INDEPENDIENTES,303. CESAR ANTONIO LOPEZ CEPEDA,RN,1.0,False
1685787,PLACILLA,PLACILLA,LICEO SAN FRANCISCO DE PLACILLA,4M,XK.CHILE VAMOS RENOVACION NACIONAL - INDEPENDIENTES,304. IVO MAX KEOMAR CARO ORELLANA,IND,1.0,False
1685788,PLACILLA,PLACILLA,LICEO SAN FRANCISCO DE PLACILLA,4M,XK.CHILE VAMOS RENOVACION NACIONAL - INDEPENDIENTES,305. DANIELA PAZ DIAZ ARIAS,IND,11.0,True
1685789,PLACILLA,PLACILLA,LICEO SAN FRANCISCO DE PLACILLA,4M,XK.CHILE VAMOS RENOVACION NACIONAL - INDEPENDIENTES,306. BELEN ZUÑIGA JARA,IND,2.0,False
1685790,PLACILLA,PLACILLA,LICEO SAN FRANCISCO DE PLACILLA,4M,XU.UNIDOS POR LA DIGNIDAD,307. PAULA ALEJANDRA BUSTAMANTE PINTO,PDC,10.0,False
1685791,PLACILLA,PLACILLA,LICEO SAN FRANCISCO DE PLACILLA,4M,XU.UNIDOS POR LA DIGNIDAD,308. MARCELO  GONZALEZ FARIAS,PDC,15.0,True
1685792,PLACILLA,PLACILLA,LICEO SAN FRANCISCO DE PLACILLA,4M,XU.UNIDOS POR LA DIGNIDAD,309. ARMANDO ENRIQUE REBOLLEDO BECERRA,IND,11.0,True
1685793,PLACILLA,PLACILLA,LICEO SAN FRANCISCO DE PLACILLA,4M,XU.UNIDOS POR LA DIGNIDAD,310. JORGE AUGUSTO CABELLO GAETE,IND,3.0,False
1685794,PLACILLA,PLACILLA,LICEO SAN FRANCISCO DE PLACILLA,4M,XU.UNIDOS POR LA DIGNIDAD,311. BASTIAN GIOVANNI PALOMINOS DINAMARCA,IND,23.0,True
1685795,PLACILLA,PLACILLA,LICEO SAN FRANCISCO DE PLACILLA,4M,YM.CHILE VAMOS - PRI E INDEPENDIENTES,312. LUIS MARIANO NAVARRO VIDAL,IND,6.0,False
1685796,PLACILLA,PLACILLA,LICEO SAN FRANCISCO DE PLACILLA,4M,YM.CHILE VAMOS - PRI E INDEPENDIENTES,313. ANGELICA LORETO LATORRE GONZALEZ,IND,14.0,False
1685797,PLACILLA,PLACILLA,LICEO SAN FRANCISCO DE PLACILLA,4M,YM.CHILE VAMOS - PRI E INDEPENDIENTES,314. JOVANA CRISTINA MORALES BURDILES,IND,1.0,False
1685798,PLACILLA,PLACILLA,LICEO SAN FRANCISCO DE PLACILLA,4M,YW.UNIDAD POR EL APRUEBO PS PPD E INDEPENDIENTES,315. ENRIQUE DIAZ QUIROZ,PPD,5.0,False
1685799,PLACILLA,PLACILLA,LICEO SAN FRANCISCO DE PLACILLA,4M,YW.UNIDAD POR EL APRUEBO PS PPD E INDEPENDIENTES,316. HERNAN SANTA MARIA GONZALEZ,PS,13.0,True
1685800,PLACILLA,PLACILLA,LICEO SAN FRANCISCO DE PLACILLA,4M,YW.UNIDAD POR EL APRUEBO PS PPD E INDEPENDIENTES,317. GERVASIO  GALAZ MUÑOZ,IND,7.0,False
1685801,PLACILLA,PLACILLA,LICEO SAN FRANCISCO DE PLACILLA,4M,ZJ.CHILE VAMOS UDI - INDEPENDIENTES,318. JUAN EDUARDO RAMIREZ GALLARDO,UDI,7.0,False
1685802,PLACILLA,PLACILLA,LICEO SAN FRANCISCO DE PLACILLA,4M,ZJ.CHILE VAMOS UDI - INDEPENDIENTES,319. CARLOS ALBERTO PABLO NUÑEZ FRITZ,UDI,1.0,False
1685803,PLACILLA,PLACILLA,LICEO SAN FRANCISCO DE PLACILLA,4M,ZJ.CHILE VAMOS UDI - INDEPENDIENTES,320. VANESSA YESENIA CABELLO PARADA,IND,0.0,False
1685804,PLACILLA,PLACILLA,LICEO SAN FRANCISCO DE PLACILLA,4M,ZJ.CHILE VAMOS UDI - INDEPENDIENTES,321. LUIS GERARDO MUÑOZ BECERRA,IND,0.0,False
1685805,PLACILLA,PLACILLA,LICEO SAN FRANCISCO DE PLACILLA,4M,ZU.RADICALES E INDEPENDIENTES,322. JOHANNA RAQUEL TREJOS SILVA,IND,5.0,True
1685806,PLACILLA,PLACILLA,LICEO SAN FRANCISCO DE PLACILLA,4M,ZU.RADICALES E INDEPENDIENTES,323. LAURA INES PONCE DONOSO,IND,7.0,False
1685807,PLACILLA,PLACILLA,LICEO SAN FRANCISCO DE PLACILLA,4M,ZU.RADICALES E INDEPENDIENTES,324. ITALO ANDRES DIAZ URIBE,IND,4.0,False
1685808,PLACILLA,PLACILLA,LICEO SAN FRANCISCO DE PLACILLA,4M,ZU.RADICALES E INDEPENDIENTES,325. DAVID HERNAN VERGARA ESPINA,IND,3.0,False
1685809,PLACILLA,PLACILLA,LICEO SAN FRANCISCO DE PLACILLA,4M,ZU.RADICALES E INDEPENDIENTES,326. XIMENA MARGARITA DIAZ CABELLO,IND,0.0,False
1685810,PLACILLA,PLACILLA,LICEO SAN FRANCISCO DE PLACILLA,4M,ZU.RADICALES E INDEPENDIENTES,327. SERGIO GUIDO FERRADA GOMEZ,IND,6.0,False
1685811,PLACILLA,PLACILLA,LICEO SAN FRANCISCO DE PLACILLA,5M,M.CHILE DIGNO VERDE Y SOBERANO,300. JORGE RICARDO MARTINEZ BOLVARAN,FREVS,4.0,False
1685812,PLACILLA,PLACILLA,LICEO SAN FRANCISCO DE PLACILLA,5M,M.CHILE DIGNO VERDE Y SOBERANO,301. ANGELICA ORLANDA SILVA CATALAN,FREVS,2.0,False
1685813,PLACILLA,PLACILLA,LICEO SAN FRANCISCO DE PLACILLA,5M,M.CHILE DIGNO VERDE Y SOBERANO,302. MARIA PATRICIA SALINAS ROMERO,IND,4.0,False
1685814,PLACILLA,PLACILLA,LICEO SAN FRANCISCO DE PLACILLA,5M,XK.CHILE VAMOS RENOVACION NACIONAL - INDEPENDIENTES,303. CESAR ANTONIO LOPEZ CEPEDA,RN,2.0,False
1685815,PLACILLA,PLACILLA,LICEO SAN FRANCISCO DE PLACILLA,5M,XK.CHILE VAMOS RENOVACION NACIONAL - INDEPENDIENTES,304. IVO MAX KEOMAR CARO ORELLANA,IND,2.0,False
1685816,PLACILLA,PLACILLA,LICEO SAN FRANCISCO DE PLACILLA,5M,XK.CHILE VAMOS RENOVACION NACIONAL - INDEPENDIENTES,305. DANIELA PAZ DIAZ ARIAS,IND,20.0,True
1685817,PLACILLA,PLACILLA,LICEO SAN FRANCISCO DE PLACILLA,5M,XK.CHILE VAMOS RENOVACION NACIONAL - INDEPENDIENTES,306. BELEN ZUÑIGA JARA,IND,1.0,False
1685818,PLACILLA,PLACILLA,LICEO SAN FRANCISCO DE PLACILLA,5M,XU.UNIDOS POR LA DIGNIDAD,307. PAULA ALEJANDRA BUSTAMANTE PINTO,PDC,4.0,False
1685819,PLACILLA,PLACILLA,LICEO SAN FRANCISCO DE PLACILLA,5M,XU.UNIDOS POR LA DIGNIDAD,308. MARCELO  GONZALEZ FARIAS,PDC,18.0,True
1685820,PLACILLA,PLACILLA,LICEO SAN FRANCISCO DE PLACILLA,5M,XU.UNIDOS POR LA DIGNIDAD,309. ARMANDO ENRIQUE REBOLLEDO BECERRA,IND,12.0,True
1685821,PLACILLA,PLACILLA,LICEO SAN FRANCISCO DE PLACILLA,5M,XU.UNIDOS POR LA DIGNIDAD,310. JORGE AUGUSTO CABELLO GAETE,IND,2.0,False
1685822,PLACILLA,PLACILLA,LICEO SAN FRANCISCO DE PLACILLA,5M,XU.UNIDOS POR LA DIGNIDAD,311. BASTIAN GIOVANNI PALOMINOS DINAMARCA,IND,18.0,True
1685823,PLACILLA,PLACILLA,LICEO SAN FRANCISCO DE PLACILLA,5M,YM.CHILE VAMOS - PRI E INDEPENDIENTES,312. LUIS MARIANO NAVARRO VIDAL,IND,5.0,False
1685824,PLACILLA,PLACILLA,LICEO SAN FRANCISCO DE PLACILLA,5M,YM.CHILE VAMOS - PRI E INDEPENDIENTES,313. ANGELICA LORETO LATORRE GONZALEZ,IND,5.0,False
1685825,PLACILLA,PLACILLA,LICEO SAN FRANCISCO DE PLACILLA,5M,YM.CHILE VAMOS - PRI E INDEPENDIENTES,314. JOVANA CRISTINA MORALES BURDILES,IND,2.0,False
1685826,PLACILLA,PLACILLA,LICEO SAN FRANCISCO DE PLACILLA,5M,YW.UNIDAD POR EL APRUEBO PS PPD E INDEPENDIENTES,315. ENRIQUE DIAZ QUIROZ,PPD,11.0,False
1685827,PLACILLA,PLACILLA,LICEO SAN FRANCISCO DE PLACILLA,5M,YW.UNIDAD POR EL APRUEBO PS PPD E INDEPENDIENTES,316. HERNAN SANTA MARIA GONZALEZ,PS,15.0,True
1685828,PLACILLA,PLACILLA,LICEO SAN FRANCISCO DE PLACILLA,5M,YW.UNIDAD POR EL APRUEBO PS PPD E INDEPENDIENTES,317. GERVASIO  GALAZ MUÑOZ,IND,7.0,False
1685829,PLACILLA,PLACILLA,LICEO SAN FRANCISCO DE PLACILLA,5M,ZJ.CHILE VAMOS UDI - INDEPENDIENTES,318. JUAN EDUARDO RAMIREZ GALLARDO,UDI,9.0,False
1685830,PLACILLA,PLACILLA,LICEO SAN FRANCISCO DE PLACILLA,5M,ZJ.CHILE VAMOS UDI - INDEPENDIENTES,319. CARLOS ALBERTO PABLO NUÑEZ FRITZ,UDI,2.0,False
1685831,PLACILLA,PLACILLA,LICEO SAN FRANCISCO DE PLACILLA,5M,ZJ.CHILE VAMOS UDI - INDEPENDIENTES,320. VANESSA YESENIA CABELLO PARADA,IND,0.0,False
1685832,PLACILLA,PLACILLA,LICEO SAN FRANCISCO DE PLACILLA,5M,ZJ.CHILE VAMOS UDI - INDEPENDIENTES,321. LUIS GERARDO MUÑOZ BECERRA,IND,1.0,False
1685833,PLACILLA,PLACILLA,LICEO SAN FRANCISCO DE PLACILLA,5M,ZU.RADICALES E INDEPENDIENTES,322. JOHANNA RAQUEL TREJOS SILVA,IND,11.0,True
1685834,PLACILLA,PLACILLA,LICEO SAN FRANCISCO DE PLACILLA,5M,ZU.RADICALES E INDEPENDIENTES,323. LAURA INES PONCE DONOSO,IND,3.0,False
1685835,PLACILLA,PLACILLA,LICEO SAN FRANCISCO DE PLACILLA,5M,ZU.RADICALES E INDEPENDIENTES,324. ITALO ANDRES DIAZ URIBE,IND,6.0,False
1685836,PLACILLA,PLACILLA,LICEO SAN FRANCISCO DE PLACILLA,5M,ZU.RADICALES E INDEPENDIENTES,325. DAVID HERNAN VERGARA ESPINA,IND,2.0,False
1685837,PLACILLA,PLACILLA,LICEO SAN FRANCISCO DE PLACILLA,5M,ZU.RADICALES E INDEPENDIENTES,326. XIMENA MARGARITA DIAZ CABELLO,IND,3.0,False
1685838,PLACILLA,PLACILLA,LICEO SAN FRANCISCO DE PLACILLA,5M,ZU.RADICALES E INDEPENDIENTES,327. SERGIO GUIDO FERRADA GOMEZ,IND,8.0,False
1685839,PLACILLA,PLACILLA,LICEO SAN FRANCISCO DE PLACILLA,6M,M.CHILE DIGNO VERDE Y SOBERANO,300. JORGE RICARDO MARTINEZ BOLVARAN,FREVS,3.0,False
1685840,PLACILLA,PLACILLA,LICEO SAN FRANCISCO DE PLACILLA,6M,M.CHILE DIGNO VERDE Y SOBERANO,301. ANGELICA ORLANDA SILVA CATALAN,FREVS,0.0,False
1685841,PLACILLA,PLACILLA,LICEO SAN FRANCISCO DE PLACILLA,6M,M.CHILE DIGNO VERDE Y SOBERANO,302. MARIA PATRICIA SALINAS ROMERO,IND,6.0,False
1685842,PLACILLA,PLACILLA,LICEO SAN FRANCISCO DE PLACILLA,6M,XK.CHILE VAMOS RENOVACION NACIONAL - INDEPENDIENTES,303. CESAR ANTONIO LOPEZ CEPEDA,RN,0.0,False
1685843,PLACILLA,PLACILLA,LICEO SAN FRANCISCO DE PLACILLA,6M,XK.CHILE VAMOS RENOVACION NACIONAL - INDEPENDIENTES,304. IVO MAX KEOMAR CARO ORELLANA,IND,1.0,False
1685844,PLACILLA,PLACILLA,LICEO SAN FRANCISCO DE PLACILLA,6M,XK.CHILE VAMOS RENOVACION NACIONAL - INDEPENDIENTES,305. DANIELA PAZ DIAZ ARIAS,IND,20.0,True
1685845,PLACILLA,PLACILLA,LICEO SAN FRANCISCO DE PLACILLA,6M,XK.CHILE VAMOS RENOVACION NACIONAL - INDEPENDIENTES,306. BELEN ZUÑIGA JARA,IND,2.0,False
1685846,PLACILLA,PLACILLA,LICEO SAN FRANCISCO DE PLACILLA,6M,XU.UNIDOS POR LA DIGNIDAD,307. PAULA ALEJANDRA BUSTAMANTE PINTO,PDC,7.0,False
1685847,PLACILLA,PLACILLA,LICEO SAN FRANCISCO DE PLACILLA,6M,XU.UNIDOS POR LA DIGNIDAD,308. MARCELO  GONZALEZ FARIAS,PDC,27.0,True
1685848,PLACILLA,PLACILLA,LICEO SAN FRANCISCO DE PLACILLA,6M,XU.UNIDOS POR LA DIGNIDAD,309. ARMANDO ENRIQUE REBOLLEDO BECERRA,IND,17.0,True
1685849,PLACILLA,PLACILLA,LICEO SAN FRANCISCO DE PLACILLA,6M,XU.UNIDOS POR LA DIGNIDAD,310. JORGE AUGUSTO CABELLO GAETE,IND,4.0,False
1685850,PLACILLA,PLACILLA,LICEO SAN FRANCISCO DE PLACILLA,6M,XU.UNIDOS POR LA DIGNIDAD,311. BASTIAN GIOVANNI PALOMINOS DINAMARCA,IND,12.0,True
1685851,PLACILLA,PLACILLA,LICEO SAN FRANCISCO DE PLACILLA,6M,YM.CHILE VAMOS - PRI E INDEPENDIENTES,312. LUIS MARIANO NAVARRO VIDAL,IND,5.0,False
1685852,PLACILLA,PLACILLA,LICEO SAN FRANCISCO DE PLACILLA,6M,YM.CHILE VAMOS - PRI E INDEPENDIENTES,313. ANGELICA LORETO LATORRE GONZALEZ,IND,9.0,False
1685853,PLACILLA,PLACILLA,LICEO SAN FRANCISCO DE PLACILLA,6M,YM.CHILE VAMOS - PRI E INDEPENDIENTES,314. JOVANA CRISTINA MORALES BURDILES,IND,0.0,False
1685854,PLACILLA,PLACILLA,LICEO SAN FRANCISCO DE PLACILLA,6M,YW.UNIDAD POR EL APRUEBO PS PPD E INDEPENDIENTES,315. ENRIQUE DIAZ QUIROZ,PPD,3.0,False
1685855,PLACILLA,PLACILLA,LICEO SAN FRANCISCO DE PLACILLA,6M,YW.UNIDAD POR EL APRUEBO PS PPD E INDEPENDIENTES,316. HERNAN SANTA MARIA GONZALEZ,PS,5.0,True
1685856,PLACILLA,PLACILLA,LICEO SAN FRANCISCO DE PLACILLA,6M,YW.UNIDAD POR EL APRUEBO PS PPD E INDEPENDIENTES,317. GERVASIO  GALAZ MUÑOZ,IND,8.0,False
1685857,PLACILLA,PLACILLA,LICEO SAN FRANCISCO DE PLACILLA,6M,ZJ.CHILE VAMOS UDI - INDEPENDIENTES,318. JUAN EDUARDO RAMIREZ GALLARDO,UDI,13.0,False
1685858,PLACILLA,PLACILLA,LICEO SAN FRANCISCO DE PLACILLA,6M,ZJ.CHILE VAMOS UDI - INDEPENDIENTES,319. CARLOS ALBERTO PABLO NUÑEZ FRITZ,UDI,1.0,False
1685859,PLACILLA,PLACILLA,LICEO SAN FRANCISCO DE PLACILLA,6M,ZJ.CHILE VAMOS UDI - INDEPENDIENTES,320. VANESSA YESENIA CABELLO PARADA,IND,1.0,False
1685860,PLACILLA,PLACILLA,LICEO SAN FRANCISCO DE PLACILLA,6M,ZJ.CHILE VAMOS UDI - INDEPENDIENTES,321. LUIS GERARDO MUÑOZ BECERRA,IND,0.0,False
1685861,PLACILLA,PLACILLA,LICEO SAN FRANCISCO DE PLACILLA,6M,ZU.RADICALES E INDEPENDIENTES,322. JOHANNA RAQUEL TREJOS SILVA,IND,12.0,True
1685862,PLACILLA,PLACILLA,LICEO SAN FRANCISCO DE PLACILLA,6M,ZU.RADICALES E INDEPENDIENTES,323. LAURA INES PONCE DONOSO,IND,5.0,False
1685863,PLACILLA,PLACILLA,LICEO SAN FRANCISCO DE PLACILLA,6M,ZU.RADICALES E INDEPENDIENTES,324. ITALO ANDRES DIAZ URIBE,IND,5.0,False
1685864,PLACILLA,PLACILLA,LICEO SAN FRANCISCO DE PLACILLA,6M,ZU.RADICALES E INDEPENDIENTES,325. DAVID HERNAN VERGARA ESPINA,IND,4.0,False
1685865,PLACILLA,PLACILLA,LICEO SAN FRANCISCO DE PLACILLA,6M,ZU.RADICALES E INDEPENDIENTES,326. XIMENA MARGARITA DIAZ CABELLO,IND,1.0,False
1685866,PLACILLA,PLACILLA,LICEO SAN FRANCISCO DE PLACILLA,6M,ZU.RADICALES E INDEPENDIENTES,327. SERGIO GUIDO FERRADA GOMEZ,IND,11.0,False
1685867,PLACILLA,PLACILLA,LICEO SAN FRANCISCO DE PLACILLA,7M,M.CHILE DIGNO VERDE Y SOBERANO,300. JORGE RICARDO MARTINEZ BOLVARAN,FREVS,4.0,False
1685868,PLACILLA,PLACILLA,LICEO SAN FRANCISCO DE PLACILLA,7M,M.CHILE DIGNO VERDE Y SOBERANO,301. ANGELICA ORLANDA SILVA CATALAN,FREVS,1.0,False
1685869,PLACILLA,PLACILLA,LICEO SAN FRANCISCO DE PLACILLA,7M,M.CHILE DIGNO VERDE Y SOBERANO,302. MARIA PATRICIA SALINAS ROMERO,IND,4.0,False
1685870,PLACILLA,PLACILLA,LICEO SAN FRANCISCO DE PLACILLA,7M,XK.CHILE VAMOS RENOVACION NACIONAL - INDEPENDIENTES,303. CESAR ANTONIO LOPEZ CEPEDA,RN,3.0,False
1685871,PLACILLA,PLACILLA,LICEO SAN FRANCISCO DE PLACILLA,7M,XK.CHILE VAMOS RENOVACION NACIONAL - INDEPENDIENTES,304. IVO MAX KEOMAR CARO ORELLANA,IND,3.0,False
1685872,PLACILLA,PLACILLA,LICEO SAN FRANCISCO DE PLACILLA,7M,XK.CHILE VAMOS RENOVACION NACIONAL - INDEPENDIENTES,305. DANIELA PAZ DIAZ ARIAS,IND,14.0,True
1685873,PLACILLA,PLACILLA,LICEO SAN FRANCISCO DE PLACILLA,7M,XK.CHILE VAMOS RENOVACION NACIONAL - INDEPENDIENTES,306. BELEN ZUÑIGA JARA,IND,0.0,False
1685874,PLACILLA,PLACILLA,LICEO SAN FRANCISCO DE PLACILLA,7M,XU.UNIDOS POR LA DIGNIDAD,307. PAULA ALEJANDRA BUSTAMANTE PINTO,PDC,6.0,False
1685875,PLACILLA,PLACILLA,LICEO SAN FRANCISCO DE PLACILLA,7M,XU.UNIDOS POR LA DIGNIDAD,308. MARCELO  GONZALEZ FARIAS,PDC,21.0,True
1685876,PLACILLA,PLACILLA,LICEO SAN FRANCISCO DE PLACILLA,7M,XU.UNIDOS POR LA DIGNIDAD,309. ARMANDO ENRIQUE REBOLLEDO BECERRA,IND,12.0,True
1685877,PLACILLA,PLACILLA,LICEO SAN FRANCISCO DE PLACILLA,7M,XU.UNIDOS POR LA DIGNIDAD,310. JORGE AUGUSTO CABELLO GAETE,IND,4.0,False
1685878,PLACILLA,PLACILLA,LICEO SAN FRANCISCO DE PLACILLA,7M,XU.UNIDOS POR LA DIGNIDAD,311. BASTIAN GIOVANNI PALOMINOS DINAMARCA,IND,24.0,True
1685879,PLACILLA,PLACILLA,LICEO SAN FRANCISCO DE PLACILLA,7M,YM.CHILE VAMOS - PRI E INDEPENDIENTES,312. LUIS MARIANO NAVARRO VIDAL,IND,7.0,False
1685880,PLACILLA,PLACILLA,LICEO SAN FRANCISCO DE PLACILLA,7M,YM.CHILE VAMOS - PRI E INDEPENDIENTES,313. ANGELICA LORETO LATORRE GONZALEZ,IND,20.0,False
1685881,PLACILLA,PLACILLA,LICEO SAN FRANCISCO DE PLACILLA,7M,YM.CHILE VAMOS - PRI E INDEPENDIENTES,314. JOVANA CRISTINA MORALES BURDILES,IND,0.0,False
1685882,PLACILLA,PLACILLA,LICEO SAN FRANCISCO DE PLACILLA,7M,YW.UNIDAD POR EL APRUEBO PS PPD E INDEPENDIENTES,315. ENRIQUE DIAZ QUIROZ,PPD,1.0,False
1685883,PLACILLA,PLACILLA,LICEO SAN FRANCISCO DE PLACILLA,7M,YW.UNIDAD POR EL APRUEBO PS PPD E INDEPENDIENTES,316. HERNAN SANTA MARIA GONZALEZ,PS,19.0,True
1685884,PLACILLA,PLACILLA,LICEO SAN FRANCISCO DE PLACILLA,7M,YW.UNIDAD POR EL APRUEBO PS PPD E INDEPENDIENTES,317. GERVASIO  GALAZ MUÑOZ,IND,13.0,False
1685885,PLACILLA,PLACILLA,LICEO SAN FRANCISCO DE PLACILLA,7M,ZJ.CHILE VAMOS UDI - INDEPENDIENTES,318. JUAN EDUARDO RAMIREZ GALLARDO,UDI,6.0,False
1685886,PLACILLA,PLACILLA,LICEO SAN FRANCISCO DE PLACILLA,7M,ZJ.CHILE VAMOS UDI - INDEPENDIENTES,319. CARLOS ALBERTO PABLO NUÑEZ FRITZ,UDI,2.0,False
1685887,PLACILLA,PLACILLA,LICEO SAN FRANCISCO DE PLACILLA,7M,ZJ.CHILE VAMOS UDI - INDEPENDIENTES,320. VANESSA YESENIA CABELLO PARADA,IND,0.0,False
1685888,PLACILLA,PLACILLA,LICEO SAN FRANCISCO DE PLACILLA,7M,ZJ.CHILE VAMOS UDI - INDEPENDIENTES,321. LUIS GERARDO MUÑOZ BECERRA,IND,0.0,False
1685889,PLACILLA,PLACILLA,LICEO SAN FRANCISCO DE PLACILLA,7M,ZU.RADICALES E INDEPENDIENTES,322. JOHANNA RAQUEL TREJOS SILVA,IND,8.0,True
1685890,PLACILLA,PLACILLA,LICEO SAN FRANCISCO DE PLACILLA,7M,ZU.RADICALES E INDEPENDIENTES,323. LAURA INES PONCE DONOSO,IND,6.0,False
1685891,PLACILLA,PLACILLA,LICEO SAN FRANCISCO DE PLACILLA,7M,ZU.RADICALES E INDEPENDIENTES,324. ITALO ANDRES DIAZ URIBE,IND,10.0,False
1685892,PLACILLA,PLACILLA,LICEO SAN FRANCISCO DE PLACILLA,7M,ZU.RADICALES E INDEPENDIENTES,325. DAVID HERNAN VERGARA ESPINA,IND,4.0,False
1685893,PLACILLA,PLACILLA,LICEO SAN FRANCISCO DE PLACILLA,7M,ZU.RADICALES E INDEPENDIENTES,326. XIMENA MARGARITA DIAZ CABELLO,IND,0.0,False
1685894,PLACILLA,PLACILLA,LICEO SAN FRANCISCO DE PLACILLA,7M,ZU.RADICALES E INDEPENDIENTES,327. SERGIO GUIDO FERRADA GOMEZ,IND,4.0,False
1685895,PLACILLA,PLACILLA,LICEO SAN FRANCISCO DE PLACILLA,8M,M.CHILE DIGNO VERDE Y SOBERANO,300. JORGE RICARDO MARTINEZ BOLVARAN,FREVS,6.0,False
1685896,PLACILLA,PLACILLA,LICEO SAN FRANCISCO DE PLACILLA,8M,M.CHILE DIGNO VERDE Y SOBERANO,301. ANGELICA ORLANDA SILVA CATALAN,FREVS,1.0,False
1685897,PLACILLA,PLACILLA,LICEO SAN FRANCISCO DE PLACILLA,8M,M.CHILE DIGNO VERDE Y SOBERANO,302. MARIA PATRICIA SALINAS ROMERO,IND,11.0,False
1685898,PLACILLA,PLACILLA,LICEO SAN FRANCISCO DE PLACILLA,8M,XK.CHILE VAMOS RENOVACION NACIONAL - INDEPENDIENTES,303. CESAR ANTONIO LOPEZ CEPEDA,RN,2.0,False
1685899,PLACILLA,PLACILLA,LICEO SAN FRANCISCO DE PLACILLA,8M,XK.CHILE VAMOS RENOVACION NACIONAL - INDEPENDIENTES,304. IVO MAX KEOMAR CARO ORELLANA,IND,1.0,False
1685900,PLACILLA,PLACILLA,LICEO SAN FRANCISCO DE PLACILLA,8M,XK.CHILE VAMOS RENOVACION NACIONAL - INDEPENDIENTES,305. DANIELA PAZ DIAZ ARIAS,IND,14.0,True
1685901,PLACILLA,PLACILLA,LICEO SAN FRANCISCO DE PLACILLA,8M,XK.CHILE VAMOS RENOVACION NACIONAL - INDEPENDIENTES,306. BELEN ZUÑIGA JARA,IND,1.0,False
1685902,PLACILLA,PLACILLA,LICEO SAN FRANCISCO DE PLACILLA,8M,XU.UNIDOS POR LA DIGNIDAD,307. PAULA ALEJANDRA BUSTAMANTE PINTO,PDC,3.0,False
1685903,PLACILLA,PLACILLA,LICEO SAN FRANCISCO DE PLACILLA,8M,XU.UNIDOS POR LA DIGNIDAD,308. MARCELO  GONZALEZ FARIAS,PDC,21.0,True
1685904,PLACILLA,PLACILLA,LICEO SAN FRANCISCO DE PLACILLA,8M,XU.UNIDOS POR LA DIGNIDAD,309. ARMANDO ENRIQUE REBOLLEDO BECERRA,IND,14.0,True
1685905,PLACILLA,PLACILLA,LICEO SAN FRANCISCO DE PLACILLA,8M,XU.UNIDOS POR LA DIGNIDAD,310. JORGE AUGUSTO CABELLO GAETE,IND,11.0,False
1685906,PLACILLA,PLACILLA,LICEO SAN FRANCISCO DE PLACILLA,8M,XU.UNIDOS POR LA DIGNIDAD,311. BASTIAN GIOVANNI PALOMINOS DINAMARCA,IND,26.0,True
1685907,PLACILLA,PLACILLA,LICEO SAN FRANCISCO DE PLACILLA,8M,YM.CHILE VAMOS - PRI E INDEPENDIENTES,312. LUIS MARIANO NAVARRO VIDAL,IND,5.0,False
1685908,PLACILLA,PLACILLA,LICEO SAN FRANCISCO DE PLACILLA,8M,YM.CHILE VAMOS - PRI E INDEPENDIENTES,313. ANGELICA LORETO LATORRE GONZALEZ,IND,13.0,False
1685909,PLACILLA,PLACILLA,LICEO SAN FRANCISCO DE PLACILLA,8M,YM.CHILE VAMOS - PRI E INDEPENDIENTES,314. JOVANA CRISTINA MORALES BURDILES,IND,3.0,False
1685910,PLACILLA,PLACILLA,LICEO SAN FRANCISCO DE PLACILLA,8M,YW.UNIDAD POR EL APRUEBO PS PPD E INDEPENDIENTES,315. ENRIQUE DIAZ QUIROZ,PPD,3.0,False
1685911,PLACILLA,PLACILLA,LICEO SAN FRANCISCO DE PLACILLA,8M,YW.UNIDAD POR EL APRUEBO PS PPD E INDEPENDIENTES,316. HERNAN SANTA MARIA GONZALEZ,PS,12.0,True
1685912,PLACILLA,PLACILLA,LICEO SAN FRANCISCO DE PLACILLA,8M,YW.UNIDAD POR EL APRUEBO PS PPD E INDEPENDIENTES,317. GERVASIO  GALAZ MUÑOZ,IND,6.0,False
1685913,PLACILLA,PLACILLA,LICEO SAN FRANCISCO DE PLACILLA,8M,ZJ.CHILE VAMOS UDI - INDEPENDIENTES,318. JUAN EDUARDO RAMIREZ GALLARDO,UDI,10.0,False
1685914,PLACILLA,PLACILLA,LICEO SAN FRANCISCO DE PLACILLA,8M,ZJ.CHILE VAMOS UDI - INDEPENDIENTES,319. CARLOS ALBERTO PABLO NUÑEZ FRITZ,UDI,5.0,False
1685915,PLACILLA,PLACILLA,LICEO SAN FRANCISCO DE PLACILLA,8M,ZJ.CHILE VAMOS UDI - INDEPENDIENTES,320. VANESSA YESENIA CABELLO PARADA,IND,0.0,False
1685916,PLACILLA,PLACILLA,LICEO SAN FRANCISCO DE PLACILLA,8M,ZJ.CHILE VAMOS UDI - INDEPENDIENTES,321. LUIS GERARDO MUÑOZ BECERRA,IND,1.0,False
1685917,PLACILLA,PLACILLA,LICEO SAN FRANCISCO DE PLACILLA,8M,ZU.RADICALES E INDEPENDIENTES,322. JOHANNA RAQUEL TREJOS SILVA,IND,12.0,True
1685918,PLACILLA,PLACILLA,LICEO SAN FRANCISCO DE PLACILLA,8M,ZU.RADICALES E INDEPENDIENTES,323. LAURA INES PONCE DONOSO,IND,5.0,False
1685919,PLACILLA,PLACILLA,LICEO SAN FRANCISCO DE PLACILLA,8M,ZU.RADICALES E INDEPENDIENTES,324. ITALO ANDRES DIAZ URIBE,IND,5.0,False
1685920,PLACILLA,PLACILLA,LICEO SAN FRANCISCO DE PLACILLA,8M,ZU.RADICALES E INDEPENDIENTES,325. DAVID HERNAN VERGARA ESPINA,IND,1.0,False
1685921,PLACILLA,PLACILLA,LICEO SAN FRANCISCO DE PLACILLA,8M,ZU.RADICALES E INDEPENDIENTES,326. XIMENA MARGARITA DIAZ CABELLO,IND,2.0,False
1685922,PLACILLA,PLACILLA,LICEO SAN FRANCISCO DE PLACILLA,8M,ZU.RADICALES E INDEPENDIENTES,327. SERGIO GUIDO FERRADA GOMEZ,IND,6.0,False
1685923,PLACILLA,PLACILLA,LICEO SAN FRANCISCO DE PLACILLA,9M,M.CHILE DIGNO VERDE Y SOBERANO,300. JORGE RICARDO MARTINEZ BOLVARAN,FREVS,4.0,False
1685924,PLACILLA,PLACILLA,LICEO SAN FRANCISCO DE PLACILLA,9M,M.CHILE DIGNO VERDE Y SOBERANO,301. ANGELICA ORLANDA SILVA CATALAN,FREVS,3.0,False
1685925,PLACILLA,PLACILLA,LICEO SAN FRANCISCO DE PLACILLA,9M,M.CHILE DIGNO VERDE Y SOBERANO,302. MARIA PATRICIA SALINAS ROMERO,IND,4.0,False
1685926,PLACILLA,PLACILLA,LICEO SAN FRANCISCO DE PLACILLA,9M,XK.CHILE VAMOS RENOVACION NACIONAL - INDEPENDIENTES,303. CESAR ANTONIO LOPEZ CEPEDA,RN,0.0,False
1685927,PLACILLA,PLACILLA,LICEO SAN FRANCISCO DE PLACILLA,9M,XK.CHILE VAMOS RENOVACION NACIONAL - INDEPENDIENTES,304. IVO MAX KEOMAR CARO ORELLANA,IND,2.0,False
1685928,PLACILLA,PLACILLA,LICEO SAN FRANCISCO DE PLACILLA,9M,XK.CHILE VAMOS RENOVACION NACIONAL - INDEPENDIENTES,305. DANIELA PAZ DIAZ ARIAS,IND,20.0,True
1685929,PLACILLA,PLACILLA,LICEO SAN FRANCISCO DE PLACILLA,9M,XK.CHILE VAMOS RENOVACION NACIONAL - INDEPENDIENTES,306. BELEN ZUÑIGA JARA,IND,3.0,False
1685930,PLACILLA,PLACILLA,LICEO SAN FRANCISCO DE PLACILLA,9M,XU.UNIDOS POR LA DIGNIDAD,307. PAULA ALEJANDRA BUSTAMANTE PINTO,PDC,8.0,False
1685931,PLACILLA,PLACILLA,LICEO SAN FRANCISCO DE PLACILLA,9M,XU.UNIDOS POR LA DIGNIDAD,308. MARCELO  GONZALEZ FARIAS,PDC,39.0,True
1685932,PLACILLA,PLACILLA,LICEO SAN FRANCISCO DE PLACILLA,9M,XU.UNIDOS POR LA DIGNIDAD,309. ARMANDO ENRIQUE REBOLLEDO BECERRA,IND,17.0,True
1685933,PLACILLA,PLACILLA,LICEO SAN FRANCISCO DE PLACILLA,9M,XU.UNIDOS POR LA DIGNIDAD,310. JORGE AUGUSTO CABELLO GAETE,IND,8.0,False
1685934,PLACILLA,PLACILLA,LICEO SAN FRANCISCO DE PLACILLA,9M,XU.UNIDOS POR LA DIGNIDAD,311. BASTIAN GIOVANNI PALOMINOS DINAMARCA,IND,16.0,True
1685935,PLACILLA,PLACILLA,LICEO SAN FRANCISCO DE PLACILLA,9M,YM.CHILE VAMOS - PRI E INDEPENDIENTES,312. LUIS MARIANO NAVARRO VIDAL,IND,3.0,False
1685936,PLACILLA,PLACILLA,LICEO SAN FRANCISCO DE PLACILLA,9M,YM.CHILE VAMOS - PRI E INDEPENDIENTES,313. ANGELICA LORETO LATORRE GONZALEZ,IND,4.0,False
1685937,PLACILLA,PLACILLA,LICEO SAN FRANCISCO DE PLACILLA,9M,YM.CHILE VAMOS - PRI E INDEPENDIENTES,314. JOVANA CRISTINA MORALES BURDILES,IND,1.0,False
1685938,PLACILLA,PLACILLA,LICEO SAN FRANCISCO DE PLACILLA,9M,YW.UNIDAD POR EL APRUEBO PS PPD E INDEPENDIENTES,315. ENRIQUE DIAZ QUIROZ,PPD,3.0,False
1685939,PLACILLA,PLACILLA,LICEO SAN FRANCISCO DE PLACILLA,9M,YW.UNIDAD POR EL APRUEBO PS PPD E INDEPENDIENTES,316. HERNAN SANTA MARIA GONZALEZ,PS,12.0,True
1685940,PLACILLA,PLACILLA,LICEO SAN FRANCISCO DE PLACILLA,9M,YW.UNIDAD POR EL APRUEBO PS PPD E INDEPENDIENTES,317. GERVASIO  GALAZ MUÑOZ,IND,7.0,False
1685941,PLACILLA,PLACILLA,LICEO SAN FRANCISCO DE PLACILLA,9M,ZJ.CHILE VAMOS UDI - INDEPENDIENTES,318. JUAN EDUARDO RAMIREZ GALLARDO,UDI,8.0,False
1685942,PLACILLA,PLACILLA,LICEO SAN FRANCISCO DE PLACILLA,9M,ZJ.CHILE VAMOS UDI - INDEPENDIENTES,319. CARLOS ALBERTO PABLO NUÑEZ FRITZ,UDI,2.0,False
1685943,PLACILLA,PLACILLA,LICEO SAN FRANCISCO DE PLACILLA,9M,ZJ.CHILE VAMOS UDI - INDEPENDIENTES,320. VANESSA YESENIA CABELLO PARADA,IND,1.0,False
1685944,PLACILLA,PLACILLA,LICEO SAN FRANCISCO DE PLACILLA,9M,ZJ.CHILE VAMOS UDI - INDEPENDIENTES,321. LUIS GERARDO MUÑOZ BECERRA,IND,0.0,False
1685945,PLACILLA,PLACILLA,LICEO SAN FRANCISCO DE PLACILLA,9M,ZU.RADICALES E INDEPENDIENTES,322. JOHANNA RAQUEL TREJOS SILVA,IND,11.0,True
1685946,PLACILLA,PLACILLA,LICEO SAN FRANCISCO DE PLACILLA,9M,ZU.RADICALES E INDEPENDIENTES,323. LAURA INES PONCE DONOSO,IND,8.0,False
1685947,PLACILLA,PLACILLA,LICEO SAN FRANCISCO DE PLACILLA,9M,ZU.RADICALES E INDEPENDIENTES,324. ITALO ANDRES DIAZ URIBE,IND,2.0,False
1685948,PLACILLA,PLACILLA,LICEO SAN FRANCISCO DE PLACILLA,9M,ZU.RADICALES E INDEPENDIENTES,325. DAVID HERNAN VERGARA ESPINA,IND,7.0,False
1685949,PLACILLA,PLACILLA,LICEO SAN FRANCISCO DE PLACILLA,9M,ZU.RADICALES E INDEPENDIENTES,326. XIMENA MARGARITA DIAZ CABELLO,IND,2.0,False
1685950,PLACILLA,PLACILLA,LICEO SAN FRANCISCO DE PLACILLA,9M,ZU.RADICALES E INDEPENDIENTES,327. SERGIO GUIDO FERRADA GOMEZ,IND,3.0,False
1685951,PLACILLA,PLACILLA,LICEO SAN FRANCISCO DE PLACILLA,10M,M.CHILE DIGNO VERDE Y SOBERANO,300. JORGE RICARDO MARTINEZ BOLVARAN,FREVS,8.0,False
1685952,PLACILLA,PLACILLA,LICEO SAN FRANCISCO DE PLACILLA,10M,M.CHILE DIGNO VERDE Y SOBERANO,301. ANGELICA ORLANDA SILVA CATALAN,FREVS,3.0,False
1685953,PLACILLA,PLACILLA,LICEO SAN FRANCISCO DE PLACILLA,10M,M.CHILE DIGNO VERDE Y SOBERANO,302. MARIA PATRICIA SALINAS ROMERO,IND,5.0,False
1685954,PLACILLA,PLACILLA,LICEO SAN FRANCISCO DE PLACILLA,10M,XK.CHILE VAMOS RENOVACION NACIONAL - INDEPENDIENTES,303. CESAR ANTONIO LOPEZ CEPEDA,RN,1.0,False
1685955,PLACILLA,PLACILLA,LICEO SAN FRANCISCO DE PLACILLA,10M,XK.CHILE VAMOS RENOVACION NACIONAL - INDEPENDIENTES,304. IVO MAX KEOMAR CARO ORELLANA,IND,1.0,False
1685956,PLACILLA,PLACILLA,LICEO SAN FRANCISCO DE PLACILLA,10M,XK.CHILE VAMOS RENOVACION NACIONAL - INDEPENDIENTES,305. DANIELA PAZ DIAZ ARIAS,IND,13.0,True
1685957,PLACILLA,PLACILLA,LICEO SAN FRANCISCO DE PLACILLA,10M,XK.CHILE VAMOS RENOVACION NACIONAL - INDEPENDIENTES,306. BELEN ZUÑIGA JARA,IND,3.0,False
1685958,PLACILLA,PLACILLA,LICEO SAN FRANCISCO DE PLACILLA,10M,XU.UNIDOS POR LA DIGNIDAD,307. PAULA ALEJANDRA BUSTAMANTE PINTO,PDC,8.0,False
1685959,PLACILLA,PLACILLA,LICEO SAN FRANCISCO DE PLACILLA,10M,XU.UNIDOS POR LA DIGNIDAD,308. MARCELO  GONZALEZ FARIAS,PDC,24.0,True
1685960,PLACILLA,PLACILLA,LICEO SAN FRANCISCO DE PLACILLA,10M,XU.UNIDOS POR LA DIGNIDAD,309. ARMANDO ENRIQUE REBOLLEDO BECERRA,IND,14.0,True
1685961,PLACILLA,PLACILLA,LICEO SAN FRANCISCO DE PLACILLA,10M,XU.UNIDOS POR LA DIGNIDAD,310. JORGE AUGUSTO CABELLO GAETE,IND,6.0,False
1685962,PLACILLA,PLACILLA,LICEO SAN FRANCISCO DE PLACILLA,10M,XU.UNIDOS POR LA DIGNIDAD,311. BASTIAN GIOVANNI PALOMINOS DINAMARCA,IND,17.0,True
1685963,PLACILLA,PLACILLA,LICEO SAN FRANCISCO DE PLACILLA,10M,YM.CHILE VAMOS - PRI E INDEPENDIENTES,312. LUIS MARIANO NAVARRO VIDAL,IND,9.0,False
1685964,PLACILLA,PLACILLA,LICEO SAN FRANCISCO DE PLACILLA,10M,YM.CHILE VAMOS - PRI E INDEPENDIENTES,313. ANGELICA LORETO LATORRE GONZALEZ,IND,9.0,False
1685965,PLACILLA,PLACILLA,LICEO SAN FRANCISCO DE PLACILLA,10M,YM.CHILE VAMOS - PRI E INDEPENDIENTES,314. JOVANA CRISTINA MORALES BURDILES,IND,2.0,False
1685966,PLACILLA,PLACILLA,LICEO SAN FRANCISCO DE PLACILLA,10M,YW.UNIDAD POR EL APRUEBO PS PPD E INDEPENDIENTES,315. ENRIQUE DIAZ QUIROZ,PPD,14.0,False
1685967,PLACILLA,PLACILLA,LICEO SAN FRANCISCO DE PLACILLA,10M,YW.UNIDAD POR EL APRUEBO PS PPD E INDEPENDIENTES,316. HERNAN SANTA MARIA GONZALEZ,PS,10.0,True
1685968,PLACILLA,PLACILLA,LICEO SAN FRANCISCO DE PLACILLA,10M,YW.UNIDAD POR EL APRUEBO PS PPD E INDEPENDIENTES,317. GERVASIO  GALAZ MUÑOZ,IND,5.0,False
1685969,PLACILLA,PLACILLA,LICEO SAN FRANCISCO DE PLACILLA,10M,ZJ.CHILE VAMOS UDI - INDEPENDIENTES,318. JUAN EDUARDO RAMIREZ GALLARDO,UDI,8.0,False
1685970,PLACILLA,PLACILLA,LICEO SAN FRANCISCO DE PLACILLA,10M,ZJ.CHILE VAMOS UDI - INDEPENDIENTES,319. CARLOS ALBERTO PABLO NUÑEZ FRITZ,UDI,6.0,False
1685971,PLACILLA,PLACILLA,LICEO SAN FRANCISCO DE PLACILLA,10M,ZJ.CHILE VAMOS UDI - INDEPENDIENTES,320. VANESSA YESENIA CABELLO PARADA,IND,2.0,False
1685972,PLACILLA,PLACILLA,LICEO SAN FRANCISCO DE PLACILLA,10M,ZJ.CHILE VAMOS UDI - INDEPENDIENTES,321. LUIS GERARDO MUÑOZ BECERRA,IND,0.0,False
1685973,PLACILLA,PLACILLA,LICEO SAN FRANCISCO DE PLACILLA,10M,ZU.RADICALES E INDEPENDIENTES,322. JOHANNA RAQUEL TREJOS SILVA,IND,10.0,True
1685974,PLACILLA,PLACILLA,LICEO SAN FRANCISCO DE PLACILLA,10M,ZU.RADICALES E INDEPENDIENTES,323. LAURA INES PONCE DONOSO,IND,6.0,False
1685975,PLACILLA,PLACILLA,LICEO SAN FRANCISCO DE PLACILLA,10M,ZU.RADICALES E INDEPENDIENTES,324. ITALO ANDRES DIAZ URIBE,IND,6.0,False
1685976,PLACILLA,PLACILLA,LICEO SAN FRANCISCO DE PLACILLA,10M,ZU.RADICALES E INDEPENDIENTES,325. DAVID HERNAN VERGARA ESPINA,IND,5.0,False
1685977,PLACILLA,PLACILLA,LICEO SAN FRANCISCO DE PLACILLA,10M,ZU.RADICALES E INDEPENDIENTES,326. XIMENA MARGARITA DIAZ CABELLO,IND,3.0,False
1685978,PLACILLA,PLACILLA,LICEO SAN FRANCISCO DE PLACILLA,10M,ZU.RADICALES E INDEPENDIENTES,327. SERGIO GUIDO FERRADA GOMEZ,IND,6.0,False
1685979,PLACILLA,PLACILLA,LICEO SAN FRANCISCO DE PLACILLA,11M,M.CHILE DIGNO VERDE Y SOBERANO,300. JORGE RICARDO MARTINEZ BOLVARAN,FREVS,7.0,False
1685980,PLACILLA,PLACILLA,LICEO SAN FRANCISCO DE PLACILLA,11M,M.CHILE DIGNO VERDE Y SOBERANO,301. ANGELICA ORLANDA SILVA CATALAN,FREVS,2.0,False
1685981,PLACILLA,PLACILLA,LICEO SAN FRANCISCO DE PLACILLA,11M,M.CHILE DIGNO VERDE Y SOBERANO,302. MARIA PATRICIA SALINAS ROMERO,IND,3.0,False
1685982,PLACILLA,PLACILLA,LICEO SAN FRANCISCO DE PLACILLA,11M,XK.CHILE VAMOS RENOVACION NACIONAL - INDEPENDIENTES,303. CESAR ANTONIO LOPEZ CEPEDA,RN,2.0,False
1685983,PLACILLA,PLACILLA,LICEO SAN FRANCISCO DE PLACILLA,11M,XK.CHILE VAMOS RENOVACION NACIONAL - INDEPENDIENTES,304. IVO MAX KEOMAR CARO ORELLANA,IND,0.0,False
1685984,PLACILLA,PLACILLA,LICEO SAN FRANCISCO DE PLACILLA,11M,XK.CHILE VAMOS RENOVACION NACIONAL - INDEPENDIENTES,305. DANIELA PAZ DIAZ ARIAS,IND,17.0,True
1685985,PLACILLA,PLACILLA,LICEO SAN FRANCISCO DE PLACILLA,11M,XK.CHILE VAMOS RENOVACION NACIONAL - INDEPENDIENTES,306. BELEN ZUÑIGA JARA,IND,0.0,False
1685986,PLACILLA,PLACILLA,LICEO SAN FRANCISCO DE PLACILLA,11M,XU.UNIDOS POR LA DIGNIDAD,307. PAULA ALEJANDRA BUSTAMANTE PINTO,PDC,8.0,False
1685987,PLACILLA,PLACILLA,LICEO SAN FRANCISCO DE PLACILLA,11M,XU.UNIDOS POR LA DIGNIDAD,308. MARCELO  GONZALEZ FARIAS,PDC,19.0,True
1685988,PLACILLA,PLACILLA,LICEO SAN FRANCISCO DE PLACILLA,11M,XU.UNIDOS POR LA DIGNIDAD,309. ARMANDO ENRIQUE REBOLLEDO BECERRA,IND,16.0,True
1685989,PLACILLA,PLACILLA,LICEO SAN FRANCISCO DE PLACILLA,11M,XU.UNIDOS POR LA DIGNIDAD,310. JORGE AUGUSTO CABELLO GAETE,IND,8.0,False
1685990,PLACILLA,PLACILLA,LICEO SAN FRANCISCO DE PLACILLA,11M,XU.UNIDOS POR LA DIGNIDAD,311. BASTIAN GIOVANNI PALOMINOS DINAMARCA,IND,23.0,True
1685991,PLACILLA,PLACILLA,LICEO SAN FRANCISCO DE PLACILLA,11M,YM.CHILE VAMOS - PRI E INDEPENDIENTES,312. LUIS MARIANO NAVARRO VIDAL,IND,3.0,False
1685992,PLACILLA,PLACILLA,LICEO SAN FRANCISCO DE PLACILLA,11M,YM.CHILE VAMOS - PRI E INDEPENDIENTES,313. ANGELICA LORETO LATORRE GONZALEZ,IND,10.0,False
1685993,PLACILLA,PLACILLA,LICEO SAN FRANCISCO DE PLACILLA,11M,YM.CHILE VAMOS - PRI E INDEPENDIENTES,314. JOVANA CRISTINA MORALES BURDILES,IND,2.0,False
1685994,PLACILLA,PLACILLA,LICEO SAN FRANCISCO DE PLACILLA,11M,YW.UNIDAD POR EL APRUEBO PS PPD E INDEPENDIENTES,315. ENRIQUE DIAZ QUIROZ,PPD,4.0,False
1685995,PLACILLA,PLACILLA,LICEO SAN FRANCISCO DE PLACILLA,11M,YW.UNIDAD POR EL APRUEBO PS PPD E INDEPENDIENTES,316. HERNAN SANTA MARIA GONZALEZ,PS,16.0,True
1685996,PLACILLA,PLACILLA,LICEO SAN FRANCISCO DE PLACILLA,11M,YW.UNIDAD POR EL APRUEBO PS PPD E INDEPENDIENTES,317. GERVASIO  GALAZ MUÑOZ,IND,12.0,False
1685997,PLACILLA,PLACILLA,LICEO SAN FRANCISCO DE PLACILLA,11M,ZJ.CHILE VAMOS UDI - INDEPENDIENTES,318. JUAN EDUARDO RAMIREZ GALLARDO,UDI,7.0,False
1685998,PLACILLA,PLACILLA,LICEO SAN FRANCISCO DE PLACILLA,11M,ZJ.CHILE VAMOS UDI - INDEPENDIENTES,319. CARLOS ALBERTO PABLO NUÑEZ FRITZ,UDI,3.0,False
1685999,PLACILLA,PLACILLA,LICEO SAN FRANCISCO DE PLACILLA,11M,ZJ.CHILE VAMOS UDI - INDEPENDIENTES,320. VANESSA YESENIA CABELLO PARADA,IND,0.0,False
1686000,PLACILLA,PLACILLA,LICEO SAN FRANCISCO DE PLACILLA,11M,ZJ.CHILE VAMOS UDI - INDEPENDIENTES,321. LUIS GERARDO MUÑOZ BECERRA,IND,2.0,False
1686001,PLACILLA,PLACILLA,LICEO SAN FRANCISCO DE PLACILLA,11M,ZU.RADICALES E INDEPENDIENTES,322. JOHANNA RAQUEL TREJOS SILVA,IND,15.0,True
1686002,PLACILLA,PLACILLA,LICEO SAN FRANCISCO DE PLACILLA,11M,ZU.RADICALES E INDEPENDIENTES,323. LAURA INES PONCE DONOSO,IND,5.0,False
1686003,PLACILLA,PLACILLA,LICEO SAN FRANCISCO DE PLACILLA,11M,ZU.RADICALES E INDEPENDIENTES,324. ITALO ANDRES DIAZ URIBE,IND,3.0,False
1686004,PLACILLA,PLACILLA,LICEO SAN FRANCISCO DE PLACILLA,11M,ZU.RADICALES E INDEPENDIENTES,325. DAVID HERNAN VERGARA ESPINA,IND,3.0,False
1686005,PLACILLA,PLACILLA,LICEO SAN FRANCISCO DE PLACILLA,11M,ZU.RADICALES E INDEPENDIENTES,326. XIMENA MARGARITA DIAZ CABELLO,IND,2.0,False
1686006,PLACILLA,PLACILLA,LICEO SAN FRANCISCO DE PLACILLA,11M,ZU.RADICALES E INDEPENDIENTES,327. SERGIO GUIDO FERRADA GOMEZ,IND,2.0,False
1686007,PLACILLA,PLACILLA,LICEO SAN FRANCISCO DE PLACILLA,12M,M.CHILE DIGNO VERDE Y SOBERANO,300. JORGE RICARDO MARTINEZ BOLVARAN,FREVS,5.0,False
1686008,PLACILLA,PLACILLA,LICEO SAN FRANCISCO DE PLACILLA,12M,M.CHILE DIGNO VERDE Y SOBERANO,301. ANGELICA ORLANDA SILVA CATALAN,FREVS,1.0,False
1686009,PLACILLA,PLACILLA,LICEO SAN FRANCISCO DE PLACILLA,12M,M.CHILE DIGNO VERDE Y SOBERANO,302. MARIA PATRICIA SALINAS ROMERO,IND,7.0,False
1686010,PLACILLA,PLACILLA,LICEO SAN FRANCISCO DE PLACILLA,12M,XK.CHILE VAMOS RENOVACION NACIONAL - INDEPENDIENTES,303. CESAR ANTONIO LOPEZ CEPEDA,RN,1.0,False
1686011,PLACILLA,PLACILLA,LICEO SAN FRANCISCO DE PLACILLA,12M,XK.CHILE VAMOS RENOVACION NACIONAL - INDEPENDIENTES,304. IVO MAX KEOMAR CARO ORELLANA,IND,4.0,False
1686012,PLACILLA,PLACILLA,LICEO SAN FRANCISCO DE PLACILLA,12M,XK.CHILE VAMOS RENOVACION NACIONAL - INDEPENDIENTES,305. DANIELA PAZ DIAZ ARIAS,IND,25.0,True
1686013,PLACILLA,PLACILLA,LICEO SAN FRANCISCO DE PLACILLA,12M,XK.CHILE VAMOS RENOVACION NACIONAL - INDEPENDIENTES,306. BELEN ZUÑIGA JARA,IND,0.0,False
1686014,PLACILLA,PLACILLA,LICEO SAN FRANCISCO DE PLACILLA,12M,XU.UNIDOS POR LA DIGNIDAD,307. PAULA ALEJANDRA BUSTAMANTE PINTO,PDC,6.0,False
1686015,PLACILLA,PLACILLA,LICEO SAN FRANCISCO DE PLACILLA,12M,XU.UNIDOS POR LA DIGNIDAD,308. MARCELO  GONZALEZ FARIAS,PDC,26.0,True
1686016,PLACILLA,PLACILLA,LICEO SAN FRANCISCO DE PLACILLA,12M,XU.UNIDOS POR LA DIGNIDAD,309. ARMANDO ENRIQUE REBOLLEDO BECERRA,IND,11.0,True
1686017,PLACILLA,PLACILLA,LICEO SAN FRANCISCO DE PLACILLA,12M,XU.UNIDOS POR LA DIGNIDAD,310. JORGE AUGUSTO CABELLO GAETE,IND,6.0,False
1686018,PLACILLA,PLACILLA,LICEO SAN FRANCISCO DE PLACILLA,12M,XU.UNIDOS POR LA DIGNIDAD,311. BASTIAN GIOVANNI PALOMINOS DINAMARCA,IND,20.0,True
1686019,PLACILLA,PLACILLA,LICEO SAN FRANCISCO DE PLACILLA,12M,YM.CHILE VAMOS - PRI E INDEPENDIENTES,312. LUIS MARIANO NAVARRO VIDAL,IND,4.0,False
1686020,PLACILLA,PLACILLA,LICEO SAN FRANCISCO DE PLACILLA,12M,YM.CHILE VAMOS - PRI E INDEPENDIENTES,313. ANGELICA LORETO LATORRE GONZALEZ,IND,7.0,False
1686021,PLACILLA,PLACILLA,LICEO SAN FRANCISCO DE PLACILLA,12M,YM.CHILE VAMOS - PRI E INDEPENDIENTES,314. JOVANA CRISTINA MORALES BURDILES,IND,1.0,False
1686022,PLACILLA,PLACILLA,LICEO SAN FRANCISCO DE PLACILLA,12M,YW.UNIDAD POR EL APRUEBO PS PPD E INDEPENDIENTES,315. ENRIQUE DIAZ QUIROZ,PPD,6.0,False
1686023,PLACILLA,PLACILLA,LICEO SAN FRANCISCO DE PLACILLA,12M,YW.UNIDAD POR EL APRUEBO PS PPD E INDEPENDIENTES,316. HERNAN SANTA MARIA GONZALEZ,PS,7.0,True
1686024,PLACILLA,PLACILLA,LICEO SAN FRANCISCO DE PLACILLA,12M,YW.UNIDAD POR EL APRUEBO PS PPD E INDEPENDIENTES,317. GERVASIO  GALAZ MUÑOZ,IND,4.0,False
1686025,PLACILLA,PLACILLA,LICEO SAN FRANCISCO DE PLACILLA,12M,ZJ.CHILE VAMOS UDI - INDEPENDIENTES,318. JUAN EDUARDO RAMIREZ GALLARDO,UDI,17.0,False
1686026,PLACILLA,PLACILLA,LICEO SAN FRANCISCO DE PLACILLA,12M,ZJ.CHILE VAMOS UDI - INDEPENDIENTES,319. CARLOS ALBERTO PABLO NUÑEZ FRITZ,UDI,0.0,False
1686027,PLACILLA,PLACILLA,LICEO SAN FRANCISCO DE PLACILLA,12M,ZJ.CHILE VAMOS UDI - INDEPENDIENTES,320. VANESSA YESENIA CABELLO PARADA,IND,0.0,False
1686028,PLACILLA,PLACILLA,LICEO SAN FRANCISCO DE PLACILLA,12M,ZJ.CHILE VAMOS UDI - INDEPENDIENTES,321. LUIS GERARDO MUÑOZ BECERRA,IND,1.0,False
1686029,PLACILLA,PLACILLA,LICEO SAN FRANCISCO DE PLACILLA,12M,ZU.RADICALES E INDEPENDIENTES,322. JOHANNA RAQUEL TREJOS SILVA,IND,10.0,True
1686030,PLACILLA,PLACILLA,LICEO SAN FRANCISCO DE PLACILLA,12M,ZU.RADICALES E INDEPENDIENTES,323. LAURA INES PONCE DONOSO,IND,3.0,False
1686031,PLACILLA,PLACILLA,LICEO SAN FRANCISCO DE PLACILLA,12M,ZU.RADICALES E INDEPENDIENTES,324. ITALO ANDRES DIAZ URIBE,IND,3.0,False
1686032,PLACILLA,PLACILLA,LICEO SAN FRANCISCO DE PLACILLA,12M,ZU.RADICALES E INDEPENDIENTES,325. DAVID HERNAN VERGARA ESPINA,IND,6.0,False
1686033,PLACILLA,PLACILLA,LICEO SAN FRANCISCO DE PLACILLA,12M,ZU.RADICALES E INDEPENDIENTES,326. XIMENA MARGARITA DIAZ CABELLO,IND,4.0,False
1686034,PLACILLA,PLACILLA,LICEO SAN FRANCISCO DE PLACILLA,12M,ZU.RADICALES E INDEPENDIENTES,327. SERGIO GUIDO FERRADA GOMEZ,IND,3.0,False
1686035,PLACILLA,PLACILLA,LICEO SAN FRANCISCO DE PLACILLA,1V,M.CHILE DIGNO VERDE Y SOBERANO,300. JORGE RICARDO MARTINEZ BOLVARAN,FREVS,8.0,False
1686036,PLACILLA,PLACILLA,LICEO SAN FRANCISCO DE PLACILLA,1V,M.CHILE DIGNO VERDE Y SOBERANO,301. ANGELICA ORLANDA SILVA CATALAN,FREVS,2.0,False
1686037,PLACILLA,PLACILLA,LICEO SAN FRANCISCO DE PLACILLA,1V,M.CHILE DIGNO VERDE Y SOBERANO,302. MARIA PATRICIA SALINAS ROMERO,IND,5.0,False
1686038,PLACILLA,PLACILLA,LICEO SAN FRANCISCO DE PLACILLA,1V,XK.CHILE VAMOS RENOVACION NACIONAL - INDEPENDIENTES,303. CESAR ANTONIO LOPEZ CEPEDA,RN,,False
1686039,PLACILLA,PLACILLA,LICEO SAN FRANCISCO DE PLACILLA,1V,XK.CHILE VAMOS RENOVACION NACIONAL - INDEPENDIENTES,304. IVO MAX KEOMAR CARO ORELLANA,IND,3.0,False
1686040,PLACILLA,PLACILLA,LICEO SAN FRANCISCO DE PLACILLA,1V,XK.CHILE VAMOS RENOVACION NACIONAL - INDEPENDIENTES,305. DANIELA PAZ DIAZ ARIAS,IND,15.0,True
1686041,PLACILLA,PLACILLA,LICEO SAN FRANCISCO DE PLACILLA,1V,XK.CHILE VAMOS RENOVACION NACIONAL - INDEPENDIENTES,306. BELEN ZUÑIGA JARA,IND,2.0,False
1686042,PLACILLA,PLACILLA,LICEO SAN FRANCISCO DE PLACILLA,1V,XU.UNIDOS POR LA DIGNIDAD,307. PAULA ALEJANDRA BUSTAMANTE PINTO,PDC,7.0,False
1686043,PLACILLA,PLACILLA,LICEO SAN FRANCISCO DE PLACILLA,1V,XU.UNIDOS POR LA DIGNIDAD,308. MARCELO  GONZALEZ FARIAS,PDC,15.0,True
1686044,PLACILLA,PLACILLA,LICEO SAN FRANCISCO DE PLACILLA,1V,XU.UNIDOS POR LA DIGNIDAD,309. ARMANDO ENRIQUE REBOLLEDO BECERRA,IND,26.0,True
1686045,PLACILLA,PLACILLA,LICEO SAN FRANCISCO DE PLACILLA,1V,XU.UNIDOS POR LA DIGNIDAD,310. JORGE AUGUSTO CABELLO GAETE,IND,3.0,False
1686046,PLACILLA,PLACILLA,LICEO SAN FRANCISCO DE PLACILLA,1V,XU.UNIDOS POR LA DIGNIDAD,311. BASTIAN GIOVANNI PALOMINOS DINAMARCA,IND,12.0,True
1686047,PLACILLA,PLACILLA,LICEO SAN FRANCISCO DE PLACILLA,1V,YM.CHILE VAMOS - PRI E INDEPENDIENTES,312. LUIS MARIANO NAVARRO VIDAL,IND,4.0,False
1686048,PLACILLA,PLACILLA,LICEO SAN FRANCISCO DE PLACILLA,1V,YM.CHILE VAMOS - PRI E INDEPENDIENTES,313. ANGELICA LORETO LATORRE GONZALEZ,IND,11.0,False
1686049,PLACILLA,PLACILLA,LICEO SAN FRANCISCO DE PLACILLA,1V,YM.CHILE VAMOS - PRI E INDEPENDIENTES,314. JOVANA CRISTINA MORALES BURDILES,IND,,False
1686050,PLACILLA,PLACILLA,LICEO SAN FRANCISCO DE PLACILLA,1V,YW.UNIDAD POR EL APRUEBO PS PPD E INDEPENDIENTES,315. ENRIQUE DIAZ QUIROZ,PPD,5.0,False
1686051,PLACILLA,PLACILLA,LICEO SAN FRANCISCO DE PLACILLA,1V,YW.UNIDAD POR EL APRUEBO PS PPD E INDEPENDIENTES,316. HERNAN SANTA MARIA GONZALEZ,PS,11.0,True
1686052,PLACILLA,PLACILLA,LICEO SAN FRANCISCO DE PLACILLA,1V,YW.UNIDAD POR EL APRUEBO PS PPD E INDEPENDIENTES,317. GERVASIO  GALAZ MUÑOZ,IND,7.0,False
1686053,PLACILLA,PLACILLA,LICEO SAN FRANCISCO DE PLACILLA,1V,ZJ.CHILE VAMOS UDI - INDEPENDIENTES,318. JUAN EDUARDO RAMIREZ GALLARDO,UDI,11.0,False
1686054,PLACILLA,PLACILLA,LICEO SAN FRANCISCO DE PLACILLA,1V,ZJ.CHILE VAMOS UDI - INDEPENDIENTES,319. CARLOS ALBERTO PABLO NUÑEZ FRITZ,UDI,,False
1686055,PLACILLA,PLACILLA,LICEO SAN FRANCISCO DE PLACILLA,1V,ZJ.CHILE VAMOS UDI - INDEPENDIENTES,320. VANESSA YESENIA CABELLO PARADA,IND,2.0,False
1686056,PLACILLA,PLACILLA,LICEO SAN FRANCISCO DE PLACILLA,1V,ZJ.CHILE VAMOS UDI - INDEPENDIENTES,321. LUIS GERARDO MUÑOZ BECERRA,IND,1.0,False
1686057,PLACILLA,PLACILLA,LICEO SAN FRANCISCO DE PLACILLA,1V,ZU.RADICALES E INDEPENDIENTES,322. JOHANNA RAQUEL TREJOS SILVA,IND,8.0,True
1686058,PLACILLA,PLACILLA,LICEO SAN FRANCISCO DE PLACILLA,1V,ZU.RADICALES E INDEPENDIENTES,323. LAURA INES PONCE DONOSO,IND,5.0,False
1686059,PLACILLA,PLACILLA,LICEO SAN FRANCISCO DE PLACILLA,1V,ZU.RADICALES E INDEPENDIENTES,324. ITALO ANDRES DIAZ URIBE,IND,5.0,False
1686060,PLACILLA,PLACILLA,LICEO SAN FRANCISCO DE PLACILLA,1V,ZU.RADICALES E INDEPENDIENTES,325. DAVID HERNAN VERGARA ESPINA,IND,3.0,False
1686061,PLACILLA,PLACILLA,LICEO SAN FRANCISCO DE PLACILLA,1V,ZU.RADICALES E INDEPENDIENTES,326. XIMENA MARGARITA DIAZ CABELLO,IND,2.0,False
1686062,PLACILLA,PLACILLA,LICEO SAN FRANCISCO DE PLACILLA,1V,ZU.RADICALES E INDEPENDIENTES,327. SERGIO GUIDO FERRADA GOMEZ,IND,10.0,False
1686063,PLACILLA,PLACILLA,LICEO SAN FRANCISCO DE PLACILLA,2V,M.CHILE DIGNO VERDE Y SOBERANO,300. JORGE RICARDO MARTINEZ BOLVARAN,FREVS,6.0,False
1686064,PLACILLA,PLACILLA,LICEO SAN FRANCISCO DE PLACILLA,2V,M.CHILE DIGNO VERDE Y SOBERANO,301. ANGELICA ORLANDA SILVA CATALAN,FREVS,2.0,False
1686065,PLACILLA,PLACILLA,LICEO SAN FRANCISCO DE PLACILLA,2V,M.CHILE DIGNO VERDE Y SOBERANO,302. MARIA PATRICIA SALINAS ROMERO,IND,6.0,False
1686066,PLACILLA,PLACILLA,LICEO SAN FRANCISCO DE PLACILLA,2V,XK.CHILE VAMOS RENOVACION NACIONAL - INDEPENDIENTES,303. CESAR ANTONIO LOPEZ CEPEDA,RN,5.0,False
1686067,PLACILLA,PLACILLA,LICEO SAN FRANCISCO DE PLACILLA,2V,XK.CHILE VAMOS RENOVACION NACIONAL - INDEPENDIENTES,304. IVO MAX KEOMAR CARO ORELLANA,IND,1.0,False
1686068,PLACILLA,PLACILLA,LICEO SAN FRANCISCO DE PLACILLA,2V,XK.CHILE VAMOS RENOVACION NACIONAL - INDEPENDIENTES,305. DANIELA PAZ DIAZ ARIAS,IND,15.0,True
1686069,PLACILLA,PLACILLA,LICEO SAN FRANCISCO DE PLACILLA,2V,XK.CHILE VAMOS RENOVACION NACIONAL - INDEPENDIENTES,306. BELEN ZUÑIGA JARA,IND,2.0,False
1686070,PLACILLA,PLACILLA,LICEO SAN FRANCISCO DE PLACILLA,2V,XU.UNIDOS POR LA DIGNIDAD,307. PAULA ALEJANDRA BUSTAMANTE PINTO,PDC,6.0,False
1686071,PLACILLA,PLACILLA,LICEO SAN FRANCISCO DE PLACILLA,2V,XU.UNIDOS POR LA DIGNIDAD,308. MARCELO  GONZALEZ FARIAS,PDC,20.0,True
1686072,PLACILLA,PLACILLA,LICEO SAN FRANCISCO DE PLACILLA,2V,XU.UNIDOS POR LA DIGNIDAD,309. ARMANDO ENRIQUE REBOLLEDO BECERRA,IND,11.0,True
1686073,PLACILLA,PLACILLA,LICEO SAN FRANCISCO DE PLACILLA,2V,XU.UNIDOS POR LA DIGNIDAD,310. JORGE AUGUSTO CABELLO GAETE,IND,6.0,False
1686074,PLACILLA,PLACILLA,LICEO SAN FRANCISCO DE PLACILLA,2V,XU.UNIDOS POR LA DIGNIDAD,311. BASTIAN GIOVANNI PALOMINOS DINAMARCA,IND,19.0,True
1686075,PLACILLA,PLACILLA,LICEO SAN FRANCISCO DE PLACILLA,2V,YM.CHILE VAMOS - PRI E INDEPENDIENTES,312. LUIS MARIANO NAVARRO VIDAL,IND,2.0,False
1686076,PLACILLA,PLACILLA,LICEO SAN FRANCISCO DE PLACILLA,2V,YM.CHILE VAMOS - PRI E INDEPENDIENTES,313. ANGELICA LORETO LATORRE GONZALEZ,IND,8.0,False
1686077,PLACILLA,PLACILLA,LICEO SAN FRANCISCO DE PLACILLA,2V,YM.CHILE VAMOS - PRI E INDEPENDIENTES,314. JOVANA CRISTINA MORALES BURDILES,IND,0.0,False
1686078,PLACILLA,PLACILLA,LICEO SAN FRANCISCO DE PLACILLA,2V,YW.UNIDAD POR EL APRUEBO PS PPD E INDEPENDIENTES,315. ENRIQUE DIAZ QUIROZ,PPD,4.0,False
1686079,PLACILLA,PLACILLA,LICEO SAN FRANCISCO DE PLACILLA,2V,YW.UNIDAD POR EL APRUEBO PS PPD E INDEPENDIENTES,316. HERNAN SANTA MARIA GONZALEZ,PS,19.0,True
1686080,PLACILLA,PLACILLA,LICEO SAN FRANCISCO DE PLACILLA,2V,YW.UNIDAD POR EL APRUEBO PS PPD E INDEPENDIENTES,317. GERVASIO  GALAZ MUÑOZ,IND,5.0,False
1686081,PLACILLA,PLACILLA,LICEO SAN FRANCISCO DE PLACILLA,2V,ZJ.CHILE VAMOS UDI - INDEPENDIENTES,318. JUAN EDUARDO RAMIREZ GALLARDO,UDI,10.0,False
1686082,PLACILLA,PLACILLA,LICEO SAN FRANCISCO DE PLACILLA,2V,ZJ.CHILE VAMOS UDI - INDEPENDIENTES,319. CARLOS ALBERTO PABLO NUÑEZ FRITZ,UDI,2.0,False
1686083,PLACILLA,PLACILLA,LICEO SAN FRANCISCO DE PLACILLA,2V,ZJ.CHILE VAMOS UDI - INDEPENDIENTES,320. VANESSA YESENIA CABELLO PARADA,IND,0.0,False
1686084,PLACILLA,PLACILLA,LICEO SAN FRANCISCO DE PLACILLA,2V,ZJ.CHILE VAMOS UDI - INDEPENDIENTES,321. LUIS GERARDO MUÑOZ BECERRA,IND,1.0,False
1686085,PLACILLA,PLACILLA,LICEO SAN FRANCISCO DE PLACILLA,2V,ZU.RADICALES E INDEPENDIENTES,322. JOHANNA RAQUEL TREJOS SILVA,IND,7.0,True
1686086,PLACILLA,PLACILLA,LICEO SAN FRANCISCO DE PLACILLA,2V,ZU.RADICALES E INDEPENDIENTES,323. LAURA INES PONCE DONOSO,IND,7.0,False
1686087,PLACILLA,PLACILLA,LICEO SAN FRANCISCO DE PLACILLA,2V,ZU.RADICALES E INDEPENDIENTES,324. ITALO ANDRES DIAZ URIBE,IND,6.0,False
1686088,PLACILLA,PLACILLA,LICEO SAN FRANCISCO DE PLACILLA,2V,ZU.RADICALES E INDEPENDIENTES,325. DAVID HERNAN VERGARA ESPINA,IND,0.0,False
1686089,PLACILLA,PLACILLA,LICEO SAN FRANCISCO DE PLACILLA,2V,ZU.RADICALES E INDEPENDIENTES,326. XIMENA MARGARITA DIAZ CABELLO,IND,2.0,False
1686090,PLACILLA,PLACILLA,LICEO SAN FRANCISCO DE PLACILLA,2V,ZU.RADICALES E INDEPENDIENTES,327. SERGIO GUIDO FERRADA GOMEZ,IND,4.0,False
1686091,PLACILLA,PLACILLA,LICEO SAN FRANCISCO DE PLACILLA,3V,M.CHILE DIGNO VERDE Y SOBERANO,300. JORGE RICARDO MARTINEZ BOLVARAN,FREVS,5.0,False
1686092,PLACILLA,PLACILLA,LICEO SAN FRANCISCO DE PLACILLA,3V,M.CHILE DIGNO VERDE Y SOBERANO,301. ANGELICA ORLANDA SILVA CATALAN,FREVS,1.0,False
1686093,PLACILLA,PLACILLA,LICEO SAN FRANCISCO DE PLACILLA,3V,M.CHILE DIGNO VERDE Y SOBERANO,302. MARIA PATRICIA SALINAS ROMERO,IND,6.0,False
1686094,PLACILLA,PLACILLA,LICEO SAN FRANCISCO DE PLACILLA,3V,XK.CHILE VAMOS RENOVACION NACIONAL - INDEPENDIENTES,303. CESAR ANTONIO LOPEZ CEPEDA,RN,1.0,False
1686095,PLACILLA,PLACILLA,LICEO SAN FRANCISCO DE PLACILLA,3V,XK.CHILE VAMOS RENOVACION NACIONAL - INDEPENDIENTES,304. IVO MAX KEOMAR CARO ORELLANA,IND,0.0,False
1686096,PLACILLA,PLACILLA,LICEO SAN FRANCISCO DE PLACILLA,3V,XK.CHILE VAMOS RENOVACION NACIONAL - INDEPENDIENTES,305. DANIELA PAZ DIAZ ARIAS,IND,25.0,True
1686097,PLACILLA,PLACILLA,LICEO SAN FRANCISCO DE PLACILLA,3V,XK.CHILE VAMOS RENOVACION NACIONAL - INDEPENDIENTES,306. BELEN ZUÑIGA JARA,IND,0.0,False
1686098,PLACILLA,PLACILLA,LICEO SAN FRANCISCO DE PLACILLA,3V,XU.UNIDOS POR LA DIGNIDAD,307. PAULA ALEJANDRA BUSTAMANTE PINTO,PDC,5.0,False
1686099,PLACILLA,PLACILLA,LICEO SAN FRANCISCO DE PLACILLA,3V,XU.UNIDOS POR LA DIGNIDAD,308. MARCELO  GONZALEZ FARIAS,PDC,21.0,True
1686100,PLACILLA,PLACILLA,LICEO SAN FRANCISCO DE PLACILLA,3V,XU.UNIDOS POR LA DIGNIDAD,309. ARMANDO ENRIQUE REBOLLEDO BECERRA,IND,19.0,True
1686101,PLACILLA,PLACILLA,LICEO SAN FRANCISCO DE PLACILLA,3V,XU.UNIDOS POR LA DIGNIDAD,310. JORGE AUGUSTO CABELLO GAETE,IND,6.0,False
1686102,PLACILLA,PLACILLA,LICEO SAN FRANCISCO DE PLACILLA,3V,XU.UNIDOS POR LA DIGNIDAD,311. BASTIAN GIOVANNI PALOMINOS DINAMARCA,IND,17.0,True
1686103,PLACILLA,PLACILLA,LICEO SAN FRANCISCO DE PLACILLA,3V,YM.CHILE VAMOS - PRI E INDEPENDIENTES,312. LUIS MARIANO NAVARRO VIDAL,IND,4.0,False
1686104,PLACILLA,PLACILLA,LICEO SAN FRANCISCO DE PLACILLA,3V,YM.CHILE VAMOS - PRI E INDEPENDIENTES,313. ANGELICA LORETO LATORRE GONZALEZ,IND,7.0,False
1686105,PLACILLA,PLACILLA,LICEO SAN FRANCISCO DE PLACILLA,3V,YM.CHILE VAMOS - PRI E INDEPENDIENTES,314. JOVANA CRISTINA MORALES BURDILES,IND,1.0,False
1686106,PLACILLA,PLACILLA,LICEO SAN FRANCISCO DE PLACILLA,3V,YW.UNIDAD POR EL APRUEBO PS PPD E INDEPENDIENTES,315. ENRIQUE DIAZ QUIROZ,PPD,6.0,False
1686107,PLACILLA,PLACILLA,LICEO SAN FRANCISCO DE PLACILLA,3V,YW.UNIDAD POR EL APRUEBO PS PPD E INDEPENDIENTES,316. HERNAN SANTA MARIA GONZALEZ,PS,14.0,True
1686108,PLACILLA,PLACILLA,LICEO SAN FRANCISCO DE PLACILLA,3V,YW.UNIDAD POR EL APRUEBO PS PPD E INDEPENDIENTES,317. GERVASIO  GALAZ MUÑOZ,IND,6.0,False
1686109,PLACILLA,PLACILLA,LICEO SAN FRANCISCO DE PLACILLA,3V,ZJ.CHILE VAMOS UDI - INDEPENDIENTES,318. JUAN EDUARDO RAMIREZ GALLARDO,UDI,8.0,False
1686110,PLACILLA,PLACILLA,LICEO SAN FRANCISCO DE PLACILLA,3V,ZJ.CHILE VAMOS UDI - INDEPENDIENTES,319. CARLOS ALBERTO PABLO NUÑEZ FRITZ,UDI,5.0,False
1686111,PLACILLA,PLACILLA,LICEO SAN FRANCISCO DE PLACILLA,3V,ZJ.CHILE VAMOS UDI - INDEPENDIENTES,320. VANESSA YESENIA CABELLO PARADA,IND,1.0,False
1686112,PLACILLA,PLACILLA,LICEO SAN FRANCISCO DE PLACILLA,3V,ZJ.CHILE VAMOS UDI - INDEPENDIENTES,321. LUIS GERARDO MUÑOZ BECERRA,IND,0.0,False
1686113,PLACILLA,PLACILLA,LICEO SAN FRANCISCO DE PLACILLA,3V,ZU.RADICALES E INDEPENDIENTES,322. JOHANNA RAQUEL TREJOS SILVA,IND,7.0,True
1686114,PLACILLA,PLACILLA,LICEO SAN FRANCISCO DE PLACILLA,3V,ZU.RADICALES E INDEPENDIENTES,323. LAURA INES PONCE DONOSO,IND,9.0,False
1686115,PLACILLA,PLACILLA,LICEO SAN FRANCISCO DE PLACILLA,3V,ZU.RADICALES E INDEPENDIENTES,324. ITALO ANDRES DIAZ URIBE,IND,5.0,False
1686116,PLACILLA,PLACILLA,LICEO SAN FRANCISCO DE PLACILLA,3V,ZU.RADICALES E INDEPENDIENTES,325. DAVID HERNAN VERGARA ESPINA,IND,2.0,False
1686117,PLACILLA,PLACILLA,LICEO SAN FRANCISCO DE PLACILLA,3V,ZU.RADICALES E INDEPENDIENTES,326. XIMENA MARGARITA DIAZ CABELLO,IND,1.0,False
1686118,PLACILLA,PLACILLA,LICEO SAN FRANCISCO DE PLACILLA,3V,ZU.RADICALES E INDEPENDIENTES,327. SERGIO GUIDO FERRADA GOMEZ,IND,8.0,False
1686119,PLACILLA,PLACILLA,LICEO SAN FRANCISCO DE PLACILLA,4V,M.CHILE DIGNO VERDE Y SOBERANO,300. JORGE RICARDO MARTINEZ BOLVARAN,FREVS,6.0,False
1686120,PLACILLA,PLACILLA,LICEO SAN FRANCISCO DE PLACILLA,4V,M.CHILE DIGNO VERDE Y SOBERANO,301. ANGELICA ORLANDA SILVA CATALAN,FREVS,0.0,False
1686121,PLACILLA,PLACILLA,LICEO SAN FRANCISCO DE PLACILLA,4V,M.CHILE DIGNO VERDE Y SOBERANO,302. MARIA PATRICIA SALINAS ROMERO,IND,3.0,False
1686122,PLACILLA,PLACILLA,LICEO SAN FRANCISCO DE PLACILLA,4V,XK.CHILE VAMOS RENOVACION NACIONAL - INDEPENDIENTES,303. CESAR ANTONIO LOPEZ CEPEDA,RN,1.0,False
1686123,PLACILLA,PLACILLA,LICEO SAN FRANCISCO DE PLACILLA,4V,XK.CHILE VAMOS RENOVACION NACIONAL - INDEPENDIENTES,304. IVO MAX KEOMAR CARO ORELLANA,IND,1.0,False
1686124,PLACILLA,PLACILLA,LICEO SAN FRANCISCO DE PLACILLA,4V,XK.CHILE VAMOS RENOVACION NACIONAL - INDEPENDIENTES,305. DANIELA PAZ DIAZ ARIAS,IND,21.0,True
1686125,PLACILLA,PLACILLA,LICEO SAN FRANCISCO DE PLACILLA,4V,XK.CHILE VAMOS RENOVACION NACIONAL - INDEPENDIENTES,306. BELEN ZUÑIGA JARA,IND,1.0,False
1686126,PLACILLA,PLACILLA,LICEO SAN FRANCISCO DE PLACILLA,4V,XU.UNIDOS POR LA DIGNIDAD,307. PAULA ALEJANDRA BUSTAMANTE PINTO,PDC,7.0,False
1686127,PLACILLA,PLACILLA,LICEO SAN FRANCISCO DE PLACILLA,4V,XU.UNIDOS POR LA DIGNIDAD,308. MARCELO  GONZALEZ FARIAS,PDC,18.0,True
1686128,PLACILLA,PLACILLA,LICEO SAN FRANCISCO DE PLACILLA,4V,XU.UNIDOS POR LA DIGNIDAD,309. ARMANDO ENRIQUE REBOLLEDO BECERRA,IND,17.0,True
1686129,PLACILLA,PLACILLA,LICEO SAN FRANCISCO DE PLACILLA,4V,XU.UNIDOS POR LA DIGNIDAD,310. JORGE AUGUSTO CABELLO GAETE,IND,5.0,False
1686130,PLACILLA,PLACILLA,LICEO SAN FRANCISCO DE PLACILLA,4V,XU.UNIDOS POR LA DIGNIDAD,311. BASTIAN GIOVANNI PALOMINOS DINAMARCA,IND,17.0,True
1686131,PLACILLA,PLACILLA,LICEO SAN FRANCISCO DE PLACILLA,4V,YM.CHILE VAMOS - PRI E INDEPENDIENTES,312. LUIS MARIANO NAVARRO VIDAL,IND,6.0,False
1686132,PLACILLA,PLACILLA,LICEO SAN FRANCISCO DE PLACILLA,4V,YM.CHILE VAMOS - PRI E INDEPENDIENTES,313. ANGELICA LORETO LATORRE GONZALEZ,IND,11.0,False
1686133,PLACILLA,PLACILLA,LICEO SAN FRANCISCO DE PLACILLA,4V,YM.CHILE VAMOS - PRI E INDEPENDIENTES,314. JOVANA CRISTINA MORALES BURDILES,IND,1.0,False
1686134,PLACILLA,PLACILLA,LICEO SAN FRANCISCO DE PLACILLA,4V,YW.UNIDAD POR EL APRUEBO PS PPD E INDEPENDIENTES,315. ENRIQUE DIAZ QUIROZ,PPD,6.0,False
1686135,PLACILLA,PLACILLA,LICEO SAN FRANCISCO DE PLACILLA,4V,YW.UNIDAD POR EL APRUEBO PS PPD E INDEPENDIENTES,316. HERNAN SANTA MARIA GONZALEZ,PS,22.0,True
1686136,PLACILLA,PLACILLA,LICEO SAN FRANCISCO DE PLACILLA,4V,YW.UNIDAD POR EL APRUEBO PS PPD E INDEPENDIENTES,317. GERVASIO  GALAZ MUÑOZ,IND,13.0,False
1686137,PLACILLA,PLACILLA,LICEO SAN FRANCISCO DE PLACILLA,4V,ZJ.CHILE VAMOS UDI - INDEPENDIENTES,318. JUAN EDUARDO RAMIREZ GALLARDO,UDI,11.0,False
1686138,PLACILLA,PLACILLA,LICEO SAN FRANCISCO DE PLACILLA,4V,ZJ.CHILE VAMOS UDI - INDEPENDIENTES,319. CARLOS ALBERTO PABLO NUÑEZ FRITZ,UDI,1.0,False
1686139,PLACILLA,PLACILLA,LICEO SAN FRANCISCO DE PLACILLA,4V,ZJ.CHILE VAMOS UDI - INDEPENDIENTES,320. VANESSA YESENIA CABELLO PARADA,IND,0.0,False
1686140,PLACILLA,PLACILLA,LICEO SAN FRANCISCO DE PLACILLA,4V,ZJ.CHILE VAMOS UDI - INDEPENDIENTES,321. LUIS GERARDO MUÑOZ BECERRA,IND,1.0,False
1686141,PLACILLA,PLACILLA,LICEO SAN FRANCISCO DE PLACILLA,4V,ZU.RADICALES E INDEPENDIENTES,322. JOHANNA RAQUEL TREJOS SILVA,IND,6.0,True
1686142,PLACILLA,PLACILLA,LICEO SAN FRANCISCO DE PLACILLA,4V,ZU.RADICALES E INDEPENDIENTES,323. LAURA INES PONCE DONOSO,IND,2.0,False
1686143,PLACILLA,PLACILLA,LICEO SAN FRANCISCO DE PLACILLA,4V,ZU.RADICALES E INDEPENDIENTES,324. ITALO ANDRES DIAZ URIBE,IND,4.0,False
1686144,PLACILLA,PLACILLA,LICEO SAN FRANCISCO DE PLACILLA,4V,ZU.RADICALES E INDEPENDIENTES,325. DAVID HERNAN VERGARA ESPINA,IND,3.0,False
1686145,PLACILLA,PLACILLA,LICEO SAN FRANCISCO DE PLACILLA,4V,ZU.RADICALES E INDEPENDIENTES,326. XIMENA MARGARITA DIAZ CABELLO,IND,0.0,False
1686146,PLACILLA,PLACILLA,LICEO SAN FRANCISCO DE PLACILLA,4V,ZU.RADICALES E INDEPENDIENTES,327. SERGIO GUIDO FERRADA GOMEZ,IND,2.0,False
1686147,PLACILLA,PLACILLA,LICEO SAN FRANCISCO DE PLACILLA,5V,M.CHILE DIGNO VERDE Y SOBERANO,300. JORGE RICARDO MARTINEZ BOLVARAN,FREVS,9.0,False
1686148,PLACILLA,PLACILLA,LICEO SAN FRANCISCO DE PLACILLA,5V,M.CHILE DIGNO VERDE Y SOBERANO,301. ANGELICA ORLANDA SILVA CATALAN,FREVS,3.0,False
1686149,PLACILLA,PLACILLA,LICEO SAN FRANCISCO DE PLACILLA,5V,M.CHILE DIGNO VERDE Y SOBERANO,302. MARIA PATRICIA SALINAS ROMERO,IND,3.0,False
1686150,PLACILLA,PLACILLA,LICEO SAN FRANCISCO DE PLACILLA,5V,XK.CHILE VAMOS RENOVACION NACIONAL - INDEPENDIENTES,303. CESAR ANTONIO LOPEZ CEPEDA,RN,0.0,False
1686151,PLACILLA,PLACILLA,LICEO SAN FRANCISCO DE PLACILLA,5V,XK.CHILE VAMOS RENOVACION NACIONAL - INDEPENDIENTES,304. IVO MAX KEOMAR CARO ORELLANA,IND,1.0,False
1686152,PLACILLA,PLACILLA,LICEO SAN FRANCISCO DE PLACILLA,5V,XK.CHILE VAMOS RENOVACION NACIONAL - INDEPENDIENTES,305. DANIELA PAZ DIAZ ARIAS,IND,22.0,True
1686153,PLACILLA,PLACILLA,LICEO SAN FRANCISCO DE PLACILLA,5V,XK.CHILE VAMOS RENOVACION NACIONAL - INDEPENDIENTES,306. BELEN ZUÑIGA JARA,IND,0.0,False
1686154,PLACILLA,PLACILLA,LICEO SAN FRANCISCO DE PLACILLA,5V,XU.UNIDOS POR LA DIGNIDAD,307. PAULA ALEJANDRA BUSTAMANTE PINTO,PDC,3.0,False
1686155,PLACILLA,PLACILLA,LICEO SAN FRANCISCO DE PLACILLA,5V,XU.UNIDOS POR LA DIGNIDAD,308. MARCELO  GONZALEZ FARIAS,PDC,26.0,True
1686156,PLACILLA,PLACILLA,LICEO SAN FRANCISCO DE PLACILLA,5V,XU.UNIDOS POR LA DIGNIDAD,309. ARMANDO ENRIQUE REBOLLEDO BECERRA,IND,19.0,True
1686157,PLACILLA,PLACILLA,LICEO SAN FRANCISCO DE PLACILLA,5V,XU.UNIDOS POR LA DIGNIDAD,310. JORGE AUGUSTO CABELLO GAETE,IND,5.0,False
1686158,PLACILLA,PLACILLA,LICEO SAN FRANCISCO DE PLACILLA,5V,XU.UNIDOS POR LA DIGNIDAD,311. BASTIAN GIOVANNI PALOMINOS DINAMARCA,IND,25.0,True
1686159,PLACILLA,PLACILLA,LICEO SAN FRANCISCO DE PLACILLA,5V,YM.CHILE VAMOS - PRI E INDEPENDIENTES,312. LUIS MARIANO NAVARRO VIDAL,IND,2.0,False
1686160,PLACILLA,PLACILLA,LICEO SAN FRANCISCO DE PLACILLA,5V,YM.CHILE VAMOS - PRI E INDEPENDIENTES,313. ANGELICA LORETO LATORRE GONZALEZ,IND,10.0,False
1686161,PLACILLA,PLACILLA,LICEO SAN FRANCISCO DE PLACILLA,5V,YM.CHILE VAMOS - PRI E INDEPENDIENTES,314. JOVANA CRISTINA MORALES BURDILES,IND,2.0,False
1686162,PLACILLA,PLACILLA,LICEO SAN FRANCISCO DE PLACILLA,5V,YW.UNIDAD POR EL APRUEBO PS PPD E INDEPENDIENTES,315. ENRIQUE DIAZ QUIROZ,PPD,8.0,False
1686163,PLACILLA,PLACILLA,LICEO SAN FRANCISCO DE PLACILLA,5V,YW.UNIDAD POR EL APRUEBO PS PPD E INDEPENDIENTES,316. HERNAN SANTA MARIA GONZALEZ,PS,17.0,True
1686164,PLACILLA,PLACILLA,LICEO SAN FRANCISCO DE PLACILLA,5V,YW.UNIDAD POR EL APRUEBO PS PPD E INDEPENDIENTES,317. GERVASIO  GALAZ MUÑOZ,IND,6.0,False
1686165,PLACILLA,PLACILLA,LICEO SAN FRANCISCO DE PLACILLA,5V,ZJ.CHILE VAMOS UDI - INDEPENDIENTES,318. JUAN EDUARDO RAMIREZ GALLARDO,UDI,10.0,False
1686166,PLACILLA,PLACILLA,LICEO SAN FRANCISCO DE PLACILLA,5V,ZJ.CHILE VAMOS UDI - INDEPENDIENTES,319. CARLOS ALBERTO PABLO NUÑEZ FRITZ,UDI,1.0,False
1686167,PLACILLA,PLACILLA,LICEO SAN FRANCISCO DE PLACILLA,5V,ZJ.CHILE VAMOS UDI - INDEPENDIENTES,320. VANESSA YESENIA CABELLO PARADA,IND,1.0,False
1686168,PLACILLA,PLACILLA,LICEO SAN FRANCISCO DE PLACILLA,5V,ZJ.CHILE VAMOS UDI - INDEPENDIENTES,321. LUIS GERARDO MUÑOZ BECERRA,IND,0.0,False
1686169,PLACILLA,PLACILLA,LICEO SAN FRANCISCO DE PLACILLA,5V,ZU.RADICALES E INDEPENDIENTES,322. JOHANNA RAQUEL TREJOS SILVA,IND,8.0,True
1686170,PLACILLA,PLACILLA,LICEO SAN FRANCISCO DE PLACILLA,5V,ZU.RADICALES E INDEPENDIENTES,323. LAURA INES PONCE DONOSO,IND,6.0,False
1686171,PLACILLA,PLACILLA,LICEO SAN FRANCISCO DE PLACILLA,5V,ZU.RADICALES E INDEPENDIENTES,324. ITALO ANDRES DIAZ URIBE,IND,6.0,False
1686172,PLACILLA,PLACILLA,LICEO SAN FRANCISCO DE PLACILLA,5V,ZU.RADICALES E INDEPENDIENTES,325. DAVID HERNAN VERGARA ESPINA,IND,3.0,False
1686173,PLACILLA,PLACILLA,LICEO SAN FRANCISCO DE PLACILLA,5V,ZU.RADICALES E INDEPENDIENTES,326. XIMENA MARGARITA DIAZ CABELLO,IND,2.0,False
1686174,PLACILLA,PLACILLA,LICEO SAN FRANCISCO DE PLACILLA,5V,ZU.RADICALES E INDEPENDIENTES,327. SERGIO GUIDO FERRADA GOMEZ,IND,9.0,False
