,COMUNA,CIRC_ELEC,LOCAL,MESA,LISTA,CANDIDATX,PARTIDO,VOTOS,ELECTX
1965443,QUEILEN,QUEILEN,ESCUELA CHILHUE,1M,M.CHILE DIGNO VERDE Y SOBERANO,300. HECTOR SALVADOR SANTANA ALVAREZ,PCCH,4.0,False
1965444,QUEILEN,QUEILEN,ESCUELA CHILHUE,1M,M.CHILE DIGNO VERDE Y SOBERANO,301. CRISTINA ANDREA MIRANDA ROJAS,IND,3.0,False
1965445,QUEILEN,QUEILEN,ESCUELA CHILHUE,1M,M.CHILE DIGNO VERDE Y SOBERANO,302. JUAN JOSE PATRICIO MANSILLA BARRIA,IND,2.0,False
1965446,QUEILEN,QUEILEN,ESCUELA CHILHUE,1M,XK.CHILE VAMOS RENOVACION NACIONAL - INDEPENDIENTES,303. SANTIAGO JOEL BARRIA BARRIA,RN,16.0,True
1965447,QUEILEN,QUEILEN,ESCUELA CHILHUE,1M,XK.CHILE VAMOS RENOVACION NACIONAL - INDEPENDIENTES,304. JUAN ALDINO ARTEAGA MANSILLA,RN,,False
1965448,QUEILEN,QUEILEN,ESCUELA CHILHUE,1M,XK.CHILE VAMOS RENOVACION NACIONAL - INDEPENDIENTES,305. ROXANA PAMELA BARRIA OSORIO,RN,1.0,False
1965449,QUEILEN,QUEILEN,ESCUELA CHILHUE,1M,XU.UNIDOS POR LA DIGNIDAD,306. OCTAVIO ARCIDES BARRIA ALVARADO,PDC,16.0,True
1965450,QUEILEN,QUEILEN,ESCUELA CHILHUE,1M,XU.UNIDOS POR LA DIGNIDAD,307. DIEGO ARIEL BORQUEZ FORMANTEL,PRO,19.0,True
1965451,QUEILEN,QUEILEN,ESCUELA CHILHUE,1M,XU.UNIDOS POR LA DIGNIDAD,308. PEDRO SEGUNDO CARMONA ANTIGUAL,IND,6.0,False
1965452,QUEILEN,QUEILEN,ESCUELA CHILHUE,1M,XU.UNIDOS POR LA DIGNIDAD,309. DANIELA MARISEL ARIAS SANCHEZ,IND,5.0,False
1965453,QUEILEN,QUEILEN,ESCUELA CHILHUE,1M,XU.UNIDOS POR LA DIGNIDAD,310. MIGUEL ANGEL OPITZ GONZALEZ,IND,1.0,True
1965454,QUEILEN,QUEILEN,ESCUELA CHILHUE,1M,XU.UNIDOS POR LA DIGNIDAD,311. LUIS ANTONIO ALVARADO DIAZ,IND,6.0,False
1965455,QUEILEN,QUEILEN,ESCUELA CHILHUE,1M,YW.UNIDAD POR EL APRUEBO PS PPD E INDEPENDIENTES,312. JUAN CARLOS BARRIENTOS PEREZ,PS,8.0,True
1965456,QUEILEN,QUEILEN,ESCUELA CHILHUE,1M,YW.UNIDAD POR EL APRUEBO PS PPD E INDEPENDIENTES,313. SANTIAGO NAVARRO VARGAS,PS,13.0,False
1965457,QUEILEN,QUEILEN,ESCUELA CHILHUE,1M,YW.UNIDAD POR EL APRUEBO PS PPD E INDEPENDIENTES,314. TRANSITO DEL CARMEN BARRIA MILLALONCO,IND,4.0,False
1965458,QUEILEN,QUEILEN,ESCUELA CHILHUE,1M,YW.UNIDAD POR EL APRUEBO PS PPD E INDEPENDIENTES,315. GLADIS DEL CARMEN GONZALEZ DIAZ,IND,2.0,False
1965459,QUEILEN,QUEILEN,ESCUELA CHILHUE,1M,ZJ.CHILE VAMOS UDI - INDEPENDIENTES,316. CARMEN GLORIA CHIGUAY CHIGUAY,IND,2.0,False
1965460,QUEILEN,QUEILEN,ESCUELA CHILHUE,1M,ZJ.CHILE VAMOS UDI - INDEPENDIENTES,317. LUIS FERNANDO MARIO MARIO,IND,2.0,False
1965461,QUEILEN,QUEILEN,ESCUELA CHILHUE,1M,ZJ.CHILE VAMOS UDI - INDEPENDIENTES,318. MARIA HILDA CHIGUAY GALLARDO,IND,2.0,False
1965462,QUEILEN,QUEILEN,ESCUELA CHILHUE,1M,ZJ.CHILE VAMOS UDI - INDEPENDIENTES,319. LUIS ANGEL ANDRADE ARAYA,IND,2.0,False
1965463,QUEILEN,QUEILEN,ESCUELA CHILHUE,1M,ZU.RADICALES E INDEPENDIENTES,320. IGNACIO EDMUNDO CARCAMO SEPULVEDA,PR,13.0,True
1965464,QUEILEN,QUEILEN,ESCUELA CHILHUE,1M,ZU.RADICALES E INDEPENDIENTES,321. PERCI RIGO HARO ALVARADO,IND,1.0,False
1965465,QUEILEN,QUEILEN,ESCUELA CHILHUE,1M,ZU.RADICALES E INDEPENDIENTES,322. CLAUDIO ANDRES SANTANA SANTANA,IND,6.0,False
1965466,QUEILEN,QUEILEN,ESCUELA CHILHUE,2M,M.CHILE DIGNO VERDE Y SOBERANO,300. HECTOR SALVADOR SANTANA ALVAREZ,PCCH,1.0,False
1965467,QUEILEN,QUEILEN,ESCUELA CHILHUE,2M,M.CHILE DIGNO VERDE Y SOBERANO,301. CRISTINA ANDREA MIRANDA ROJAS,IND,1.0,False
1965468,QUEILEN,QUEILEN,ESCUELA CHILHUE,2M,M.CHILE DIGNO VERDE Y SOBERANO,302. JUAN JOSE PATRICIO MANSILLA BARRIA,IND,6.0,False
1965469,QUEILEN,QUEILEN,ESCUELA CHILHUE,2M,XK.CHILE VAMOS RENOVACION NACIONAL - INDEPENDIENTES,303. SANTIAGO JOEL BARRIA BARRIA,RN,18.0,True
1965470,QUEILEN,QUEILEN,ESCUELA CHILHUE,2M,XK.CHILE VAMOS RENOVACION NACIONAL - INDEPENDIENTES,304. JUAN ALDINO ARTEAGA MANSILLA,RN,0.0,False
1965471,QUEILEN,QUEILEN,ESCUELA CHILHUE,2M,XK.CHILE VAMOS RENOVACION NACIONAL - INDEPENDIENTES,305. ROXANA PAMELA BARRIA OSORIO,RN,6.0,False
1965472,QUEILEN,QUEILEN,ESCUELA CHILHUE,2M,XU.UNIDOS POR LA DIGNIDAD,306. OCTAVIO ARCIDES BARRIA ALVARADO,PDC,16.0,True
1965473,QUEILEN,QUEILEN,ESCUELA CHILHUE,2M,XU.UNIDOS POR LA DIGNIDAD,307. DIEGO ARIEL BORQUEZ FORMANTEL,PRO,21.0,True
1965474,QUEILEN,QUEILEN,ESCUELA CHILHUE,2M,XU.UNIDOS POR LA DIGNIDAD,308. PEDRO SEGUNDO CARMONA ANTIGUAL,IND,3.0,False
1965475,QUEILEN,QUEILEN,ESCUELA CHILHUE,2M,XU.UNIDOS POR LA DIGNIDAD,309. DANIELA MARISEL ARIAS SANCHEZ,IND,10.0,False
1965476,QUEILEN,QUEILEN,ESCUELA CHILHUE,2M,XU.UNIDOS POR LA DIGNIDAD,310. MIGUEL ANGEL OPITZ GONZALEZ,IND,5.0,True
1965477,QUEILEN,QUEILEN,ESCUELA CHILHUE,2M,XU.UNIDOS POR LA DIGNIDAD,311. LUIS ANTONIO ALVARADO DIAZ,IND,3.0,False
1965478,QUEILEN,QUEILEN,ESCUELA CHILHUE,2M,YW.UNIDAD POR EL APRUEBO PS PPD E INDEPENDIENTES,312. JUAN CARLOS BARRIENTOS PEREZ,PS,15.0,True
1965479,QUEILEN,QUEILEN,ESCUELA CHILHUE,2M,YW.UNIDAD POR EL APRUEBO PS PPD E INDEPENDIENTES,313. SANTIAGO NAVARRO VARGAS,PS,7.0,False
1965480,QUEILEN,QUEILEN,ESCUELA CHILHUE,2M,YW.UNIDAD POR EL APRUEBO PS PPD E INDEPENDIENTES,314. TRANSITO DEL CARMEN BARRIA MILLALONCO,IND,8.0,False
1965481,QUEILEN,QUEILEN,ESCUELA CHILHUE,2M,YW.UNIDAD POR EL APRUEBO PS PPD E INDEPENDIENTES,315. GLADIS DEL CARMEN GONZALEZ DIAZ,IND,1.0,False
1965482,QUEILEN,QUEILEN,ESCUELA CHILHUE,2M,ZJ.CHILE VAMOS UDI - INDEPENDIENTES,316. CARMEN GLORIA CHIGUAY CHIGUAY,IND,3.0,False
1965483,QUEILEN,QUEILEN,ESCUELA CHILHUE,2M,ZJ.CHILE VAMOS UDI - INDEPENDIENTES,317. LUIS FERNANDO MARIO MARIO,IND,2.0,False
1965484,QUEILEN,QUEILEN,ESCUELA CHILHUE,2M,ZJ.CHILE VAMOS UDI - INDEPENDIENTES,318. MARIA HILDA CHIGUAY GALLARDO,IND,7.0,False
1965485,QUEILEN,QUEILEN,ESCUELA CHILHUE,2M,ZJ.CHILE VAMOS UDI - INDEPENDIENTES,319. LUIS ANGEL ANDRADE ARAYA,IND,5.0,False
1965486,QUEILEN,QUEILEN,ESCUELA CHILHUE,2M,ZU.RADICALES E INDEPENDIENTES,320. IGNACIO EDMUNDO CARCAMO SEPULVEDA,PR,17.0,True
1965487,QUEILEN,QUEILEN,ESCUELA CHILHUE,2M,ZU.RADICALES E INDEPENDIENTES,321. PERCI RIGO HARO ALVARADO,IND,0.0,False
1965488,QUEILEN,QUEILEN,ESCUELA CHILHUE,2M,ZU.RADICALES E INDEPENDIENTES,322. CLAUDIO ANDRES SANTANA SANTANA,IND,4.0,False
1965489,QUEILEN,QUEILEN,ESCUELA CHILHUE,3M,M.CHILE DIGNO VERDE Y SOBERANO,300. HECTOR SALVADOR SANTANA ALVAREZ,PCCH,6.0,False
1965490,QUEILEN,QUEILEN,ESCUELA CHILHUE,3M,M.CHILE DIGNO VERDE Y SOBERANO,301. CRISTINA ANDREA MIRANDA ROJAS,IND,2.0,False
1965491,QUEILEN,QUEILEN,ESCUELA CHILHUE,3M,M.CHILE DIGNO VERDE Y SOBERANO,302. JUAN JOSE PATRICIO MANSILLA BARRIA,IND,1.0,False
1965492,QUEILEN,QUEILEN,ESCUELA CHILHUE,3M,XK.CHILE VAMOS RENOVACION NACIONAL - INDEPENDIENTES,303. SANTIAGO JOEL BARRIA BARRIA,RN,11.0,True
1965493,QUEILEN,QUEILEN,ESCUELA CHILHUE,3M,XK.CHILE VAMOS RENOVACION NACIONAL - INDEPENDIENTES,304. JUAN ALDINO ARTEAGA MANSILLA,RN,0.0,False
1965494,QUEILEN,QUEILEN,ESCUELA CHILHUE,3M,XK.CHILE VAMOS RENOVACION NACIONAL - INDEPENDIENTES,305. ROXANA PAMELA BARRIA OSORIO,RN,2.0,False
1965495,QUEILEN,QUEILEN,ESCUELA CHILHUE,3M,XU.UNIDOS POR LA DIGNIDAD,306. OCTAVIO ARCIDES BARRIA ALVARADO,PDC,14.0,True
1965496,QUEILEN,QUEILEN,ESCUELA CHILHUE,3M,XU.UNIDOS POR LA DIGNIDAD,307. DIEGO ARIEL BORQUEZ FORMANTEL,PRO,22.0,True
1965497,QUEILEN,QUEILEN,ESCUELA CHILHUE,3M,XU.UNIDOS POR LA DIGNIDAD,308. PEDRO SEGUNDO CARMONA ANTIGUAL,IND,2.0,False
1965498,QUEILEN,QUEILEN,ESCUELA CHILHUE,3M,XU.UNIDOS POR LA DIGNIDAD,309. DANIELA MARISEL ARIAS SANCHEZ,IND,9.0,False
1965499,QUEILEN,QUEILEN,ESCUELA CHILHUE,3M,XU.UNIDOS POR LA DIGNIDAD,310. MIGUEL ANGEL OPITZ GONZALEZ,IND,18.0,True
1965500,QUEILEN,QUEILEN,ESCUELA CHILHUE,3M,XU.UNIDOS POR LA DIGNIDAD,311. LUIS ANTONIO ALVARADO DIAZ,IND,4.0,False
1965501,QUEILEN,QUEILEN,ESCUELA CHILHUE,3M,YW.UNIDAD POR EL APRUEBO PS PPD E INDEPENDIENTES,312. JUAN CARLOS BARRIENTOS PEREZ,PS,9.0,True
1965502,QUEILEN,QUEILEN,ESCUELA CHILHUE,3M,YW.UNIDAD POR EL APRUEBO PS PPD E INDEPENDIENTES,313. SANTIAGO NAVARRO VARGAS,PS,6.0,False
1965503,QUEILEN,QUEILEN,ESCUELA CHILHUE,3M,YW.UNIDAD POR EL APRUEBO PS PPD E INDEPENDIENTES,314. TRANSITO DEL CARMEN BARRIA MILLALONCO,IND,12.0,False
1965504,QUEILEN,QUEILEN,ESCUELA CHILHUE,3M,YW.UNIDAD POR EL APRUEBO PS PPD E INDEPENDIENTES,315. GLADIS DEL CARMEN GONZALEZ DIAZ,IND,3.0,False
1965505,QUEILEN,QUEILEN,ESCUELA CHILHUE,3M,ZJ.CHILE VAMOS UDI - INDEPENDIENTES,316. CARMEN GLORIA CHIGUAY CHIGUAY,IND,2.0,False
1965506,QUEILEN,QUEILEN,ESCUELA CHILHUE,3M,ZJ.CHILE VAMOS UDI - INDEPENDIENTES,317. LUIS FERNANDO MARIO MARIO,IND,7.0,False
1965507,QUEILEN,QUEILEN,ESCUELA CHILHUE,3M,ZJ.CHILE VAMOS UDI - INDEPENDIENTES,318. MARIA HILDA CHIGUAY GALLARDO,IND,9.0,False
1965508,QUEILEN,QUEILEN,ESCUELA CHILHUE,3M,ZJ.CHILE VAMOS UDI - INDEPENDIENTES,319. LUIS ANGEL ANDRADE ARAYA,IND,8.0,False
1965509,QUEILEN,QUEILEN,ESCUELA CHILHUE,3M,ZU.RADICALES E INDEPENDIENTES,320. IGNACIO EDMUNDO CARCAMO SEPULVEDA,PR,15.0,True
1965510,QUEILEN,QUEILEN,ESCUELA CHILHUE,3M,ZU.RADICALES E INDEPENDIENTES,321. PERCI RIGO HARO ALVARADO,IND,0.0,False
1965511,QUEILEN,QUEILEN,ESCUELA CHILHUE,3M,ZU.RADICALES E INDEPENDIENTES,322. CLAUDIO ANDRES SANTANA SANTANA,IND,4.0,False
1965512,QUEILEN,QUEILEN,ESCUELA CHILHUE,4M,M.CHILE DIGNO VERDE Y SOBERANO,300. HECTOR SALVADOR SANTANA ALVAREZ,PCCH,3.0,False
1965513,QUEILEN,QUEILEN,ESCUELA CHILHUE,4M,M.CHILE DIGNO VERDE Y SOBERANO,301. CRISTINA ANDREA MIRANDA ROJAS,IND,0.0,False
1965514,QUEILEN,QUEILEN,ESCUELA CHILHUE,4M,M.CHILE DIGNO VERDE Y SOBERANO,302. JUAN JOSE PATRICIO MANSILLA BARRIA,IND,2.0,False
1965515,QUEILEN,QUEILEN,ESCUELA CHILHUE,4M,XK.CHILE VAMOS RENOVACION NACIONAL - INDEPENDIENTES,303. SANTIAGO JOEL BARRIA BARRIA,RN,13.0,True
1965516,QUEILEN,QUEILEN,ESCUELA CHILHUE,4M,XK.CHILE VAMOS RENOVACION NACIONAL - INDEPENDIENTES,304. JUAN ALDINO ARTEAGA MANSILLA,RN,3.0,False
1965517,QUEILEN,QUEILEN,ESCUELA CHILHUE,4M,XK.CHILE VAMOS RENOVACION NACIONAL - INDEPENDIENTES,305. ROXANA PAMELA BARRIA OSORIO,RN,3.0,False
1965518,QUEILEN,QUEILEN,ESCUELA CHILHUE,4M,XU.UNIDOS POR LA DIGNIDAD,306. OCTAVIO ARCIDES BARRIA ALVARADO,PDC,23.0,True
1965519,QUEILEN,QUEILEN,ESCUELA CHILHUE,4M,XU.UNIDOS POR LA DIGNIDAD,307. DIEGO ARIEL BORQUEZ FORMANTEL,PRO,16.0,True
1965520,QUEILEN,QUEILEN,ESCUELA CHILHUE,4M,XU.UNIDOS POR LA DIGNIDAD,308. PEDRO SEGUNDO CARMONA ANTIGUAL,IND,3.0,False
1965521,QUEILEN,QUEILEN,ESCUELA CHILHUE,4M,XU.UNIDOS POR LA DIGNIDAD,309. DANIELA MARISEL ARIAS SANCHEZ,IND,6.0,False
1965522,QUEILEN,QUEILEN,ESCUELA CHILHUE,4M,XU.UNIDOS POR LA DIGNIDAD,310. MIGUEL ANGEL OPITZ GONZALEZ,IND,12.0,True
1965523,QUEILEN,QUEILEN,ESCUELA CHILHUE,4M,XU.UNIDOS POR LA DIGNIDAD,311. LUIS ANTONIO ALVARADO DIAZ,IND,4.0,False
1965524,QUEILEN,QUEILEN,ESCUELA CHILHUE,4M,YW.UNIDAD POR EL APRUEBO PS PPD E INDEPENDIENTES,312. JUAN CARLOS BARRIENTOS PEREZ,PS,13.0,True
1965525,QUEILEN,QUEILEN,ESCUELA CHILHUE,4M,YW.UNIDAD POR EL APRUEBO PS PPD E INDEPENDIENTES,313. SANTIAGO NAVARRO VARGAS,PS,13.0,False
1965526,QUEILEN,QUEILEN,ESCUELA CHILHUE,4M,YW.UNIDAD POR EL APRUEBO PS PPD E INDEPENDIENTES,314. TRANSITO DEL CARMEN BARRIA MILLALONCO,IND,8.0,False
1965527,QUEILEN,QUEILEN,ESCUELA CHILHUE,4M,YW.UNIDAD POR EL APRUEBO PS PPD E INDEPENDIENTES,315. GLADIS DEL CARMEN GONZALEZ DIAZ,IND,2.0,False
1965528,QUEILEN,QUEILEN,ESCUELA CHILHUE,4M,ZJ.CHILE VAMOS UDI - INDEPENDIENTES,316. CARMEN GLORIA CHIGUAY CHIGUAY,IND,1.0,False
1965529,QUEILEN,QUEILEN,ESCUELA CHILHUE,4M,ZJ.CHILE VAMOS UDI - INDEPENDIENTES,317. LUIS FERNANDO MARIO MARIO,IND,6.0,False
1965530,QUEILEN,QUEILEN,ESCUELA CHILHUE,4M,ZJ.CHILE VAMOS UDI - INDEPENDIENTES,318. MARIA HILDA CHIGUAY GALLARDO,IND,2.0,False
1965531,QUEILEN,QUEILEN,ESCUELA CHILHUE,4M,ZJ.CHILE VAMOS UDI - INDEPENDIENTES,319. LUIS ANGEL ANDRADE ARAYA,IND,11.0,False
1965532,QUEILEN,QUEILEN,ESCUELA CHILHUE,4M,ZU.RADICALES E INDEPENDIENTES,320. IGNACIO EDMUNDO CARCAMO SEPULVEDA,PR,16.0,True
1965533,QUEILEN,QUEILEN,ESCUELA CHILHUE,4M,ZU.RADICALES E INDEPENDIENTES,321. PERCI RIGO HARO ALVARADO,IND,0.0,False
1965534,QUEILEN,QUEILEN,ESCUELA CHILHUE,4M,ZU.RADICALES E INDEPENDIENTES,322. CLAUDIO ANDRES SANTANA SANTANA,IND,0.0,False
1965535,QUEILEN,QUEILEN,ESCUELA CHILHUE,5M,M.CHILE DIGNO VERDE Y SOBERANO,300. HECTOR SALVADOR SANTANA ALVAREZ,PCCH,9.0,False
1965536,QUEILEN,QUEILEN,ESCUELA CHILHUE,5M,M.CHILE DIGNO VERDE Y SOBERANO,301. CRISTINA ANDREA MIRANDA ROJAS,IND,1.0,False
1965537,QUEILEN,QUEILEN,ESCUELA CHILHUE,5M,M.CHILE DIGNO VERDE Y SOBERANO,302. JUAN JOSE PATRICIO MANSILLA BARRIA,IND,3.0,False
1965538,QUEILEN,QUEILEN,ESCUELA CHILHUE,5M,XK.CHILE VAMOS RENOVACION NACIONAL - INDEPENDIENTES,303. SANTIAGO JOEL BARRIA BARRIA,RN,17.0,True
1965539,QUEILEN,QUEILEN,ESCUELA CHILHUE,5M,XK.CHILE VAMOS RENOVACION NACIONAL - INDEPENDIENTES,304. JUAN ALDINO ARTEAGA MANSILLA,RN,2.0,False
1965540,QUEILEN,QUEILEN,ESCUELA CHILHUE,5M,XK.CHILE VAMOS RENOVACION NACIONAL - INDEPENDIENTES,305. ROXANA PAMELA BARRIA OSORIO,RN,14.0,False
1965541,QUEILEN,QUEILEN,ESCUELA CHILHUE,5M,XU.UNIDOS POR LA DIGNIDAD,306. OCTAVIO ARCIDES BARRIA ALVARADO,PDC,25.0,True
1965542,QUEILEN,QUEILEN,ESCUELA CHILHUE,5M,XU.UNIDOS POR LA DIGNIDAD,307. DIEGO ARIEL BORQUEZ FORMANTEL,PRO,28.0,True
1965543,QUEILEN,QUEILEN,ESCUELA CHILHUE,5M,XU.UNIDOS POR LA DIGNIDAD,308. PEDRO SEGUNDO CARMONA ANTIGUAL,IND,4.0,False
1965544,QUEILEN,QUEILEN,ESCUELA CHILHUE,5M,XU.UNIDOS POR LA DIGNIDAD,309. DANIELA MARISEL ARIAS SANCHEZ,IND,11.0,False
1965545,QUEILEN,QUEILEN,ESCUELA CHILHUE,5M,XU.UNIDOS POR LA DIGNIDAD,310. MIGUEL ANGEL OPITZ GONZALEZ,IND,18.0,True
1965546,QUEILEN,QUEILEN,ESCUELA CHILHUE,5M,XU.UNIDOS POR LA DIGNIDAD,311. LUIS ANTONIO ALVARADO DIAZ,IND,1.0,False
1965547,QUEILEN,QUEILEN,ESCUELA CHILHUE,5M,YW.UNIDAD POR EL APRUEBO PS PPD E INDEPENDIENTES,312. JUAN CARLOS BARRIENTOS PEREZ,PS,18.0,True
1965548,QUEILEN,QUEILEN,ESCUELA CHILHUE,5M,YW.UNIDAD POR EL APRUEBO PS PPD E INDEPENDIENTES,313. SANTIAGO NAVARRO VARGAS,PS,12.0,False
1965549,QUEILEN,QUEILEN,ESCUELA CHILHUE,5M,YW.UNIDAD POR EL APRUEBO PS PPD E INDEPENDIENTES,314. TRANSITO DEL CARMEN BARRIA MILLALONCO,IND,9.0,False
1965550,QUEILEN,QUEILEN,ESCUELA CHILHUE,5M,YW.UNIDAD POR EL APRUEBO PS PPD E INDEPENDIENTES,315. GLADIS DEL CARMEN GONZALEZ DIAZ,IND,3.0,False
1965551,QUEILEN,QUEILEN,ESCUELA CHILHUE,5M,ZJ.CHILE VAMOS UDI - INDEPENDIENTES,316. CARMEN GLORIA CHIGUAY CHIGUAY,IND,3.0,False
1965552,QUEILEN,QUEILEN,ESCUELA CHILHUE,5M,ZJ.CHILE VAMOS UDI - INDEPENDIENTES,317. LUIS FERNANDO MARIO MARIO,IND,4.0,False
1965553,QUEILEN,QUEILEN,ESCUELA CHILHUE,5M,ZJ.CHILE VAMOS UDI - INDEPENDIENTES,318. MARIA HILDA CHIGUAY GALLARDO,IND,2.0,False
1965554,QUEILEN,QUEILEN,ESCUELA CHILHUE,5M,ZJ.CHILE VAMOS UDI - INDEPENDIENTES,319. LUIS ANGEL ANDRADE ARAYA,IND,11.0,False
1965555,QUEILEN,QUEILEN,ESCUELA CHILHUE,5M,ZU.RADICALES E INDEPENDIENTES,320. IGNACIO EDMUNDO CARCAMO SEPULVEDA,PR,13.0,True
1965556,QUEILEN,QUEILEN,ESCUELA CHILHUE,5M,ZU.RADICALES E INDEPENDIENTES,321. PERCI RIGO HARO ALVARADO,IND,0.0,False
1965557,QUEILEN,QUEILEN,ESCUELA CHILHUE,5M,ZU.RADICALES E INDEPENDIENTES,322. CLAUDIO ANDRES SANTANA SANTANA,IND,6.0,False
1965558,QUEILEN,QUEILEN,ESCUELA CHILHUE,6M,M.CHILE DIGNO VERDE Y SOBERANO,300. HECTOR SALVADOR SANTANA ALVAREZ,PCCH,15.0,False
1965559,QUEILEN,QUEILEN,ESCUELA CHILHUE,6M,M.CHILE DIGNO VERDE Y SOBERANO,301. CRISTINA ANDREA MIRANDA ROJAS,IND,3.0,False
1965560,QUEILEN,QUEILEN,ESCUELA CHILHUE,6M,M.CHILE DIGNO VERDE Y SOBERANO,302. JUAN JOSE PATRICIO MANSILLA BARRIA,IND,3.0,False
1965561,QUEILEN,QUEILEN,ESCUELA CHILHUE,6M,XK.CHILE VAMOS RENOVACION NACIONAL - INDEPENDIENTES,303. SANTIAGO JOEL BARRIA BARRIA,RN,18.0,True
1965562,QUEILEN,QUEILEN,ESCUELA CHILHUE,6M,XK.CHILE VAMOS RENOVACION NACIONAL - INDEPENDIENTES,304. JUAN ALDINO ARTEAGA MANSILLA,RN,1.0,False
1965563,QUEILEN,QUEILEN,ESCUELA CHILHUE,6M,XK.CHILE VAMOS RENOVACION NACIONAL - INDEPENDIENTES,305. ROXANA PAMELA BARRIA OSORIO,RN,9.0,False
1965564,QUEILEN,QUEILEN,ESCUELA CHILHUE,6M,XU.UNIDOS POR LA DIGNIDAD,306. OCTAVIO ARCIDES BARRIA ALVARADO,PDC,24.0,True
1965565,QUEILEN,QUEILEN,ESCUELA CHILHUE,6M,XU.UNIDOS POR LA DIGNIDAD,307. DIEGO ARIEL BORQUEZ FORMANTEL,PRO,38.0,True
1965566,QUEILEN,QUEILEN,ESCUELA CHILHUE,6M,XU.UNIDOS POR LA DIGNIDAD,308. PEDRO SEGUNDO CARMONA ANTIGUAL,IND,5.0,False
1965567,QUEILEN,QUEILEN,ESCUELA CHILHUE,6M,XU.UNIDOS POR LA DIGNIDAD,309. DANIELA MARISEL ARIAS SANCHEZ,IND,7.0,False
1965568,QUEILEN,QUEILEN,ESCUELA CHILHUE,6M,XU.UNIDOS POR LA DIGNIDAD,310. MIGUEL ANGEL OPITZ GONZALEZ,IND,15.0,True
1965569,QUEILEN,QUEILEN,ESCUELA CHILHUE,6M,XU.UNIDOS POR LA DIGNIDAD,311. LUIS ANTONIO ALVARADO DIAZ,IND,3.0,False
1965570,QUEILEN,QUEILEN,ESCUELA CHILHUE,6M,YW.UNIDAD POR EL APRUEBO PS PPD E INDEPENDIENTES,312. JUAN CARLOS BARRIENTOS PEREZ,PS,14.0,True
1965571,QUEILEN,QUEILEN,ESCUELA CHILHUE,6M,YW.UNIDAD POR EL APRUEBO PS PPD E INDEPENDIENTES,313. SANTIAGO NAVARRO VARGAS,PS,10.0,False
1965572,QUEILEN,QUEILEN,ESCUELA CHILHUE,6M,YW.UNIDAD POR EL APRUEBO PS PPD E INDEPENDIENTES,314. TRANSITO DEL CARMEN BARRIA MILLALONCO,IND,11.0,False
1965573,QUEILEN,QUEILEN,ESCUELA CHILHUE,6M,YW.UNIDAD POR EL APRUEBO PS PPD E INDEPENDIENTES,315. GLADIS DEL CARMEN GONZALEZ DIAZ,IND,2.0,False
1965574,QUEILEN,QUEILEN,ESCUELA CHILHUE,6M,ZJ.CHILE VAMOS UDI - INDEPENDIENTES,316. CARMEN GLORIA CHIGUAY CHIGUAY,IND,3.0,False
1965575,QUEILEN,QUEILEN,ESCUELA CHILHUE,6M,ZJ.CHILE VAMOS UDI - INDEPENDIENTES,317. LUIS FERNANDO MARIO MARIO,IND,4.0,False
1965576,QUEILEN,QUEILEN,ESCUELA CHILHUE,6M,ZJ.CHILE VAMOS UDI - INDEPENDIENTES,318. MARIA HILDA CHIGUAY GALLARDO,IND,2.0,False
1965577,QUEILEN,QUEILEN,ESCUELA CHILHUE,6M,ZJ.CHILE VAMOS UDI - INDEPENDIENTES,319. LUIS ANGEL ANDRADE ARAYA,IND,15.0,False
1965578,QUEILEN,QUEILEN,ESCUELA CHILHUE,6M,ZU.RADICALES E INDEPENDIENTES,320. IGNACIO EDMUNDO CARCAMO SEPULVEDA,PR,18.0,True
1965579,QUEILEN,QUEILEN,ESCUELA CHILHUE,6M,ZU.RADICALES E INDEPENDIENTES,321. PERCI RIGO HARO ALVARADO,IND,2.0,False
1965580,QUEILEN,QUEILEN,ESCUELA CHILHUE,6M,ZU.RADICALES E INDEPENDIENTES,322. CLAUDIO ANDRES SANTANA SANTANA,IND,4.0,False
1965581,QUEILEN,QUEILEN,ESCUELA CHILHUE,7M,M.CHILE DIGNO VERDE Y SOBERANO,300. HECTOR SALVADOR SANTANA ALVAREZ,PCCH,14.0,False
1965582,QUEILEN,QUEILEN,ESCUELA CHILHUE,7M,M.CHILE DIGNO VERDE Y SOBERANO,301. CRISTINA ANDREA MIRANDA ROJAS,IND,3.0,False
1965583,QUEILEN,QUEILEN,ESCUELA CHILHUE,7M,M.CHILE DIGNO VERDE Y SOBERANO,302. JUAN JOSE PATRICIO MANSILLA BARRIA,IND,6.0,False
1965584,QUEILEN,QUEILEN,ESCUELA CHILHUE,7M,XK.CHILE VAMOS RENOVACION NACIONAL - INDEPENDIENTES,303. SANTIAGO JOEL BARRIA BARRIA,RN,18.0,True
1965585,QUEILEN,QUEILEN,ESCUELA CHILHUE,7M,XK.CHILE VAMOS RENOVACION NACIONAL - INDEPENDIENTES,304. JUAN ALDINO ARTEAGA MANSILLA,RN,0.0,False
1965586,QUEILEN,QUEILEN,ESCUELA CHILHUE,7M,XK.CHILE VAMOS RENOVACION NACIONAL - INDEPENDIENTES,305. ROXANA PAMELA BARRIA OSORIO,RN,7.0,False
1965587,QUEILEN,QUEILEN,ESCUELA CHILHUE,7M,XU.UNIDOS POR LA DIGNIDAD,306. OCTAVIO ARCIDES BARRIA ALVARADO,PDC,22.0,True
1965588,QUEILEN,QUEILEN,ESCUELA CHILHUE,7M,XU.UNIDOS POR LA DIGNIDAD,307. DIEGO ARIEL BORQUEZ FORMANTEL,PRO,38.0,True
1965589,QUEILEN,QUEILEN,ESCUELA CHILHUE,7M,XU.UNIDOS POR LA DIGNIDAD,308. PEDRO SEGUNDO CARMONA ANTIGUAL,IND,4.0,False
1965590,QUEILEN,QUEILEN,ESCUELA CHILHUE,7M,XU.UNIDOS POR LA DIGNIDAD,309. DANIELA MARISEL ARIAS SANCHEZ,IND,11.0,False
1965591,QUEILEN,QUEILEN,ESCUELA CHILHUE,7M,XU.UNIDOS POR LA DIGNIDAD,310. MIGUEL ANGEL OPITZ GONZALEZ,IND,17.0,True
1965592,QUEILEN,QUEILEN,ESCUELA CHILHUE,7M,XU.UNIDOS POR LA DIGNIDAD,311. LUIS ANTONIO ALVARADO DIAZ,IND,5.0,False
1965593,QUEILEN,QUEILEN,ESCUELA CHILHUE,7M,YW.UNIDAD POR EL APRUEBO PS PPD E INDEPENDIENTES,312. JUAN CARLOS BARRIENTOS PEREZ,PS,17.0,True
1965594,QUEILEN,QUEILEN,ESCUELA CHILHUE,7M,YW.UNIDAD POR EL APRUEBO PS PPD E INDEPENDIENTES,313. SANTIAGO NAVARRO VARGAS,PS,10.0,False
1965595,QUEILEN,QUEILEN,ESCUELA CHILHUE,7M,YW.UNIDAD POR EL APRUEBO PS PPD E INDEPENDIENTES,314. TRANSITO DEL CARMEN BARRIA MILLALONCO,IND,11.0,False
1965596,QUEILEN,QUEILEN,ESCUELA CHILHUE,7M,YW.UNIDAD POR EL APRUEBO PS PPD E INDEPENDIENTES,315. GLADIS DEL CARMEN GONZALEZ DIAZ,IND,2.0,False
1965597,QUEILEN,QUEILEN,ESCUELA CHILHUE,7M,ZJ.CHILE VAMOS UDI - INDEPENDIENTES,316. CARMEN GLORIA CHIGUAY CHIGUAY,IND,5.0,False
1965598,QUEILEN,QUEILEN,ESCUELA CHILHUE,7M,ZJ.CHILE VAMOS UDI - INDEPENDIENTES,317. LUIS FERNANDO MARIO MARIO,IND,1.0,False
1965599,QUEILEN,QUEILEN,ESCUELA CHILHUE,7M,ZJ.CHILE VAMOS UDI - INDEPENDIENTES,318. MARIA HILDA CHIGUAY GALLARDO,IND,9.0,False
1965600,QUEILEN,QUEILEN,ESCUELA CHILHUE,7M,ZJ.CHILE VAMOS UDI - INDEPENDIENTES,319. LUIS ANGEL ANDRADE ARAYA,IND,10.0,False
1965601,QUEILEN,QUEILEN,ESCUELA CHILHUE,7M,ZU.RADICALES E INDEPENDIENTES,320. IGNACIO EDMUNDO CARCAMO SEPULVEDA,PR,33.0,True
1965602,QUEILEN,QUEILEN,ESCUELA CHILHUE,7M,ZU.RADICALES E INDEPENDIENTES,321. PERCI RIGO HARO ALVARADO,IND,0.0,False
1965603,QUEILEN,QUEILEN,ESCUELA CHILHUE,7M,ZU.RADICALES E INDEPENDIENTES,322. CLAUDIO ANDRES SANTANA SANTANA,IND,7.0,False
1965604,QUEILEN,QUEILEN,ESCUELA CHILHUE,1V,M.CHILE DIGNO VERDE Y SOBERANO,300. HECTOR SALVADOR SANTANA ALVAREZ,PCCH,3.0,False
1965605,QUEILEN,QUEILEN,ESCUELA CHILHUE,1V,M.CHILE DIGNO VERDE Y SOBERANO,301. CRISTINA ANDREA MIRANDA ROJAS,IND,1.0,False
1965606,QUEILEN,QUEILEN,ESCUELA CHILHUE,1V,M.CHILE DIGNO VERDE Y SOBERANO,302. JUAN JOSE PATRICIO MANSILLA BARRIA,IND,2.0,False
1965607,QUEILEN,QUEILEN,ESCUELA CHILHUE,1V,XK.CHILE VAMOS RENOVACION NACIONAL - INDEPENDIENTES,303. SANTIAGO JOEL BARRIA BARRIA,RN,15.0,True
1965608,QUEILEN,QUEILEN,ESCUELA CHILHUE,1V,XK.CHILE VAMOS RENOVACION NACIONAL - INDEPENDIENTES,304. JUAN ALDINO ARTEAGA MANSILLA,RN,2.0,False
1965609,QUEILEN,QUEILEN,ESCUELA CHILHUE,1V,XK.CHILE VAMOS RENOVACION NACIONAL - INDEPENDIENTES,305. ROXANA PAMELA BARRIA OSORIO,RN,2.0,False
1965610,QUEILEN,QUEILEN,ESCUELA CHILHUE,1V,XU.UNIDOS POR LA DIGNIDAD,306. OCTAVIO ARCIDES BARRIA ALVARADO,PDC,15.0,True
1965611,QUEILEN,QUEILEN,ESCUELA CHILHUE,1V,XU.UNIDOS POR LA DIGNIDAD,307. DIEGO ARIEL BORQUEZ FORMANTEL,PRO,21.0,True
1965612,QUEILEN,QUEILEN,ESCUELA CHILHUE,1V,XU.UNIDOS POR LA DIGNIDAD,308. PEDRO SEGUNDO CARMONA ANTIGUAL,IND,5.0,False
1965613,QUEILEN,QUEILEN,ESCUELA CHILHUE,1V,XU.UNIDOS POR LA DIGNIDAD,309. DANIELA MARISEL ARIAS SANCHEZ,IND,4.0,False
1965614,QUEILEN,QUEILEN,ESCUELA CHILHUE,1V,XU.UNIDOS POR LA DIGNIDAD,310. MIGUEL ANGEL OPITZ GONZALEZ,IND,17.0,True
1965615,QUEILEN,QUEILEN,ESCUELA CHILHUE,1V,XU.UNIDOS POR LA DIGNIDAD,311. LUIS ANTONIO ALVARADO DIAZ,IND,1.0,False
1965616,QUEILEN,QUEILEN,ESCUELA CHILHUE,1V,YW.UNIDAD POR EL APRUEBO PS PPD E INDEPENDIENTES,312. JUAN CARLOS BARRIENTOS PEREZ,PS,11.0,True
1965617,QUEILEN,QUEILEN,ESCUELA CHILHUE,1V,YW.UNIDAD POR EL APRUEBO PS PPD E INDEPENDIENTES,313. SANTIAGO NAVARRO VARGAS,PS,13.0,False
1965618,QUEILEN,QUEILEN,ESCUELA CHILHUE,1V,YW.UNIDAD POR EL APRUEBO PS PPD E INDEPENDIENTES,314. TRANSITO DEL CARMEN BARRIA MILLALONCO,IND,5.0,False
1965619,QUEILEN,QUEILEN,ESCUELA CHILHUE,1V,YW.UNIDAD POR EL APRUEBO PS PPD E INDEPENDIENTES,315. GLADIS DEL CARMEN GONZALEZ DIAZ,IND,2.0,False
1965620,QUEILEN,QUEILEN,ESCUELA CHILHUE,1V,ZJ.CHILE VAMOS UDI - INDEPENDIENTES,316. CARMEN GLORIA CHIGUAY CHIGUAY,IND,3.0,False
1965621,QUEILEN,QUEILEN,ESCUELA CHILHUE,1V,ZJ.CHILE VAMOS UDI - INDEPENDIENTES,317. LUIS FERNANDO MARIO MARIO,IND,1.0,False
1965622,QUEILEN,QUEILEN,ESCUELA CHILHUE,1V,ZJ.CHILE VAMOS UDI - INDEPENDIENTES,318. MARIA HILDA CHIGUAY GALLARDO,IND,0.0,False
1965623,QUEILEN,QUEILEN,ESCUELA CHILHUE,1V,ZJ.CHILE VAMOS UDI - INDEPENDIENTES,319. LUIS ANGEL ANDRADE ARAYA,IND,1.0,False
1965624,QUEILEN,QUEILEN,ESCUELA CHILHUE,1V,ZU.RADICALES E INDEPENDIENTES,320. IGNACIO EDMUNDO CARCAMO SEPULVEDA,PR,12.0,True
1965625,QUEILEN,QUEILEN,ESCUELA CHILHUE,1V,ZU.RADICALES E INDEPENDIENTES,321. PERCI RIGO HARO ALVARADO,IND,0.0,False
1965626,QUEILEN,QUEILEN,ESCUELA CHILHUE,1V,ZU.RADICALES E INDEPENDIENTES,322. CLAUDIO ANDRES SANTANA SANTANA,IND,3.0,False
1965627,QUEILEN,QUEILEN,ESCUELA CHILHUE,2V,M.CHILE DIGNO VERDE Y SOBERANO,300. HECTOR SALVADOR SANTANA ALVAREZ,PCCH,5.0,False
1965628,QUEILEN,QUEILEN,ESCUELA CHILHUE,2V,M.CHILE DIGNO VERDE Y SOBERANO,301. CRISTINA ANDREA MIRANDA ROJAS,IND,1.0,False
1965629,QUEILEN,QUEILEN,ESCUELA CHILHUE,2V,M.CHILE DIGNO VERDE Y SOBERANO,302. JUAN JOSE PATRICIO MANSILLA BARRIA,IND,2.0,False
1965630,QUEILEN,QUEILEN,ESCUELA CHILHUE,2V,XK.CHILE VAMOS RENOVACION NACIONAL - INDEPENDIENTES,303. SANTIAGO JOEL BARRIA BARRIA,RN,11.0,True
1965631,QUEILEN,QUEILEN,ESCUELA CHILHUE,2V,XK.CHILE VAMOS RENOVACION NACIONAL - INDEPENDIENTES,304. JUAN ALDINO ARTEAGA MANSILLA,RN,4.0,False
1965632,QUEILEN,QUEILEN,ESCUELA CHILHUE,2V,XK.CHILE VAMOS RENOVACION NACIONAL - INDEPENDIENTES,305. ROXANA PAMELA BARRIA OSORIO,RN,5.0,False
1965633,QUEILEN,QUEILEN,ESCUELA CHILHUE,2V,XU.UNIDOS POR LA DIGNIDAD,306. OCTAVIO ARCIDES BARRIA ALVARADO,PDC,37.0,True
1965634,QUEILEN,QUEILEN,ESCUELA CHILHUE,2V,XU.UNIDOS POR LA DIGNIDAD,307. DIEGO ARIEL BORQUEZ FORMANTEL,PRO,13.0,True
1965635,QUEILEN,QUEILEN,ESCUELA CHILHUE,2V,XU.UNIDOS POR LA DIGNIDAD,308. PEDRO SEGUNDO CARMONA ANTIGUAL,IND,1.0,False
1965636,QUEILEN,QUEILEN,ESCUELA CHILHUE,2V,XU.UNIDOS POR LA DIGNIDAD,309. DANIELA MARISEL ARIAS SANCHEZ,IND,2.0,False
1965637,QUEILEN,QUEILEN,ESCUELA CHILHUE,2V,XU.UNIDOS POR LA DIGNIDAD,310. MIGUEL ANGEL OPITZ GONZALEZ,IND,8.0,True
1965638,QUEILEN,QUEILEN,ESCUELA CHILHUE,2V,XU.UNIDOS POR LA DIGNIDAD,311. LUIS ANTONIO ALVARADO DIAZ,IND,4.0,False
1965639,QUEILEN,QUEILEN,ESCUELA CHILHUE,2V,YW.UNIDAD POR EL APRUEBO PS PPD E INDEPENDIENTES,312. JUAN CARLOS BARRIENTOS PEREZ,PS,17.0,True
1965640,QUEILEN,QUEILEN,ESCUELA CHILHUE,2V,YW.UNIDAD POR EL APRUEBO PS PPD E INDEPENDIENTES,313. SANTIAGO NAVARRO VARGAS,PS,12.0,False
1965641,QUEILEN,QUEILEN,ESCUELA CHILHUE,2V,YW.UNIDAD POR EL APRUEBO PS PPD E INDEPENDIENTES,314. TRANSITO DEL CARMEN BARRIA MILLALONCO,IND,5.0,False
1965642,QUEILEN,QUEILEN,ESCUELA CHILHUE,2V,YW.UNIDAD POR EL APRUEBO PS PPD E INDEPENDIENTES,315. GLADIS DEL CARMEN GONZALEZ DIAZ,IND,5.0,False
1965643,QUEILEN,QUEILEN,ESCUELA CHILHUE,2V,ZJ.CHILE VAMOS UDI - INDEPENDIENTES,316. CARMEN GLORIA CHIGUAY CHIGUAY,IND,2.0,False
1965644,QUEILEN,QUEILEN,ESCUELA CHILHUE,2V,ZJ.CHILE VAMOS UDI - INDEPENDIENTES,317. LUIS FERNANDO MARIO MARIO,IND,2.0,False
1965645,QUEILEN,QUEILEN,ESCUELA CHILHUE,2V,ZJ.CHILE VAMOS UDI - INDEPENDIENTES,318. MARIA HILDA CHIGUAY GALLARDO,IND,5.0,False
1965646,QUEILEN,QUEILEN,ESCUELA CHILHUE,2V,ZJ.CHILE VAMOS UDI - INDEPENDIENTES,319. LUIS ANGEL ANDRADE ARAYA,IND,2.0,False
1965647,QUEILEN,QUEILEN,ESCUELA CHILHUE,2V,ZU.RADICALES E INDEPENDIENTES,320. IGNACIO EDMUNDO CARCAMO SEPULVEDA,PR,11.0,True
1965648,QUEILEN,QUEILEN,ESCUELA CHILHUE,2V,ZU.RADICALES E INDEPENDIENTES,321. PERCI RIGO HARO ALVARADO,IND,0.0,False
1965649,QUEILEN,QUEILEN,ESCUELA CHILHUE,2V,ZU.RADICALES E INDEPENDIENTES,322. CLAUDIO ANDRES SANTANA SANTANA,IND,1.0,False
1965650,QUEILEN,QUEILEN,ESCUELA CHILHUE,3V,M.CHILE DIGNO VERDE Y SOBERANO,300. HECTOR SALVADOR SANTANA ALVAREZ,PCCH,6.0,False
1965651,QUEILEN,QUEILEN,ESCUELA CHILHUE,3V,M.CHILE DIGNO VERDE Y SOBERANO,301. CRISTINA ANDREA MIRANDA ROJAS,IND,2.0,False
1965652,QUEILEN,QUEILEN,ESCUELA CHILHUE,3V,M.CHILE DIGNO VERDE Y SOBERANO,302. JUAN JOSE PATRICIO MANSILLA BARRIA,IND,1.0,False
1965653,QUEILEN,QUEILEN,ESCUELA CHILHUE,3V,XK.CHILE VAMOS RENOVACION NACIONAL - INDEPENDIENTES,303. SANTIAGO JOEL BARRIA BARRIA,RN,8.0,True
1965654,QUEILEN,QUEILEN,ESCUELA CHILHUE,3V,XK.CHILE VAMOS RENOVACION NACIONAL - INDEPENDIENTES,304. JUAN ALDINO ARTEAGA MANSILLA,RN,2.0,False
1965655,QUEILEN,QUEILEN,ESCUELA CHILHUE,3V,XK.CHILE VAMOS RENOVACION NACIONAL - INDEPENDIENTES,305. ROXANA PAMELA BARRIA OSORIO,RN,5.0,False
1965656,QUEILEN,QUEILEN,ESCUELA CHILHUE,3V,XU.UNIDOS POR LA DIGNIDAD,306. OCTAVIO ARCIDES BARRIA ALVARADO,PDC,13.0,True
1965657,QUEILEN,QUEILEN,ESCUELA CHILHUE,3V,XU.UNIDOS POR LA DIGNIDAD,307. DIEGO ARIEL BORQUEZ FORMANTEL,PRO,13.0,True
1965658,QUEILEN,QUEILEN,ESCUELA CHILHUE,3V,XU.UNIDOS POR LA DIGNIDAD,308. PEDRO SEGUNDO CARMONA ANTIGUAL,IND,7.0,False
1965659,QUEILEN,QUEILEN,ESCUELA CHILHUE,3V,XU.UNIDOS POR LA DIGNIDAD,309. DANIELA MARISEL ARIAS SANCHEZ,IND,3.0,False
1965660,QUEILEN,QUEILEN,ESCUELA CHILHUE,3V,XU.UNIDOS POR LA DIGNIDAD,310. MIGUEL ANGEL OPITZ GONZALEZ,IND,8.0,True
1965661,QUEILEN,QUEILEN,ESCUELA CHILHUE,3V,XU.UNIDOS POR LA DIGNIDAD,311. LUIS ANTONIO ALVARADO DIAZ,IND,2.0,False
1965662,QUEILEN,QUEILEN,ESCUELA CHILHUE,3V,YW.UNIDAD POR EL APRUEBO PS PPD E INDEPENDIENTES,312. JUAN CARLOS BARRIENTOS PEREZ,PS,11.0,True
1965663,QUEILEN,QUEILEN,ESCUELA CHILHUE,3V,YW.UNIDAD POR EL APRUEBO PS PPD E INDEPENDIENTES,313. SANTIAGO NAVARRO VARGAS,PS,10.0,False
1965664,QUEILEN,QUEILEN,ESCUELA CHILHUE,3V,YW.UNIDAD POR EL APRUEBO PS PPD E INDEPENDIENTES,314. TRANSITO DEL CARMEN BARRIA MILLALONCO,IND,7.0,False
1965665,QUEILEN,QUEILEN,ESCUELA CHILHUE,3V,YW.UNIDAD POR EL APRUEBO PS PPD E INDEPENDIENTES,315. GLADIS DEL CARMEN GONZALEZ DIAZ,IND,1.0,False
1965666,QUEILEN,QUEILEN,ESCUELA CHILHUE,3V,ZJ.CHILE VAMOS UDI - INDEPENDIENTES,316. CARMEN GLORIA CHIGUAY CHIGUAY,IND,4.0,False
1965667,QUEILEN,QUEILEN,ESCUELA CHILHUE,3V,ZJ.CHILE VAMOS UDI - INDEPENDIENTES,317. LUIS FERNANDO MARIO MARIO,IND,2.0,False
1965668,QUEILEN,QUEILEN,ESCUELA CHILHUE,3V,ZJ.CHILE VAMOS UDI - INDEPENDIENTES,318. MARIA HILDA CHIGUAY GALLARDO,IND,1.0,False
1965669,QUEILEN,QUEILEN,ESCUELA CHILHUE,3V,ZJ.CHILE VAMOS UDI - INDEPENDIENTES,319. LUIS ANGEL ANDRADE ARAYA,IND,7.0,False
1965670,QUEILEN,QUEILEN,ESCUELA CHILHUE,3V,ZU.RADICALES E INDEPENDIENTES,320. IGNACIO EDMUNDO CARCAMO SEPULVEDA,PR,17.0,True
1965671,QUEILEN,QUEILEN,ESCUELA CHILHUE,3V,ZU.RADICALES E INDEPENDIENTES,321. PERCI RIGO HARO ALVARADO,IND,1.0,False
1965672,QUEILEN,QUEILEN,ESCUELA CHILHUE,3V,ZU.RADICALES E INDEPENDIENTES,322. CLAUDIO ANDRES SANTANA SANTANA,IND,6.0,False
1965673,QUEILEN,QUEILEN,ESCUELA CHILHUE,4V,M.CHILE DIGNO VERDE Y SOBERANO,300. HECTOR SALVADOR SANTANA ALVAREZ,PCCH,3.0,False
1965674,QUEILEN,QUEILEN,ESCUELA CHILHUE,4V,M.CHILE DIGNO VERDE Y SOBERANO,301. CRISTINA ANDREA MIRANDA ROJAS,IND,2.0,False
1965675,QUEILEN,QUEILEN,ESCUELA CHILHUE,4V,M.CHILE DIGNO VERDE Y SOBERANO,302. JUAN JOSE PATRICIO MANSILLA BARRIA,IND,3.0,False
1965676,QUEILEN,QUEILEN,ESCUELA CHILHUE,4V,XK.CHILE VAMOS RENOVACION NACIONAL - INDEPENDIENTES,303. SANTIAGO JOEL BARRIA BARRIA,RN,14.0,True
1965677,QUEILEN,QUEILEN,ESCUELA CHILHUE,4V,XK.CHILE VAMOS RENOVACION NACIONAL - INDEPENDIENTES,304. JUAN ALDINO ARTEAGA MANSILLA,RN,2.0,False
1965678,QUEILEN,QUEILEN,ESCUELA CHILHUE,4V,XK.CHILE VAMOS RENOVACION NACIONAL - INDEPENDIENTES,305. ROXANA PAMELA BARRIA OSORIO,RN,1.0,False
1965679,QUEILEN,QUEILEN,ESCUELA CHILHUE,4V,XU.UNIDOS POR LA DIGNIDAD,306. OCTAVIO ARCIDES BARRIA ALVARADO,PDC,22.0,True
1965680,QUEILEN,QUEILEN,ESCUELA CHILHUE,4V,XU.UNIDOS POR LA DIGNIDAD,307. DIEGO ARIEL BORQUEZ FORMANTEL,PRO,22.0,True
1965681,QUEILEN,QUEILEN,ESCUELA CHILHUE,4V,XU.UNIDOS POR LA DIGNIDAD,308. PEDRO SEGUNDO CARMONA ANTIGUAL,IND,4.0,False
1965682,QUEILEN,QUEILEN,ESCUELA CHILHUE,4V,XU.UNIDOS POR LA DIGNIDAD,309. DANIELA MARISEL ARIAS SANCHEZ,IND,7.0,False
1965683,QUEILEN,QUEILEN,ESCUELA CHILHUE,4V,XU.UNIDOS POR LA DIGNIDAD,310. MIGUEL ANGEL OPITZ GONZALEZ,IND,8.0,True
1965684,QUEILEN,QUEILEN,ESCUELA CHILHUE,4V,XU.UNIDOS POR LA DIGNIDAD,311. LUIS ANTONIO ALVARADO DIAZ,IND,7.0,False
1965685,QUEILEN,QUEILEN,ESCUELA CHILHUE,4V,YW.UNIDAD POR EL APRUEBO PS PPD E INDEPENDIENTES,312. JUAN CARLOS BARRIENTOS PEREZ,PS,5.0,True
1965686,QUEILEN,QUEILEN,ESCUELA CHILHUE,4V,YW.UNIDAD POR EL APRUEBO PS PPD E INDEPENDIENTES,313. SANTIAGO NAVARRO VARGAS,PS,17.0,False
1965687,QUEILEN,QUEILEN,ESCUELA CHILHUE,4V,YW.UNIDAD POR EL APRUEBO PS PPD E INDEPENDIENTES,314. TRANSITO DEL CARMEN BARRIA MILLALONCO,IND,5.0,False
1965688,QUEILEN,QUEILEN,ESCUELA CHILHUE,4V,YW.UNIDAD POR EL APRUEBO PS PPD E INDEPENDIENTES,315. GLADIS DEL CARMEN GONZALEZ DIAZ,IND,3.0,False
1965689,QUEILEN,QUEILEN,ESCUELA CHILHUE,4V,ZJ.CHILE VAMOS UDI - INDEPENDIENTES,316. CARMEN GLORIA CHIGUAY CHIGUAY,IND,3.0,False
1965690,QUEILEN,QUEILEN,ESCUELA CHILHUE,4V,ZJ.CHILE VAMOS UDI - INDEPENDIENTES,317. LUIS FERNANDO MARIO MARIO,IND,2.0,False
1965691,QUEILEN,QUEILEN,ESCUELA CHILHUE,4V,ZJ.CHILE VAMOS UDI - INDEPENDIENTES,318. MARIA HILDA CHIGUAY GALLARDO,IND,8.0,False
1965692,QUEILEN,QUEILEN,ESCUELA CHILHUE,4V,ZJ.CHILE VAMOS UDI - INDEPENDIENTES,319. LUIS ANGEL ANDRADE ARAYA,IND,7.0,False
1965693,QUEILEN,QUEILEN,ESCUELA CHILHUE,4V,ZU.RADICALES E INDEPENDIENTES,320. IGNACIO EDMUNDO CARCAMO SEPULVEDA,PR,21.0,True
1965694,QUEILEN,QUEILEN,ESCUELA CHILHUE,4V,ZU.RADICALES E INDEPENDIENTES,321. PERCI RIGO HARO ALVARADO,IND,1.0,False
1965695,QUEILEN,QUEILEN,ESCUELA CHILHUE,4V,ZU.RADICALES E INDEPENDIENTES,322. CLAUDIO ANDRES SANTANA SANTANA,IND,2.0,False
1965696,QUEILEN,QUEILEN,ESCUELA CHILHUE,5V,M.CHILE DIGNO VERDE Y SOBERANO,300. HECTOR SALVADOR SANTANA ALVAREZ,PCCH,9.0,False
1965697,QUEILEN,QUEILEN,ESCUELA CHILHUE,5V,M.CHILE DIGNO VERDE Y SOBERANO,301. CRISTINA ANDREA MIRANDA ROJAS,IND,3.0,False
1965698,QUEILEN,QUEILEN,ESCUELA CHILHUE,5V,M.CHILE DIGNO VERDE Y SOBERANO,302. JUAN JOSE PATRICIO MANSILLA BARRIA,IND,8.0,False
1965699,QUEILEN,QUEILEN,ESCUELA CHILHUE,5V,XK.CHILE VAMOS RENOVACION NACIONAL - INDEPENDIENTES,303. SANTIAGO JOEL BARRIA BARRIA,RN,15.0,True
1965700,QUEILEN,QUEILEN,ESCUELA CHILHUE,5V,XK.CHILE VAMOS RENOVACION NACIONAL - INDEPENDIENTES,304. JUAN ALDINO ARTEAGA MANSILLA,RN,1.0,False
1965701,QUEILEN,QUEILEN,ESCUELA CHILHUE,5V,XK.CHILE VAMOS RENOVACION NACIONAL - INDEPENDIENTES,305. ROXANA PAMELA BARRIA OSORIO,RN,6.0,False
1965702,QUEILEN,QUEILEN,ESCUELA CHILHUE,5V,XU.UNIDOS POR LA DIGNIDAD,306. OCTAVIO ARCIDES BARRIA ALVARADO,PDC,17.0,True
1965703,QUEILEN,QUEILEN,ESCUELA CHILHUE,5V,XU.UNIDOS POR LA DIGNIDAD,307. DIEGO ARIEL BORQUEZ FORMANTEL,PRO,37.0,True
1965704,QUEILEN,QUEILEN,ESCUELA CHILHUE,5V,XU.UNIDOS POR LA DIGNIDAD,308. PEDRO SEGUNDO CARMONA ANTIGUAL,IND,6.0,False
1965705,QUEILEN,QUEILEN,ESCUELA CHILHUE,5V,XU.UNIDOS POR LA DIGNIDAD,309. DANIELA MARISEL ARIAS SANCHEZ,IND,4.0,False
1965706,QUEILEN,QUEILEN,ESCUELA CHILHUE,5V,XU.UNIDOS POR LA DIGNIDAD,310. MIGUEL ANGEL OPITZ GONZALEZ,IND,16.0,True
1965707,QUEILEN,QUEILEN,ESCUELA CHILHUE,5V,XU.UNIDOS POR LA DIGNIDAD,311. LUIS ANTONIO ALVARADO DIAZ,IND,3.0,False
1965708,QUEILEN,QUEILEN,ESCUELA CHILHUE,5V,YW.UNIDAD POR EL APRUEBO PS PPD E INDEPENDIENTES,312. JUAN CARLOS BARRIENTOS PEREZ,PS,14.0,True
1965709,QUEILEN,QUEILEN,ESCUELA CHILHUE,5V,YW.UNIDAD POR EL APRUEBO PS PPD E INDEPENDIENTES,313. SANTIAGO NAVARRO VARGAS,PS,13.0,False
1965710,QUEILEN,QUEILEN,ESCUELA CHILHUE,5V,YW.UNIDAD POR EL APRUEBO PS PPD E INDEPENDIENTES,314. TRANSITO DEL CARMEN BARRIA MILLALONCO,IND,12.0,False
1965711,QUEILEN,QUEILEN,ESCUELA CHILHUE,5V,YW.UNIDAD POR EL APRUEBO PS PPD E INDEPENDIENTES,315. GLADIS DEL CARMEN GONZALEZ DIAZ,IND,1.0,False
1965712,QUEILEN,QUEILEN,ESCUELA CHILHUE,5V,ZJ.CHILE VAMOS UDI - INDEPENDIENTES,316. CARMEN GLORIA CHIGUAY CHIGUAY,IND,5.0,False
1965713,QUEILEN,QUEILEN,ESCUELA CHILHUE,5V,ZJ.CHILE VAMOS UDI - INDEPENDIENTES,317. LUIS FERNANDO MARIO MARIO,IND,3.0,False
1965714,QUEILEN,QUEILEN,ESCUELA CHILHUE,5V,ZJ.CHILE VAMOS UDI - INDEPENDIENTES,318. MARIA HILDA CHIGUAY GALLARDO,IND,2.0,False
1965715,QUEILEN,QUEILEN,ESCUELA CHILHUE,5V,ZJ.CHILE VAMOS UDI - INDEPENDIENTES,319. LUIS ANGEL ANDRADE ARAYA,IND,7.0,False
1965716,QUEILEN,QUEILEN,ESCUELA CHILHUE,5V,ZU.RADICALES E INDEPENDIENTES,320. IGNACIO EDMUNDO CARCAMO SEPULVEDA,PR,18.0,True
1965717,QUEILEN,QUEILEN,ESCUELA CHILHUE,5V,ZU.RADICALES E INDEPENDIENTES,321. PERCI RIGO HARO ALVARADO,IND,1.0,False
1965718,QUEILEN,QUEILEN,ESCUELA CHILHUE,5V,ZU.RADICALES E INDEPENDIENTES,322. CLAUDIO ANDRES SANTANA SANTANA,IND,4.0,False
1965719,QUEILEN,QUEILEN,ESCUELA CHILHUE,6V,M.CHILE DIGNO VERDE Y SOBERANO,300. HECTOR SALVADOR SANTANA ALVAREZ,PCCH,8.0,False
1965720,QUEILEN,QUEILEN,ESCUELA CHILHUE,6V,M.CHILE DIGNO VERDE Y SOBERANO,301. CRISTINA ANDREA MIRANDA ROJAS,IND,4.0,False
1965721,QUEILEN,QUEILEN,ESCUELA CHILHUE,6V,M.CHILE DIGNO VERDE Y SOBERANO,302. JUAN JOSE PATRICIO MANSILLA BARRIA,IND,5.0,False
1965722,QUEILEN,QUEILEN,ESCUELA CHILHUE,6V,XK.CHILE VAMOS RENOVACION NACIONAL - INDEPENDIENTES,303. SANTIAGO JOEL BARRIA BARRIA,RN,20.0,True
1965723,QUEILEN,QUEILEN,ESCUELA CHILHUE,6V,XK.CHILE VAMOS RENOVACION NACIONAL - INDEPENDIENTES,304. JUAN ALDINO ARTEAGA MANSILLA,RN,2.0,False
1965724,QUEILEN,QUEILEN,ESCUELA CHILHUE,6V,XK.CHILE VAMOS RENOVACION NACIONAL - INDEPENDIENTES,305. ROXANA PAMELA BARRIA OSORIO,RN,3.0,False
1965725,QUEILEN,QUEILEN,ESCUELA CHILHUE,6V,XU.UNIDOS POR LA DIGNIDAD,306. OCTAVIO ARCIDES BARRIA ALVARADO,PDC,27.0,True
1965726,QUEILEN,QUEILEN,ESCUELA CHILHUE,6V,XU.UNIDOS POR LA DIGNIDAD,307. DIEGO ARIEL BORQUEZ FORMANTEL,PRO,34.0,True
1965727,QUEILEN,QUEILEN,ESCUELA CHILHUE,6V,XU.UNIDOS POR LA DIGNIDAD,308. PEDRO SEGUNDO CARMONA ANTIGUAL,IND,2.0,False
1965728,QUEILEN,QUEILEN,ESCUELA CHILHUE,6V,XU.UNIDOS POR LA DIGNIDAD,309. DANIELA MARISEL ARIAS SANCHEZ,IND,7.0,False
1965729,QUEILEN,QUEILEN,ESCUELA CHILHUE,6V,XU.UNIDOS POR LA DIGNIDAD,310. MIGUEL ANGEL OPITZ GONZALEZ,IND,9.0,True
1965730,QUEILEN,QUEILEN,ESCUELA CHILHUE,6V,XU.UNIDOS POR LA DIGNIDAD,311. LUIS ANTONIO ALVARADO DIAZ,IND,5.0,False
1965731,QUEILEN,QUEILEN,ESCUELA CHILHUE,6V,YW.UNIDAD POR EL APRUEBO PS PPD E INDEPENDIENTES,312. JUAN CARLOS BARRIENTOS PEREZ,PS,17.0,True
1965732,QUEILEN,QUEILEN,ESCUELA CHILHUE,6V,YW.UNIDAD POR EL APRUEBO PS PPD E INDEPENDIENTES,313. SANTIAGO NAVARRO VARGAS,PS,8.0,False
1965733,QUEILEN,QUEILEN,ESCUELA CHILHUE,6V,YW.UNIDAD POR EL APRUEBO PS PPD E INDEPENDIENTES,314. TRANSITO DEL CARMEN BARRIA MILLALONCO,IND,9.0,False
1965734,QUEILEN,QUEILEN,ESCUELA CHILHUE,6V,YW.UNIDAD POR EL APRUEBO PS PPD E INDEPENDIENTES,315. GLADIS DEL CARMEN GONZALEZ DIAZ,IND,7.0,False
1965735,QUEILEN,QUEILEN,ESCUELA CHILHUE,6V,ZJ.CHILE VAMOS UDI - INDEPENDIENTES,316. CARMEN GLORIA CHIGUAY CHIGUAY,IND,7.0,False
1965736,QUEILEN,QUEILEN,ESCUELA CHILHUE,6V,ZJ.CHILE VAMOS UDI - INDEPENDIENTES,317. LUIS FERNANDO MARIO MARIO,IND,4.0,False
1965737,QUEILEN,QUEILEN,ESCUELA CHILHUE,6V,ZJ.CHILE VAMOS UDI - INDEPENDIENTES,318. MARIA HILDA CHIGUAY GALLARDO,IND,3.0,False
1965738,QUEILEN,QUEILEN,ESCUELA CHILHUE,6V,ZJ.CHILE VAMOS UDI - INDEPENDIENTES,319. LUIS ANGEL ANDRADE ARAYA,IND,10.0,False
1965739,QUEILEN,QUEILEN,ESCUELA CHILHUE,6V,ZU.RADICALES E INDEPENDIENTES,320. IGNACIO EDMUNDO CARCAMO SEPULVEDA,PR,29.0,True
1965740,QUEILEN,QUEILEN,ESCUELA CHILHUE,6V,ZU.RADICALES E INDEPENDIENTES,321. PERCI RIGO HARO ALVARADO,IND,0.0,False
1965741,QUEILEN,QUEILEN,ESCUELA CHILHUE,6V,ZU.RADICALES E INDEPENDIENTES,322. CLAUDIO ANDRES SANTANA SANTANA,IND,4.0,False
1965742,QUEILEN,QUEILEN,ESCUELA CHILHUE,7V,M.CHILE DIGNO VERDE Y SOBERANO,300. HECTOR SALVADOR SANTANA ALVAREZ,PCCH,14.0,False
1965743,QUEILEN,QUEILEN,ESCUELA CHILHUE,7V,M.CHILE DIGNO VERDE Y SOBERANO,301. CRISTINA ANDREA MIRANDA ROJAS,IND,1.0,False
1965744,QUEILEN,QUEILEN,ESCUELA CHILHUE,7V,M.CHILE DIGNO VERDE Y SOBERANO,302. JUAN JOSE PATRICIO MANSILLA BARRIA,IND,1.0,False
1965745,QUEILEN,QUEILEN,ESCUELA CHILHUE,7V,XK.CHILE VAMOS RENOVACION NACIONAL - INDEPENDIENTES,303. SANTIAGO JOEL BARRIA BARRIA,RN,23.0,True
1965746,QUEILEN,QUEILEN,ESCUELA CHILHUE,7V,XK.CHILE VAMOS RENOVACION NACIONAL - INDEPENDIENTES,304. JUAN ALDINO ARTEAGA MANSILLA,RN,3.0,False
1965747,QUEILEN,QUEILEN,ESCUELA CHILHUE,7V,XK.CHILE VAMOS RENOVACION NACIONAL - INDEPENDIENTES,305. ROXANA PAMELA BARRIA OSORIO,RN,3.0,False
1965748,QUEILEN,QUEILEN,ESCUELA CHILHUE,7V,XU.UNIDOS POR LA DIGNIDAD,306. OCTAVIO ARCIDES BARRIA ALVARADO,PDC,23.0,True
1965749,QUEILEN,QUEILEN,ESCUELA CHILHUE,7V,XU.UNIDOS POR LA DIGNIDAD,307. DIEGO ARIEL BORQUEZ FORMANTEL,PRO,35.0,True
1965750,QUEILEN,QUEILEN,ESCUELA CHILHUE,7V,XU.UNIDOS POR LA DIGNIDAD,308. PEDRO SEGUNDO CARMONA ANTIGUAL,IND,4.0,False
1965751,QUEILEN,QUEILEN,ESCUELA CHILHUE,7V,XU.UNIDOS POR LA DIGNIDAD,309. DANIELA MARISEL ARIAS SANCHEZ,IND,5.0,False
1965752,QUEILEN,QUEILEN,ESCUELA CHILHUE,7V,XU.UNIDOS POR LA DIGNIDAD,310. MIGUEL ANGEL OPITZ GONZALEZ,IND,13.0,True
1965753,QUEILEN,QUEILEN,ESCUELA CHILHUE,7V,XU.UNIDOS POR LA DIGNIDAD,311. LUIS ANTONIO ALVARADO DIAZ,IND,7.0,False
1965754,QUEILEN,QUEILEN,ESCUELA CHILHUE,7V,YW.UNIDAD POR EL APRUEBO PS PPD E INDEPENDIENTES,312. JUAN CARLOS BARRIENTOS PEREZ,PS,14.0,True
1965755,QUEILEN,QUEILEN,ESCUELA CHILHUE,7V,YW.UNIDAD POR EL APRUEBO PS PPD E INDEPENDIENTES,313. SANTIAGO NAVARRO VARGAS,PS,14.0,False
1965756,QUEILEN,QUEILEN,ESCUELA CHILHUE,7V,YW.UNIDAD POR EL APRUEBO PS PPD E INDEPENDIENTES,314. TRANSITO DEL CARMEN BARRIA MILLALONCO,IND,9.0,False
1965757,QUEILEN,QUEILEN,ESCUELA CHILHUE,7V,YW.UNIDAD POR EL APRUEBO PS PPD E INDEPENDIENTES,315. GLADIS DEL CARMEN GONZALEZ DIAZ,IND,2.0,False
1965758,QUEILEN,QUEILEN,ESCUELA CHILHUE,7V,ZJ.CHILE VAMOS UDI - INDEPENDIENTES,316. CARMEN GLORIA CHIGUAY CHIGUAY,IND,11.0,False
1965759,QUEILEN,QUEILEN,ESCUELA CHILHUE,7V,ZJ.CHILE VAMOS UDI - INDEPENDIENTES,317. LUIS FERNANDO MARIO MARIO,IND,0.0,False
1965760,QUEILEN,QUEILEN,ESCUELA CHILHUE,7V,ZJ.CHILE VAMOS UDI - INDEPENDIENTES,318. MARIA HILDA CHIGUAY GALLARDO,IND,8.0,False
1965761,QUEILEN,QUEILEN,ESCUELA CHILHUE,7V,ZJ.CHILE VAMOS UDI - INDEPENDIENTES,319. LUIS ANGEL ANDRADE ARAYA,IND,7.0,False
1965762,QUEILEN,QUEILEN,ESCUELA CHILHUE,7V,ZU.RADICALES E INDEPENDIENTES,320. IGNACIO EDMUNDO CARCAMO SEPULVEDA,PR,19.0,True
1965763,QUEILEN,QUEILEN,ESCUELA CHILHUE,7V,ZU.RADICALES E INDEPENDIENTES,321. PERCI RIGO HARO ALVARADO,IND,0.0,False
1965764,QUEILEN,QUEILEN,ESCUELA CHILHUE,7V,ZU.RADICALES E INDEPENDIENTES,322. CLAUDIO ANDRES SANTANA SANTANA,IND,6.0,False
1965765,QUEILEN,QUEILEN,ESCUELA CHILHUE,8V,M.CHILE DIGNO VERDE Y SOBERANO,300. HECTOR SALVADOR SANTANA ALVAREZ,PCCH,8.0,False
1965766,QUEILEN,QUEILEN,ESCUELA CHILHUE,8V,M.CHILE DIGNO VERDE Y SOBERANO,301. CRISTINA ANDREA MIRANDA ROJAS,IND,1.0,False
1965767,QUEILEN,QUEILEN,ESCUELA CHILHUE,8V,M.CHILE DIGNO VERDE Y SOBERANO,302. JUAN JOSE PATRICIO MANSILLA BARRIA,IND,1.0,False
1965768,QUEILEN,QUEILEN,ESCUELA CHILHUE,8V,XK.CHILE VAMOS RENOVACION NACIONAL - INDEPENDIENTES,303. SANTIAGO JOEL BARRIA BARRIA,RN,7.0,True
1965769,QUEILEN,QUEILEN,ESCUELA CHILHUE,8V,XK.CHILE VAMOS RENOVACION NACIONAL - INDEPENDIENTES,304. JUAN ALDINO ARTEAGA MANSILLA,RN,0.0,False
1965770,QUEILEN,QUEILEN,ESCUELA CHILHUE,8V,XK.CHILE VAMOS RENOVACION NACIONAL - INDEPENDIENTES,305. ROXANA PAMELA BARRIA OSORIO,RN,2.0,False
1965771,QUEILEN,QUEILEN,ESCUELA CHILHUE,8V,XU.UNIDOS POR LA DIGNIDAD,306. OCTAVIO ARCIDES BARRIA ALVARADO,PDC,16.0,True
1965772,QUEILEN,QUEILEN,ESCUELA CHILHUE,8V,XU.UNIDOS POR LA DIGNIDAD,307. DIEGO ARIEL BORQUEZ FORMANTEL,PRO,34.0,True
1965773,QUEILEN,QUEILEN,ESCUELA CHILHUE,8V,XU.UNIDOS POR LA DIGNIDAD,308. PEDRO SEGUNDO CARMONA ANTIGUAL,IND,3.0,False
1965774,QUEILEN,QUEILEN,ESCUELA CHILHUE,8V,XU.UNIDOS POR LA DIGNIDAD,309. DANIELA MARISEL ARIAS SANCHEZ,IND,7.0,False
1965775,QUEILEN,QUEILEN,ESCUELA CHILHUE,8V,XU.UNIDOS POR LA DIGNIDAD,310. MIGUEL ANGEL OPITZ GONZALEZ,IND,14.0,True
1965776,QUEILEN,QUEILEN,ESCUELA CHILHUE,8V,XU.UNIDOS POR LA DIGNIDAD,311. LUIS ANTONIO ALVARADO DIAZ,IND,3.0,False
1965777,QUEILEN,QUEILEN,ESCUELA CHILHUE,8V,YW.UNIDAD POR EL APRUEBO PS PPD E INDEPENDIENTES,312. JUAN CARLOS BARRIENTOS PEREZ,PS,18.0,True
1965778,QUEILEN,QUEILEN,ESCUELA CHILHUE,8V,YW.UNIDAD POR EL APRUEBO PS PPD E INDEPENDIENTES,313. SANTIAGO NAVARRO VARGAS,PS,13.0,False
1965779,QUEILEN,QUEILEN,ESCUELA CHILHUE,8V,YW.UNIDAD POR EL APRUEBO PS PPD E INDEPENDIENTES,314. TRANSITO DEL CARMEN BARRIA MILLALONCO,IND,7.0,False
1965780,QUEILEN,QUEILEN,ESCUELA CHILHUE,8V,YW.UNIDAD POR EL APRUEBO PS PPD E INDEPENDIENTES,315. GLADIS DEL CARMEN GONZALEZ DIAZ,IND,4.0,False
1965781,QUEILEN,QUEILEN,ESCUELA CHILHUE,8V,ZJ.CHILE VAMOS UDI - INDEPENDIENTES,316. CARMEN GLORIA CHIGUAY CHIGUAY,IND,2.0,False
1965782,QUEILEN,QUEILEN,ESCUELA CHILHUE,8V,ZJ.CHILE VAMOS UDI - INDEPENDIENTES,317. LUIS FERNANDO MARIO MARIO,IND,2.0,False
1965783,QUEILEN,QUEILEN,ESCUELA CHILHUE,8V,ZJ.CHILE VAMOS UDI - INDEPENDIENTES,318. MARIA HILDA CHIGUAY GALLARDO,IND,2.0,False
1965784,QUEILEN,QUEILEN,ESCUELA CHILHUE,8V,ZJ.CHILE VAMOS UDI - INDEPENDIENTES,319. LUIS ANGEL ANDRADE ARAYA,IND,19.0,False
1965785,QUEILEN,QUEILEN,ESCUELA CHILHUE,8V,ZU.RADICALES E INDEPENDIENTES,320. IGNACIO EDMUNDO CARCAMO SEPULVEDA,PR,32.0,True
1965786,QUEILEN,QUEILEN,ESCUELA CHILHUE,8V,ZU.RADICALES E INDEPENDIENTES,321. PERCI RIGO HARO ALVARADO,IND,0.0,False
1965787,QUEILEN,QUEILEN,ESCUELA CHILHUE,8V,ZU.RADICALES E INDEPENDIENTES,322. CLAUDIO ANDRES SANTANA SANTANA,IND,2.0,False
1965788,QUEILEN,QUEILEN,ESCUELA CHILHUE,9,M.CHILE DIGNO VERDE Y SOBERANO,300. HECTOR SALVADOR SANTANA ALVAREZ,PCCH,7.0,False
1965789,QUEILEN,QUEILEN,ESCUELA CHILHUE,9,M.CHILE DIGNO VERDE Y SOBERANO,301. CRISTINA ANDREA MIRANDA ROJAS,IND,1.0,False
1965790,QUEILEN,QUEILEN,ESCUELA CHILHUE,9,M.CHILE DIGNO VERDE Y SOBERANO,302. JUAN JOSE PATRICIO MANSILLA BARRIA,IND,5.0,False
1965791,QUEILEN,QUEILEN,ESCUELA CHILHUE,9,XK.CHILE VAMOS RENOVACION NACIONAL - INDEPENDIENTES,303. SANTIAGO JOEL BARRIA BARRIA,RN,17.0,True
1965792,QUEILEN,QUEILEN,ESCUELA CHILHUE,9,XK.CHILE VAMOS RENOVACION NACIONAL - INDEPENDIENTES,304. JUAN ALDINO ARTEAGA MANSILLA,RN,2.0,False
1965793,QUEILEN,QUEILEN,ESCUELA CHILHUE,9,XK.CHILE VAMOS RENOVACION NACIONAL - INDEPENDIENTES,305. ROXANA PAMELA BARRIA OSORIO,RN,0.0,False
1965794,QUEILEN,QUEILEN,ESCUELA CHILHUE,9,XU.UNIDOS POR LA DIGNIDAD,306. OCTAVIO ARCIDES BARRIA ALVARADO,PDC,13.0,True
1965795,QUEILEN,QUEILEN,ESCUELA CHILHUE,9,XU.UNIDOS POR LA DIGNIDAD,307. DIEGO ARIEL BORQUEZ FORMANTEL,PRO,26.0,True
1965796,QUEILEN,QUEILEN,ESCUELA CHILHUE,9,XU.UNIDOS POR LA DIGNIDAD,308. PEDRO SEGUNDO CARMONA ANTIGUAL,IND,1.0,False
1965797,QUEILEN,QUEILEN,ESCUELA CHILHUE,9,XU.UNIDOS POR LA DIGNIDAD,309. DANIELA MARISEL ARIAS SANCHEZ,IND,12.0,False
1965798,QUEILEN,QUEILEN,ESCUELA CHILHUE,9,XU.UNIDOS POR LA DIGNIDAD,310. MIGUEL ANGEL OPITZ GONZALEZ,IND,14.0,True
1965799,QUEILEN,QUEILEN,ESCUELA CHILHUE,9,XU.UNIDOS POR LA DIGNIDAD,311. LUIS ANTONIO ALVARADO DIAZ,IND,3.0,False
1965800,QUEILEN,QUEILEN,ESCUELA CHILHUE,9,YW.UNIDAD POR EL APRUEBO PS PPD E INDEPENDIENTES,312. JUAN CARLOS BARRIENTOS PEREZ,PS,15.0,True
1965801,QUEILEN,QUEILEN,ESCUELA CHILHUE,9,YW.UNIDAD POR EL APRUEBO PS PPD E INDEPENDIENTES,313. SANTIAGO NAVARRO VARGAS,PS,7.0,False
1965802,QUEILEN,QUEILEN,ESCUELA CHILHUE,9,YW.UNIDAD POR EL APRUEBO PS PPD E INDEPENDIENTES,314. TRANSITO DEL CARMEN BARRIA MILLALONCO,IND,5.0,False
1965803,QUEILEN,QUEILEN,ESCUELA CHILHUE,9,YW.UNIDAD POR EL APRUEBO PS PPD E INDEPENDIENTES,315. GLADIS DEL CARMEN GONZALEZ DIAZ,IND,4.0,False
1965804,QUEILEN,QUEILEN,ESCUELA CHILHUE,9,ZJ.CHILE VAMOS UDI - INDEPENDIENTES,316. CARMEN GLORIA CHIGUAY CHIGUAY,IND,3.0,False
1965805,QUEILEN,QUEILEN,ESCUELA CHILHUE,9,ZJ.CHILE VAMOS UDI - INDEPENDIENTES,317. LUIS FERNANDO MARIO MARIO,IND,0.0,False
1965806,QUEILEN,QUEILEN,ESCUELA CHILHUE,9,ZJ.CHILE VAMOS UDI - INDEPENDIENTES,318. MARIA HILDA CHIGUAY GALLARDO,IND,3.0,False
1965807,QUEILEN,QUEILEN,ESCUELA CHILHUE,9,ZJ.CHILE VAMOS UDI - INDEPENDIENTES,319. LUIS ANGEL ANDRADE ARAYA,IND,4.0,False
1965808,QUEILEN,QUEILEN,ESCUELA CHILHUE,9,ZU.RADICALES E INDEPENDIENTES,320. IGNACIO EDMUNDO CARCAMO SEPULVEDA,PR,16.0,True
1965809,QUEILEN,QUEILEN,ESCUELA CHILHUE,9,ZU.RADICALES E INDEPENDIENTES,321. PERCI RIGO HARO ALVARADO,IND,0.0,False
1965810,QUEILEN,QUEILEN,ESCUELA CHILHUE,9,ZU.RADICALES E INDEPENDIENTES,322. CLAUDIO ANDRES SANTANA SANTANA,IND,2.0,False
1965811,QUEILEN,QUEILEN,ESCUELA CHILHUE,10,M.CHILE DIGNO VERDE Y SOBERANO,300. HECTOR SALVADOR SANTANA ALVAREZ,PCCH,7.0,False
1965812,QUEILEN,QUEILEN,ESCUELA CHILHUE,10,M.CHILE DIGNO VERDE Y SOBERANO,301. CRISTINA ANDREA MIRANDA ROJAS,IND,2.0,False
1965813,QUEILEN,QUEILEN,ESCUELA CHILHUE,10,M.CHILE DIGNO VERDE Y SOBERANO,302. JUAN JOSE PATRICIO MANSILLA BARRIA,IND,5.0,False
1965814,QUEILEN,QUEILEN,ESCUELA CHILHUE,10,XK.CHILE VAMOS RENOVACION NACIONAL - INDEPENDIENTES,303. SANTIAGO JOEL BARRIA BARRIA,RN,12.0,True
1965815,QUEILEN,QUEILEN,ESCUELA CHILHUE,10,XK.CHILE VAMOS RENOVACION NACIONAL - INDEPENDIENTES,304. JUAN ALDINO ARTEAGA MANSILLA,RN,0.0,False
1965816,QUEILEN,QUEILEN,ESCUELA CHILHUE,10,XK.CHILE VAMOS RENOVACION NACIONAL - INDEPENDIENTES,305. ROXANA PAMELA BARRIA OSORIO,RN,2.0,False
1965817,QUEILEN,QUEILEN,ESCUELA CHILHUE,10,XU.UNIDOS POR LA DIGNIDAD,306. OCTAVIO ARCIDES BARRIA ALVARADO,PDC,21.0,True
1965818,QUEILEN,QUEILEN,ESCUELA CHILHUE,10,XU.UNIDOS POR LA DIGNIDAD,307. DIEGO ARIEL BORQUEZ FORMANTEL,PRO,29.0,True
1965819,QUEILEN,QUEILEN,ESCUELA CHILHUE,10,XU.UNIDOS POR LA DIGNIDAD,308. PEDRO SEGUNDO CARMONA ANTIGUAL,IND,11.0,False
1965820,QUEILEN,QUEILEN,ESCUELA CHILHUE,10,XU.UNIDOS POR LA DIGNIDAD,309. DANIELA MARISEL ARIAS SANCHEZ,IND,6.0,False
1965821,QUEILEN,QUEILEN,ESCUELA CHILHUE,10,XU.UNIDOS POR LA DIGNIDAD,310. MIGUEL ANGEL OPITZ GONZALEZ,IND,8.0,True
1965822,QUEILEN,QUEILEN,ESCUELA CHILHUE,10,XU.UNIDOS POR LA DIGNIDAD,311. LUIS ANTONIO ALVARADO DIAZ,IND,3.0,False
1965823,QUEILEN,QUEILEN,ESCUELA CHILHUE,10,YW.UNIDAD POR EL APRUEBO PS PPD E INDEPENDIENTES,312. JUAN CARLOS BARRIENTOS PEREZ,PS,16.0,True
1965824,QUEILEN,QUEILEN,ESCUELA CHILHUE,10,YW.UNIDAD POR EL APRUEBO PS PPD E INDEPENDIENTES,313. SANTIAGO NAVARRO VARGAS,PS,5.0,False
1965825,QUEILEN,QUEILEN,ESCUELA CHILHUE,10,YW.UNIDAD POR EL APRUEBO PS PPD E INDEPENDIENTES,314. TRANSITO DEL CARMEN BARRIA MILLALONCO,IND,5.0,False
1965826,QUEILEN,QUEILEN,ESCUELA CHILHUE,10,YW.UNIDAD POR EL APRUEBO PS PPD E INDEPENDIENTES,315. GLADIS DEL CARMEN GONZALEZ DIAZ,IND,5.0,False
1965827,QUEILEN,QUEILEN,ESCUELA CHILHUE,10,ZJ.CHILE VAMOS UDI - INDEPENDIENTES,316. CARMEN GLORIA CHIGUAY CHIGUAY,IND,1.0,False
1965828,QUEILEN,QUEILEN,ESCUELA CHILHUE,10,ZJ.CHILE VAMOS UDI - INDEPENDIENTES,317. LUIS FERNANDO MARIO MARIO,IND,3.0,False
1965829,QUEILEN,QUEILEN,ESCUELA CHILHUE,10,ZJ.CHILE VAMOS UDI - INDEPENDIENTES,318. MARIA HILDA CHIGUAY GALLARDO,IND,3.0,False
1965830,QUEILEN,QUEILEN,ESCUELA CHILHUE,10,ZJ.CHILE VAMOS UDI - INDEPENDIENTES,319. LUIS ANGEL ANDRADE ARAYA,IND,10.0,False
1965831,QUEILEN,QUEILEN,ESCUELA CHILHUE,10,ZU.RADICALES E INDEPENDIENTES,320. IGNACIO EDMUNDO CARCAMO SEPULVEDA,PR,27.0,True
1965832,QUEILEN,QUEILEN,ESCUELA CHILHUE,10,ZU.RADICALES E INDEPENDIENTES,321. PERCI RIGO HARO ALVARADO,IND,2.0,False
1965833,QUEILEN,QUEILEN,ESCUELA CHILHUE,10,ZU.RADICALES E INDEPENDIENTES,322. CLAUDIO ANDRES SANTANA SANTANA,IND,3.0,False
1965834,QUEILEN,QUEILEN,ESCUELA CHILHUE,11,M.CHILE DIGNO VERDE Y SOBERANO,300. HECTOR SALVADOR SANTANA ALVAREZ,PCCH,14.0,False
1965835,QUEILEN,QUEILEN,ESCUELA CHILHUE,11,M.CHILE DIGNO VERDE Y SOBERANO,301. CRISTINA ANDREA MIRANDA ROJAS,IND,4.0,False
1965836,QUEILEN,QUEILEN,ESCUELA CHILHUE,11,M.CHILE DIGNO VERDE Y SOBERANO,302. JUAN JOSE PATRICIO MANSILLA BARRIA,IND,2.0,False
1965837,QUEILEN,QUEILEN,ESCUELA CHILHUE,11,XK.CHILE VAMOS RENOVACION NACIONAL - INDEPENDIENTES,303. SANTIAGO JOEL BARRIA BARRIA,RN,11.0,True
1965838,QUEILEN,QUEILEN,ESCUELA CHILHUE,11,XK.CHILE VAMOS RENOVACION NACIONAL - INDEPENDIENTES,304. JUAN ALDINO ARTEAGA MANSILLA,RN,2.0,False
1965839,QUEILEN,QUEILEN,ESCUELA CHILHUE,11,XK.CHILE VAMOS RENOVACION NACIONAL - INDEPENDIENTES,305. ROXANA PAMELA BARRIA OSORIO,RN,8.0,False
1965840,QUEILEN,QUEILEN,ESCUELA CHILHUE,11,XU.UNIDOS POR LA DIGNIDAD,306. OCTAVIO ARCIDES BARRIA ALVARADO,PDC,13.0,True
1965841,QUEILEN,QUEILEN,ESCUELA CHILHUE,11,XU.UNIDOS POR LA DIGNIDAD,307. DIEGO ARIEL BORQUEZ FORMANTEL,PRO,24.0,True
1965842,QUEILEN,QUEILEN,ESCUELA CHILHUE,11,XU.UNIDOS POR LA DIGNIDAD,308. PEDRO SEGUNDO CARMONA ANTIGUAL,IND,5.0,False
1965843,QUEILEN,QUEILEN,ESCUELA CHILHUE,11,XU.UNIDOS POR LA DIGNIDAD,309. DANIELA MARISEL ARIAS SANCHEZ,IND,11.0,False
1965844,QUEILEN,QUEILEN,ESCUELA CHILHUE,11,XU.UNIDOS POR LA DIGNIDAD,310. MIGUEL ANGEL OPITZ GONZALEZ,IND,15.0,True
1965845,QUEILEN,QUEILEN,ESCUELA CHILHUE,11,XU.UNIDOS POR LA DIGNIDAD,311. LUIS ANTONIO ALVARADO DIAZ,IND,5.0,False
1965846,QUEILEN,QUEILEN,ESCUELA CHILHUE,11,YW.UNIDAD POR EL APRUEBO PS PPD E INDEPENDIENTES,312. JUAN CARLOS BARRIENTOS PEREZ,PS,8.0,True
1965847,QUEILEN,QUEILEN,ESCUELA CHILHUE,11,YW.UNIDAD POR EL APRUEBO PS PPD E INDEPENDIENTES,313. SANTIAGO NAVARRO VARGAS,PS,11.0,False
1965848,QUEILEN,QUEILEN,ESCUELA CHILHUE,11,YW.UNIDAD POR EL APRUEBO PS PPD E INDEPENDIENTES,314. TRANSITO DEL CARMEN BARRIA MILLALONCO,IND,11.0,False
1965849,QUEILEN,QUEILEN,ESCUELA CHILHUE,11,YW.UNIDAD POR EL APRUEBO PS PPD E INDEPENDIENTES,315. GLADIS DEL CARMEN GONZALEZ DIAZ,IND,0.0,False
1965850,QUEILEN,QUEILEN,ESCUELA CHILHUE,11,ZJ.CHILE VAMOS UDI - INDEPENDIENTES,316. CARMEN GLORIA CHIGUAY CHIGUAY,IND,1.0,False
1965851,QUEILEN,QUEILEN,ESCUELA CHILHUE,11,ZJ.CHILE VAMOS UDI - INDEPENDIENTES,317. LUIS FERNANDO MARIO MARIO,IND,5.0,False
1965852,QUEILEN,QUEILEN,ESCUELA CHILHUE,11,ZJ.CHILE VAMOS UDI - INDEPENDIENTES,318. MARIA HILDA CHIGUAY GALLARDO,IND,4.0,False
1965853,QUEILEN,QUEILEN,ESCUELA CHILHUE,11,ZJ.CHILE VAMOS UDI - INDEPENDIENTES,319. LUIS ANGEL ANDRADE ARAYA,IND,5.0,False
1965854,QUEILEN,QUEILEN,ESCUELA CHILHUE,11,ZU.RADICALES E INDEPENDIENTES,320. IGNACIO EDMUNDO CARCAMO SEPULVEDA,PR,25.0,True
1965855,QUEILEN,QUEILEN,ESCUELA CHILHUE,11,ZU.RADICALES E INDEPENDIENTES,321. PERCI RIGO HARO ALVARADO,IND,0.0,False
1965856,QUEILEN,QUEILEN,ESCUELA CHILHUE,11,ZU.RADICALES E INDEPENDIENTES,322. CLAUDIO ANDRES SANTANA SANTANA,IND,3.0,False
1965857,QUEILEN,QUEILEN,ESCUELA CHILHUE,12,M.CHILE DIGNO VERDE Y SOBERANO,300. HECTOR SALVADOR SANTANA ALVAREZ,PCCH,5.0,False
1965858,QUEILEN,QUEILEN,ESCUELA CHILHUE,12,M.CHILE DIGNO VERDE Y SOBERANO,301. CRISTINA ANDREA MIRANDA ROJAS,IND,0.0,False
1965859,QUEILEN,QUEILEN,ESCUELA CHILHUE,12,M.CHILE DIGNO VERDE Y SOBERANO,302. JUAN JOSE PATRICIO MANSILLA BARRIA,IND,2.0,False
1965860,QUEILEN,QUEILEN,ESCUELA CHILHUE,12,XK.CHILE VAMOS RENOVACION NACIONAL - INDEPENDIENTES,303. SANTIAGO JOEL BARRIA BARRIA,RN,2.0,True
1965861,QUEILEN,QUEILEN,ESCUELA CHILHUE,12,XK.CHILE VAMOS RENOVACION NACIONAL - INDEPENDIENTES,304. JUAN ALDINO ARTEAGA MANSILLA,RN,0.0,False
1965862,QUEILEN,QUEILEN,ESCUELA CHILHUE,12,XK.CHILE VAMOS RENOVACION NACIONAL - INDEPENDIENTES,305. ROXANA PAMELA BARRIA OSORIO,RN,0.0,False
1965863,QUEILEN,QUEILEN,ESCUELA CHILHUE,12,XU.UNIDOS POR LA DIGNIDAD,306. OCTAVIO ARCIDES BARRIA ALVARADO,PDC,10.0,True
1965864,QUEILEN,QUEILEN,ESCUELA CHILHUE,12,XU.UNIDOS POR LA DIGNIDAD,307. DIEGO ARIEL BORQUEZ FORMANTEL,PRO,2.0,True
1965865,QUEILEN,QUEILEN,ESCUELA CHILHUE,12,XU.UNIDOS POR LA DIGNIDAD,308. PEDRO SEGUNDO CARMONA ANTIGUAL,IND,1.0,False
1965866,QUEILEN,QUEILEN,ESCUELA CHILHUE,12,XU.UNIDOS POR LA DIGNIDAD,309. DANIELA MARISEL ARIAS SANCHEZ,IND,7.0,False
1965867,QUEILEN,QUEILEN,ESCUELA CHILHUE,12,XU.UNIDOS POR LA DIGNIDAD,310. MIGUEL ANGEL OPITZ GONZALEZ,IND,2.0,True
1965868,QUEILEN,QUEILEN,ESCUELA CHILHUE,12,XU.UNIDOS POR LA DIGNIDAD,311. LUIS ANTONIO ALVARADO DIAZ,IND,1.0,False
1965869,QUEILEN,QUEILEN,ESCUELA CHILHUE,12,YW.UNIDAD POR EL APRUEBO PS PPD E INDEPENDIENTES,312. JUAN CARLOS BARRIENTOS PEREZ,PS,2.0,True
1965870,QUEILEN,QUEILEN,ESCUELA CHILHUE,12,YW.UNIDAD POR EL APRUEBO PS PPD E INDEPENDIENTES,313. SANTIAGO NAVARRO VARGAS,PS,6.0,False
1965871,QUEILEN,QUEILEN,ESCUELA CHILHUE,12,YW.UNIDAD POR EL APRUEBO PS PPD E INDEPENDIENTES,314. TRANSITO DEL CARMEN BARRIA MILLALONCO,IND,8.0,False
1965872,QUEILEN,QUEILEN,ESCUELA CHILHUE,12,YW.UNIDAD POR EL APRUEBO PS PPD E INDEPENDIENTES,315. GLADIS DEL CARMEN GONZALEZ DIAZ,IND,0.0,False
1965873,QUEILEN,QUEILEN,ESCUELA CHILHUE,12,ZJ.CHILE VAMOS UDI - INDEPENDIENTES,316. CARMEN GLORIA CHIGUAY CHIGUAY,IND,0.0,False
1965874,QUEILEN,QUEILEN,ESCUELA CHILHUE,12,ZJ.CHILE VAMOS UDI - INDEPENDIENTES,317. LUIS FERNANDO MARIO MARIO,IND,1.0,False
1965875,QUEILEN,QUEILEN,ESCUELA CHILHUE,12,ZJ.CHILE VAMOS UDI - INDEPENDIENTES,318. MARIA HILDA CHIGUAY GALLARDO,IND,0.0,False
1965876,QUEILEN,QUEILEN,ESCUELA CHILHUE,12,ZJ.CHILE VAMOS UDI - INDEPENDIENTES,319. LUIS ANGEL ANDRADE ARAYA,IND,1.0,False
1965877,QUEILEN,QUEILEN,ESCUELA CHILHUE,12,ZU.RADICALES E INDEPENDIENTES,320. IGNACIO EDMUNDO CARCAMO SEPULVEDA,PR,5.0,True
1965878,QUEILEN,QUEILEN,ESCUELA CHILHUE,12,ZU.RADICALES E INDEPENDIENTES,321. PERCI RIGO HARO ALVARADO,IND,1.0,False
1965879,QUEILEN,QUEILEN,ESCUELA CHILHUE,12,ZU.RADICALES E INDEPENDIENTES,322. CLAUDIO ANDRES SANTANA SANTANA,IND,1.0,False
