,COMUNA,CIRC_ELEC,LOCAL,MESA,LISTA,CANDIDATX,PARTIDO,VOTOS,ELECTX
1968247,QUILACO,QUILACO,INSTITUTO VALLE DEL SOL QUILACO,1M,M.CHILE DIGNO VERDE Y SOBERANO,300. QUINTIN MARDONES GRANDON,IND,0.0,False
1968248,QUILACO,QUILACO,INSTITUTO VALLE DEL SOL QUILACO,1M,XK.CHILE VAMOS RENOVACION NACIONAL - INDEPENDIENTES,301. JACQUELYN EMELINA BENITEZ MORA,RN,5.0,True
1968249,QUILACO,QUILACO,INSTITUTO VALLE DEL SOL QUILACO,1M,XK.CHILE VAMOS RENOVACION NACIONAL - INDEPENDIENTES,302. LUCIANO FIGUEROA COFRE,IND,1.0,False
1968250,QUILACO,QUILACO,INSTITUTO VALLE DEL SOL QUILACO,1M,XK.CHILE VAMOS RENOVACION NACIONAL - INDEPENDIENTES,303. PABLO ARIEL RIQUELME CABA,IND,3.0,False
1968251,QUILACO,QUILACO,INSTITUTO VALLE DEL SOL QUILACO,1M,XU.UNIDOS POR LA DIGNIDAD,304. PEDRO ANTONIO MAUREIRA QUEZADA,PRO,8.0,False
1968252,QUILACO,QUILACO,INSTITUTO VALLE DEL SOL QUILACO,1M,XU.UNIDOS POR LA DIGNIDAD,305. JOSE HERIBERTO VILLA RAMOS,PDC,10.0,True
1968253,QUILACO,QUILACO,INSTITUTO VALLE DEL SOL QUILACO,1M,XU.UNIDOS POR LA DIGNIDAD,306. GUILLERMO PATRICIO MORESO ORTEGA,PDC,7.0,False
1968254,QUILACO,QUILACO,INSTITUTO VALLE DEL SOL QUILACO,1M,XU.UNIDOS POR LA DIGNIDAD,307. SEMIRAMIS MARILYN SOLAR JARA,PDC,3.0,False
1968255,QUILACO,QUILACO,INSTITUTO VALLE DEL SOL QUILACO,1M,XU.UNIDOS POR LA DIGNIDAD,308. CAROLINA JANNET TAPIA CARIL,IND,3.0,False
1968256,QUILACO,QUILACO,INSTITUTO VALLE DEL SOL QUILACO,1M,XU.UNIDOS POR LA DIGNIDAD,309. FELIX ANTONIO PINO MATUS,IND,1.0,False
1968257,QUILACO,QUILACO,INSTITUTO VALLE DEL SOL QUILACO,1M,YW.UNIDAD POR EL APRUEBO PS PPD E INDEPENDIENTES,310. JORGE ALBERTO VALLEJOS CORDOVA,PPD,6.0,True
1968258,QUILACO,QUILACO,INSTITUTO VALLE DEL SOL QUILACO,1M,YW.UNIDAD POR EL APRUEBO PS PPD E INDEPENDIENTES,311. BARBARA ELENA GUTIERREZ BALBOA,IND,11.0,False
1968259,QUILACO,QUILACO,INSTITUTO VALLE DEL SOL QUILACO,1M,YW.UNIDAD POR EL APRUEBO PS PPD E INDEPENDIENTES,312. JAIME SANHUEZA PARRA,PS,7.0,True
1968260,QUILACO,QUILACO,INSTITUTO VALLE DEL SOL QUILACO,1M,YW.UNIDAD POR EL APRUEBO PS PPD E INDEPENDIENTES,313. ANA PAULA FIGUEROA RIQUELME,IND,1.0,False
1968261,QUILACO,QUILACO,INSTITUTO VALLE DEL SOL QUILACO,1M,YW.UNIDAD POR EL APRUEBO PS PPD E INDEPENDIENTES,314. BERNARDO  MORA QUEZADA,IND,2.0,False
1968262,QUILACO,QUILACO,INSTITUTO VALLE DEL SOL QUILACO,1M,ZJ.CHILE VAMOS UDI - INDEPENDIENTES,315. MIGUEL ANGEL RIQUELME CHAVEZ,UDI,9.0,True
1968263,QUILACO,QUILACO,INSTITUTO VALLE DEL SOL QUILACO,1M,ZJ.CHILE VAMOS UDI - INDEPENDIENTES,316. MARLY ROCIO ESCOBAR CHAVEZ,UDI,2.0,False
1968264,QUILACO,QUILACO,INSTITUTO VALLE DEL SOL QUILACO,1M,ZJ.CHILE VAMOS UDI - INDEPENDIENTES,317. MAURICIO ORLANDO GONZALEZ VALLEJOS,IND,2.0,False
1968265,QUILACO,QUILACO,INSTITUTO VALLE DEL SOL QUILACO,1M,ZJ.CHILE VAMOS UDI - INDEPENDIENTES,318. JARED ARIEL BARUC ALARCON MANOSALVA,IND,0.0,False
1968266,QUILACO,QUILACO,INSTITUTO VALLE DEL SOL QUILACO,1M,ZJ.CHILE VAMOS UDI - INDEPENDIENTES,319. SANTIAGO RAMIREZ SEPULVEDA,IND,1.0,False
1968267,QUILACO,QUILACO,INSTITUTO VALLE DEL SOL QUILACO,1M,ZJ.CHILE VAMOS UDI - INDEPENDIENTES,320. EUGENIA ARACELI ERICES QUEZADA,IND,9.0,False
1968268,QUILACO,QUILACO,INSTITUTO VALLE DEL SOL QUILACO,1M,ZU.RADICALES E INDEPENDIENTES,321. ROLANDO ANTONIO ISAAC TIRAPEGUI MUÑOZ,PR,14.0,False
1968269,QUILACO,QUILACO,INSTITUTO VALLE DEL SOL QUILACO,1M,ZU.RADICALES E INDEPENDIENTES,322. MARIA JOSE MUÑOZ CUEVAS,PR,2.0,False
1968270,QUILACO,QUILACO,INSTITUTO VALLE DEL SOL QUILACO,1M,ZU.RADICALES E INDEPENDIENTES,323. PEDRO ANGEL SANHUEZA SALAMANCA,PR,15.0,True
1968271,QUILACO,QUILACO,INSTITUTO VALLE DEL SOL QUILACO,1M,ZU.RADICALES E INDEPENDIENTES,324. GLADYS ALBERTINA OBREQUE MERINO,IND,6.0,False
1968272,QUILACO,QUILACO,INSTITUTO VALLE DEL SOL QUILACO,1M,ZU.RADICALES E INDEPENDIENTES,325. CAROLINA FRANCISCA QUEZADA ACHERI,IND,0.0,False
1968273,QUILACO,QUILACO,INSTITUTO VALLE DEL SOL QUILACO,2M,M.CHILE DIGNO VERDE Y SOBERANO,300. QUINTIN MARDONES GRANDON,IND,1.0,False
1968274,QUILACO,QUILACO,INSTITUTO VALLE DEL SOL QUILACO,2M,XK.CHILE VAMOS RENOVACION NACIONAL - INDEPENDIENTES,301. JACQUELYN EMELINA BENITEZ MORA,RN,8.0,True
1968275,QUILACO,QUILACO,INSTITUTO VALLE DEL SOL QUILACO,2M,XK.CHILE VAMOS RENOVACION NACIONAL - INDEPENDIENTES,302. LUCIANO FIGUEROA COFRE,IND,5.0,False
1968276,QUILACO,QUILACO,INSTITUTO VALLE DEL SOL QUILACO,2M,XK.CHILE VAMOS RENOVACION NACIONAL - INDEPENDIENTES,303. PABLO ARIEL RIQUELME CABA,IND,8.0,False
1968277,QUILACO,QUILACO,INSTITUTO VALLE DEL SOL QUILACO,2M,XU.UNIDOS POR LA DIGNIDAD,304. PEDRO ANTONIO MAUREIRA QUEZADA,PRO,7.0,False
1968278,QUILACO,QUILACO,INSTITUTO VALLE DEL SOL QUILACO,2M,XU.UNIDOS POR LA DIGNIDAD,305. JOSE HERIBERTO VILLA RAMOS,PDC,16.0,True
1968279,QUILACO,QUILACO,INSTITUTO VALLE DEL SOL QUILACO,2M,XU.UNIDOS POR LA DIGNIDAD,306. GUILLERMO PATRICIO MORESO ORTEGA,PDC,6.0,False
1968280,QUILACO,QUILACO,INSTITUTO VALLE DEL SOL QUILACO,2M,XU.UNIDOS POR LA DIGNIDAD,307. SEMIRAMIS MARILYN SOLAR JARA,PDC,14.0,False
1968281,QUILACO,QUILACO,INSTITUTO VALLE DEL SOL QUILACO,2M,XU.UNIDOS POR LA DIGNIDAD,308. CAROLINA JANNET TAPIA CARIL,IND,3.0,False
1968282,QUILACO,QUILACO,INSTITUTO VALLE DEL SOL QUILACO,2M,XU.UNIDOS POR LA DIGNIDAD,309. FELIX ANTONIO PINO MATUS,IND,1.0,False
1968283,QUILACO,QUILACO,INSTITUTO VALLE DEL SOL QUILACO,2M,YW.UNIDAD POR EL APRUEBO PS PPD E INDEPENDIENTES,310. JORGE ALBERTO VALLEJOS CORDOVA,PPD,9.0,True
1968284,QUILACO,QUILACO,INSTITUTO VALLE DEL SOL QUILACO,2M,YW.UNIDAD POR EL APRUEBO PS PPD E INDEPENDIENTES,311. BARBARA ELENA GUTIERREZ BALBOA,IND,8.0,False
1968285,QUILACO,QUILACO,INSTITUTO VALLE DEL SOL QUILACO,2M,YW.UNIDAD POR EL APRUEBO PS PPD E INDEPENDIENTES,312. JAIME SANHUEZA PARRA,PS,15.0,True
1968286,QUILACO,QUILACO,INSTITUTO VALLE DEL SOL QUILACO,2M,YW.UNIDAD POR EL APRUEBO PS PPD E INDEPENDIENTES,313. ANA PAULA FIGUEROA RIQUELME,IND,2.0,False
1968287,QUILACO,QUILACO,INSTITUTO VALLE DEL SOL QUILACO,2M,YW.UNIDAD POR EL APRUEBO PS PPD E INDEPENDIENTES,314. BERNARDO  MORA QUEZADA,IND,6.0,False
1968288,QUILACO,QUILACO,INSTITUTO VALLE DEL SOL QUILACO,2M,ZJ.CHILE VAMOS UDI - INDEPENDIENTES,315. MIGUEL ANGEL RIQUELME CHAVEZ,UDI,12.0,True
1968289,QUILACO,QUILACO,INSTITUTO VALLE DEL SOL QUILACO,2M,ZJ.CHILE VAMOS UDI - INDEPENDIENTES,316. MARLY ROCIO ESCOBAR CHAVEZ,UDI,1.0,False
1968290,QUILACO,QUILACO,INSTITUTO VALLE DEL SOL QUILACO,2M,ZJ.CHILE VAMOS UDI - INDEPENDIENTES,317. MAURICIO ORLANDO GONZALEZ VALLEJOS,IND,2.0,False
1968291,QUILACO,QUILACO,INSTITUTO VALLE DEL SOL QUILACO,2M,ZJ.CHILE VAMOS UDI - INDEPENDIENTES,318. JARED ARIEL BARUC ALARCON MANOSALVA,IND,2.0,False
1968292,QUILACO,QUILACO,INSTITUTO VALLE DEL SOL QUILACO,2M,ZJ.CHILE VAMOS UDI - INDEPENDIENTES,319. SANTIAGO RAMIREZ SEPULVEDA,IND,5.0,False
1968293,QUILACO,QUILACO,INSTITUTO VALLE DEL SOL QUILACO,2M,ZJ.CHILE VAMOS UDI - INDEPENDIENTES,320. EUGENIA ARACELI ERICES QUEZADA,IND,7.0,False
1968294,QUILACO,QUILACO,INSTITUTO VALLE DEL SOL QUILACO,2M,ZU.RADICALES E INDEPENDIENTES,321. ROLANDO ANTONIO ISAAC TIRAPEGUI MUÑOZ,PR,8.0,False
1968295,QUILACO,QUILACO,INSTITUTO VALLE DEL SOL QUILACO,2M,ZU.RADICALES E INDEPENDIENTES,322. MARIA JOSE MUÑOZ CUEVAS,PR,0.0,False
1968296,QUILACO,QUILACO,INSTITUTO VALLE DEL SOL QUILACO,2M,ZU.RADICALES E INDEPENDIENTES,323. PEDRO ANGEL SANHUEZA SALAMANCA,PR,14.0,True
1968297,QUILACO,QUILACO,INSTITUTO VALLE DEL SOL QUILACO,2M,ZU.RADICALES E INDEPENDIENTES,324. GLADYS ALBERTINA OBREQUE MERINO,IND,2.0,False
1968298,QUILACO,QUILACO,INSTITUTO VALLE DEL SOL QUILACO,2M,ZU.RADICALES E INDEPENDIENTES,325. CAROLINA FRANCISCA QUEZADA ACHERI,IND,1.0,False
1968299,QUILACO,QUILACO,INSTITUTO VALLE DEL SOL QUILACO,3M,M.CHILE DIGNO VERDE Y SOBERANO,300. QUINTIN MARDONES GRANDON,IND,1.0,False
1968300,QUILACO,QUILACO,INSTITUTO VALLE DEL SOL QUILACO,3M,XK.CHILE VAMOS RENOVACION NACIONAL - INDEPENDIENTES,301. JACQUELYN EMELINA BENITEZ MORA,RN,18.0,True
1968301,QUILACO,QUILACO,INSTITUTO VALLE DEL SOL QUILACO,3M,XK.CHILE VAMOS RENOVACION NACIONAL - INDEPENDIENTES,302. LUCIANO FIGUEROA COFRE,IND,4.0,False
1968302,QUILACO,QUILACO,INSTITUTO VALLE DEL SOL QUILACO,3M,XK.CHILE VAMOS RENOVACION NACIONAL - INDEPENDIENTES,303. PABLO ARIEL RIQUELME CABA,IND,6.0,False
1968303,QUILACO,QUILACO,INSTITUTO VALLE DEL SOL QUILACO,3M,XU.UNIDOS POR LA DIGNIDAD,304. PEDRO ANTONIO MAUREIRA QUEZADA,PRO,13.0,False
1968304,QUILACO,QUILACO,INSTITUTO VALLE DEL SOL QUILACO,3M,XU.UNIDOS POR LA DIGNIDAD,305. JOSE HERIBERTO VILLA RAMOS,PDC,15.0,True
1968305,QUILACO,QUILACO,INSTITUTO VALLE DEL SOL QUILACO,3M,XU.UNIDOS POR LA DIGNIDAD,306. GUILLERMO PATRICIO MORESO ORTEGA,PDC,7.0,False
1968306,QUILACO,QUILACO,INSTITUTO VALLE DEL SOL QUILACO,3M,XU.UNIDOS POR LA DIGNIDAD,307. SEMIRAMIS MARILYN SOLAR JARA,PDC,9.0,False
1968307,QUILACO,QUILACO,INSTITUTO VALLE DEL SOL QUILACO,3M,XU.UNIDOS POR LA DIGNIDAD,308. CAROLINA JANNET TAPIA CARIL,IND,0.0,False
1968308,QUILACO,QUILACO,INSTITUTO VALLE DEL SOL QUILACO,3M,XU.UNIDOS POR LA DIGNIDAD,309. FELIX ANTONIO PINO MATUS,IND,1.0,False
1968309,QUILACO,QUILACO,INSTITUTO VALLE DEL SOL QUILACO,3M,YW.UNIDAD POR EL APRUEBO PS PPD E INDEPENDIENTES,310. JORGE ALBERTO VALLEJOS CORDOVA,PPD,7.0,True
1968310,QUILACO,QUILACO,INSTITUTO VALLE DEL SOL QUILACO,3M,YW.UNIDAD POR EL APRUEBO PS PPD E INDEPENDIENTES,311. BARBARA ELENA GUTIERREZ BALBOA,IND,11.0,False
1968311,QUILACO,QUILACO,INSTITUTO VALLE DEL SOL QUILACO,3M,YW.UNIDAD POR EL APRUEBO PS PPD E INDEPENDIENTES,312. JAIME SANHUEZA PARRA,PS,10.0,True
1968312,QUILACO,QUILACO,INSTITUTO VALLE DEL SOL QUILACO,3M,YW.UNIDAD POR EL APRUEBO PS PPD E INDEPENDIENTES,313. ANA PAULA FIGUEROA RIQUELME,IND,1.0,False
1968313,QUILACO,QUILACO,INSTITUTO VALLE DEL SOL QUILACO,3M,YW.UNIDAD POR EL APRUEBO PS PPD E INDEPENDIENTES,314. BERNARDO  MORA QUEZADA,IND,5.0,False
1968314,QUILACO,QUILACO,INSTITUTO VALLE DEL SOL QUILACO,3M,ZJ.CHILE VAMOS UDI - INDEPENDIENTES,315. MIGUEL ANGEL RIQUELME CHAVEZ,UDI,9.0,True
1968315,QUILACO,QUILACO,INSTITUTO VALLE DEL SOL QUILACO,3M,ZJ.CHILE VAMOS UDI - INDEPENDIENTES,316. MARLY ROCIO ESCOBAR CHAVEZ,UDI,1.0,False
1968316,QUILACO,QUILACO,INSTITUTO VALLE DEL SOL QUILACO,3M,ZJ.CHILE VAMOS UDI - INDEPENDIENTES,317. MAURICIO ORLANDO GONZALEZ VALLEJOS,IND,3.0,False
1968317,QUILACO,QUILACO,INSTITUTO VALLE DEL SOL QUILACO,3M,ZJ.CHILE VAMOS UDI - INDEPENDIENTES,318. JARED ARIEL BARUC ALARCON MANOSALVA,IND,0.0,False
1968318,QUILACO,QUILACO,INSTITUTO VALLE DEL SOL QUILACO,3M,ZJ.CHILE VAMOS UDI - INDEPENDIENTES,319. SANTIAGO RAMIREZ SEPULVEDA,IND,4.0,False
1968319,QUILACO,QUILACO,INSTITUTO VALLE DEL SOL QUILACO,3M,ZJ.CHILE VAMOS UDI - INDEPENDIENTES,320. EUGENIA ARACELI ERICES QUEZADA,IND,10.0,False
1968320,QUILACO,QUILACO,INSTITUTO VALLE DEL SOL QUILACO,3M,ZU.RADICALES E INDEPENDIENTES,321. ROLANDO ANTONIO ISAAC TIRAPEGUI MUÑOZ,PR,12.0,False
1968321,QUILACO,QUILACO,INSTITUTO VALLE DEL SOL QUILACO,3M,ZU.RADICALES E INDEPENDIENTES,322. MARIA JOSE MUÑOZ CUEVAS,PR,1.0,False
1968322,QUILACO,QUILACO,INSTITUTO VALLE DEL SOL QUILACO,3M,ZU.RADICALES E INDEPENDIENTES,323. PEDRO ANGEL SANHUEZA SALAMANCA,PR,15.0,True
1968323,QUILACO,QUILACO,INSTITUTO VALLE DEL SOL QUILACO,3M,ZU.RADICALES E INDEPENDIENTES,324. GLADYS ALBERTINA OBREQUE MERINO,IND,2.0,False
1968324,QUILACO,QUILACO,INSTITUTO VALLE DEL SOL QUILACO,3M,ZU.RADICALES E INDEPENDIENTES,325. CAROLINA FRANCISCA QUEZADA ACHERI,IND,2.0,False
1968325,QUILACO,QUILACO,INSTITUTO VALLE DEL SOL QUILACO,4M,M.CHILE DIGNO VERDE Y SOBERANO,300. QUINTIN MARDONES GRANDON,IND,0.0,False
1968326,QUILACO,QUILACO,INSTITUTO VALLE DEL SOL QUILACO,4M,XK.CHILE VAMOS RENOVACION NACIONAL - INDEPENDIENTES,301. JACQUELYN EMELINA BENITEZ MORA,RN,12.0,True
1968327,QUILACO,QUILACO,INSTITUTO VALLE DEL SOL QUILACO,4M,XK.CHILE VAMOS RENOVACION NACIONAL - INDEPENDIENTES,302. LUCIANO FIGUEROA COFRE,IND,5.0,False
1968328,QUILACO,QUILACO,INSTITUTO VALLE DEL SOL QUILACO,4M,XK.CHILE VAMOS RENOVACION NACIONAL - INDEPENDIENTES,303. PABLO ARIEL RIQUELME CABA,IND,4.0,False
1968329,QUILACO,QUILACO,INSTITUTO VALLE DEL SOL QUILACO,4M,XU.UNIDOS POR LA DIGNIDAD,304. PEDRO ANTONIO MAUREIRA QUEZADA,PRO,11.0,False
1968330,QUILACO,QUILACO,INSTITUTO VALLE DEL SOL QUILACO,4M,XU.UNIDOS POR LA DIGNIDAD,305. JOSE HERIBERTO VILLA RAMOS,PDC,16.0,True
1968331,QUILACO,QUILACO,INSTITUTO VALLE DEL SOL QUILACO,4M,XU.UNIDOS POR LA DIGNIDAD,306. GUILLERMO PATRICIO MORESO ORTEGA,PDC,8.0,False
1968332,QUILACO,QUILACO,INSTITUTO VALLE DEL SOL QUILACO,4M,XU.UNIDOS POR LA DIGNIDAD,307. SEMIRAMIS MARILYN SOLAR JARA,PDC,17.0,False
1968333,QUILACO,QUILACO,INSTITUTO VALLE DEL SOL QUILACO,4M,XU.UNIDOS POR LA DIGNIDAD,308. CAROLINA JANNET TAPIA CARIL,IND,0.0,False
1968334,QUILACO,QUILACO,INSTITUTO VALLE DEL SOL QUILACO,4M,XU.UNIDOS POR LA DIGNIDAD,309. FELIX ANTONIO PINO MATUS,IND,5.0,False
1968335,QUILACO,QUILACO,INSTITUTO VALLE DEL SOL QUILACO,4M,YW.UNIDAD POR EL APRUEBO PS PPD E INDEPENDIENTES,310. JORGE ALBERTO VALLEJOS CORDOVA,PPD,8.0,True
1968336,QUILACO,QUILACO,INSTITUTO VALLE DEL SOL QUILACO,4M,YW.UNIDAD POR EL APRUEBO PS PPD E INDEPENDIENTES,311. BARBARA ELENA GUTIERREZ BALBOA,IND,9.0,False
1968337,QUILACO,QUILACO,INSTITUTO VALLE DEL SOL QUILACO,4M,YW.UNIDAD POR EL APRUEBO PS PPD E INDEPENDIENTES,312. JAIME SANHUEZA PARRA,PS,17.0,True
1968338,QUILACO,QUILACO,INSTITUTO VALLE DEL SOL QUILACO,4M,YW.UNIDAD POR EL APRUEBO PS PPD E INDEPENDIENTES,313. ANA PAULA FIGUEROA RIQUELME,IND,2.0,False
1968339,QUILACO,QUILACO,INSTITUTO VALLE DEL SOL QUILACO,4M,YW.UNIDAD POR EL APRUEBO PS PPD E INDEPENDIENTES,314. BERNARDO  MORA QUEZADA,IND,2.0,False
1968340,QUILACO,QUILACO,INSTITUTO VALLE DEL SOL QUILACO,4M,ZJ.CHILE VAMOS UDI - INDEPENDIENTES,315. MIGUEL ANGEL RIQUELME CHAVEZ,UDI,7.0,True
1968341,QUILACO,QUILACO,INSTITUTO VALLE DEL SOL QUILACO,4M,ZJ.CHILE VAMOS UDI - INDEPENDIENTES,316. MARLY ROCIO ESCOBAR CHAVEZ,UDI,0.0,False
1968342,QUILACO,QUILACO,INSTITUTO VALLE DEL SOL QUILACO,4M,ZJ.CHILE VAMOS UDI - INDEPENDIENTES,317. MAURICIO ORLANDO GONZALEZ VALLEJOS,IND,1.0,False
1968343,QUILACO,QUILACO,INSTITUTO VALLE DEL SOL QUILACO,4M,ZJ.CHILE VAMOS UDI - INDEPENDIENTES,318. JARED ARIEL BARUC ALARCON MANOSALVA,IND,0.0,False
1968344,QUILACO,QUILACO,INSTITUTO VALLE DEL SOL QUILACO,4M,ZJ.CHILE VAMOS UDI - INDEPENDIENTES,319. SANTIAGO RAMIREZ SEPULVEDA,IND,2.0,False
1968345,QUILACO,QUILACO,INSTITUTO VALLE DEL SOL QUILACO,4M,ZJ.CHILE VAMOS UDI - INDEPENDIENTES,320. EUGENIA ARACELI ERICES QUEZADA,IND,21.0,False
1968346,QUILACO,QUILACO,INSTITUTO VALLE DEL SOL QUILACO,4M,ZU.RADICALES E INDEPENDIENTES,321. ROLANDO ANTONIO ISAAC TIRAPEGUI MUÑOZ,PR,12.0,False
1968347,QUILACO,QUILACO,INSTITUTO VALLE DEL SOL QUILACO,4M,ZU.RADICALES E INDEPENDIENTES,322. MARIA JOSE MUÑOZ CUEVAS,PR,2.0,False
1968348,QUILACO,QUILACO,INSTITUTO VALLE DEL SOL QUILACO,4M,ZU.RADICALES E INDEPENDIENTES,323. PEDRO ANGEL SANHUEZA SALAMANCA,PR,12.0,True
1968349,QUILACO,QUILACO,INSTITUTO VALLE DEL SOL QUILACO,4M,ZU.RADICALES E INDEPENDIENTES,324. GLADYS ALBERTINA OBREQUE MERINO,IND,6.0,False
1968350,QUILACO,QUILACO,INSTITUTO VALLE DEL SOL QUILACO,4M,ZU.RADICALES E INDEPENDIENTES,325. CAROLINA FRANCISCA QUEZADA ACHERI,IND,3.0,False
1968351,QUILACO,QUILACO,INSTITUTO VALLE DEL SOL QUILACO,5M,M.CHILE DIGNO VERDE Y SOBERANO,300. QUINTIN MARDONES GRANDON,IND,4.0,False
1968352,QUILACO,QUILACO,INSTITUTO VALLE DEL SOL QUILACO,5M,XK.CHILE VAMOS RENOVACION NACIONAL - INDEPENDIENTES,301. JACQUELYN EMELINA BENITEZ MORA,RN,10.0,True
1968353,QUILACO,QUILACO,INSTITUTO VALLE DEL SOL QUILACO,5M,XK.CHILE VAMOS RENOVACION NACIONAL - INDEPENDIENTES,302. LUCIANO FIGUEROA COFRE,IND,6.0,False
1968354,QUILACO,QUILACO,INSTITUTO VALLE DEL SOL QUILACO,5M,XK.CHILE VAMOS RENOVACION NACIONAL - INDEPENDIENTES,303. PABLO ARIEL RIQUELME CABA,IND,6.0,False
1968355,QUILACO,QUILACO,INSTITUTO VALLE DEL SOL QUILACO,5M,XU.UNIDOS POR LA DIGNIDAD,304. PEDRO ANTONIO MAUREIRA QUEZADA,PRO,17.0,False
1968356,QUILACO,QUILACO,INSTITUTO VALLE DEL SOL QUILACO,5M,XU.UNIDOS POR LA DIGNIDAD,305. JOSE HERIBERTO VILLA RAMOS,PDC,9.0,True
1968357,QUILACO,QUILACO,INSTITUTO VALLE DEL SOL QUILACO,5M,XU.UNIDOS POR LA DIGNIDAD,306. GUILLERMO PATRICIO MORESO ORTEGA,PDC,4.0,False
1968358,QUILACO,QUILACO,INSTITUTO VALLE DEL SOL QUILACO,5M,XU.UNIDOS POR LA DIGNIDAD,307. SEMIRAMIS MARILYN SOLAR JARA,PDC,6.0,False
1968359,QUILACO,QUILACO,INSTITUTO VALLE DEL SOL QUILACO,5M,XU.UNIDOS POR LA DIGNIDAD,308. CAROLINA JANNET TAPIA CARIL,IND,2.0,False
1968360,QUILACO,QUILACO,INSTITUTO VALLE DEL SOL QUILACO,5M,XU.UNIDOS POR LA DIGNIDAD,309. FELIX ANTONIO PINO MATUS,IND,2.0,False
1968361,QUILACO,QUILACO,INSTITUTO VALLE DEL SOL QUILACO,5M,YW.UNIDAD POR EL APRUEBO PS PPD E INDEPENDIENTES,310. JORGE ALBERTO VALLEJOS CORDOVA,PPD,9.0,True
1968362,QUILACO,QUILACO,INSTITUTO VALLE DEL SOL QUILACO,5M,YW.UNIDAD POR EL APRUEBO PS PPD E INDEPENDIENTES,311. BARBARA ELENA GUTIERREZ BALBOA,IND,13.0,False
1968363,QUILACO,QUILACO,INSTITUTO VALLE DEL SOL QUILACO,5M,YW.UNIDAD POR EL APRUEBO PS PPD E INDEPENDIENTES,312. JAIME SANHUEZA PARRA,PS,10.0,True
1968364,QUILACO,QUILACO,INSTITUTO VALLE DEL SOL QUILACO,5M,YW.UNIDAD POR EL APRUEBO PS PPD E INDEPENDIENTES,313. ANA PAULA FIGUEROA RIQUELME,IND,5.0,False
1968365,QUILACO,QUILACO,INSTITUTO VALLE DEL SOL QUILACO,5M,YW.UNIDAD POR EL APRUEBO PS PPD E INDEPENDIENTES,314. BERNARDO  MORA QUEZADA,IND,8.0,False
1968366,QUILACO,QUILACO,INSTITUTO VALLE DEL SOL QUILACO,5M,ZJ.CHILE VAMOS UDI - INDEPENDIENTES,315. MIGUEL ANGEL RIQUELME CHAVEZ,UDI,10.0,True
1968367,QUILACO,QUILACO,INSTITUTO VALLE DEL SOL QUILACO,5M,ZJ.CHILE VAMOS UDI - INDEPENDIENTES,316. MARLY ROCIO ESCOBAR CHAVEZ,UDI,0.0,False
1968368,QUILACO,QUILACO,INSTITUTO VALLE DEL SOL QUILACO,5M,ZJ.CHILE VAMOS UDI - INDEPENDIENTES,317. MAURICIO ORLANDO GONZALEZ VALLEJOS,IND,1.0,False
1968369,QUILACO,QUILACO,INSTITUTO VALLE DEL SOL QUILACO,5M,ZJ.CHILE VAMOS UDI - INDEPENDIENTES,318. JARED ARIEL BARUC ALARCON MANOSALVA,IND,1.0,False
1968370,QUILACO,QUILACO,INSTITUTO VALLE DEL SOL QUILACO,5M,ZJ.CHILE VAMOS UDI - INDEPENDIENTES,319. SANTIAGO RAMIREZ SEPULVEDA,IND,8.0,False
1968371,QUILACO,QUILACO,INSTITUTO VALLE DEL SOL QUILACO,5M,ZJ.CHILE VAMOS UDI - INDEPENDIENTES,320. EUGENIA ARACELI ERICES QUEZADA,IND,18.0,False
1968372,QUILACO,QUILACO,INSTITUTO VALLE DEL SOL QUILACO,5M,ZU.RADICALES E INDEPENDIENTES,321. ROLANDO ANTONIO ISAAC TIRAPEGUI MUÑOZ,PR,14.0,False
1968373,QUILACO,QUILACO,INSTITUTO VALLE DEL SOL QUILACO,5M,ZU.RADICALES E INDEPENDIENTES,322. MARIA JOSE MUÑOZ CUEVAS,PR,2.0,False
1968374,QUILACO,QUILACO,INSTITUTO VALLE DEL SOL QUILACO,5M,ZU.RADICALES E INDEPENDIENTES,323. PEDRO ANGEL SANHUEZA SALAMANCA,PR,10.0,True
1968375,QUILACO,QUILACO,INSTITUTO VALLE DEL SOL QUILACO,5M,ZU.RADICALES E INDEPENDIENTES,324. GLADYS ALBERTINA OBREQUE MERINO,IND,3.0,False
1968376,QUILACO,QUILACO,INSTITUTO VALLE DEL SOL QUILACO,5M,ZU.RADICALES E INDEPENDIENTES,325. CAROLINA FRANCISCA QUEZADA ACHERI,IND,1.0,False
1968377,QUILACO,QUILACO,INSTITUTO VALLE DEL SOL QUILACO,6M,M.CHILE DIGNO VERDE Y SOBERANO,300. QUINTIN MARDONES GRANDON,IND,2.0,False
1968378,QUILACO,QUILACO,INSTITUTO VALLE DEL SOL QUILACO,6M,XK.CHILE VAMOS RENOVACION NACIONAL - INDEPENDIENTES,301. JACQUELYN EMELINA BENITEZ MORA,RN,15.0,True
1968379,QUILACO,QUILACO,INSTITUTO VALLE DEL SOL QUILACO,6M,XK.CHILE VAMOS RENOVACION NACIONAL - INDEPENDIENTES,302. LUCIANO FIGUEROA COFRE,IND,3.0,False
1968380,QUILACO,QUILACO,INSTITUTO VALLE DEL SOL QUILACO,6M,XK.CHILE VAMOS RENOVACION NACIONAL - INDEPENDIENTES,303. PABLO ARIEL RIQUELME CABA,IND,6.0,False
1968381,QUILACO,QUILACO,INSTITUTO VALLE DEL SOL QUILACO,6M,XU.UNIDOS POR LA DIGNIDAD,304. PEDRO ANTONIO MAUREIRA QUEZADA,PRO,8.0,False
1968382,QUILACO,QUILACO,INSTITUTO VALLE DEL SOL QUILACO,6M,XU.UNIDOS POR LA DIGNIDAD,305. JOSE HERIBERTO VILLA RAMOS,PDC,14.0,True
1968383,QUILACO,QUILACO,INSTITUTO VALLE DEL SOL QUILACO,6M,XU.UNIDOS POR LA DIGNIDAD,306. GUILLERMO PATRICIO MORESO ORTEGA,PDC,4.0,False
1968384,QUILACO,QUILACO,INSTITUTO VALLE DEL SOL QUILACO,6M,XU.UNIDOS POR LA DIGNIDAD,307. SEMIRAMIS MARILYN SOLAR JARA,PDC,16.0,False
1968385,QUILACO,QUILACO,INSTITUTO VALLE DEL SOL QUILACO,6M,XU.UNIDOS POR LA DIGNIDAD,308. CAROLINA JANNET TAPIA CARIL,IND,0.0,False
1968386,QUILACO,QUILACO,INSTITUTO VALLE DEL SOL QUILACO,6M,XU.UNIDOS POR LA DIGNIDAD,309. FELIX ANTONIO PINO MATUS,IND,1.0,False
1968387,QUILACO,QUILACO,INSTITUTO VALLE DEL SOL QUILACO,6M,YW.UNIDAD POR EL APRUEBO PS PPD E INDEPENDIENTES,310. JORGE ALBERTO VALLEJOS CORDOVA,PPD,22.0,True
1968388,QUILACO,QUILACO,INSTITUTO VALLE DEL SOL QUILACO,6M,YW.UNIDAD POR EL APRUEBO PS PPD E INDEPENDIENTES,311. BARBARA ELENA GUTIERREZ BALBOA,IND,11.0,False
1968389,QUILACO,QUILACO,INSTITUTO VALLE DEL SOL QUILACO,6M,YW.UNIDAD POR EL APRUEBO PS PPD E INDEPENDIENTES,312. JAIME SANHUEZA PARRA,PS,23.0,True
1968390,QUILACO,QUILACO,INSTITUTO VALLE DEL SOL QUILACO,6M,YW.UNIDAD POR EL APRUEBO PS PPD E INDEPENDIENTES,313. ANA PAULA FIGUEROA RIQUELME,IND,5.0,False
1968391,QUILACO,QUILACO,INSTITUTO VALLE DEL SOL QUILACO,6M,YW.UNIDAD POR EL APRUEBO PS PPD E INDEPENDIENTES,314. BERNARDO  MORA QUEZADA,IND,6.0,False
1968392,QUILACO,QUILACO,INSTITUTO VALLE DEL SOL QUILACO,6M,ZJ.CHILE VAMOS UDI - INDEPENDIENTES,315. MIGUEL ANGEL RIQUELME CHAVEZ,UDI,12.0,True
1968393,QUILACO,QUILACO,INSTITUTO VALLE DEL SOL QUILACO,6M,ZJ.CHILE VAMOS UDI - INDEPENDIENTES,316. MARLY ROCIO ESCOBAR CHAVEZ,UDI,2.0,False
1968394,QUILACO,QUILACO,INSTITUTO VALLE DEL SOL QUILACO,6M,ZJ.CHILE VAMOS UDI - INDEPENDIENTES,317. MAURICIO ORLANDO GONZALEZ VALLEJOS,IND,1.0,False
1968395,QUILACO,QUILACO,INSTITUTO VALLE DEL SOL QUILACO,6M,ZJ.CHILE VAMOS UDI - INDEPENDIENTES,318. JARED ARIEL BARUC ALARCON MANOSALVA,IND,1.0,False
1968396,QUILACO,QUILACO,INSTITUTO VALLE DEL SOL QUILACO,6M,ZJ.CHILE VAMOS UDI - INDEPENDIENTES,319. SANTIAGO RAMIREZ SEPULVEDA,IND,3.0,False
1968397,QUILACO,QUILACO,INSTITUTO VALLE DEL SOL QUILACO,6M,ZJ.CHILE VAMOS UDI - INDEPENDIENTES,320. EUGENIA ARACELI ERICES QUEZADA,IND,14.0,False
1968398,QUILACO,QUILACO,INSTITUTO VALLE DEL SOL QUILACO,6M,ZU.RADICALES E INDEPENDIENTES,321. ROLANDO ANTONIO ISAAC TIRAPEGUI MUÑOZ,PR,7.0,False
1968399,QUILACO,QUILACO,INSTITUTO VALLE DEL SOL QUILACO,6M,ZU.RADICALES E INDEPENDIENTES,322. MARIA JOSE MUÑOZ CUEVAS,PR,3.0,False
1968400,QUILACO,QUILACO,INSTITUTO VALLE DEL SOL QUILACO,6M,ZU.RADICALES E INDEPENDIENTES,323. PEDRO ANGEL SANHUEZA SALAMANCA,PR,14.0,True
1968401,QUILACO,QUILACO,INSTITUTO VALLE DEL SOL QUILACO,6M,ZU.RADICALES E INDEPENDIENTES,324. GLADYS ALBERTINA OBREQUE MERINO,IND,6.0,False
1968402,QUILACO,QUILACO,INSTITUTO VALLE DEL SOL QUILACO,6M,ZU.RADICALES E INDEPENDIENTES,325. CAROLINA FRANCISCA QUEZADA ACHERI,IND,4.0,False
1968403,QUILACO,QUILACO,INSTITUTO VALLE DEL SOL QUILACO,7M,M.CHILE DIGNO VERDE Y SOBERANO,300. QUINTIN MARDONES GRANDON,IND,4.0,False
1968404,QUILACO,QUILACO,INSTITUTO VALLE DEL SOL QUILACO,7M,XK.CHILE VAMOS RENOVACION NACIONAL - INDEPENDIENTES,301. JACQUELYN EMELINA BENITEZ MORA,RN,10.0,True
1968405,QUILACO,QUILACO,INSTITUTO VALLE DEL SOL QUILACO,7M,XK.CHILE VAMOS RENOVACION NACIONAL - INDEPENDIENTES,302. LUCIANO FIGUEROA COFRE,IND,0.0,False
1968406,QUILACO,QUILACO,INSTITUTO VALLE DEL SOL QUILACO,7M,XK.CHILE VAMOS RENOVACION NACIONAL - INDEPENDIENTES,303. PABLO ARIEL RIQUELME CABA,IND,5.0,False
1968407,QUILACO,QUILACO,INSTITUTO VALLE DEL SOL QUILACO,7M,XU.UNIDOS POR LA DIGNIDAD,304. PEDRO ANTONIO MAUREIRA QUEZADA,PRO,6.0,False
1968408,QUILACO,QUILACO,INSTITUTO VALLE DEL SOL QUILACO,7M,XU.UNIDOS POR LA DIGNIDAD,305. JOSE HERIBERTO VILLA RAMOS,PDC,9.0,True
1968409,QUILACO,QUILACO,INSTITUTO VALLE DEL SOL QUILACO,7M,XU.UNIDOS POR LA DIGNIDAD,306. GUILLERMO PATRICIO MORESO ORTEGA,PDC,2.0,False
1968410,QUILACO,QUILACO,INSTITUTO VALLE DEL SOL QUILACO,7M,XU.UNIDOS POR LA DIGNIDAD,307. SEMIRAMIS MARILYN SOLAR JARA,PDC,4.0,False
1968411,QUILACO,QUILACO,INSTITUTO VALLE DEL SOL QUILACO,7M,XU.UNIDOS POR LA DIGNIDAD,308. CAROLINA JANNET TAPIA CARIL,IND,1.0,False
1968412,QUILACO,QUILACO,INSTITUTO VALLE DEL SOL QUILACO,7M,XU.UNIDOS POR LA DIGNIDAD,309. FELIX ANTONIO PINO MATUS,IND,4.0,False
1968413,QUILACO,QUILACO,INSTITUTO VALLE DEL SOL QUILACO,7M,YW.UNIDAD POR EL APRUEBO PS PPD E INDEPENDIENTES,310. JORGE ALBERTO VALLEJOS CORDOVA,PPD,13.0,True
1968414,QUILACO,QUILACO,INSTITUTO VALLE DEL SOL QUILACO,7M,YW.UNIDAD POR EL APRUEBO PS PPD E INDEPENDIENTES,311. BARBARA ELENA GUTIERREZ BALBOA,IND,7.0,False
1968415,QUILACO,QUILACO,INSTITUTO VALLE DEL SOL QUILACO,7M,YW.UNIDAD POR EL APRUEBO PS PPD E INDEPENDIENTES,312. JAIME SANHUEZA PARRA,PS,8.0,True
1968416,QUILACO,QUILACO,INSTITUTO VALLE DEL SOL QUILACO,7M,YW.UNIDAD POR EL APRUEBO PS PPD E INDEPENDIENTES,313. ANA PAULA FIGUEROA RIQUELME,IND,0.0,False
1968417,QUILACO,QUILACO,INSTITUTO VALLE DEL SOL QUILACO,7M,YW.UNIDAD POR EL APRUEBO PS PPD E INDEPENDIENTES,314. BERNARDO  MORA QUEZADA,IND,2.0,False
1968418,QUILACO,QUILACO,INSTITUTO VALLE DEL SOL QUILACO,7M,ZJ.CHILE VAMOS UDI - INDEPENDIENTES,315. MIGUEL ANGEL RIQUELME CHAVEZ,UDI,13.0,True
1968419,QUILACO,QUILACO,INSTITUTO VALLE DEL SOL QUILACO,7M,ZJ.CHILE VAMOS UDI - INDEPENDIENTES,316. MARLY ROCIO ESCOBAR CHAVEZ,UDI,1.0,False
1968420,QUILACO,QUILACO,INSTITUTO VALLE DEL SOL QUILACO,7M,ZJ.CHILE VAMOS UDI - INDEPENDIENTES,317. MAURICIO ORLANDO GONZALEZ VALLEJOS,IND,0.0,False
1968421,QUILACO,QUILACO,INSTITUTO VALLE DEL SOL QUILACO,7M,ZJ.CHILE VAMOS UDI - INDEPENDIENTES,318. JARED ARIEL BARUC ALARCON MANOSALVA,IND,3.0,False
1968422,QUILACO,QUILACO,INSTITUTO VALLE DEL SOL QUILACO,7M,ZJ.CHILE VAMOS UDI - INDEPENDIENTES,319. SANTIAGO RAMIREZ SEPULVEDA,IND,2.0,False
1968423,QUILACO,QUILACO,INSTITUTO VALLE DEL SOL QUILACO,7M,ZJ.CHILE VAMOS UDI - INDEPENDIENTES,320. EUGENIA ARACELI ERICES QUEZADA,IND,7.0,False
1968424,QUILACO,QUILACO,INSTITUTO VALLE DEL SOL QUILACO,7M,ZU.RADICALES E INDEPENDIENTES,321. ROLANDO ANTONIO ISAAC TIRAPEGUI MUÑOZ,PR,12.0,False
1968425,QUILACO,QUILACO,INSTITUTO VALLE DEL SOL QUILACO,7M,ZU.RADICALES E INDEPENDIENTES,322. MARIA JOSE MUÑOZ CUEVAS,PR,1.0,False
1968426,QUILACO,QUILACO,INSTITUTO VALLE DEL SOL QUILACO,7M,ZU.RADICALES E INDEPENDIENTES,323. PEDRO ANGEL SANHUEZA SALAMANCA,PR,14.0,True
1968427,QUILACO,QUILACO,INSTITUTO VALLE DEL SOL QUILACO,7M,ZU.RADICALES E INDEPENDIENTES,324. GLADYS ALBERTINA OBREQUE MERINO,IND,4.0,False
1968428,QUILACO,QUILACO,INSTITUTO VALLE DEL SOL QUILACO,7M,ZU.RADICALES E INDEPENDIENTES,325. CAROLINA FRANCISCA QUEZADA ACHERI,IND,4.0,False
1968429,QUILACO,QUILACO,INSTITUTO VALLE DEL SOL QUILACO,1V,M.CHILE DIGNO VERDE Y SOBERANO,300. QUINTIN MARDONES GRANDON,IND,1.0,False
1968430,QUILACO,QUILACO,INSTITUTO VALLE DEL SOL QUILACO,1V,XK.CHILE VAMOS RENOVACION NACIONAL - INDEPENDIENTES,301. JACQUELYN EMELINA BENITEZ MORA,RN,6.0,True
1968431,QUILACO,QUILACO,INSTITUTO VALLE DEL SOL QUILACO,1V,XK.CHILE VAMOS RENOVACION NACIONAL - INDEPENDIENTES,302. LUCIANO FIGUEROA COFRE,IND,1.0,False
1968432,QUILACO,QUILACO,INSTITUTO VALLE DEL SOL QUILACO,1V,XK.CHILE VAMOS RENOVACION NACIONAL - INDEPENDIENTES,303. PABLO ARIEL RIQUELME CABA,IND,8.0,False
1968433,QUILACO,QUILACO,INSTITUTO VALLE DEL SOL QUILACO,1V,XU.UNIDOS POR LA DIGNIDAD,304. PEDRO ANTONIO MAUREIRA QUEZADA,PRO,5.0,False
1968434,QUILACO,QUILACO,INSTITUTO VALLE DEL SOL QUILACO,1V,XU.UNIDOS POR LA DIGNIDAD,305. JOSE HERIBERTO VILLA RAMOS,PDC,8.0,True
1968435,QUILACO,QUILACO,INSTITUTO VALLE DEL SOL QUILACO,1V,XU.UNIDOS POR LA DIGNIDAD,306. GUILLERMO PATRICIO MORESO ORTEGA,PDC,4.0,False
1968436,QUILACO,QUILACO,INSTITUTO VALLE DEL SOL QUILACO,1V,XU.UNIDOS POR LA DIGNIDAD,307. SEMIRAMIS MARILYN SOLAR JARA,PDC,11.0,False
1968437,QUILACO,QUILACO,INSTITUTO VALLE DEL SOL QUILACO,1V,XU.UNIDOS POR LA DIGNIDAD,308. CAROLINA JANNET TAPIA CARIL,IND,0.0,False
1968438,QUILACO,QUILACO,INSTITUTO VALLE DEL SOL QUILACO,1V,XU.UNIDOS POR LA DIGNIDAD,309. FELIX ANTONIO PINO MATUS,IND,0.0,False
1968439,QUILACO,QUILACO,INSTITUTO VALLE DEL SOL QUILACO,1V,YW.UNIDAD POR EL APRUEBO PS PPD E INDEPENDIENTES,310. JORGE ALBERTO VALLEJOS CORDOVA,PPD,7.0,True
1968440,QUILACO,QUILACO,INSTITUTO VALLE DEL SOL QUILACO,1V,YW.UNIDAD POR EL APRUEBO PS PPD E INDEPENDIENTES,311. BARBARA ELENA GUTIERREZ BALBOA,IND,8.0,False
1968441,QUILACO,QUILACO,INSTITUTO VALLE DEL SOL QUILACO,1V,YW.UNIDAD POR EL APRUEBO PS PPD E INDEPENDIENTES,312. JAIME SANHUEZA PARRA,PS,6.0,True
1968442,QUILACO,QUILACO,INSTITUTO VALLE DEL SOL QUILACO,1V,YW.UNIDAD POR EL APRUEBO PS PPD E INDEPENDIENTES,313. ANA PAULA FIGUEROA RIQUELME,IND,3.0,False
1968443,QUILACO,QUILACO,INSTITUTO VALLE DEL SOL QUILACO,1V,YW.UNIDAD POR EL APRUEBO PS PPD E INDEPENDIENTES,314. BERNARDO  MORA QUEZADA,IND,6.0,False
1968444,QUILACO,QUILACO,INSTITUTO VALLE DEL SOL QUILACO,1V,ZJ.CHILE VAMOS UDI - INDEPENDIENTES,315. MIGUEL ANGEL RIQUELME CHAVEZ,UDI,7.0,True
1968445,QUILACO,QUILACO,INSTITUTO VALLE DEL SOL QUILACO,1V,ZJ.CHILE VAMOS UDI - INDEPENDIENTES,316. MARLY ROCIO ESCOBAR CHAVEZ,UDI,0.0,False
1968446,QUILACO,QUILACO,INSTITUTO VALLE DEL SOL QUILACO,1V,ZJ.CHILE VAMOS UDI - INDEPENDIENTES,317. MAURICIO ORLANDO GONZALEZ VALLEJOS,IND,2.0,False
1968447,QUILACO,QUILACO,INSTITUTO VALLE DEL SOL QUILACO,1V,ZJ.CHILE VAMOS UDI - INDEPENDIENTES,318. JARED ARIEL BARUC ALARCON MANOSALVA,IND,1.0,False
1968448,QUILACO,QUILACO,INSTITUTO VALLE DEL SOL QUILACO,1V,ZJ.CHILE VAMOS UDI - INDEPENDIENTES,319. SANTIAGO RAMIREZ SEPULVEDA,IND,3.0,False
1968449,QUILACO,QUILACO,INSTITUTO VALLE DEL SOL QUILACO,1V,ZJ.CHILE VAMOS UDI - INDEPENDIENTES,320. EUGENIA ARACELI ERICES QUEZADA,IND,14.0,False
1968450,QUILACO,QUILACO,INSTITUTO VALLE DEL SOL QUILACO,1V,ZU.RADICALES E INDEPENDIENTES,321. ROLANDO ANTONIO ISAAC TIRAPEGUI MUÑOZ,PR,7.0,False
1968451,QUILACO,QUILACO,INSTITUTO VALLE DEL SOL QUILACO,1V,ZU.RADICALES E INDEPENDIENTES,322. MARIA JOSE MUÑOZ CUEVAS,PR,2.0,False
1968452,QUILACO,QUILACO,INSTITUTO VALLE DEL SOL QUILACO,1V,ZU.RADICALES E INDEPENDIENTES,323. PEDRO ANGEL SANHUEZA SALAMANCA,PR,16.0,True
1968453,QUILACO,QUILACO,INSTITUTO VALLE DEL SOL QUILACO,1V,ZU.RADICALES E INDEPENDIENTES,324. GLADYS ALBERTINA OBREQUE MERINO,IND,2.0,False
1968454,QUILACO,QUILACO,INSTITUTO VALLE DEL SOL QUILACO,1V,ZU.RADICALES E INDEPENDIENTES,325. CAROLINA FRANCISCA QUEZADA ACHERI,IND,1.0,False
1968455,QUILACO,QUILACO,INSTITUTO VALLE DEL SOL QUILACO,2V,M.CHILE DIGNO VERDE Y SOBERANO,300. QUINTIN MARDONES GRANDON,IND,3.0,False
1968456,QUILACO,QUILACO,INSTITUTO VALLE DEL SOL QUILACO,2V,XK.CHILE VAMOS RENOVACION NACIONAL - INDEPENDIENTES,301. JACQUELYN EMELINA BENITEZ MORA,RN,10.0,True
1968457,QUILACO,QUILACO,INSTITUTO VALLE DEL SOL QUILACO,2V,XK.CHILE VAMOS RENOVACION NACIONAL - INDEPENDIENTES,302. LUCIANO FIGUEROA COFRE,IND,7.0,False
1968458,QUILACO,QUILACO,INSTITUTO VALLE DEL SOL QUILACO,2V,XK.CHILE VAMOS RENOVACION NACIONAL - INDEPENDIENTES,303. PABLO ARIEL RIQUELME CABA,IND,8.0,False
1968459,QUILACO,QUILACO,INSTITUTO VALLE DEL SOL QUILACO,2V,XU.UNIDOS POR LA DIGNIDAD,304. PEDRO ANTONIO MAUREIRA QUEZADA,PRO,16.0,False
1968460,QUILACO,QUILACO,INSTITUTO VALLE DEL SOL QUILACO,2V,XU.UNIDOS POR LA DIGNIDAD,305. JOSE HERIBERTO VILLA RAMOS,PDC,11.0,True
1968461,QUILACO,QUILACO,INSTITUTO VALLE DEL SOL QUILACO,2V,XU.UNIDOS POR LA DIGNIDAD,306. GUILLERMO PATRICIO MORESO ORTEGA,PDC,5.0,False
1968462,QUILACO,QUILACO,INSTITUTO VALLE DEL SOL QUILACO,2V,XU.UNIDOS POR LA DIGNIDAD,307. SEMIRAMIS MARILYN SOLAR JARA,PDC,6.0,False
1968463,QUILACO,QUILACO,INSTITUTO VALLE DEL SOL QUILACO,2V,XU.UNIDOS POR LA DIGNIDAD,308. CAROLINA JANNET TAPIA CARIL,IND,1.0,False
1968464,QUILACO,QUILACO,INSTITUTO VALLE DEL SOL QUILACO,2V,XU.UNIDOS POR LA DIGNIDAD,309. FELIX ANTONIO PINO MATUS,IND,2.0,False
1968465,QUILACO,QUILACO,INSTITUTO VALLE DEL SOL QUILACO,2V,YW.UNIDAD POR EL APRUEBO PS PPD E INDEPENDIENTES,310. JORGE ALBERTO VALLEJOS CORDOVA,PPD,10.0,True
1968466,QUILACO,QUILACO,INSTITUTO VALLE DEL SOL QUILACO,2V,YW.UNIDAD POR EL APRUEBO PS PPD E INDEPENDIENTES,311. BARBARA ELENA GUTIERREZ BALBOA,IND,20.0,False
1968467,QUILACO,QUILACO,INSTITUTO VALLE DEL SOL QUILACO,2V,YW.UNIDAD POR EL APRUEBO PS PPD E INDEPENDIENTES,312. JAIME SANHUEZA PARRA,PS,9.0,True
1968468,QUILACO,QUILACO,INSTITUTO VALLE DEL SOL QUILACO,2V,YW.UNIDAD POR EL APRUEBO PS PPD E INDEPENDIENTES,313. ANA PAULA FIGUEROA RIQUELME,IND,3.0,False
1968469,QUILACO,QUILACO,INSTITUTO VALLE DEL SOL QUILACO,2V,YW.UNIDAD POR EL APRUEBO PS PPD E INDEPENDIENTES,314. BERNARDO  MORA QUEZADA,IND,3.0,False
1968470,QUILACO,QUILACO,INSTITUTO VALLE DEL SOL QUILACO,2V,ZJ.CHILE VAMOS UDI - INDEPENDIENTES,315. MIGUEL ANGEL RIQUELME CHAVEZ,UDI,11.0,True
1968471,QUILACO,QUILACO,INSTITUTO VALLE DEL SOL QUILACO,2V,ZJ.CHILE VAMOS UDI - INDEPENDIENTES,316. MARLY ROCIO ESCOBAR CHAVEZ,UDI,1.0,False
1968472,QUILACO,QUILACO,INSTITUTO VALLE DEL SOL QUILACO,2V,ZJ.CHILE VAMOS UDI - INDEPENDIENTES,317. MAURICIO ORLANDO GONZALEZ VALLEJOS,IND,3.0,False
1968473,QUILACO,QUILACO,INSTITUTO VALLE DEL SOL QUILACO,2V,ZJ.CHILE VAMOS UDI - INDEPENDIENTES,318. JARED ARIEL BARUC ALARCON MANOSALVA,IND,1.0,False
1968474,QUILACO,QUILACO,INSTITUTO VALLE DEL SOL QUILACO,2V,ZJ.CHILE VAMOS UDI - INDEPENDIENTES,319. SANTIAGO RAMIREZ SEPULVEDA,IND,1.0,False
1968475,QUILACO,QUILACO,INSTITUTO VALLE DEL SOL QUILACO,2V,ZJ.CHILE VAMOS UDI - INDEPENDIENTES,320. EUGENIA ARACELI ERICES QUEZADA,IND,5.0,False
1968476,QUILACO,QUILACO,INSTITUTO VALLE DEL SOL QUILACO,2V,ZU.RADICALES E INDEPENDIENTES,321. ROLANDO ANTONIO ISAAC TIRAPEGUI MUÑOZ,PR,17.0,False
1968477,QUILACO,QUILACO,INSTITUTO VALLE DEL SOL QUILACO,2V,ZU.RADICALES E INDEPENDIENTES,322. MARIA JOSE MUÑOZ CUEVAS,PR,3.0,False
1968478,QUILACO,QUILACO,INSTITUTO VALLE DEL SOL QUILACO,2V,ZU.RADICALES E INDEPENDIENTES,323. PEDRO ANGEL SANHUEZA SALAMANCA,PR,17.0,True
1968479,QUILACO,QUILACO,INSTITUTO VALLE DEL SOL QUILACO,2V,ZU.RADICALES E INDEPENDIENTES,324. GLADYS ALBERTINA OBREQUE MERINO,IND,7.0,False
1968480,QUILACO,QUILACO,INSTITUTO VALLE DEL SOL QUILACO,2V,ZU.RADICALES E INDEPENDIENTES,325. CAROLINA FRANCISCA QUEZADA ACHERI,IND,2.0,False
1968481,QUILACO,QUILACO,INSTITUTO VALLE DEL SOL QUILACO,3V,M.CHILE DIGNO VERDE Y SOBERANO,300. QUINTIN MARDONES GRANDON,IND,3.0,False
1968482,QUILACO,QUILACO,INSTITUTO VALLE DEL SOL QUILACO,3V,XK.CHILE VAMOS RENOVACION NACIONAL - INDEPENDIENTES,301. JACQUELYN EMELINA BENITEZ MORA,RN,9.0,True
1968483,QUILACO,QUILACO,INSTITUTO VALLE DEL SOL QUILACO,3V,XK.CHILE VAMOS RENOVACION NACIONAL - INDEPENDIENTES,302. LUCIANO FIGUEROA COFRE,IND,7.0,False
1968484,QUILACO,QUILACO,INSTITUTO VALLE DEL SOL QUILACO,3V,XK.CHILE VAMOS RENOVACION NACIONAL - INDEPENDIENTES,303. PABLO ARIEL RIQUELME CABA,IND,9.0,False
1968485,QUILACO,QUILACO,INSTITUTO VALLE DEL SOL QUILACO,3V,XU.UNIDOS POR LA DIGNIDAD,304. PEDRO ANTONIO MAUREIRA QUEZADA,PRO,7.0,False
1968486,QUILACO,QUILACO,INSTITUTO VALLE DEL SOL QUILACO,3V,XU.UNIDOS POR LA DIGNIDAD,305. JOSE HERIBERTO VILLA RAMOS,PDC,14.0,True
1968487,QUILACO,QUILACO,INSTITUTO VALLE DEL SOL QUILACO,3V,XU.UNIDOS POR LA DIGNIDAD,306. GUILLERMO PATRICIO MORESO ORTEGA,PDC,3.0,False
1968488,QUILACO,QUILACO,INSTITUTO VALLE DEL SOL QUILACO,3V,XU.UNIDOS POR LA DIGNIDAD,307. SEMIRAMIS MARILYN SOLAR JARA,PDC,5.0,False
1968489,QUILACO,QUILACO,INSTITUTO VALLE DEL SOL QUILACO,3V,XU.UNIDOS POR LA DIGNIDAD,308. CAROLINA JANNET TAPIA CARIL,IND,1.0,False
1968490,QUILACO,QUILACO,INSTITUTO VALLE DEL SOL QUILACO,3V,XU.UNIDOS POR LA DIGNIDAD,309. FELIX ANTONIO PINO MATUS,IND,1.0,False
1968491,QUILACO,QUILACO,INSTITUTO VALLE DEL SOL QUILACO,3V,YW.UNIDAD POR EL APRUEBO PS PPD E INDEPENDIENTES,310. JORGE ALBERTO VALLEJOS CORDOVA,PPD,9.0,True
1968492,QUILACO,QUILACO,INSTITUTO VALLE DEL SOL QUILACO,3V,YW.UNIDAD POR EL APRUEBO PS PPD E INDEPENDIENTES,311. BARBARA ELENA GUTIERREZ BALBOA,IND,8.0,False
1968493,QUILACO,QUILACO,INSTITUTO VALLE DEL SOL QUILACO,3V,YW.UNIDAD POR EL APRUEBO PS PPD E INDEPENDIENTES,312. JAIME SANHUEZA PARRA,PS,11.0,True
1968494,QUILACO,QUILACO,INSTITUTO VALLE DEL SOL QUILACO,3V,YW.UNIDAD POR EL APRUEBO PS PPD E INDEPENDIENTES,313. ANA PAULA FIGUEROA RIQUELME,IND,1.0,False
1968495,QUILACO,QUILACO,INSTITUTO VALLE DEL SOL QUILACO,3V,YW.UNIDAD POR EL APRUEBO PS PPD E INDEPENDIENTES,314. BERNARDO  MORA QUEZADA,IND,4.0,False
1968496,QUILACO,QUILACO,INSTITUTO VALLE DEL SOL QUILACO,3V,ZJ.CHILE VAMOS UDI - INDEPENDIENTES,315. MIGUEL ANGEL RIQUELME CHAVEZ,UDI,12.0,True
1968497,QUILACO,QUILACO,INSTITUTO VALLE DEL SOL QUILACO,3V,ZJ.CHILE VAMOS UDI - INDEPENDIENTES,316. MARLY ROCIO ESCOBAR CHAVEZ,UDI,0.0,False
1968498,QUILACO,QUILACO,INSTITUTO VALLE DEL SOL QUILACO,3V,ZJ.CHILE VAMOS UDI - INDEPENDIENTES,317. MAURICIO ORLANDO GONZALEZ VALLEJOS,IND,3.0,False
1968499,QUILACO,QUILACO,INSTITUTO VALLE DEL SOL QUILACO,3V,ZJ.CHILE VAMOS UDI - INDEPENDIENTES,318. JARED ARIEL BARUC ALARCON MANOSALVA,IND,0.0,False
1968500,QUILACO,QUILACO,INSTITUTO VALLE DEL SOL QUILACO,3V,ZJ.CHILE VAMOS UDI - INDEPENDIENTES,319. SANTIAGO RAMIREZ SEPULVEDA,IND,4.0,False
1968501,QUILACO,QUILACO,INSTITUTO VALLE DEL SOL QUILACO,3V,ZJ.CHILE VAMOS UDI - INDEPENDIENTES,320. EUGENIA ARACELI ERICES QUEZADA,IND,12.0,False
1968502,QUILACO,QUILACO,INSTITUTO VALLE DEL SOL QUILACO,3V,ZU.RADICALES E INDEPENDIENTES,321. ROLANDO ANTONIO ISAAC TIRAPEGUI MUÑOZ,PR,12.0,False
1968503,QUILACO,QUILACO,INSTITUTO VALLE DEL SOL QUILACO,3V,ZU.RADICALES E INDEPENDIENTES,322. MARIA JOSE MUÑOZ CUEVAS,PR,1.0,False
1968504,QUILACO,QUILACO,INSTITUTO VALLE DEL SOL QUILACO,3V,ZU.RADICALES E INDEPENDIENTES,323. PEDRO ANGEL SANHUEZA SALAMANCA,PR,18.0,True
1968505,QUILACO,QUILACO,INSTITUTO VALLE DEL SOL QUILACO,3V,ZU.RADICALES E INDEPENDIENTES,324. GLADYS ALBERTINA OBREQUE MERINO,IND,3.0,False
1968506,QUILACO,QUILACO,INSTITUTO VALLE DEL SOL QUILACO,3V,ZU.RADICALES E INDEPENDIENTES,325. CAROLINA FRANCISCA QUEZADA ACHERI,IND,1.0,False
1968507,QUILACO,QUILACO,INSTITUTO VALLE DEL SOL QUILACO,4V,M.CHILE DIGNO VERDE Y SOBERANO,300. QUINTIN MARDONES GRANDON,IND,5.0,False
1968508,QUILACO,QUILACO,INSTITUTO VALLE DEL SOL QUILACO,4V,XK.CHILE VAMOS RENOVACION NACIONAL - INDEPENDIENTES,301. JACQUELYN EMELINA BENITEZ MORA,RN,10.0,True
1968509,QUILACO,QUILACO,INSTITUTO VALLE DEL SOL QUILACO,4V,XK.CHILE VAMOS RENOVACION NACIONAL - INDEPENDIENTES,302. LUCIANO FIGUEROA COFRE,IND,5.0,False
1968510,QUILACO,QUILACO,INSTITUTO VALLE DEL SOL QUILACO,4V,XK.CHILE VAMOS RENOVACION NACIONAL - INDEPENDIENTES,303. PABLO ARIEL RIQUELME CABA,IND,7.0,False
1968511,QUILACO,QUILACO,INSTITUTO VALLE DEL SOL QUILACO,4V,XU.UNIDOS POR LA DIGNIDAD,304. PEDRO ANTONIO MAUREIRA QUEZADA,PRO,12.0,False
1968512,QUILACO,QUILACO,INSTITUTO VALLE DEL SOL QUILACO,4V,XU.UNIDOS POR LA DIGNIDAD,305. JOSE HERIBERTO VILLA RAMOS,PDC,11.0,True
1968513,QUILACO,QUILACO,INSTITUTO VALLE DEL SOL QUILACO,4V,XU.UNIDOS POR LA DIGNIDAD,306. GUILLERMO PATRICIO MORESO ORTEGA,PDC,4.0,False
1968514,QUILACO,QUILACO,INSTITUTO VALLE DEL SOL QUILACO,4V,XU.UNIDOS POR LA DIGNIDAD,307. SEMIRAMIS MARILYN SOLAR JARA,PDC,4.0,False
1968515,QUILACO,QUILACO,INSTITUTO VALLE DEL SOL QUILACO,4V,XU.UNIDOS POR LA DIGNIDAD,308. CAROLINA JANNET TAPIA CARIL,IND,0.0,False
1968516,QUILACO,QUILACO,INSTITUTO VALLE DEL SOL QUILACO,4V,XU.UNIDOS POR LA DIGNIDAD,309. FELIX ANTONIO PINO MATUS,IND,0.0,False
1968517,QUILACO,QUILACO,INSTITUTO VALLE DEL SOL QUILACO,4V,YW.UNIDAD POR EL APRUEBO PS PPD E INDEPENDIENTES,310. JORGE ALBERTO VALLEJOS CORDOVA,PPD,10.0,True
1968518,QUILACO,QUILACO,INSTITUTO VALLE DEL SOL QUILACO,4V,YW.UNIDAD POR EL APRUEBO PS PPD E INDEPENDIENTES,311. BARBARA ELENA GUTIERREZ BALBOA,IND,9.0,False
1968519,QUILACO,QUILACO,INSTITUTO VALLE DEL SOL QUILACO,4V,YW.UNIDAD POR EL APRUEBO PS PPD E INDEPENDIENTES,312. JAIME SANHUEZA PARRA,PS,8.0,True
1968520,QUILACO,QUILACO,INSTITUTO VALLE DEL SOL QUILACO,4V,YW.UNIDAD POR EL APRUEBO PS PPD E INDEPENDIENTES,313. ANA PAULA FIGUEROA RIQUELME,IND,1.0,False
1968521,QUILACO,QUILACO,INSTITUTO VALLE DEL SOL QUILACO,4V,YW.UNIDAD POR EL APRUEBO PS PPD E INDEPENDIENTES,314. BERNARDO  MORA QUEZADA,IND,1.0,False
1968522,QUILACO,QUILACO,INSTITUTO VALLE DEL SOL QUILACO,4V,ZJ.CHILE VAMOS UDI - INDEPENDIENTES,315. MIGUEL ANGEL RIQUELME CHAVEZ,UDI,17.0,True
1968523,QUILACO,QUILACO,INSTITUTO VALLE DEL SOL QUILACO,4V,ZJ.CHILE VAMOS UDI - INDEPENDIENTES,316. MARLY ROCIO ESCOBAR CHAVEZ,UDI,1.0,False
1968524,QUILACO,QUILACO,INSTITUTO VALLE DEL SOL QUILACO,4V,ZJ.CHILE VAMOS UDI - INDEPENDIENTES,317. MAURICIO ORLANDO GONZALEZ VALLEJOS,IND,2.0,False
1968525,QUILACO,QUILACO,INSTITUTO VALLE DEL SOL QUILACO,4V,ZJ.CHILE VAMOS UDI - INDEPENDIENTES,318. JARED ARIEL BARUC ALARCON MANOSALVA,IND,4.0,False
1968526,QUILACO,QUILACO,INSTITUTO VALLE DEL SOL QUILACO,4V,ZJ.CHILE VAMOS UDI - INDEPENDIENTES,319. SANTIAGO RAMIREZ SEPULVEDA,IND,5.0,False
1968527,QUILACO,QUILACO,INSTITUTO VALLE DEL SOL QUILACO,4V,ZJ.CHILE VAMOS UDI - INDEPENDIENTES,320. EUGENIA ARACELI ERICES QUEZADA,IND,5.0,False
1968528,QUILACO,QUILACO,INSTITUTO VALLE DEL SOL QUILACO,4V,ZU.RADICALES E INDEPENDIENTES,321. ROLANDO ANTONIO ISAAC TIRAPEGUI MUÑOZ,PR,13.0,False
1968529,QUILACO,QUILACO,INSTITUTO VALLE DEL SOL QUILACO,4V,ZU.RADICALES E INDEPENDIENTES,322. MARIA JOSE MUÑOZ CUEVAS,PR,3.0,False
1968530,QUILACO,QUILACO,INSTITUTO VALLE DEL SOL QUILACO,4V,ZU.RADICALES E INDEPENDIENTES,323. PEDRO ANGEL SANHUEZA SALAMANCA,PR,16.0,True
1968531,QUILACO,QUILACO,INSTITUTO VALLE DEL SOL QUILACO,4V,ZU.RADICALES E INDEPENDIENTES,324. GLADYS ALBERTINA OBREQUE MERINO,IND,3.0,False
1968532,QUILACO,QUILACO,INSTITUTO VALLE DEL SOL QUILACO,4V,ZU.RADICALES E INDEPENDIENTES,325. CAROLINA FRANCISCA QUEZADA ACHERI,IND,2.0,False
1968533,QUILACO,QUILACO,INSTITUTO VALLE DEL SOL QUILACO,5V,M.CHILE DIGNO VERDE Y SOBERANO,300. QUINTIN MARDONES GRANDON,IND,4.0,False
1968534,QUILACO,QUILACO,INSTITUTO VALLE DEL SOL QUILACO,5V,XK.CHILE VAMOS RENOVACION NACIONAL - INDEPENDIENTES,301. JACQUELYN EMELINA BENITEZ MORA,RN,5.0,True
1968535,QUILACO,QUILACO,INSTITUTO VALLE DEL SOL QUILACO,5V,XK.CHILE VAMOS RENOVACION NACIONAL - INDEPENDIENTES,302. LUCIANO FIGUEROA COFRE,IND,2.0,False
1968536,QUILACO,QUILACO,INSTITUTO VALLE DEL SOL QUILACO,5V,XK.CHILE VAMOS RENOVACION NACIONAL - INDEPENDIENTES,303. PABLO ARIEL RIQUELME CABA,IND,3.0,False
1968537,QUILACO,QUILACO,INSTITUTO VALLE DEL SOL QUILACO,5V,XU.UNIDOS POR LA DIGNIDAD,304. PEDRO ANTONIO MAUREIRA QUEZADA,PRO,8.0,False
1968538,QUILACO,QUILACO,INSTITUTO VALLE DEL SOL QUILACO,5V,XU.UNIDOS POR LA DIGNIDAD,305. JOSE HERIBERTO VILLA RAMOS,PDC,10.0,True
1968539,QUILACO,QUILACO,INSTITUTO VALLE DEL SOL QUILACO,5V,XU.UNIDOS POR LA DIGNIDAD,306. GUILLERMO PATRICIO MORESO ORTEGA,PDC,5.0,False
1968540,QUILACO,QUILACO,INSTITUTO VALLE DEL SOL QUILACO,5V,XU.UNIDOS POR LA DIGNIDAD,307. SEMIRAMIS MARILYN SOLAR JARA,PDC,9.0,False
1968541,QUILACO,QUILACO,INSTITUTO VALLE DEL SOL QUILACO,5V,XU.UNIDOS POR LA DIGNIDAD,308. CAROLINA JANNET TAPIA CARIL,IND,1.0,False
1968542,QUILACO,QUILACO,INSTITUTO VALLE DEL SOL QUILACO,5V,XU.UNIDOS POR LA DIGNIDAD,309. FELIX ANTONIO PINO MATUS,IND,0.0,False
1968543,QUILACO,QUILACO,INSTITUTO VALLE DEL SOL QUILACO,5V,YW.UNIDAD POR EL APRUEBO PS PPD E INDEPENDIENTES,310. JORGE ALBERTO VALLEJOS CORDOVA,PPD,11.0,True
1968544,QUILACO,QUILACO,INSTITUTO VALLE DEL SOL QUILACO,5V,YW.UNIDAD POR EL APRUEBO PS PPD E INDEPENDIENTES,311. BARBARA ELENA GUTIERREZ BALBOA,IND,14.0,False
1968545,QUILACO,QUILACO,INSTITUTO VALLE DEL SOL QUILACO,5V,YW.UNIDAD POR EL APRUEBO PS PPD E INDEPENDIENTES,312. JAIME SANHUEZA PARRA,PS,7.0,True
1968546,QUILACO,QUILACO,INSTITUTO VALLE DEL SOL QUILACO,5V,YW.UNIDAD POR EL APRUEBO PS PPD E INDEPENDIENTES,313. ANA PAULA FIGUEROA RIQUELME,IND,2.0,False
1968547,QUILACO,QUILACO,INSTITUTO VALLE DEL SOL QUILACO,5V,YW.UNIDAD POR EL APRUEBO PS PPD E INDEPENDIENTES,314. BERNARDO  MORA QUEZADA,IND,6.0,False
1968548,QUILACO,QUILACO,INSTITUTO VALLE DEL SOL QUILACO,5V,ZJ.CHILE VAMOS UDI - INDEPENDIENTES,315. MIGUEL ANGEL RIQUELME CHAVEZ,UDI,7.0,True
1968549,QUILACO,QUILACO,INSTITUTO VALLE DEL SOL QUILACO,5V,ZJ.CHILE VAMOS UDI - INDEPENDIENTES,316. MARLY ROCIO ESCOBAR CHAVEZ,UDI,0.0,False
1968550,QUILACO,QUILACO,INSTITUTO VALLE DEL SOL QUILACO,5V,ZJ.CHILE VAMOS UDI - INDEPENDIENTES,317. MAURICIO ORLANDO GONZALEZ VALLEJOS,IND,3.0,False
1968551,QUILACO,QUILACO,INSTITUTO VALLE DEL SOL QUILACO,5V,ZJ.CHILE VAMOS UDI - INDEPENDIENTES,318. JARED ARIEL BARUC ALARCON MANOSALVA,IND,0.0,False
1968552,QUILACO,QUILACO,INSTITUTO VALLE DEL SOL QUILACO,5V,ZJ.CHILE VAMOS UDI - INDEPENDIENTES,319. SANTIAGO RAMIREZ SEPULVEDA,IND,5.0,False
1968553,QUILACO,QUILACO,INSTITUTO VALLE DEL SOL QUILACO,5V,ZJ.CHILE VAMOS UDI - INDEPENDIENTES,320. EUGENIA ARACELI ERICES QUEZADA,IND,8.0,False
1968554,QUILACO,QUILACO,INSTITUTO VALLE DEL SOL QUILACO,5V,ZU.RADICALES E INDEPENDIENTES,321. ROLANDO ANTONIO ISAAC TIRAPEGUI MUÑOZ,PR,7.0,False
1968555,QUILACO,QUILACO,INSTITUTO VALLE DEL SOL QUILACO,5V,ZU.RADICALES E INDEPENDIENTES,322. MARIA JOSE MUÑOZ CUEVAS,PR,3.0,False
1968556,QUILACO,QUILACO,INSTITUTO VALLE DEL SOL QUILACO,5V,ZU.RADICALES E INDEPENDIENTES,323. PEDRO ANGEL SANHUEZA SALAMANCA,PR,15.0,True
1968557,QUILACO,QUILACO,INSTITUTO VALLE DEL SOL QUILACO,5V,ZU.RADICALES E INDEPENDIENTES,324. GLADYS ALBERTINA OBREQUE MERINO,IND,3.0,False
1968558,QUILACO,QUILACO,INSTITUTO VALLE DEL SOL QUILACO,5V,ZU.RADICALES E INDEPENDIENTES,325. CAROLINA FRANCISCA QUEZADA ACHERI,IND,1.0,False
1968559,QUILACO,QUILACO,INSTITUTO VALLE DEL SOL QUILACO,6V,M.CHILE DIGNO VERDE Y SOBERANO,300. QUINTIN MARDONES GRANDON,IND,3.0,False
1968560,QUILACO,QUILACO,INSTITUTO VALLE DEL SOL QUILACO,6V,XK.CHILE VAMOS RENOVACION NACIONAL - INDEPENDIENTES,301. JACQUELYN EMELINA BENITEZ MORA,RN,10.0,True
1968561,QUILACO,QUILACO,INSTITUTO VALLE DEL SOL QUILACO,6V,XK.CHILE VAMOS RENOVACION NACIONAL - INDEPENDIENTES,302. LUCIANO FIGUEROA COFRE,IND,6.0,False
1968562,QUILACO,QUILACO,INSTITUTO VALLE DEL SOL QUILACO,6V,XK.CHILE VAMOS RENOVACION NACIONAL - INDEPENDIENTES,303. PABLO ARIEL RIQUELME CABA,IND,7.0,False
1968563,QUILACO,QUILACO,INSTITUTO VALLE DEL SOL QUILACO,6V,XU.UNIDOS POR LA DIGNIDAD,304. PEDRO ANTONIO MAUREIRA QUEZADA,PRO,14.0,False
1968564,QUILACO,QUILACO,INSTITUTO VALLE DEL SOL QUILACO,6V,XU.UNIDOS POR LA DIGNIDAD,305. JOSE HERIBERTO VILLA RAMOS,PDC,12.0,True
1968565,QUILACO,QUILACO,INSTITUTO VALLE DEL SOL QUILACO,6V,XU.UNIDOS POR LA DIGNIDAD,306. GUILLERMO PATRICIO MORESO ORTEGA,PDC,7.0,False
1968566,QUILACO,QUILACO,INSTITUTO VALLE DEL SOL QUILACO,6V,XU.UNIDOS POR LA DIGNIDAD,307. SEMIRAMIS MARILYN SOLAR JARA,PDC,6.0,False
1968567,QUILACO,QUILACO,INSTITUTO VALLE DEL SOL QUILACO,6V,XU.UNIDOS POR LA DIGNIDAD,308. CAROLINA JANNET TAPIA CARIL,IND,0.0,False
1968568,QUILACO,QUILACO,INSTITUTO VALLE DEL SOL QUILACO,6V,XU.UNIDOS POR LA DIGNIDAD,309. FELIX ANTONIO PINO MATUS,IND,3.0,False
1968569,QUILACO,QUILACO,INSTITUTO VALLE DEL SOL QUILACO,6V,YW.UNIDAD POR EL APRUEBO PS PPD E INDEPENDIENTES,310. JORGE ALBERTO VALLEJOS CORDOVA,PPD,17.0,True
1968570,QUILACO,QUILACO,INSTITUTO VALLE DEL SOL QUILACO,6V,YW.UNIDAD POR EL APRUEBO PS PPD E INDEPENDIENTES,311. BARBARA ELENA GUTIERREZ BALBOA,IND,9.0,False
1968571,QUILACO,QUILACO,INSTITUTO VALLE DEL SOL QUILACO,6V,YW.UNIDAD POR EL APRUEBO PS PPD E INDEPENDIENTES,312. JAIME SANHUEZA PARRA,PS,6.0,True
1968572,QUILACO,QUILACO,INSTITUTO VALLE DEL SOL QUILACO,6V,YW.UNIDAD POR EL APRUEBO PS PPD E INDEPENDIENTES,313. ANA PAULA FIGUEROA RIQUELME,IND,1.0,False
1968573,QUILACO,QUILACO,INSTITUTO VALLE DEL SOL QUILACO,6V,YW.UNIDAD POR EL APRUEBO PS PPD E INDEPENDIENTES,314. BERNARDO  MORA QUEZADA,IND,5.0,False
1968574,QUILACO,QUILACO,INSTITUTO VALLE DEL SOL QUILACO,6V,ZJ.CHILE VAMOS UDI - INDEPENDIENTES,315. MIGUEL ANGEL RIQUELME CHAVEZ,UDI,11.0,True
1968575,QUILACO,QUILACO,INSTITUTO VALLE DEL SOL QUILACO,6V,ZJ.CHILE VAMOS UDI - INDEPENDIENTES,316. MARLY ROCIO ESCOBAR CHAVEZ,UDI,0.0,False
1968576,QUILACO,QUILACO,INSTITUTO VALLE DEL SOL QUILACO,6V,ZJ.CHILE VAMOS UDI - INDEPENDIENTES,317. MAURICIO ORLANDO GONZALEZ VALLEJOS,IND,2.0,False
1968577,QUILACO,QUILACO,INSTITUTO VALLE DEL SOL QUILACO,6V,ZJ.CHILE VAMOS UDI - INDEPENDIENTES,318. JARED ARIEL BARUC ALARCON MANOSALVA,IND,0.0,False
1968578,QUILACO,QUILACO,INSTITUTO VALLE DEL SOL QUILACO,6V,ZJ.CHILE VAMOS UDI - INDEPENDIENTES,319. SANTIAGO RAMIREZ SEPULVEDA,IND,3.0,False
1968579,QUILACO,QUILACO,INSTITUTO VALLE DEL SOL QUILACO,6V,ZJ.CHILE VAMOS UDI - INDEPENDIENTES,320. EUGENIA ARACELI ERICES QUEZADA,IND,8.0,False
1968580,QUILACO,QUILACO,INSTITUTO VALLE DEL SOL QUILACO,6V,ZU.RADICALES E INDEPENDIENTES,321. ROLANDO ANTONIO ISAAC TIRAPEGUI MUÑOZ,PR,8.0,False
1968581,QUILACO,QUILACO,INSTITUTO VALLE DEL SOL QUILACO,6V,ZU.RADICALES E INDEPENDIENTES,322. MARIA JOSE MUÑOZ CUEVAS,PR,6.0,False
1968582,QUILACO,QUILACO,INSTITUTO VALLE DEL SOL QUILACO,6V,ZU.RADICALES E INDEPENDIENTES,323. PEDRO ANGEL SANHUEZA SALAMANCA,PR,9.0,True
1968583,QUILACO,QUILACO,INSTITUTO VALLE DEL SOL QUILACO,6V,ZU.RADICALES E INDEPENDIENTES,324. GLADYS ALBERTINA OBREQUE MERINO,IND,4.0,False
1968584,QUILACO,QUILACO,INSTITUTO VALLE DEL SOL QUILACO,6V,ZU.RADICALES E INDEPENDIENTES,325. CAROLINA FRANCISCA QUEZADA ACHERI,IND,3.0,False
1968585,QUILACO,QUILACO,INSTITUTO VALLE DEL SOL QUILACO,7V,M.CHILE DIGNO VERDE Y SOBERANO,300. QUINTIN MARDONES GRANDON,IND,3.0,False
1968586,QUILACO,QUILACO,INSTITUTO VALLE DEL SOL QUILACO,7V,XK.CHILE VAMOS RENOVACION NACIONAL - INDEPENDIENTES,301. JACQUELYN EMELINA BENITEZ MORA,RN,9.0,True
1968587,QUILACO,QUILACO,INSTITUTO VALLE DEL SOL QUILACO,7V,XK.CHILE VAMOS RENOVACION NACIONAL - INDEPENDIENTES,302. LUCIANO FIGUEROA COFRE,IND,3.0,False
1968588,QUILACO,QUILACO,INSTITUTO VALLE DEL SOL QUILACO,7V,XK.CHILE VAMOS RENOVACION NACIONAL - INDEPENDIENTES,303. PABLO ARIEL RIQUELME CABA,IND,3.0,False
1968589,QUILACO,QUILACO,INSTITUTO VALLE DEL SOL QUILACO,7V,XU.UNIDOS POR LA DIGNIDAD,304. PEDRO ANTONIO MAUREIRA QUEZADA,PRO,12.0,False
1968590,QUILACO,QUILACO,INSTITUTO VALLE DEL SOL QUILACO,7V,XU.UNIDOS POR LA DIGNIDAD,305. JOSE HERIBERTO VILLA RAMOS,PDC,9.0,True
1968591,QUILACO,QUILACO,INSTITUTO VALLE DEL SOL QUILACO,7V,XU.UNIDOS POR LA DIGNIDAD,306. GUILLERMO PATRICIO MORESO ORTEGA,PDC,0.0,False
1968592,QUILACO,QUILACO,INSTITUTO VALLE DEL SOL QUILACO,7V,XU.UNIDOS POR LA DIGNIDAD,307. SEMIRAMIS MARILYN SOLAR JARA,PDC,6.0,False
1968593,QUILACO,QUILACO,INSTITUTO VALLE DEL SOL QUILACO,7V,XU.UNIDOS POR LA DIGNIDAD,308. CAROLINA JANNET TAPIA CARIL,IND,1.0,False
1968594,QUILACO,QUILACO,INSTITUTO VALLE DEL SOL QUILACO,7V,XU.UNIDOS POR LA DIGNIDAD,309. FELIX ANTONIO PINO MATUS,IND,2.0,False
1968595,QUILACO,QUILACO,INSTITUTO VALLE DEL SOL QUILACO,7V,YW.UNIDAD POR EL APRUEBO PS PPD E INDEPENDIENTES,310. JORGE ALBERTO VALLEJOS CORDOVA,PPD,11.0,True
1968596,QUILACO,QUILACO,INSTITUTO VALLE DEL SOL QUILACO,7V,YW.UNIDAD POR EL APRUEBO PS PPD E INDEPENDIENTES,311. BARBARA ELENA GUTIERREZ BALBOA,IND,9.0,False
1968597,QUILACO,QUILACO,INSTITUTO VALLE DEL SOL QUILACO,7V,YW.UNIDAD POR EL APRUEBO PS PPD E INDEPENDIENTES,312. JAIME SANHUEZA PARRA,PS,7.0,True
1968598,QUILACO,QUILACO,INSTITUTO VALLE DEL SOL QUILACO,7V,YW.UNIDAD POR EL APRUEBO PS PPD E INDEPENDIENTES,313. ANA PAULA FIGUEROA RIQUELME,IND,2.0,False
1968599,QUILACO,QUILACO,INSTITUTO VALLE DEL SOL QUILACO,7V,YW.UNIDAD POR EL APRUEBO PS PPD E INDEPENDIENTES,314. BERNARDO  MORA QUEZADA,IND,4.0,False
1968600,QUILACO,QUILACO,INSTITUTO VALLE DEL SOL QUILACO,7V,ZJ.CHILE VAMOS UDI - INDEPENDIENTES,315. MIGUEL ANGEL RIQUELME CHAVEZ,UDI,8.0,True
1968601,QUILACO,QUILACO,INSTITUTO VALLE DEL SOL QUILACO,7V,ZJ.CHILE VAMOS UDI - INDEPENDIENTES,316. MARLY ROCIO ESCOBAR CHAVEZ,UDI,2.0,False
1968602,QUILACO,QUILACO,INSTITUTO VALLE DEL SOL QUILACO,7V,ZJ.CHILE VAMOS UDI - INDEPENDIENTES,317. MAURICIO ORLANDO GONZALEZ VALLEJOS,IND,2.0,False
1968603,QUILACO,QUILACO,INSTITUTO VALLE DEL SOL QUILACO,7V,ZJ.CHILE VAMOS UDI - INDEPENDIENTES,318. JARED ARIEL BARUC ALARCON MANOSALVA,IND,0.0,False
1968604,QUILACO,QUILACO,INSTITUTO VALLE DEL SOL QUILACO,7V,ZJ.CHILE VAMOS UDI - INDEPENDIENTES,319. SANTIAGO RAMIREZ SEPULVEDA,IND,1.0,False
1968605,QUILACO,QUILACO,INSTITUTO VALLE DEL SOL QUILACO,7V,ZJ.CHILE VAMOS UDI - INDEPENDIENTES,320. EUGENIA ARACELI ERICES QUEZADA,IND,6.0,False
1968606,QUILACO,QUILACO,INSTITUTO VALLE DEL SOL QUILACO,7V,ZU.RADICALES E INDEPENDIENTES,321. ROLANDO ANTONIO ISAAC TIRAPEGUI MUÑOZ,PR,13.0,False
1968607,QUILACO,QUILACO,INSTITUTO VALLE DEL SOL QUILACO,7V,ZU.RADICALES E INDEPENDIENTES,322. MARIA JOSE MUÑOZ CUEVAS,PR,3.0,False
1968608,QUILACO,QUILACO,INSTITUTO VALLE DEL SOL QUILACO,7V,ZU.RADICALES E INDEPENDIENTES,323. PEDRO ANGEL SANHUEZA SALAMANCA,PR,8.0,True
1968609,QUILACO,QUILACO,INSTITUTO VALLE DEL SOL QUILACO,7V,ZU.RADICALES E INDEPENDIENTES,324. GLADYS ALBERTINA OBREQUE MERINO,IND,3.0,False
1968610,QUILACO,QUILACO,INSTITUTO VALLE DEL SOL QUILACO,7V,ZU.RADICALES E INDEPENDIENTES,325. CAROLINA FRANCISCA QUEZADA ACHERI,IND,3.0,False
1968611,QUILACO,QUILACO,INSTITUTO VALLE DEL SOL QUILACO,8V,M.CHILE DIGNO VERDE Y SOBERANO,300. QUINTIN MARDONES GRANDON,IND,3.0,False
1968612,QUILACO,QUILACO,INSTITUTO VALLE DEL SOL QUILACO,8V,XK.CHILE VAMOS RENOVACION NACIONAL - INDEPENDIENTES,301. JACQUELYN EMELINA BENITEZ MORA,RN,7.0,True
1968613,QUILACO,QUILACO,INSTITUTO VALLE DEL SOL QUILACO,8V,XK.CHILE VAMOS RENOVACION NACIONAL - INDEPENDIENTES,302. LUCIANO FIGUEROA COFRE,IND,0.0,False
1968614,QUILACO,QUILACO,INSTITUTO VALLE DEL SOL QUILACO,8V,XK.CHILE VAMOS RENOVACION NACIONAL - INDEPENDIENTES,303. PABLO ARIEL RIQUELME CABA,IND,9.0,False
1968615,QUILACO,QUILACO,INSTITUTO VALLE DEL SOL QUILACO,8V,XU.UNIDOS POR LA DIGNIDAD,304. PEDRO ANTONIO MAUREIRA QUEZADA,PRO,7.0,False
1968616,QUILACO,QUILACO,INSTITUTO VALLE DEL SOL QUILACO,8V,XU.UNIDOS POR LA DIGNIDAD,305. JOSE HERIBERTO VILLA RAMOS,PDC,10.0,True
1968617,QUILACO,QUILACO,INSTITUTO VALLE DEL SOL QUILACO,8V,XU.UNIDOS POR LA DIGNIDAD,306. GUILLERMO PATRICIO MORESO ORTEGA,PDC,3.0,False
1968618,QUILACO,QUILACO,INSTITUTO VALLE DEL SOL QUILACO,8V,XU.UNIDOS POR LA DIGNIDAD,307. SEMIRAMIS MARILYN SOLAR JARA,PDC,9.0,False
1968619,QUILACO,QUILACO,INSTITUTO VALLE DEL SOL QUILACO,8V,XU.UNIDOS POR LA DIGNIDAD,308. CAROLINA JANNET TAPIA CARIL,IND,0.0,False
1968620,QUILACO,QUILACO,INSTITUTO VALLE DEL SOL QUILACO,8V,XU.UNIDOS POR LA DIGNIDAD,309. FELIX ANTONIO PINO MATUS,IND,2.0,False
1968621,QUILACO,QUILACO,INSTITUTO VALLE DEL SOL QUILACO,8V,YW.UNIDAD POR EL APRUEBO PS PPD E INDEPENDIENTES,310. JORGE ALBERTO VALLEJOS CORDOVA,PPD,9.0,True
1968622,QUILACO,QUILACO,INSTITUTO VALLE DEL SOL QUILACO,8V,YW.UNIDAD POR EL APRUEBO PS PPD E INDEPENDIENTES,311. BARBARA ELENA GUTIERREZ BALBOA,IND,8.0,False
1968623,QUILACO,QUILACO,INSTITUTO VALLE DEL SOL QUILACO,8V,YW.UNIDAD POR EL APRUEBO PS PPD E INDEPENDIENTES,312. JAIME SANHUEZA PARRA,PS,7.0,True
1968624,QUILACO,QUILACO,INSTITUTO VALLE DEL SOL QUILACO,8V,YW.UNIDAD POR EL APRUEBO PS PPD E INDEPENDIENTES,313. ANA PAULA FIGUEROA RIQUELME,IND,1.0,False
1968625,QUILACO,QUILACO,INSTITUTO VALLE DEL SOL QUILACO,8V,YW.UNIDAD POR EL APRUEBO PS PPD E INDEPENDIENTES,314. BERNARDO  MORA QUEZADA,IND,6.0,False
1968626,QUILACO,QUILACO,INSTITUTO VALLE DEL SOL QUILACO,8V,ZJ.CHILE VAMOS UDI - INDEPENDIENTES,315. MIGUEL ANGEL RIQUELME CHAVEZ,UDI,11.0,True
1968627,QUILACO,QUILACO,INSTITUTO VALLE DEL SOL QUILACO,8V,ZJ.CHILE VAMOS UDI - INDEPENDIENTES,316. MARLY ROCIO ESCOBAR CHAVEZ,UDI,0.0,False
1968628,QUILACO,QUILACO,INSTITUTO VALLE DEL SOL QUILACO,8V,ZJ.CHILE VAMOS UDI - INDEPENDIENTES,317. MAURICIO ORLANDO GONZALEZ VALLEJOS,IND,0.0,False
1968629,QUILACO,QUILACO,INSTITUTO VALLE DEL SOL QUILACO,8V,ZJ.CHILE VAMOS UDI - INDEPENDIENTES,318. JARED ARIEL BARUC ALARCON MANOSALVA,IND,4.0,False
1968630,QUILACO,QUILACO,INSTITUTO VALLE DEL SOL QUILACO,8V,ZJ.CHILE VAMOS UDI - INDEPENDIENTES,319. SANTIAGO RAMIREZ SEPULVEDA,IND,3.0,False
1968631,QUILACO,QUILACO,INSTITUTO VALLE DEL SOL QUILACO,8V,ZJ.CHILE VAMOS UDI - INDEPENDIENTES,320. EUGENIA ARACELI ERICES QUEZADA,IND,9.0,False
1968632,QUILACO,QUILACO,INSTITUTO VALLE DEL SOL QUILACO,8V,ZU.RADICALES E INDEPENDIENTES,321. ROLANDO ANTONIO ISAAC TIRAPEGUI MUÑOZ,PR,7.0,False
1968633,QUILACO,QUILACO,INSTITUTO VALLE DEL SOL QUILACO,8V,ZU.RADICALES E INDEPENDIENTES,322. MARIA JOSE MUÑOZ CUEVAS,PR,2.0,False
1968634,QUILACO,QUILACO,INSTITUTO VALLE DEL SOL QUILACO,8V,ZU.RADICALES E INDEPENDIENTES,323. PEDRO ANGEL SANHUEZA SALAMANCA,PR,13.0,True
1968635,QUILACO,QUILACO,INSTITUTO VALLE DEL SOL QUILACO,8V,ZU.RADICALES E INDEPENDIENTES,324. GLADYS ALBERTINA OBREQUE MERINO,IND,4.0,False
1968636,QUILACO,QUILACO,INSTITUTO VALLE DEL SOL QUILACO,8V,ZU.RADICALES E INDEPENDIENTES,325. CAROLINA FRANCISCA QUEZADA ACHERI,IND,0.0,False
