,COMUNA,CIRC_ELEC,LOCAL,MESA,LISTA,CANDIDATX,PARTIDO,VOTOS,ELECTX
2046576,QUINCHAO,APIAO,ESCUELA RURAL OSTRICULTURA,1,M.CHILE DIGNO VERDE Y SOBERANO,300. HECTOR PATRICIO DELGADO ALVAREZ,PCCH,2.0,False
2046577,QUINCHAO,APIAO,ESCUELA RURAL OSTRICULTURA,1,XK.CHILE VAMOS RENOVACION NACIONAL - INDEPENDIENTES,301. JOSE ALFREDO ANGULO GOMEZ,RN,15.0,True
2046578,QUINCHAO,APIAO,ESCUELA RURAL OSTRICULTURA,1,XK.CHILE VAMOS RENOVACION NACIONAL - INDEPENDIENTES,302. JUAN ELEUTERIO CARCAMO CONCHA,RN,4.0,False
2046579,QUINCHAO,APIAO,ESCUELA RURAL OSTRICULTURA,1,XK.CHILE VAMOS RENOVACION NACIONAL - INDEPENDIENTES,303. JULIO ENRIQUE OJEDA VARGAS,IND,5.0,False
2046580,QUINCHAO,APIAO,ESCUELA RURAL OSTRICULTURA,1,XK.CHILE VAMOS RENOVACION NACIONAL - INDEPENDIENTES,304. LUIS HERNAN GONZALEZ URIBE,IND,2.0,False
2046581,QUINCHAO,APIAO,ESCUELA RURAL OSTRICULTURA,1,XU.UNIDOS POR LA DIGNIDAD,305. OSCAR ARISTIDES GALLARDO CALBUYAHUE,PDC,17.0,True
2046582,QUINCHAO,APIAO,ESCUELA RURAL OSTRICULTURA,1,XU.UNIDOS POR LA DIGNIDAD,306. MAX RODRIGO MALDONADO MALDONADO,PDC,1.0,False
2046583,QUINCHAO,APIAO,ESCUELA RURAL OSTRICULTURA,1,XU.UNIDOS POR LA DIGNIDAD,307. ALEJANDRA MARIA LINCOVIL HUICHAPANI,PDC,7.0,True
2046584,QUINCHAO,APIAO,ESCUELA RURAL OSTRICULTURA,1,XU.UNIDOS POR LA DIGNIDAD,308. SONIA DEL CARMEN NEUN CHEUQUEPIL,PRO,9.0,False
2046585,QUINCHAO,APIAO,ESCUELA RURAL OSTRICULTURA,1,XU.UNIDOS POR LA DIGNIDAD,309. LUIS ANTONIO YAÑEZ RUIZ,IND,5.0,True
2046586,QUINCHAO,APIAO,ESCUELA RURAL OSTRICULTURA,1,YW.UNIDAD POR EL APRUEBO PS PPD E INDEPENDIENTES,310. ARISTIDES CARDENAS GARCIA,PS,2.0,True
2046587,QUINCHAO,APIAO,ESCUELA RURAL OSTRICULTURA,1,YW.UNIDAD POR EL APRUEBO PS PPD E INDEPENDIENTES,311. NATALIA ANDREA ALTAMIRANO RUIZ,IND,5.0,True
2046588,QUINCHAO,APIAO,ESCUELA RURAL OSTRICULTURA,1,YW.UNIDAD POR EL APRUEBO PS PPD E INDEPENDIENTES,312. MAURICIO CARDENAS VERA,IND,0.0,False
2046589,QUINCHAO,APIAO,ESCUELA RURAL OSTRICULTURA,1,YW.UNIDAD POR EL APRUEBO PS PPD E INDEPENDIENTES,313. IVAN ALEJANDRO CORTES CASTRO,IND,0.0,False
2046590,QUINCHAO,APIAO,ESCUELA RURAL OSTRICULTURA,1,ZJ.CHILE VAMOS UDI - INDEPENDIENTES,314. HARNALDO ARNOLDO WINTER LEVICOY,UDI,2.0,False
2046591,QUINCHAO,APIAO,ESCUELA RURAL OSTRICULTURA,1,ZJ.CHILE VAMOS UDI - INDEPENDIENTES,315. NOELIA TERESITA RUIZ TORRES,IND,0.0,False
2046592,QUINCHAO,APIAO,ESCUELA RURAL OSTRICULTURA,1,ZJ.CHILE VAMOS UDI - INDEPENDIENTES,316. GENARO PATRICIO DUARTE REBOLLEDO,IND,3.0,False
2046593,QUINCHAO,APIAO,ESCUELA RURAL OSTRICULTURA,2,M.CHILE DIGNO VERDE Y SOBERANO,300. HECTOR PATRICIO DELGADO ALVAREZ,PCCH,4.0,False
2046594,QUINCHAO,APIAO,ESCUELA RURAL OSTRICULTURA,2,XK.CHILE VAMOS RENOVACION NACIONAL - INDEPENDIENTES,301. JOSE ALFREDO ANGULO GOMEZ,RN,7.0,True
2046595,QUINCHAO,APIAO,ESCUELA RURAL OSTRICULTURA,2,XK.CHILE VAMOS RENOVACION NACIONAL - INDEPENDIENTES,302. JUAN ELEUTERIO CARCAMO CONCHA,RN,,False
2046596,QUINCHAO,APIAO,ESCUELA RURAL OSTRICULTURA,2,XK.CHILE VAMOS RENOVACION NACIONAL - INDEPENDIENTES,303. JULIO ENRIQUE OJEDA VARGAS,IND,3.0,False
2046597,QUINCHAO,APIAO,ESCUELA RURAL OSTRICULTURA,2,XK.CHILE VAMOS RENOVACION NACIONAL - INDEPENDIENTES,304. LUIS HERNAN GONZALEZ URIBE,IND,,False
2046598,QUINCHAO,APIAO,ESCUELA RURAL OSTRICULTURA,2,XU.UNIDOS POR LA DIGNIDAD,305. OSCAR ARISTIDES GALLARDO CALBUYAHUE,PDC,11.0,True
2046599,QUINCHAO,APIAO,ESCUELA RURAL OSTRICULTURA,2,XU.UNIDOS POR LA DIGNIDAD,306. MAX RODRIGO MALDONADO MALDONADO,PDC,,False
2046600,QUINCHAO,APIAO,ESCUELA RURAL OSTRICULTURA,2,XU.UNIDOS POR LA DIGNIDAD,307. ALEJANDRA MARIA LINCOVIL HUICHAPANI,PDC,4.0,True
2046601,QUINCHAO,APIAO,ESCUELA RURAL OSTRICULTURA,2,XU.UNIDOS POR LA DIGNIDAD,308. SONIA DEL CARMEN NEUN CHEUQUEPIL,PRO,7.0,False
2046602,QUINCHAO,APIAO,ESCUELA RURAL OSTRICULTURA,2,XU.UNIDOS POR LA DIGNIDAD,309. LUIS ANTONIO YAÑEZ RUIZ,IND,11.0,True
2046603,QUINCHAO,APIAO,ESCUELA RURAL OSTRICULTURA,2,YW.UNIDAD POR EL APRUEBO PS PPD E INDEPENDIENTES,310. ARISTIDES CARDENAS GARCIA,PS,2.0,True
2046604,QUINCHAO,APIAO,ESCUELA RURAL OSTRICULTURA,2,YW.UNIDAD POR EL APRUEBO PS PPD E INDEPENDIENTES,311. NATALIA ANDREA ALTAMIRANO RUIZ,IND,,True
2046605,QUINCHAO,APIAO,ESCUELA RURAL OSTRICULTURA,2,YW.UNIDAD POR EL APRUEBO PS PPD E INDEPENDIENTES,312. MAURICIO CARDENAS VERA,IND,,False
2046606,QUINCHAO,APIAO,ESCUELA RURAL OSTRICULTURA,2,YW.UNIDAD POR EL APRUEBO PS PPD E INDEPENDIENTES,313. IVAN ALEJANDRO CORTES CASTRO,IND,,False
2046607,QUINCHAO,APIAO,ESCUELA RURAL OSTRICULTURA,2,ZJ.CHILE VAMOS UDI - INDEPENDIENTES,314. HARNALDO ARNOLDO WINTER LEVICOY,UDI,5.0,False
2046608,QUINCHAO,APIAO,ESCUELA RURAL OSTRICULTURA,2,ZJ.CHILE VAMOS UDI - INDEPENDIENTES,315. NOELIA TERESITA RUIZ TORRES,IND,,False
2046609,QUINCHAO,APIAO,ESCUELA RURAL OSTRICULTURA,2,ZJ.CHILE VAMOS UDI - INDEPENDIENTES,316. GENARO PATRICIO DUARTE REBOLLEDO,IND,1.0,False
2046610,QUINCHAO,CHAULINEC,ESCUELA RURAL LA VILLA,1M,M.CHILE DIGNO VERDE Y SOBERANO,300. HECTOR PATRICIO DELGADO ALVAREZ,PCCH,1.0,False
2046611,QUINCHAO,CHAULINEC,ESCUELA RURAL LA VILLA,1M,XK.CHILE VAMOS RENOVACION NACIONAL - INDEPENDIENTES,301. JOSE ALFREDO ANGULO GOMEZ,RN,6.0,True
2046612,QUINCHAO,CHAULINEC,ESCUELA RURAL LA VILLA,1M,XK.CHILE VAMOS RENOVACION NACIONAL - INDEPENDIENTES,302. JUAN ELEUTERIO CARCAMO CONCHA,RN,45.0,False
2046613,QUINCHAO,CHAULINEC,ESCUELA RURAL LA VILLA,1M,XK.CHILE VAMOS RENOVACION NACIONAL - INDEPENDIENTES,303. JULIO ENRIQUE OJEDA VARGAS,IND,1.0,False
2046614,QUINCHAO,CHAULINEC,ESCUELA RURAL LA VILLA,1M,XK.CHILE VAMOS RENOVACION NACIONAL - INDEPENDIENTES,304. LUIS HERNAN GONZALEZ URIBE,IND,2.0,False
2046615,QUINCHAO,CHAULINEC,ESCUELA RURAL LA VILLA,1M,XU.UNIDOS POR LA DIGNIDAD,305. OSCAR ARISTIDES GALLARDO CALBUYAHUE,PDC,7.0,True
2046616,QUINCHAO,CHAULINEC,ESCUELA RURAL LA VILLA,1M,XU.UNIDOS POR LA DIGNIDAD,306. MAX RODRIGO MALDONADO MALDONADO,PDC,2.0,False
2046617,QUINCHAO,CHAULINEC,ESCUELA RURAL LA VILLA,1M,XU.UNIDOS POR LA DIGNIDAD,307. ALEJANDRA MARIA LINCOVIL HUICHAPANI,PDC,4.0,True
2046618,QUINCHAO,CHAULINEC,ESCUELA RURAL LA VILLA,1M,XU.UNIDOS POR LA DIGNIDAD,308. SONIA DEL CARMEN NEUN CHEUQUEPIL,PRO,3.0,False
2046619,QUINCHAO,CHAULINEC,ESCUELA RURAL LA VILLA,1M,XU.UNIDOS POR LA DIGNIDAD,309. LUIS ANTONIO YAÑEZ RUIZ,IND,12.0,True
2046620,QUINCHAO,CHAULINEC,ESCUELA RURAL LA VILLA,1M,YW.UNIDAD POR EL APRUEBO PS PPD E INDEPENDIENTES,310. ARISTIDES CARDENAS GARCIA,PS,2.0,True
2046621,QUINCHAO,CHAULINEC,ESCUELA RURAL LA VILLA,1M,YW.UNIDAD POR EL APRUEBO PS PPD E INDEPENDIENTES,311. NATALIA ANDREA ALTAMIRANO RUIZ,IND,,True
2046622,QUINCHAO,CHAULINEC,ESCUELA RURAL LA VILLA,1M,YW.UNIDAD POR EL APRUEBO PS PPD E INDEPENDIENTES,312. MAURICIO CARDENAS VERA,IND,,False
2046623,QUINCHAO,CHAULINEC,ESCUELA RURAL LA VILLA,1M,YW.UNIDAD POR EL APRUEBO PS PPD E INDEPENDIENTES,313. IVAN ALEJANDRO CORTES CASTRO,IND,1.0,False
2046624,QUINCHAO,CHAULINEC,ESCUELA RURAL LA VILLA,1M,ZJ.CHILE VAMOS UDI - INDEPENDIENTES,314. HARNALDO ARNOLDO WINTER LEVICOY,UDI,,False
2046625,QUINCHAO,CHAULINEC,ESCUELA RURAL LA VILLA,1M,ZJ.CHILE VAMOS UDI - INDEPENDIENTES,315. NOELIA TERESITA RUIZ TORRES,IND,,False
2046626,QUINCHAO,CHAULINEC,ESCUELA RURAL LA VILLA,1M,ZJ.CHILE VAMOS UDI - INDEPENDIENTES,316. GENARO PATRICIO DUARTE REBOLLEDO,IND,4.0,False
2046627,QUINCHAO,CHAULINEC,ESCUELA RURAL LA VILLA,2M-1V,M.CHILE DIGNO VERDE Y SOBERANO,300. HECTOR PATRICIO DELGADO ALVAREZ,PCCH,0.0,False
2046628,QUINCHAO,CHAULINEC,ESCUELA RURAL LA VILLA,2M-1V,XK.CHILE VAMOS RENOVACION NACIONAL - INDEPENDIENTES,301. JOSE ALFREDO ANGULO GOMEZ,RN,12.0,True
2046629,QUINCHAO,CHAULINEC,ESCUELA RURAL LA VILLA,2M-1V,XK.CHILE VAMOS RENOVACION NACIONAL - INDEPENDIENTES,302. JUAN ELEUTERIO CARCAMO CONCHA,RN,51.0,False
2046630,QUINCHAO,CHAULINEC,ESCUELA RURAL LA VILLA,2M-1V,XK.CHILE VAMOS RENOVACION NACIONAL - INDEPENDIENTES,303. JULIO ENRIQUE OJEDA VARGAS,IND,1.0,False
2046631,QUINCHAO,CHAULINEC,ESCUELA RURAL LA VILLA,2M-1V,XK.CHILE VAMOS RENOVACION NACIONAL - INDEPENDIENTES,304. LUIS HERNAN GONZALEZ URIBE,IND,3.0,False
2046632,QUINCHAO,CHAULINEC,ESCUELA RURAL LA VILLA,2M-1V,XU.UNIDOS POR LA DIGNIDAD,305. OSCAR ARISTIDES GALLARDO CALBUYAHUE,PDC,8.0,True
2046633,QUINCHAO,CHAULINEC,ESCUELA RURAL LA VILLA,2M-1V,XU.UNIDOS POR LA DIGNIDAD,306. MAX RODRIGO MALDONADO MALDONADO,PDC,2.0,False
2046634,QUINCHAO,CHAULINEC,ESCUELA RURAL LA VILLA,2M-1V,XU.UNIDOS POR LA DIGNIDAD,307. ALEJANDRA MARIA LINCOVIL HUICHAPANI,PDC,4.0,True
2046635,QUINCHAO,CHAULINEC,ESCUELA RURAL LA VILLA,2M-1V,XU.UNIDOS POR LA DIGNIDAD,308. SONIA DEL CARMEN NEUN CHEUQUEPIL,PRO,8.0,False
2046636,QUINCHAO,CHAULINEC,ESCUELA RURAL LA VILLA,2M-1V,XU.UNIDOS POR LA DIGNIDAD,309. LUIS ANTONIO YAÑEZ RUIZ,IND,12.0,True
2046637,QUINCHAO,CHAULINEC,ESCUELA RURAL LA VILLA,2M-1V,YW.UNIDAD POR EL APRUEBO PS PPD E INDEPENDIENTES,310. ARISTIDES CARDENAS GARCIA,PS,3.0,True
2046638,QUINCHAO,CHAULINEC,ESCUELA RURAL LA VILLA,2M-1V,YW.UNIDAD POR EL APRUEBO PS PPD E INDEPENDIENTES,311. NATALIA ANDREA ALTAMIRANO RUIZ,IND,0.0,True
2046639,QUINCHAO,CHAULINEC,ESCUELA RURAL LA VILLA,2M-1V,YW.UNIDAD POR EL APRUEBO PS PPD E INDEPENDIENTES,312. MAURICIO CARDENAS VERA,IND,0.0,False
2046640,QUINCHAO,CHAULINEC,ESCUELA RURAL LA VILLA,2M-1V,YW.UNIDAD POR EL APRUEBO PS PPD E INDEPENDIENTES,313. IVAN ALEJANDRO CORTES CASTRO,IND,1.0,False
2046641,QUINCHAO,CHAULINEC,ESCUELA RURAL LA VILLA,2M-1V,ZJ.CHILE VAMOS UDI - INDEPENDIENTES,314. HARNALDO ARNOLDO WINTER LEVICOY,UDI,0.0,False
2046642,QUINCHAO,CHAULINEC,ESCUELA RURAL LA VILLA,2M-1V,ZJ.CHILE VAMOS UDI - INDEPENDIENTES,315. NOELIA TERESITA RUIZ TORRES,IND,1.0,False
2046643,QUINCHAO,CHAULINEC,ESCUELA RURAL LA VILLA,2M-1V,ZJ.CHILE VAMOS UDI - INDEPENDIENTES,316. GENARO PATRICIO DUARTE REBOLLEDO,IND,10.0,False
2046644,QUINCHAO,CHAULINEC,ESCUELA RURAL LA VILLA,2V,M.CHILE DIGNO VERDE Y SOBERANO,300. HECTOR PATRICIO DELGADO ALVAREZ,PCCH,0.0,False
2046645,QUINCHAO,CHAULINEC,ESCUELA RURAL LA VILLA,2V,XK.CHILE VAMOS RENOVACION NACIONAL - INDEPENDIENTES,301. JOSE ALFREDO ANGULO GOMEZ,RN,3.0,True
2046646,QUINCHAO,CHAULINEC,ESCUELA RURAL LA VILLA,2V,XK.CHILE VAMOS RENOVACION NACIONAL - INDEPENDIENTES,302. JUAN ELEUTERIO CARCAMO CONCHA,RN,14.0,False
2046647,QUINCHAO,CHAULINEC,ESCUELA RURAL LA VILLA,2V,XK.CHILE VAMOS RENOVACION NACIONAL - INDEPENDIENTES,303. JULIO ENRIQUE OJEDA VARGAS,IND,2.0,False
2046648,QUINCHAO,CHAULINEC,ESCUELA RURAL LA VILLA,2V,XK.CHILE VAMOS RENOVACION NACIONAL - INDEPENDIENTES,304. LUIS HERNAN GONZALEZ URIBE,IND,0.0,False
2046649,QUINCHAO,CHAULINEC,ESCUELA RURAL LA VILLA,2V,XU.UNIDOS POR LA DIGNIDAD,305. OSCAR ARISTIDES GALLARDO CALBUYAHUE,PDC,8.0,True
2046650,QUINCHAO,CHAULINEC,ESCUELA RURAL LA VILLA,2V,XU.UNIDOS POR LA DIGNIDAD,306. MAX RODRIGO MALDONADO MALDONADO,PDC,0.0,False
2046651,QUINCHAO,CHAULINEC,ESCUELA RURAL LA VILLA,2V,XU.UNIDOS POR LA DIGNIDAD,307. ALEJANDRA MARIA LINCOVIL HUICHAPANI,PDC,1.0,True
2046652,QUINCHAO,CHAULINEC,ESCUELA RURAL LA VILLA,2V,XU.UNIDOS POR LA DIGNIDAD,308. SONIA DEL CARMEN NEUN CHEUQUEPIL,PRO,1.0,False
2046653,QUINCHAO,CHAULINEC,ESCUELA RURAL LA VILLA,2V,XU.UNIDOS POR LA DIGNIDAD,309. LUIS ANTONIO YAÑEZ RUIZ,IND,10.0,True
2046654,QUINCHAO,CHAULINEC,ESCUELA RURAL LA VILLA,2V,YW.UNIDAD POR EL APRUEBO PS PPD E INDEPENDIENTES,310. ARISTIDES CARDENAS GARCIA,PS,2.0,True
2046655,QUINCHAO,CHAULINEC,ESCUELA RURAL LA VILLA,2V,YW.UNIDAD POR EL APRUEBO PS PPD E INDEPENDIENTES,311. NATALIA ANDREA ALTAMIRANO RUIZ,IND,2.0,True
2046656,QUINCHAO,CHAULINEC,ESCUELA RURAL LA VILLA,2V,YW.UNIDAD POR EL APRUEBO PS PPD E INDEPENDIENTES,312. MAURICIO CARDENAS VERA,IND,0.0,False
2046657,QUINCHAO,CHAULINEC,ESCUELA RURAL LA VILLA,2V,YW.UNIDAD POR EL APRUEBO PS PPD E INDEPENDIENTES,313. IVAN ALEJANDRO CORTES CASTRO,IND,2.0,False
2046658,QUINCHAO,CHAULINEC,ESCUELA RURAL LA VILLA,2V,ZJ.CHILE VAMOS UDI - INDEPENDIENTES,314. HARNALDO ARNOLDO WINTER LEVICOY,UDI,0.0,False
2046659,QUINCHAO,CHAULINEC,ESCUELA RURAL LA VILLA,2V,ZJ.CHILE VAMOS UDI - INDEPENDIENTES,315. NOELIA TERESITA RUIZ TORRES,IND,1.0,False
2046660,QUINCHAO,CHAULINEC,ESCUELA RURAL LA VILLA,2V,ZJ.CHILE VAMOS UDI - INDEPENDIENTES,316. GENARO PATRICIO DUARTE REBOLLEDO,IND,3.0,False
2046661,QUINCHAO,MEULIN,ESCUELA RURAL SAN FRANCISCO,1,M.CHILE DIGNO VERDE Y SOBERANO,300. HECTOR PATRICIO DELGADO ALVAREZ,PCCH,1.0,False
2046662,QUINCHAO,MEULIN,ESCUELA RURAL SAN FRANCISCO,1,XK.CHILE VAMOS RENOVACION NACIONAL - INDEPENDIENTES,301. JOSE ALFREDO ANGULO GOMEZ,RN,19.0,True
2046663,QUINCHAO,MEULIN,ESCUELA RURAL SAN FRANCISCO,1,XK.CHILE VAMOS RENOVACION NACIONAL - INDEPENDIENTES,302. JUAN ELEUTERIO CARCAMO CONCHA,RN,5.0,False
2046664,QUINCHAO,MEULIN,ESCUELA RURAL SAN FRANCISCO,1,XK.CHILE VAMOS RENOVACION NACIONAL - INDEPENDIENTES,303. JULIO ENRIQUE OJEDA VARGAS,IND,3.0,False
2046665,QUINCHAO,MEULIN,ESCUELA RURAL SAN FRANCISCO,1,XK.CHILE VAMOS RENOVACION NACIONAL - INDEPENDIENTES,304. LUIS HERNAN GONZALEZ URIBE,IND,3.0,False
2046666,QUINCHAO,MEULIN,ESCUELA RURAL SAN FRANCISCO,1,XU.UNIDOS POR LA DIGNIDAD,305. OSCAR ARISTIDES GALLARDO CALBUYAHUE,PDC,8.0,True
2046667,QUINCHAO,MEULIN,ESCUELA RURAL SAN FRANCISCO,1,XU.UNIDOS POR LA DIGNIDAD,306. MAX RODRIGO MALDONADO MALDONADO,PDC,0.0,False
2046668,QUINCHAO,MEULIN,ESCUELA RURAL SAN FRANCISCO,1,XU.UNIDOS POR LA DIGNIDAD,307. ALEJANDRA MARIA LINCOVIL HUICHAPANI,PDC,4.0,True
2046669,QUINCHAO,MEULIN,ESCUELA RURAL SAN FRANCISCO,1,XU.UNIDOS POR LA DIGNIDAD,308. SONIA DEL CARMEN NEUN CHEUQUEPIL,PRO,8.0,False
2046670,QUINCHAO,MEULIN,ESCUELA RURAL SAN FRANCISCO,1,XU.UNIDOS POR LA DIGNIDAD,309. LUIS ANTONIO YAÑEZ RUIZ,IND,52.0,True
2046671,QUINCHAO,MEULIN,ESCUELA RURAL SAN FRANCISCO,1,YW.UNIDAD POR EL APRUEBO PS PPD E INDEPENDIENTES,310. ARISTIDES CARDENAS GARCIA,PS,5.0,True
2046672,QUINCHAO,MEULIN,ESCUELA RURAL SAN FRANCISCO,1,YW.UNIDAD POR EL APRUEBO PS PPD E INDEPENDIENTES,311. NATALIA ANDREA ALTAMIRANO RUIZ,IND,17.0,True
2046673,QUINCHAO,MEULIN,ESCUELA RURAL SAN FRANCISCO,1,YW.UNIDAD POR EL APRUEBO PS PPD E INDEPENDIENTES,312. MAURICIO CARDENAS VERA,IND,1.0,False
2046674,QUINCHAO,MEULIN,ESCUELA RURAL SAN FRANCISCO,1,YW.UNIDAD POR EL APRUEBO PS PPD E INDEPENDIENTES,313. IVAN ALEJANDRO CORTES CASTRO,IND,0.0,False
2046675,QUINCHAO,MEULIN,ESCUELA RURAL SAN FRANCISCO,1,ZJ.CHILE VAMOS UDI - INDEPENDIENTES,314. HARNALDO ARNOLDO WINTER LEVICOY,UDI,4.0,False
2046676,QUINCHAO,MEULIN,ESCUELA RURAL SAN FRANCISCO,1,ZJ.CHILE VAMOS UDI - INDEPENDIENTES,315. NOELIA TERESITA RUIZ TORRES,IND,0.0,False
2046677,QUINCHAO,MEULIN,ESCUELA RURAL SAN FRANCISCO,1,ZJ.CHILE VAMOS UDI - INDEPENDIENTES,316. GENARO PATRICIO DUARTE REBOLLEDO,IND,0.0,False
2046678,QUINCHAO,MEULIN,ESCUELA RURAL SAN FRANCISCO,2,M.CHILE DIGNO VERDE Y SOBERANO,300. HECTOR PATRICIO DELGADO ALVAREZ,PCCH,1.0,False
2046679,QUINCHAO,MEULIN,ESCUELA RURAL SAN FRANCISCO,2,XK.CHILE VAMOS RENOVACION NACIONAL - INDEPENDIENTES,301. JOSE ALFREDO ANGULO GOMEZ,RN,5.0,True
2046680,QUINCHAO,MEULIN,ESCUELA RURAL SAN FRANCISCO,2,XK.CHILE VAMOS RENOVACION NACIONAL - INDEPENDIENTES,302. JUAN ELEUTERIO CARCAMO CONCHA,RN,0.0,False
2046681,QUINCHAO,MEULIN,ESCUELA RURAL SAN FRANCISCO,2,XK.CHILE VAMOS RENOVACION NACIONAL - INDEPENDIENTES,303. JULIO ENRIQUE OJEDA VARGAS,IND,1.0,False
2046682,QUINCHAO,MEULIN,ESCUELA RURAL SAN FRANCISCO,2,XK.CHILE VAMOS RENOVACION NACIONAL - INDEPENDIENTES,304. LUIS HERNAN GONZALEZ URIBE,IND,0.0,False
2046683,QUINCHAO,MEULIN,ESCUELA RURAL SAN FRANCISCO,2,XU.UNIDOS POR LA DIGNIDAD,305. OSCAR ARISTIDES GALLARDO CALBUYAHUE,PDC,9.0,True
2046684,QUINCHAO,MEULIN,ESCUELA RURAL SAN FRANCISCO,2,XU.UNIDOS POR LA DIGNIDAD,306. MAX RODRIGO MALDONADO MALDONADO,PDC,1.0,False
2046685,QUINCHAO,MEULIN,ESCUELA RURAL SAN FRANCISCO,2,XU.UNIDOS POR LA DIGNIDAD,307. ALEJANDRA MARIA LINCOVIL HUICHAPANI,PDC,3.0,True
2046686,QUINCHAO,MEULIN,ESCUELA RURAL SAN FRANCISCO,2,XU.UNIDOS POR LA DIGNIDAD,308. SONIA DEL CARMEN NEUN CHEUQUEPIL,PRO,4.0,False
2046687,QUINCHAO,MEULIN,ESCUELA RURAL SAN FRANCISCO,2,XU.UNIDOS POR LA DIGNIDAD,309. LUIS ANTONIO YAÑEZ RUIZ,IND,27.0,True
2046688,QUINCHAO,MEULIN,ESCUELA RURAL SAN FRANCISCO,2,YW.UNIDAD POR EL APRUEBO PS PPD E INDEPENDIENTES,310. ARISTIDES CARDENAS GARCIA,PS,0.0,True
2046689,QUINCHAO,MEULIN,ESCUELA RURAL SAN FRANCISCO,2,YW.UNIDAD POR EL APRUEBO PS PPD E INDEPENDIENTES,311. NATALIA ANDREA ALTAMIRANO RUIZ,IND,5.0,True
2046690,QUINCHAO,MEULIN,ESCUELA RURAL SAN FRANCISCO,2,YW.UNIDAD POR EL APRUEBO PS PPD E INDEPENDIENTES,312. MAURICIO CARDENAS VERA,IND,0.0,False
2046691,QUINCHAO,MEULIN,ESCUELA RURAL SAN FRANCISCO,2,YW.UNIDAD POR EL APRUEBO PS PPD E INDEPENDIENTES,313. IVAN ALEJANDRO CORTES CASTRO,IND,0.0,False
2046692,QUINCHAO,MEULIN,ESCUELA RURAL SAN FRANCISCO,2,ZJ.CHILE VAMOS UDI - INDEPENDIENTES,314. HARNALDO ARNOLDO WINTER LEVICOY,UDI,2.0,False
2046693,QUINCHAO,MEULIN,ESCUELA RURAL SAN FRANCISCO,2,ZJ.CHILE VAMOS UDI - INDEPENDIENTES,315. NOELIA TERESITA RUIZ TORRES,IND,0.0,False
2046694,QUINCHAO,MEULIN,ESCUELA RURAL SAN FRANCISCO,2,ZJ.CHILE VAMOS UDI - INDEPENDIENTES,316. GENARO PATRICIO DUARTE REBOLLEDO,IND,1.0,False
2046695,QUINCHAO,QUENAC,ESCUELA RURAL AMANECER 2000,1M-2M-3V,M.CHILE DIGNO VERDE Y SOBERANO,300. HECTOR PATRICIO DELGADO ALVAREZ,PCCH,1.0,False
2046696,QUINCHAO,QUENAC,ESCUELA RURAL AMANECER 2000,1M-2M-3V,XK.CHILE VAMOS RENOVACION NACIONAL - INDEPENDIENTES,301. JOSE ALFREDO ANGULO GOMEZ,RN,13.0,True
2046697,QUINCHAO,QUENAC,ESCUELA RURAL AMANECER 2000,1M-2M-3V,XK.CHILE VAMOS RENOVACION NACIONAL - INDEPENDIENTES,302. JUAN ELEUTERIO CARCAMO CONCHA,RN,0.0,False
2046698,QUINCHAO,QUENAC,ESCUELA RURAL AMANECER 2000,1M-2M-3V,XK.CHILE VAMOS RENOVACION NACIONAL - INDEPENDIENTES,303. JULIO ENRIQUE OJEDA VARGAS,IND,1.0,False
2046699,QUINCHAO,QUENAC,ESCUELA RURAL AMANECER 2000,1M-2M-3V,XK.CHILE VAMOS RENOVACION NACIONAL - INDEPENDIENTES,304. LUIS HERNAN GONZALEZ URIBE,IND,0.0,False
2046700,QUINCHAO,QUENAC,ESCUELA RURAL AMANECER 2000,1M-2M-3V,XU.UNIDOS POR LA DIGNIDAD,305. OSCAR ARISTIDES GALLARDO CALBUYAHUE,PDC,4.0,True
2046701,QUINCHAO,QUENAC,ESCUELA RURAL AMANECER 2000,1M-2M-3V,XU.UNIDOS POR LA DIGNIDAD,306. MAX RODRIGO MALDONADO MALDONADO,PDC,0.0,False
2046702,QUINCHAO,QUENAC,ESCUELA RURAL AMANECER 2000,1M-2M-3V,XU.UNIDOS POR LA DIGNIDAD,307. ALEJANDRA MARIA LINCOVIL HUICHAPANI,PDC,0.0,True
2046703,QUINCHAO,QUENAC,ESCUELA RURAL AMANECER 2000,1M-2M-3V,XU.UNIDOS POR LA DIGNIDAD,308. SONIA DEL CARMEN NEUN CHEUQUEPIL,PRO,4.0,False
2046704,QUINCHAO,QUENAC,ESCUELA RURAL AMANECER 2000,1M-2M-3V,XU.UNIDOS POR LA DIGNIDAD,309. LUIS ANTONIO YAÑEZ RUIZ,IND,96.0,True
2046705,QUINCHAO,QUENAC,ESCUELA RURAL AMANECER 2000,1M-2M-3V,YW.UNIDAD POR EL APRUEBO PS PPD E INDEPENDIENTES,310. ARISTIDES CARDENAS GARCIA,PS,6.0,True
2046706,QUINCHAO,QUENAC,ESCUELA RURAL AMANECER 2000,1M-2M-3V,YW.UNIDAD POR EL APRUEBO PS PPD E INDEPENDIENTES,311. NATALIA ANDREA ALTAMIRANO RUIZ,IND,2.0,True
2046707,QUINCHAO,QUENAC,ESCUELA RURAL AMANECER 2000,1M-2M-3V,YW.UNIDAD POR EL APRUEBO PS PPD E INDEPENDIENTES,312. MAURICIO CARDENAS VERA,IND,1.0,False
2046708,QUINCHAO,QUENAC,ESCUELA RURAL AMANECER 2000,1M-2M-3V,YW.UNIDAD POR EL APRUEBO PS PPD E INDEPENDIENTES,313. IVAN ALEJANDRO CORTES CASTRO,IND,0.0,False
2046709,QUINCHAO,QUENAC,ESCUELA RURAL AMANECER 2000,1M-2M-3V,ZJ.CHILE VAMOS UDI - INDEPENDIENTES,314. HARNALDO ARNOLDO WINTER LEVICOY,UDI,2.0,False
2046710,QUINCHAO,QUENAC,ESCUELA RURAL AMANECER 2000,1M-2M-3V,ZJ.CHILE VAMOS UDI - INDEPENDIENTES,315. NOELIA TERESITA RUIZ TORRES,IND,0.0,False
2046711,QUINCHAO,QUENAC,ESCUELA RURAL AMANECER 2000,1M-2M-3V,ZJ.CHILE VAMOS UDI - INDEPENDIENTES,316. GENARO PATRICIO DUARTE REBOLLEDO,IND,3.0,False
2046712,QUINCHAO,QUENAC,ESCUELA RURAL AMANECER 2000,1V-2V,M.CHILE DIGNO VERDE Y SOBERANO,300. HECTOR PATRICIO DELGADO ALVAREZ,PCCH,1.0,False
2046713,QUINCHAO,QUENAC,ESCUELA RURAL AMANECER 2000,1V-2V,XK.CHILE VAMOS RENOVACION NACIONAL - INDEPENDIENTES,301. JOSE ALFREDO ANGULO GOMEZ,RN,11.0,True
2046714,QUINCHAO,QUENAC,ESCUELA RURAL AMANECER 2000,1V-2V,XK.CHILE VAMOS RENOVACION NACIONAL - INDEPENDIENTES,302. JUAN ELEUTERIO CARCAMO CONCHA,RN,0.0,False
2046715,QUINCHAO,QUENAC,ESCUELA RURAL AMANECER 2000,1V-2V,XK.CHILE VAMOS RENOVACION NACIONAL - INDEPENDIENTES,303. JULIO ENRIQUE OJEDA VARGAS,IND,0.0,False
2046716,QUINCHAO,QUENAC,ESCUELA RURAL AMANECER 2000,1V-2V,XK.CHILE VAMOS RENOVACION NACIONAL - INDEPENDIENTES,304. LUIS HERNAN GONZALEZ URIBE,IND,4.0,False
2046717,QUINCHAO,QUENAC,ESCUELA RURAL AMANECER 2000,1V-2V,XU.UNIDOS POR LA DIGNIDAD,305. OSCAR ARISTIDES GALLARDO CALBUYAHUE,PDC,1.0,True
2046718,QUINCHAO,QUENAC,ESCUELA RURAL AMANECER 2000,1V-2V,XU.UNIDOS POR LA DIGNIDAD,306. MAX RODRIGO MALDONADO MALDONADO,PDC,0.0,False
2046719,QUINCHAO,QUENAC,ESCUELA RURAL AMANECER 2000,1V-2V,XU.UNIDOS POR LA DIGNIDAD,307. ALEJANDRA MARIA LINCOVIL HUICHAPANI,PDC,0.0,True
2046720,QUINCHAO,QUENAC,ESCUELA RURAL AMANECER 2000,1V-2V,XU.UNIDOS POR LA DIGNIDAD,308. SONIA DEL CARMEN NEUN CHEUQUEPIL,PRO,2.0,False
2046721,QUINCHAO,QUENAC,ESCUELA RURAL AMANECER 2000,1V-2V,XU.UNIDOS POR LA DIGNIDAD,309. LUIS ANTONIO YAÑEZ RUIZ,IND,69.0,True
2046722,QUINCHAO,QUENAC,ESCUELA RURAL AMANECER 2000,1V-2V,YW.UNIDAD POR EL APRUEBO PS PPD E INDEPENDIENTES,310. ARISTIDES CARDENAS GARCIA,PS,8.0,True
2046723,QUINCHAO,QUENAC,ESCUELA RURAL AMANECER 2000,1V-2V,YW.UNIDAD POR EL APRUEBO PS PPD E INDEPENDIENTES,311. NATALIA ANDREA ALTAMIRANO RUIZ,IND,2.0,True
2046724,QUINCHAO,QUENAC,ESCUELA RURAL AMANECER 2000,1V-2V,YW.UNIDAD POR EL APRUEBO PS PPD E INDEPENDIENTES,312. MAURICIO CARDENAS VERA,IND,0.0,False
2046725,QUINCHAO,QUENAC,ESCUELA RURAL AMANECER 2000,1V-2V,YW.UNIDAD POR EL APRUEBO PS PPD E INDEPENDIENTES,313. IVAN ALEJANDRO CORTES CASTRO,IND,3.0,False
2046726,QUINCHAO,QUENAC,ESCUELA RURAL AMANECER 2000,1V-2V,ZJ.CHILE VAMOS UDI - INDEPENDIENTES,314. HARNALDO ARNOLDO WINTER LEVICOY,UDI,3.0,False
2046727,QUINCHAO,QUENAC,ESCUELA RURAL AMANECER 2000,1V-2V,ZJ.CHILE VAMOS UDI - INDEPENDIENTES,315. NOELIA TERESITA RUIZ TORRES,IND,1.0,False
2046728,QUINCHAO,QUENAC,ESCUELA RURAL AMANECER 2000,1V-2V,ZJ.CHILE VAMOS UDI - INDEPENDIENTES,316. GENARO PATRICIO DUARTE REBOLLEDO,IND,1.0,False
2046729,QUINCHAO,QUINCHAO (ACHAO),LICEO INSULAR ENSEÑANZA BASICA Y GIMNASIO,1M,M.CHILE DIGNO VERDE Y SOBERANO,300. HECTOR PATRICIO DELGADO ALVAREZ,PCCH,2.0,False
2046730,QUINCHAO,QUINCHAO (ACHAO),LICEO INSULAR ENSEÑANZA BASICA Y GIMNASIO,1M,XK.CHILE VAMOS RENOVACION NACIONAL - INDEPENDIENTES,301. JOSE ALFREDO ANGULO GOMEZ,RN,12.0,True
2046731,QUINCHAO,QUINCHAO (ACHAO),LICEO INSULAR ENSEÑANZA BASICA Y GIMNASIO,1M,XK.CHILE VAMOS RENOVACION NACIONAL - INDEPENDIENTES,302. JUAN ELEUTERIO CARCAMO CONCHA,RN,1.0,False
2046732,QUINCHAO,QUINCHAO (ACHAO),LICEO INSULAR ENSEÑANZA BASICA Y GIMNASIO,1M,XK.CHILE VAMOS RENOVACION NACIONAL - INDEPENDIENTES,303. JULIO ENRIQUE OJEDA VARGAS,IND,4.0,False
2046733,QUINCHAO,QUINCHAO (ACHAO),LICEO INSULAR ENSEÑANZA BASICA Y GIMNASIO,1M,XK.CHILE VAMOS RENOVACION NACIONAL - INDEPENDIENTES,304. LUIS HERNAN GONZALEZ URIBE,IND,6.0,False
2046734,QUINCHAO,QUINCHAO (ACHAO),LICEO INSULAR ENSEÑANZA BASICA Y GIMNASIO,1M,XU.UNIDOS POR LA DIGNIDAD,305. OSCAR ARISTIDES GALLARDO CALBUYAHUE,PDC,22.0,True
2046735,QUINCHAO,QUINCHAO (ACHAO),LICEO INSULAR ENSEÑANZA BASICA Y GIMNASIO,1M,XU.UNIDOS POR LA DIGNIDAD,306. MAX RODRIGO MALDONADO MALDONADO,PDC,5.0,False
2046736,QUINCHAO,QUINCHAO (ACHAO),LICEO INSULAR ENSEÑANZA BASICA Y GIMNASIO,1M,XU.UNIDOS POR LA DIGNIDAD,307. ALEJANDRA MARIA LINCOVIL HUICHAPANI,PDC,10.0,True
2046737,QUINCHAO,QUINCHAO (ACHAO),LICEO INSULAR ENSEÑANZA BASICA Y GIMNASIO,1M,XU.UNIDOS POR LA DIGNIDAD,308. SONIA DEL CARMEN NEUN CHEUQUEPIL,PRO,5.0,False
2046738,QUINCHAO,QUINCHAO (ACHAO),LICEO INSULAR ENSEÑANZA BASICA Y GIMNASIO,1M,XU.UNIDOS POR LA DIGNIDAD,309. LUIS ANTONIO YAÑEZ RUIZ,IND,11.0,True
2046739,QUINCHAO,QUINCHAO (ACHAO),LICEO INSULAR ENSEÑANZA BASICA Y GIMNASIO,1M,YW.UNIDAD POR EL APRUEBO PS PPD E INDEPENDIENTES,310. ARISTIDES CARDENAS GARCIA,PS,14.0,True
2046740,QUINCHAO,QUINCHAO (ACHAO),LICEO INSULAR ENSEÑANZA BASICA Y GIMNASIO,1M,YW.UNIDAD POR EL APRUEBO PS PPD E INDEPENDIENTES,311. NATALIA ANDREA ALTAMIRANO RUIZ,IND,24.0,True
2046741,QUINCHAO,QUINCHAO (ACHAO),LICEO INSULAR ENSEÑANZA BASICA Y GIMNASIO,1M,YW.UNIDAD POR EL APRUEBO PS PPD E INDEPENDIENTES,312. MAURICIO CARDENAS VERA,IND,5.0,False
2046742,QUINCHAO,QUINCHAO (ACHAO),LICEO INSULAR ENSEÑANZA BASICA Y GIMNASIO,1M,YW.UNIDAD POR EL APRUEBO PS PPD E INDEPENDIENTES,313. IVAN ALEJANDRO CORTES CASTRO,IND,1.0,False
2046743,QUINCHAO,QUINCHAO (ACHAO),LICEO INSULAR ENSEÑANZA BASICA Y GIMNASIO,1M,ZJ.CHILE VAMOS UDI - INDEPENDIENTES,314. HARNALDO ARNOLDO WINTER LEVICOY,UDI,13.0,False
2046744,QUINCHAO,QUINCHAO (ACHAO),LICEO INSULAR ENSEÑANZA BASICA Y GIMNASIO,1M,ZJ.CHILE VAMOS UDI - INDEPENDIENTES,315. NOELIA TERESITA RUIZ TORRES,IND,6.0,False
2046745,QUINCHAO,QUINCHAO (ACHAO),LICEO INSULAR ENSEÑANZA BASICA Y GIMNASIO,1M,ZJ.CHILE VAMOS UDI - INDEPENDIENTES,316. GENARO PATRICIO DUARTE REBOLLEDO,IND,2.0,False
2046746,QUINCHAO,QUINCHAO (ACHAO),LICEO INSULAR ENSEÑANZA BASICA Y GIMNASIO,2M,M.CHILE DIGNO VERDE Y SOBERANO,300. HECTOR PATRICIO DELGADO ALVAREZ,PCCH,1.0,False
2046747,QUINCHAO,QUINCHAO (ACHAO),LICEO INSULAR ENSEÑANZA BASICA Y GIMNASIO,2M,XK.CHILE VAMOS RENOVACION NACIONAL - INDEPENDIENTES,301. JOSE ALFREDO ANGULO GOMEZ,RN,11.0,True
2046748,QUINCHAO,QUINCHAO (ACHAO),LICEO INSULAR ENSEÑANZA BASICA Y GIMNASIO,2M,XK.CHILE VAMOS RENOVACION NACIONAL - INDEPENDIENTES,302. JUAN ELEUTERIO CARCAMO CONCHA,RN,0.0,False
2046749,QUINCHAO,QUINCHAO (ACHAO),LICEO INSULAR ENSEÑANZA BASICA Y GIMNASIO,2M,XK.CHILE VAMOS RENOVACION NACIONAL - INDEPENDIENTES,303. JULIO ENRIQUE OJEDA VARGAS,IND,7.0,False
2046750,QUINCHAO,QUINCHAO (ACHAO),LICEO INSULAR ENSEÑANZA BASICA Y GIMNASIO,2M,XK.CHILE VAMOS RENOVACION NACIONAL - INDEPENDIENTES,304. LUIS HERNAN GONZALEZ URIBE,IND,2.0,False
2046751,QUINCHAO,QUINCHAO (ACHAO),LICEO INSULAR ENSEÑANZA BASICA Y GIMNASIO,2M,XU.UNIDOS POR LA DIGNIDAD,305. OSCAR ARISTIDES GALLARDO CALBUYAHUE,PDC,24.0,True
2046752,QUINCHAO,QUINCHAO (ACHAO),LICEO INSULAR ENSEÑANZA BASICA Y GIMNASIO,2M,XU.UNIDOS POR LA DIGNIDAD,306. MAX RODRIGO MALDONADO MALDONADO,PDC,11.0,False
2046753,QUINCHAO,QUINCHAO (ACHAO),LICEO INSULAR ENSEÑANZA BASICA Y GIMNASIO,2M,XU.UNIDOS POR LA DIGNIDAD,307. ALEJANDRA MARIA LINCOVIL HUICHAPANI,PDC,12.0,True
2046754,QUINCHAO,QUINCHAO (ACHAO),LICEO INSULAR ENSEÑANZA BASICA Y GIMNASIO,2M,XU.UNIDOS POR LA DIGNIDAD,308. SONIA DEL CARMEN NEUN CHEUQUEPIL,PRO,10.0,False
2046755,QUINCHAO,QUINCHAO (ACHAO),LICEO INSULAR ENSEÑANZA BASICA Y GIMNASIO,2M,XU.UNIDOS POR LA DIGNIDAD,309. LUIS ANTONIO YAÑEZ RUIZ,IND,7.0,True
2046756,QUINCHAO,QUINCHAO (ACHAO),LICEO INSULAR ENSEÑANZA BASICA Y GIMNASIO,2M,YW.UNIDAD POR EL APRUEBO PS PPD E INDEPENDIENTES,310. ARISTIDES CARDENAS GARCIA,PS,12.0,True
2046757,QUINCHAO,QUINCHAO (ACHAO),LICEO INSULAR ENSEÑANZA BASICA Y GIMNASIO,2M,YW.UNIDAD POR EL APRUEBO PS PPD E INDEPENDIENTES,311. NATALIA ANDREA ALTAMIRANO RUIZ,IND,12.0,True
2046758,QUINCHAO,QUINCHAO (ACHAO),LICEO INSULAR ENSEÑANZA BASICA Y GIMNASIO,2M,YW.UNIDAD POR EL APRUEBO PS PPD E INDEPENDIENTES,312. MAURICIO CARDENAS VERA,IND,5.0,False
2046759,QUINCHAO,QUINCHAO (ACHAO),LICEO INSULAR ENSEÑANZA BASICA Y GIMNASIO,2M,YW.UNIDAD POR EL APRUEBO PS PPD E INDEPENDIENTES,313. IVAN ALEJANDRO CORTES CASTRO,IND,0.0,False
2046760,QUINCHAO,QUINCHAO (ACHAO),LICEO INSULAR ENSEÑANZA BASICA Y GIMNASIO,2M,ZJ.CHILE VAMOS UDI - INDEPENDIENTES,314. HARNALDO ARNOLDO WINTER LEVICOY,UDI,5.0,False
2046761,QUINCHAO,QUINCHAO (ACHAO),LICEO INSULAR ENSEÑANZA BASICA Y GIMNASIO,2M,ZJ.CHILE VAMOS UDI - INDEPENDIENTES,315. NOELIA TERESITA RUIZ TORRES,IND,2.0,False
2046762,QUINCHAO,QUINCHAO (ACHAO),LICEO INSULAR ENSEÑANZA BASICA Y GIMNASIO,2M,ZJ.CHILE VAMOS UDI - INDEPENDIENTES,316. GENARO PATRICIO DUARTE REBOLLEDO,IND,2.0,False
2046763,QUINCHAO,QUINCHAO (ACHAO),LICEO INSULAR ENSEÑANZA BASICA Y GIMNASIO,3M,M.CHILE DIGNO VERDE Y SOBERANO,300. HECTOR PATRICIO DELGADO ALVAREZ,PCCH,0.0,False
2046764,QUINCHAO,QUINCHAO (ACHAO),LICEO INSULAR ENSEÑANZA BASICA Y GIMNASIO,3M,XK.CHILE VAMOS RENOVACION NACIONAL - INDEPENDIENTES,301. JOSE ALFREDO ANGULO GOMEZ,RN,18.0,True
2046765,QUINCHAO,QUINCHAO (ACHAO),LICEO INSULAR ENSEÑANZA BASICA Y GIMNASIO,3M,XK.CHILE VAMOS RENOVACION NACIONAL - INDEPENDIENTES,302. JUAN ELEUTERIO CARCAMO CONCHA,RN,0.0,False
2046766,QUINCHAO,QUINCHAO (ACHAO),LICEO INSULAR ENSEÑANZA BASICA Y GIMNASIO,3M,XK.CHILE VAMOS RENOVACION NACIONAL - INDEPENDIENTES,303. JULIO ENRIQUE OJEDA VARGAS,IND,5.0,False
2046767,QUINCHAO,QUINCHAO (ACHAO),LICEO INSULAR ENSEÑANZA BASICA Y GIMNASIO,3M,XK.CHILE VAMOS RENOVACION NACIONAL - INDEPENDIENTES,304. LUIS HERNAN GONZALEZ URIBE,IND,8.0,False
2046768,QUINCHAO,QUINCHAO (ACHAO),LICEO INSULAR ENSEÑANZA BASICA Y GIMNASIO,3M,XU.UNIDOS POR LA DIGNIDAD,305. OSCAR ARISTIDES GALLARDO CALBUYAHUE,PDC,8.0,True
2046769,QUINCHAO,QUINCHAO (ACHAO),LICEO INSULAR ENSEÑANZA BASICA Y GIMNASIO,3M,XU.UNIDOS POR LA DIGNIDAD,306. MAX RODRIGO MALDONADO MALDONADO,PDC,4.0,False
2046770,QUINCHAO,QUINCHAO (ACHAO),LICEO INSULAR ENSEÑANZA BASICA Y GIMNASIO,3M,XU.UNIDOS POR LA DIGNIDAD,307. ALEJANDRA MARIA LINCOVIL HUICHAPANI,PDC,6.0,True
2046771,QUINCHAO,QUINCHAO (ACHAO),LICEO INSULAR ENSEÑANZA BASICA Y GIMNASIO,3M,XU.UNIDOS POR LA DIGNIDAD,308. SONIA DEL CARMEN NEUN CHEUQUEPIL,PRO,1.0,False
2046772,QUINCHAO,QUINCHAO (ACHAO),LICEO INSULAR ENSEÑANZA BASICA Y GIMNASIO,3M,XU.UNIDOS POR LA DIGNIDAD,309. LUIS ANTONIO YAÑEZ RUIZ,IND,13.0,True
2046773,QUINCHAO,QUINCHAO (ACHAO),LICEO INSULAR ENSEÑANZA BASICA Y GIMNASIO,3M,YW.UNIDAD POR EL APRUEBO PS PPD E INDEPENDIENTES,310. ARISTIDES CARDENAS GARCIA,PS,17.0,True
2046774,QUINCHAO,QUINCHAO (ACHAO),LICEO INSULAR ENSEÑANZA BASICA Y GIMNASIO,3M,YW.UNIDAD POR EL APRUEBO PS PPD E INDEPENDIENTES,311. NATALIA ANDREA ALTAMIRANO RUIZ,IND,19.0,True
2046775,QUINCHAO,QUINCHAO (ACHAO),LICEO INSULAR ENSEÑANZA BASICA Y GIMNASIO,3M,YW.UNIDAD POR EL APRUEBO PS PPD E INDEPENDIENTES,312. MAURICIO CARDENAS VERA,IND,2.0,False
2046776,QUINCHAO,QUINCHAO (ACHAO),LICEO INSULAR ENSEÑANZA BASICA Y GIMNASIO,3M,YW.UNIDAD POR EL APRUEBO PS PPD E INDEPENDIENTES,313. IVAN ALEJANDRO CORTES CASTRO,IND,2.0,False
2046777,QUINCHAO,QUINCHAO (ACHAO),LICEO INSULAR ENSEÑANZA BASICA Y GIMNASIO,3M,ZJ.CHILE VAMOS UDI - INDEPENDIENTES,314. HARNALDO ARNOLDO WINTER LEVICOY,UDI,4.0,False
2046778,QUINCHAO,QUINCHAO (ACHAO),LICEO INSULAR ENSEÑANZA BASICA Y GIMNASIO,3M,ZJ.CHILE VAMOS UDI - INDEPENDIENTES,315. NOELIA TERESITA RUIZ TORRES,IND,2.0,False
2046779,QUINCHAO,QUINCHAO (ACHAO),LICEO INSULAR ENSEÑANZA BASICA Y GIMNASIO,3M,ZJ.CHILE VAMOS UDI - INDEPENDIENTES,316. GENARO PATRICIO DUARTE REBOLLEDO,IND,1.0,False
2046780,QUINCHAO,QUINCHAO (ACHAO),LICEO INSULAR ENSEÑANZA BASICA Y GIMNASIO,4M,M.CHILE DIGNO VERDE Y SOBERANO,300. HECTOR PATRICIO DELGADO ALVAREZ,PCCH,1.0,False
2046781,QUINCHAO,QUINCHAO (ACHAO),LICEO INSULAR ENSEÑANZA BASICA Y GIMNASIO,4M,XK.CHILE VAMOS RENOVACION NACIONAL - INDEPENDIENTES,301. JOSE ALFREDO ANGULO GOMEZ,RN,13.0,True
2046782,QUINCHAO,QUINCHAO (ACHAO),LICEO INSULAR ENSEÑANZA BASICA Y GIMNASIO,4M,XK.CHILE VAMOS RENOVACION NACIONAL - INDEPENDIENTES,302. JUAN ELEUTERIO CARCAMO CONCHA,RN,1.0,False
2046783,QUINCHAO,QUINCHAO (ACHAO),LICEO INSULAR ENSEÑANZA BASICA Y GIMNASIO,4M,XK.CHILE VAMOS RENOVACION NACIONAL - INDEPENDIENTES,303. JULIO ENRIQUE OJEDA VARGAS,IND,4.0,False
2046784,QUINCHAO,QUINCHAO (ACHAO),LICEO INSULAR ENSEÑANZA BASICA Y GIMNASIO,4M,XK.CHILE VAMOS RENOVACION NACIONAL - INDEPENDIENTES,304. LUIS HERNAN GONZALEZ URIBE,IND,3.0,False
2046785,QUINCHAO,QUINCHAO (ACHAO),LICEO INSULAR ENSEÑANZA BASICA Y GIMNASIO,4M,XU.UNIDOS POR LA DIGNIDAD,305. OSCAR ARISTIDES GALLARDO CALBUYAHUE,PDC,19.0,True
2046786,QUINCHAO,QUINCHAO (ACHAO),LICEO INSULAR ENSEÑANZA BASICA Y GIMNASIO,4M,XU.UNIDOS POR LA DIGNIDAD,306. MAX RODRIGO MALDONADO MALDONADO,PDC,11.0,False
2046787,QUINCHAO,QUINCHAO (ACHAO),LICEO INSULAR ENSEÑANZA BASICA Y GIMNASIO,4M,XU.UNIDOS POR LA DIGNIDAD,307. ALEJANDRA MARIA LINCOVIL HUICHAPANI,PDC,13.0,True
2046788,QUINCHAO,QUINCHAO (ACHAO),LICEO INSULAR ENSEÑANZA BASICA Y GIMNASIO,4M,XU.UNIDOS POR LA DIGNIDAD,308. SONIA DEL CARMEN NEUN CHEUQUEPIL,PRO,3.0,False
2046789,QUINCHAO,QUINCHAO (ACHAO),LICEO INSULAR ENSEÑANZA BASICA Y GIMNASIO,4M,XU.UNIDOS POR LA DIGNIDAD,309. LUIS ANTONIO YAÑEZ RUIZ,IND,9.0,True
2046790,QUINCHAO,QUINCHAO (ACHAO),LICEO INSULAR ENSEÑANZA BASICA Y GIMNASIO,4M,YW.UNIDAD POR EL APRUEBO PS PPD E INDEPENDIENTES,310. ARISTIDES CARDENAS GARCIA,PS,17.0,True
2046791,QUINCHAO,QUINCHAO (ACHAO),LICEO INSULAR ENSEÑANZA BASICA Y GIMNASIO,4M,YW.UNIDAD POR EL APRUEBO PS PPD E INDEPENDIENTES,311. NATALIA ANDREA ALTAMIRANO RUIZ,IND,22.0,True
2046792,QUINCHAO,QUINCHAO (ACHAO),LICEO INSULAR ENSEÑANZA BASICA Y GIMNASIO,4M,YW.UNIDAD POR EL APRUEBO PS PPD E INDEPENDIENTES,312. MAURICIO CARDENAS VERA,IND,5.0,False
2046793,QUINCHAO,QUINCHAO (ACHAO),LICEO INSULAR ENSEÑANZA BASICA Y GIMNASIO,4M,YW.UNIDAD POR EL APRUEBO PS PPD E INDEPENDIENTES,313. IVAN ALEJANDRO CORTES CASTRO,IND,0.0,False
2046794,QUINCHAO,QUINCHAO (ACHAO),LICEO INSULAR ENSEÑANZA BASICA Y GIMNASIO,4M,ZJ.CHILE VAMOS UDI - INDEPENDIENTES,314. HARNALDO ARNOLDO WINTER LEVICOY,UDI,6.0,False
2046795,QUINCHAO,QUINCHAO (ACHAO),LICEO INSULAR ENSEÑANZA BASICA Y GIMNASIO,4M,ZJ.CHILE VAMOS UDI - INDEPENDIENTES,315. NOELIA TERESITA RUIZ TORRES,IND,3.0,False
2046796,QUINCHAO,QUINCHAO (ACHAO),LICEO INSULAR ENSEÑANZA BASICA Y GIMNASIO,4M,ZJ.CHILE VAMOS UDI - INDEPENDIENTES,316. GENARO PATRICIO DUARTE REBOLLEDO,IND,1.0,False
2046797,QUINCHAO,QUINCHAO (ACHAO),LICEO INSULAR ENSEÑANZA BASICA Y GIMNASIO,5M,M.CHILE DIGNO VERDE Y SOBERANO,300. HECTOR PATRICIO DELGADO ALVAREZ,PCCH,1.0,False
2046798,QUINCHAO,QUINCHAO (ACHAO),LICEO INSULAR ENSEÑANZA BASICA Y GIMNASIO,5M,XK.CHILE VAMOS RENOVACION NACIONAL - INDEPENDIENTES,301. JOSE ALFREDO ANGULO GOMEZ,RN,24.0,True
2046799,QUINCHAO,QUINCHAO (ACHAO),LICEO INSULAR ENSEÑANZA BASICA Y GIMNASIO,5M,XK.CHILE VAMOS RENOVACION NACIONAL - INDEPENDIENTES,302. JUAN ELEUTERIO CARCAMO CONCHA,RN,0.0,False
2046800,QUINCHAO,QUINCHAO (ACHAO),LICEO INSULAR ENSEÑANZA BASICA Y GIMNASIO,5M,XK.CHILE VAMOS RENOVACION NACIONAL - INDEPENDIENTES,303. JULIO ENRIQUE OJEDA VARGAS,IND,3.0,False
2046801,QUINCHAO,QUINCHAO (ACHAO),LICEO INSULAR ENSEÑANZA BASICA Y GIMNASIO,5M,XK.CHILE VAMOS RENOVACION NACIONAL - INDEPENDIENTES,304. LUIS HERNAN GONZALEZ URIBE,IND,0.0,False
2046802,QUINCHAO,QUINCHAO (ACHAO),LICEO INSULAR ENSEÑANZA BASICA Y GIMNASIO,5M,XU.UNIDOS POR LA DIGNIDAD,305. OSCAR ARISTIDES GALLARDO CALBUYAHUE,PDC,20.0,True
2046803,QUINCHAO,QUINCHAO (ACHAO),LICEO INSULAR ENSEÑANZA BASICA Y GIMNASIO,5M,XU.UNIDOS POR LA DIGNIDAD,306. MAX RODRIGO MALDONADO MALDONADO,PDC,13.0,False
2046804,QUINCHAO,QUINCHAO (ACHAO),LICEO INSULAR ENSEÑANZA BASICA Y GIMNASIO,5M,XU.UNIDOS POR LA DIGNIDAD,307. ALEJANDRA MARIA LINCOVIL HUICHAPANI,PDC,10.0,True
2046805,QUINCHAO,QUINCHAO (ACHAO),LICEO INSULAR ENSEÑANZA BASICA Y GIMNASIO,5M,XU.UNIDOS POR LA DIGNIDAD,308. SONIA DEL CARMEN NEUN CHEUQUEPIL,PRO,11.0,False
2046806,QUINCHAO,QUINCHAO (ACHAO),LICEO INSULAR ENSEÑANZA BASICA Y GIMNASIO,5M,XU.UNIDOS POR LA DIGNIDAD,309. LUIS ANTONIO YAÑEZ RUIZ,IND,10.0,True
2046807,QUINCHAO,QUINCHAO (ACHAO),LICEO INSULAR ENSEÑANZA BASICA Y GIMNASIO,5M,YW.UNIDAD POR EL APRUEBO PS PPD E INDEPENDIENTES,310. ARISTIDES CARDENAS GARCIA,PS,14.0,True
2046808,QUINCHAO,QUINCHAO (ACHAO),LICEO INSULAR ENSEÑANZA BASICA Y GIMNASIO,5M,YW.UNIDAD POR EL APRUEBO PS PPD E INDEPENDIENTES,311. NATALIA ANDREA ALTAMIRANO RUIZ,IND,24.0,True
2046809,QUINCHAO,QUINCHAO (ACHAO),LICEO INSULAR ENSEÑANZA BASICA Y GIMNASIO,5M,YW.UNIDAD POR EL APRUEBO PS PPD E INDEPENDIENTES,312. MAURICIO CARDENAS VERA,IND,6.0,False
2046810,QUINCHAO,QUINCHAO (ACHAO),LICEO INSULAR ENSEÑANZA BASICA Y GIMNASIO,5M,YW.UNIDAD POR EL APRUEBO PS PPD E INDEPENDIENTES,313. IVAN ALEJANDRO CORTES CASTRO,IND,1.0,False
2046811,QUINCHAO,QUINCHAO (ACHAO),LICEO INSULAR ENSEÑANZA BASICA Y GIMNASIO,5M,ZJ.CHILE VAMOS UDI - INDEPENDIENTES,314. HARNALDO ARNOLDO WINTER LEVICOY,UDI,18.0,False
2046812,QUINCHAO,QUINCHAO (ACHAO),LICEO INSULAR ENSEÑANZA BASICA Y GIMNASIO,5M,ZJ.CHILE VAMOS UDI - INDEPENDIENTES,315. NOELIA TERESITA RUIZ TORRES,IND,1.0,False
2046813,QUINCHAO,QUINCHAO (ACHAO),LICEO INSULAR ENSEÑANZA BASICA Y GIMNASIO,5M,ZJ.CHILE VAMOS UDI - INDEPENDIENTES,316. GENARO PATRICIO DUARTE REBOLLEDO,IND,1.0,False
2046814,QUINCHAO,QUINCHAO (ACHAO),LICEO INSULAR ENSEÑANZA BASICA Y GIMNASIO,6M,M.CHILE DIGNO VERDE Y SOBERANO,300. HECTOR PATRICIO DELGADO ALVAREZ,PCCH,0.0,False
2046815,QUINCHAO,QUINCHAO (ACHAO),LICEO INSULAR ENSEÑANZA BASICA Y GIMNASIO,6M,XK.CHILE VAMOS RENOVACION NACIONAL - INDEPENDIENTES,301. JOSE ALFREDO ANGULO GOMEZ,RN,19.0,True
2046816,QUINCHAO,QUINCHAO (ACHAO),LICEO INSULAR ENSEÑANZA BASICA Y GIMNASIO,6M,XK.CHILE VAMOS RENOVACION NACIONAL - INDEPENDIENTES,302. JUAN ELEUTERIO CARCAMO CONCHA,RN,1.0,False
2046817,QUINCHAO,QUINCHAO (ACHAO),LICEO INSULAR ENSEÑANZA BASICA Y GIMNASIO,6M,XK.CHILE VAMOS RENOVACION NACIONAL - INDEPENDIENTES,303. JULIO ENRIQUE OJEDA VARGAS,IND,9.0,False
2046818,QUINCHAO,QUINCHAO (ACHAO),LICEO INSULAR ENSEÑANZA BASICA Y GIMNASIO,6M,XK.CHILE VAMOS RENOVACION NACIONAL - INDEPENDIENTES,304. LUIS HERNAN GONZALEZ URIBE,IND,7.0,False
2046819,QUINCHAO,QUINCHAO (ACHAO),LICEO INSULAR ENSEÑANZA BASICA Y GIMNASIO,6M,XU.UNIDOS POR LA DIGNIDAD,305. OSCAR ARISTIDES GALLARDO CALBUYAHUE,PDC,23.0,True
2046820,QUINCHAO,QUINCHAO (ACHAO),LICEO INSULAR ENSEÑANZA BASICA Y GIMNASIO,6M,XU.UNIDOS POR LA DIGNIDAD,306. MAX RODRIGO MALDONADO MALDONADO,PDC,9.0,False
2046821,QUINCHAO,QUINCHAO (ACHAO),LICEO INSULAR ENSEÑANZA BASICA Y GIMNASIO,6M,XU.UNIDOS POR LA DIGNIDAD,307. ALEJANDRA MARIA LINCOVIL HUICHAPANI,PDC,14.0,True
2046822,QUINCHAO,QUINCHAO (ACHAO),LICEO INSULAR ENSEÑANZA BASICA Y GIMNASIO,6M,XU.UNIDOS POR LA DIGNIDAD,308. SONIA DEL CARMEN NEUN CHEUQUEPIL,PRO,12.0,False
2046823,QUINCHAO,QUINCHAO (ACHAO),LICEO INSULAR ENSEÑANZA BASICA Y GIMNASIO,6M,XU.UNIDOS POR LA DIGNIDAD,309. LUIS ANTONIO YAÑEZ RUIZ,IND,18.0,True
2046824,QUINCHAO,QUINCHAO (ACHAO),LICEO INSULAR ENSEÑANZA BASICA Y GIMNASIO,6M,YW.UNIDAD POR EL APRUEBO PS PPD E INDEPENDIENTES,310. ARISTIDES CARDENAS GARCIA,PS,10.0,True
2046825,QUINCHAO,QUINCHAO (ACHAO),LICEO INSULAR ENSEÑANZA BASICA Y GIMNASIO,6M,YW.UNIDAD POR EL APRUEBO PS PPD E INDEPENDIENTES,311. NATALIA ANDREA ALTAMIRANO RUIZ,IND,23.0,True
2046826,QUINCHAO,QUINCHAO (ACHAO),LICEO INSULAR ENSEÑANZA BASICA Y GIMNASIO,6M,YW.UNIDAD POR EL APRUEBO PS PPD E INDEPENDIENTES,312. MAURICIO CARDENAS VERA,IND,7.0,False
2046827,QUINCHAO,QUINCHAO (ACHAO),LICEO INSULAR ENSEÑANZA BASICA Y GIMNASIO,6M,YW.UNIDAD POR EL APRUEBO PS PPD E INDEPENDIENTES,313. IVAN ALEJANDRO CORTES CASTRO,IND,0.0,False
2046828,QUINCHAO,QUINCHAO (ACHAO),LICEO INSULAR ENSEÑANZA BASICA Y GIMNASIO,6M,ZJ.CHILE VAMOS UDI - INDEPENDIENTES,314. HARNALDO ARNOLDO WINTER LEVICOY,UDI,7.0,False
2046829,QUINCHAO,QUINCHAO (ACHAO),LICEO INSULAR ENSEÑANZA BASICA Y GIMNASIO,6M,ZJ.CHILE VAMOS UDI - INDEPENDIENTES,315. NOELIA TERESITA RUIZ TORRES,IND,1.0,False
2046830,QUINCHAO,QUINCHAO (ACHAO),LICEO INSULAR ENSEÑANZA BASICA Y GIMNASIO,6M,ZJ.CHILE VAMOS UDI - INDEPENDIENTES,316. GENARO PATRICIO DUARTE REBOLLEDO,IND,0.0,False
2046831,QUINCHAO,QUINCHAO (ACHAO),LICEO INSULAR ENSEÑANZA BASICA Y GIMNASIO,7M,M.CHILE DIGNO VERDE Y SOBERANO,300. HECTOR PATRICIO DELGADO ALVAREZ,PCCH,1.0,False
2046832,QUINCHAO,QUINCHAO (ACHAO),LICEO INSULAR ENSEÑANZA BASICA Y GIMNASIO,7M,XK.CHILE VAMOS RENOVACION NACIONAL - INDEPENDIENTES,301. JOSE ALFREDO ANGULO GOMEZ,RN,17.0,True
2046833,QUINCHAO,QUINCHAO (ACHAO),LICEO INSULAR ENSEÑANZA BASICA Y GIMNASIO,7M,XK.CHILE VAMOS RENOVACION NACIONAL - INDEPENDIENTES,302. JUAN ELEUTERIO CARCAMO CONCHA,RN,0.0,False
2046834,QUINCHAO,QUINCHAO (ACHAO),LICEO INSULAR ENSEÑANZA BASICA Y GIMNASIO,7M,XK.CHILE VAMOS RENOVACION NACIONAL - INDEPENDIENTES,303. JULIO ENRIQUE OJEDA VARGAS,IND,5.0,False
2046835,QUINCHAO,QUINCHAO (ACHAO),LICEO INSULAR ENSEÑANZA BASICA Y GIMNASIO,7M,XK.CHILE VAMOS RENOVACION NACIONAL - INDEPENDIENTES,304. LUIS HERNAN GONZALEZ URIBE,IND,2.0,False
2046836,QUINCHAO,QUINCHAO (ACHAO),LICEO INSULAR ENSEÑANZA BASICA Y GIMNASIO,7M,XU.UNIDOS POR LA DIGNIDAD,305. OSCAR ARISTIDES GALLARDO CALBUYAHUE,PDC,23.0,True
2046837,QUINCHAO,QUINCHAO (ACHAO),LICEO INSULAR ENSEÑANZA BASICA Y GIMNASIO,7M,XU.UNIDOS POR LA DIGNIDAD,306. MAX RODRIGO MALDONADO MALDONADO,PDC,19.0,False
2046838,QUINCHAO,QUINCHAO (ACHAO),LICEO INSULAR ENSEÑANZA BASICA Y GIMNASIO,7M,XU.UNIDOS POR LA DIGNIDAD,307. ALEJANDRA MARIA LINCOVIL HUICHAPANI,PDC,16.0,True
2046839,QUINCHAO,QUINCHAO (ACHAO),LICEO INSULAR ENSEÑANZA BASICA Y GIMNASIO,7M,XU.UNIDOS POR LA DIGNIDAD,308. SONIA DEL CARMEN NEUN CHEUQUEPIL,PRO,8.0,False
2046840,QUINCHAO,QUINCHAO (ACHAO),LICEO INSULAR ENSEÑANZA BASICA Y GIMNASIO,7M,XU.UNIDOS POR LA DIGNIDAD,309. LUIS ANTONIO YAÑEZ RUIZ,IND,17.0,True
2046841,QUINCHAO,QUINCHAO (ACHAO),LICEO INSULAR ENSEÑANZA BASICA Y GIMNASIO,7M,YW.UNIDAD POR EL APRUEBO PS PPD E INDEPENDIENTES,310. ARISTIDES CARDENAS GARCIA,PS,22.0,True
2046842,QUINCHAO,QUINCHAO (ACHAO),LICEO INSULAR ENSEÑANZA BASICA Y GIMNASIO,7M,YW.UNIDAD POR EL APRUEBO PS PPD E INDEPENDIENTES,311. NATALIA ANDREA ALTAMIRANO RUIZ,IND,35.0,True
2046843,QUINCHAO,QUINCHAO (ACHAO),LICEO INSULAR ENSEÑANZA BASICA Y GIMNASIO,7M,YW.UNIDAD POR EL APRUEBO PS PPD E INDEPENDIENTES,312. MAURICIO CARDENAS VERA,IND,6.0,False
2046844,QUINCHAO,QUINCHAO (ACHAO),LICEO INSULAR ENSEÑANZA BASICA Y GIMNASIO,7M,YW.UNIDAD POR EL APRUEBO PS PPD E INDEPENDIENTES,313. IVAN ALEJANDRO CORTES CASTRO,IND,1.0,False
2046845,QUINCHAO,QUINCHAO (ACHAO),LICEO INSULAR ENSEÑANZA BASICA Y GIMNASIO,7M,ZJ.CHILE VAMOS UDI - INDEPENDIENTES,314. HARNALDO ARNOLDO WINTER LEVICOY,UDI,8.0,False
2046846,QUINCHAO,QUINCHAO (ACHAO),LICEO INSULAR ENSEÑANZA BASICA Y GIMNASIO,7M,ZJ.CHILE VAMOS UDI - INDEPENDIENTES,315. NOELIA TERESITA RUIZ TORRES,IND,2.0,False
2046847,QUINCHAO,QUINCHAO (ACHAO),LICEO INSULAR ENSEÑANZA BASICA Y GIMNASIO,7M,ZJ.CHILE VAMOS UDI - INDEPENDIENTES,316. GENARO PATRICIO DUARTE REBOLLEDO,IND,2.0,False
2046848,QUINCHAO,QUINCHAO (ACHAO),LICEO INSULAR ENSEÑANZA BASICA Y GIMNASIO,8M,M.CHILE DIGNO VERDE Y SOBERANO,300. HECTOR PATRICIO DELGADO ALVAREZ,PCCH,1.0,False
2046849,QUINCHAO,QUINCHAO (ACHAO),LICEO INSULAR ENSEÑANZA BASICA Y GIMNASIO,8M,XK.CHILE VAMOS RENOVACION NACIONAL - INDEPENDIENTES,301. JOSE ALFREDO ANGULO GOMEZ,RN,11.0,True
2046850,QUINCHAO,QUINCHAO (ACHAO),LICEO INSULAR ENSEÑANZA BASICA Y GIMNASIO,8M,XK.CHILE VAMOS RENOVACION NACIONAL - INDEPENDIENTES,302. JUAN ELEUTERIO CARCAMO CONCHA,RN,0.0,False
2046851,QUINCHAO,QUINCHAO (ACHAO),LICEO INSULAR ENSEÑANZA BASICA Y GIMNASIO,8M,XK.CHILE VAMOS RENOVACION NACIONAL - INDEPENDIENTES,303. JULIO ENRIQUE OJEDA VARGAS,IND,11.0,False
2046852,QUINCHAO,QUINCHAO (ACHAO),LICEO INSULAR ENSEÑANZA BASICA Y GIMNASIO,8M,XK.CHILE VAMOS RENOVACION NACIONAL - INDEPENDIENTES,304. LUIS HERNAN GONZALEZ URIBE,IND,7.0,False
2046853,QUINCHAO,QUINCHAO (ACHAO),LICEO INSULAR ENSEÑANZA BASICA Y GIMNASIO,8M,XU.UNIDOS POR LA DIGNIDAD,305. OSCAR ARISTIDES GALLARDO CALBUYAHUE,PDC,28.0,True
2046854,QUINCHAO,QUINCHAO (ACHAO),LICEO INSULAR ENSEÑANZA BASICA Y GIMNASIO,8M,XU.UNIDOS POR LA DIGNIDAD,306. MAX RODRIGO MALDONADO MALDONADO,PDC,12.0,False
2046855,QUINCHAO,QUINCHAO (ACHAO),LICEO INSULAR ENSEÑANZA BASICA Y GIMNASIO,8M,XU.UNIDOS POR LA DIGNIDAD,307. ALEJANDRA MARIA LINCOVIL HUICHAPANI,PDC,18.0,True
2046856,QUINCHAO,QUINCHAO (ACHAO),LICEO INSULAR ENSEÑANZA BASICA Y GIMNASIO,8M,XU.UNIDOS POR LA DIGNIDAD,308. SONIA DEL CARMEN NEUN CHEUQUEPIL,PRO,10.0,False
2046857,QUINCHAO,QUINCHAO (ACHAO),LICEO INSULAR ENSEÑANZA BASICA Y GIMNASIO,8M,XU.UNIDOS POR LA DIGNIDAD,309. LUIS ANTONIO YAÑEZ RUIZ,IND,18.0,True
2046858,QUINCHAO,QUINCHAO (ACHAO),LICEO INSULAR ENSEÑANZA BASICA Y GIMNASIO,8M,YW.UNIDAD POR EL APRUEBO PS PPD E INDEPENDIENTES,310. ARISTIDES CARDENAS GARCIA,PS,23.0,True
2046859,QUINCHAO,QUINCHAO (ACHAO),LICEO INSULAR ENSEÑANZA BASICA Y GIMNASIO,8M,YW.UNIDAD POR EL APRUEBO PS PPD E INDEPENDIENTES,311. NATALIA ANDREA ALTAMIRANO RUIZ,IND,27.0,True
2046860,QUINCHAO,QUINCHAO (ACHAO),LICEO INSULAR ENSEÑANZA BASICA Y GIMNASIO,8M,YW.UNIDAD POR EL APRUEBO PS PPD E INDEPENDIENTES,312. MAURICIO CARDENAS VERA,IND,2.0,False
2046861,QUINCHAO,QUINCHAO (ACHAO),LICEO INSULAR ENSEÑANZA BASICA Y GIMNASIO,8M,YW.UNIDAD POR EL APRUEBO PS PPD E INDEPENDIENTES,313. IVAN ALEJANDRO CORTES CASTRO,IND,0.0,False
2046862,QUINCHAO,QUINCHAO (ACHAO),LICEO INSULAR ENSEÑANZA BASICA Y GIMNASIO,8M,ZJ.CHILE VAMOS UDI - INDEPENDIENTES,314. HARNALDO ARNOLDO WINTER LEVICOY,UDI,5.0,False
2046863,QUINCHAO,QUINCHAO (ACHAO),LICEO INSULAR ENSEÑANZA BASICA Y GIMNASIO,8M,ZJ.CHILE VAMOS UDI - INDEPENDIENTES,315. NOELIA TERESITA RUIZ TORRES,IND,3.0,False
2046864,QUINCHAO,QUINCHAO (ACHAO),LICEO INSULAR ENSEÑANZA BASICA Y GIMNASIO,8M,ZJ.CHILE VAMOS UDI - INDEPENDIENTES,316. GENARO PATRICIO DUARTE REBOLLEDO,IND,4.0,False
2046865,QUINCHAO,QUINCHAO (ACHAO),LICEO INSULAR ENSEÑANZA BASICA Y GIMNASIO,9,M.CHILE DIGNO VERDE Y SOBERANO,300. HECTOR PATRICIO DELGADO ALVAREZ,PCCH,2.0,False
2046866,QUINCHAO,QUINCHAO (ACHAO),LICEO INSULAR ENSEÑANZA BASICA Y GIMNASIO,9,XK.CHILE VAMOS RENOVACION NACIONAL - INDEPENDIENTES,301. JOSE ALFREDO ANGULO GOMEZ,RN,11.0,True
2046867,QUINCHAO,QUINCHAO (ACHAO),LICEO INSULAR ENSEÑANZA BASICA Y GIMNASIO,9,XK.CHILE VAMOS RENOVACION NACIONAL - INDEPENDIENTES,302. JUAN ELEUTERIO CARCAMO CONCHA,RN,0.0,False
2046868,QUINCHAO,QUINCHAO (ACHAO),LICEO INSULAR ENSEÑANZA BASICA Y GIMNASIO,9,XK.CHILE VAMOS RENOVACION NACIONAL - INDEPENDIENTES,303. JULIO ENRIQUE OJEDA VARGAS,IND,4.0,False
2046869,QUINCHAO,QUINCHAO (ACHAO),LICEO INSULAR ENSEÑANZA BASICA Y GIMNASIO,9,XK.CHILE VAMOS RENOVACION NACIONAL - INDEPENDIENTES,304. LUIS HERNAN GONZALEZ URIBE,IND,6.0,False
2046870,QUINCHAO,QUINCHAO (ACHAO),LICEO INSULAR ENSEÑANZA BASICA Y GIMNASIO,9,XU.UNIDOS POR LA DIGNIDAD,305. OSCAR ARISTIDES GALLARDO CALBUYAHUE,PDC,27.0,True
2046871,QUINCHAO,QUINCHAO (ACHAO),LICEO INSULAR ENSEÑANZA BASICA Y GIMNASIO,9,XU.UNIDOS POR LA DIGNIDAD,306. MAX RODRIGO MALDONADO MALDONADO,PDC,9.0,False
2046872,QUINCHAO,QUINCHAO (ACHAO),LICEO INSULAR ENSEÑANZA BASICA Y GIMNASIO,9,XU.UNIDOS POR LA DIGNIDAD,307. ALEJANDRA MARIA LINCOVIL HUICHAPANI,PDC,10.0,True
2046873,QUINCHAO,QUINCHAO (ACHAO),LICEO INSULAR ENSEÑANZA BASICA Y GIMNASIO,9,XU.UNIDOS POR LA DIGNIDAD,308. SONIA DEL CARMEN NEUN CHEUQUEPIL,PRO,6.0,False
2046874,QUINCHAO,QUINCHAO (ACHAO),LICEO INSULAR ENSEÑANZA BASICA Y GIMNASIO,9,XU.UNIDOS POR LA DIGNIDAD,309. LUIS ANTONIO YAÑEZ RUIZ,IND,8.0,True
2046875,QUINCHAO,QUINCHAO (ACHAO),LICEO INSULAR ENSEÑANZA BASICA Y GIMNASIO,9,YW.UNIDAD POR EL APRUEBO PS PPD E INDEPENDIENTES,310. ARISTIDES CARDENAS GARCIA,PS,6.0,True
2046876,QUINCHAO,QUINCHAO (ACHAO),LICEO INSULAR ENSEÑANZA BASICA Y GIMNASIO,9,YW.UNIDAD POR EL APRUEBO PS PPD E INDEPENDIENTES,311. NATALIA ANDREA ALTAMIRANO RUIZ,IND,13.0,True
2046877,QUINCHAO,QUINCHAO (ACHAO),LICEO INSULAR ENSEÑANZA BASICA Y GIMNASIO,9,YW.UNIDAD POR EL APRUEBO PS PPD E INDEPENDIENTES,312. MAURICIO CARDENAS VERA,IND,4.0,False
2046878,QUINCHAO,QUINCHAO (ACHAO),LICEO INSULAR ENSEÑANZA BASICA Y GIMNASIO,9,YW.UNIDAD POR EL APRUEBO PS PPD E INDEPENDIENTES,313. IVAN ALEJANDRO CORTES CASTRO,IND,2.0,False
2046879,QUINCHAO,QUINCHAO (ACHAO),LICEO INSULAR ENSEÑANZA BASICA Y GIMNASIO,9,ZJ.CHILE VAMOS UDI - INDEPENDIENTES,314. HARNALDO ARNOLDO WINTER LEVICOY,UDI,9.0,False
2046880,QUINCHAO,QUINCHAO (ACHAO),LICEO INSULAR ENSEÑANZA BASICA Y GIMNASIO,9,ZJ.CHILE VAMOS UDI - INDEPENDIENTES,315. NOELIA TERESITA RUIZ TORRES,IND,0.0,False
2046881,QUINCHAO,QUINCHAO (ACHAO),LICEO INSULAR ENSEÑANZA BASICA Y GIMNASIO,9,ZJ.CHILE VAMOS UDI - INDEPENDIENTES,316. GENARO PATRICIO DUARTE REBOLLEDO,IND,4.0,False
2046882,QUINCHAO,QUINCHAO (ACHAO),LICEO INSULAR ENSEÑANZA BASICA Y GIMNASIO,10,M.CHILE DIGNO VERDE Y SOBERANO,300. HECTOR PATRICIO DELGADO ALVAREZ,PCCH,1.0,False
2046883,QUINCHAO,QUINCHAO (ACHAO),LICEO INSULAR ENSEÑANZA BASICA Y GIMNASIO,10,XK.CHILE VAMOS RENOVACION NACIONAL - INDEPENDIENTES,301. JOSE ALFREDO ANGULO GOMEZ,RN,18.0,True
2046884,QUINCHAO,QUINCHAO (ACHAO),LICEO INSULAR ENSEÑANZA BASICA Y GIMNASIO,10,XK.CHILE VAMOS RENOVACION NACIONAL - INDEPENDIENTES,302. JUAN ELEUTERIO CARCAMO CONCHA,RN,1.0,False
2046885,QUINCHAO,QUINCHAO (ACHAO),LICEO INSULAR ENSEÑANZA BASICA Y GIMNASIO,10,XK.CHILE VAMOS RENOVACION NACIONAL - INDEPENDIENTES,303. JULIO ENRIQUE OJEDA VARGAS,IND,6.0,False
2046886,QUINCHAO,QUINCHAO (ACHAO),LICEO INSULAR ENSEÑANZA BASICA Y GIMNASIO,10,XK.CHILE VAMOS RENOVACION NACIONAL - INDEPENDIENTES,304. LUIS HERNAN GONZALEZ URIBE,IND,3.0,False
2046887,QUINCHAO,QUINCHAO (ACHAO),LICEO INSULAR ENSEÑANZA BASICA Y GIMNASIO,10,XU.UNIDOS POR LA DIGNIDAD,305. OSCAR ARISTIDES GALLARDO CALBUYAHUE,PDC,20.0,True
2046888,QUINCHAO,QUINCHAO (ACHAO),LICEO INSULAR ENSEÑANZA BASICA Y GIMNASIO,10,XU.UNIDOS POR LA DIGNIDAD,306. MAX RODRIGO MALDONADO MALDONADO,PDC,7.0,False
2046889,QUINCHAO,QUINCHAO (ACHAO),LICEO INSULAR ENSEÑANZA BASICA Y GIMNASIO,10,XU.UNIDOS POR LA DIGNIDAD,307. ALEJANDRA MARIA LINCOVIL HUICHAPANI,PDC,9.0,True
2046890,QUINCHAO,QUINCHAO (ACHAO),LICEO INSULAR ENSEÑANZA BASICA Y GIMNASIO,10,XU.UNIDOS POR LA DIGNIDAD,308. SONIA DEL CARMEN NEUN CHEUQUEPIL,PRO,8.0,False
2046891,QUINCHAO,QUINCHAO (ACHAO),LICEO INSULAR ENSEÑANZA BASICA Y GIMNASIO,10,XU.UNIDOS POR LA DIGNIDAD,309. LUIS ANTONIO YAÑEZ RUIZ,IND,15.0,True
2046892,QUINCHAO,QUINCHAO (ACHAO),LICEO INSULAR ENSEÑANZA BASICA Y GIMNASIO,10,YW.UNIDAD POR EL APRUEBO PS PPD E INDEPENDIENTES,310. ARISTIDES CARDENAS GARCIA,PS,8.0,True
2046893,QUINCHAO,QUINCHAO (ACHAO),LICEO INSULAR ENSEÑANZA BASICA Y GIMNASIO,10,YW.UNIDAD POR EL APRUEBO PS PPD E INDEPENDIENTES,311. NATALIA ANDREA ALTAMIRANO RUIZ,IND,10.0,True
2046894,QUINCHAO,QUINCHAO (ACHAO),LICEO INSULAR ENSEÑANZA BASICA Y GIMNASIO,10,YW.UNIDAD POR EL APRUEBO PS PPD E INDEPENDIENTES,312. MAURICIO CARDENAS VERA,IND,2.0,False
2046895,QUINCHAO,QUINCHAO (ACHAO),LICEO INSULAR ENSEÑANZA BASICA Y GIMNASIO,10,YW.UNIDAD POR EL APRUEBO PS PPD E INDEPENDIENTES,313. IVAN ALEJANDRO CORTES CASTRO,IND,0.0,False
2046896,QUINCHAO,QUINCHAO (ACHAO),LICEO INSULAR ENSEÑANZA BASICA Y GIMNASIO,10,ZJ.CHILE VAMOS UDI - INDEPENDIENTES,314. HARNALDO ARNOLDO WINTER LEVICOY,UDI,5.0,False
2046897,QUINCHAO,QUINCHAO (ACHAO),LICEO INSULAR ENSEÑANZA BASICA Y GIMNASIO,10,ZJ.CHILE VAMOS UDI - INDEPENDIENTES,315. NOELIA TERESITA RUIZ TORRES,IND,3.0,False
2046898,QUINCHAO,QUINCHAO (ACHAO),LICEO INSULAR ENSEÑANZA BASICA Y GIMNASIO,10,ZJ.CHILE VAMOS UDI - INDEPENDIENTES,316. GENARO PATRICIO DUARTE REBOLLEDO,IND,2.0,False
2046899,QUINCHAO,QUINCHAO (ACHAO),LICEO INSULAR ENSEÑANZA BASICA Y GIMNASIO,11,M.CHILE DIGNO VERDE Y SOBERANO,300. HECTOR PATRICIO DELGADO ALVAREZ,PCCH,0.0,False
2046900,QUINCHAO,QUINCHAO (ACHAO),LICEO INSULAR ENSEÑANZA BASICA Y GIMNASIO,11,XK.CHILE VAMOS RENOVACION NACIONAL - INDEPENDIENTES,301. JOSE ALFREDO ANGULO GOMEZ,RN,20.0,True
2046901,QUINCHAO,QUINCHAO (ACHAO),LICEO INSULAR ENSEÑANZA BASICA Y GIMNASIO,11,XK.CHILE VAMOS RENOVACION NACIONAL - INDEPENDIENTES,302. JUAN ELEUTERIO CARCAMO CONCHA,RN,1.0,False
2046902,QUINCHAO,QUINCHAO (ACHAO),LICEO INSULAR ENSEÑANZA BASICA Y GIMNASIO,11,XK.CHILE VAMOS RENOVACION NACIONAL - INDEPENDIENTES,303. JULIO ENRIQUE OJEDA VARGAS,IND,7.0,False
2046903,QUINCHAO,QUINCHAO (ACHAO),LICEO INSULAR ENSEÑANZA BASICA Y GIMNASIO,11,XK.CHILE VAMOS RENOVACION NACIONAL - INDEPENDIENTES,304. LUIS HERNAN GONZALEZ URIBE,IND,2.0,False
2046904,QUINCHAO,QUINCHAO (ACHAO),LICEO INSULAR ENSEÑANZA BASICA Y GIMNASIO,11,XU.UNIDOS POR LA DIGNIDAD,305. OSCAR ARISTIDES GALLARDO CALBUYAHUE,PDC,12.0,True
2046905,QUINCHAO,QUINCHAO (ACHAO),LICEO INSULAR ENSEÑANZA BASICA Y GIMNASIO,11,XU.UNIDOS POR LA DIGNIDAD,306. MAX RODRIGO MALDONADO MALDONADO,PDC,9.0,False
2046906,QUINCHAO,QUINCHAO (ACHAO),LICEO INSULAR ENSEÑANZA BASICA Y GIMNASIO,11,XU.UNIDOS POR LA DIGNIDAD,307. ALEJANDRA MARIA LINCOVIL HUICHAPANI,PDC,16.0,True
2046907,QUINCHAO,QUINCHAO (ACHAO),LICEO INSULAR ENSEÑANZA BASICA Y GIMNASIO,11,XU.UNIDOS POR LA DIGNIDAD,308. SONIA DEL CARMEN NEUN CHEUQUEPIL,PRO,8.0,False
2046908,QUINCHAO,QUINCHAO (ACHAO),LICEO INSULAR ENSEÑANZA BASICA Y GIMNASIO,11,XU.UNIDOS POR LA DIGNIDAD,309. LUIS ANTONIO YAÑEZ RUIZ,IND,10.0,True
2046909,QUINCHAO,QUINCHAO (ACHAO),LICEO INSULAR ENSEÑANZA BASICA Y GIMNASIO,11,YW.UNIDAD POR EL APRUEBO PS PPD E INDEPENDIENTES,310. ARISTIDES CARDENAS GARCIA,PS,7.0,True
2046910,QUINCHAO,QUINCHAO (ACHAO),LICEO INSULAR ENSEÑANZA BASICA Y GIMNASIO,11,YW.UNIDAD POR EL APRUEBO PS PPD E INDEPENDIENTES,311. NATALIA ANDREA ALTAMIRANO RUIZ,IND,19.0,True
2046911,QUINCHAO,QUINCHAO (ACHAO),LICEO INSULAR ENSEÑANZA BASICA Y GIMNASIO,11,YW.UNIDAD POR EL APRUEBO PS PPD E INDEPENDIENTES,312. MAURICIO CARDENAS VERA,IND,2.0,False
2046912,QUINCHAO,QUINCHAO (ACHAO),LICEO INSULAR ENSEÑANZA BASICA Y GIMNASIO,11,YW.UNIDAD POR EL APRUEBO PS PPD E INDEPENDIENTES,313. IVAN ALEJANDRO CORTES CASTRO,IND,2.0,False
2046913,QUINCHAO,QUINCHAO (ACHAO),LICEO INSULAR ENSEÑANZA BASICA Y GIMNASIO,11,ZJ.CHILE VAMOS UDI - INDEPENDIENTES,314. HARNALDO ARNOLDO WINTER LEVICOY,UDI,3.0,False
2046914,QUINCHAO,QUINCHAO (ACHAO),LICEO INSULAR ENSEÑANZA BASICA Y GIMNASIO,11,ZJ.CHILE VAMOS UDI - INDEPENDIENTES,315. NOELIA TERESITA RUIZ TORRES,IND,0.0,False
2046915,QUINCHAO,QUINCHAO (ACHAO),LICEO INSULAR ENSEÑANZA BASICA Y GIMNASIO,11,ZJ.CHILE VAMOS UDI - INDEPENDIENTES,316. GENARO PATRICIO DUARTE REBOLLEDO,IND,4.0,False
2046916,QUINCHAO,QUINCHAO (ACHAO),LICEO INSULAR ENSEÑANZA BASICA Y GIMNASIO,12,M.CHILE DIGNO VERDE Y SOBERANO,300. HECTOR PATRICIO DELGADO ALVAREZ,PCCH,2.0,False
2046917,QUINCHAO,QUINCHAO (ACHAO),LICEO INSULAR ENSEÑANZA BASICA Y GIMNASIO,12,XK.CHILE VAMOS RENOVACION NACIONAL - INDEPENDIENTES,301. JOSE ALFREDO ANGULO GOMEZ,RN,20.0,True
2046918,QUINCHAO,QUINCHAO (ACHAO),LICEO INSULAR ENSEÑANZA BASICA Y GIMNASIO,12,XK.CHILE VAMOS RENOVACION NACIONAL - INDEPENDIENTES,302. JUAN ELEUTERIO CARCAMO CONCHA,RN,0.0,False
2046919,QUINCHAO,QUINCHAO (ACHAO),LICEO INSULAR ENSEÑANZA BASICA Y GIMNASIO,12,XK.CHILE VAMOS RENOVACION NACIONAL - INDEPENDIENTES,303. JULIO ENRIQUE OJEDA VARGAS,IND,9.0,False
2046920,QUINCHAO,QUINCHAO (ACHAO),LICEO INSULAR ENSEÑANZA BASICA Y GIMNASIO,12,XK.CHILE VAMOS RENOVACION NACIONAL - INDEPENDIENTES,304. LUIS HERNAN GONZALEZ URIBE,IND,3.0,False
2046921,QUINCHAO,QUINCHAO (ACHAO),LICEO INSULAR ENSEÑANZA BASICA Y GIMNASIO,12,XU.UNIDOS POR LA DIGNIDAD,305. OSCAR ARISTIDES GALLARDO CALBUYAHUE,PDC,24.0,True
2046922,QUINCHAO,QUINCHAO (ACHAO),LICEO INSULAR ENSEÑANZA BASICA Y GIMNASIO,12,XU.UNIDOS POR LA DIGNIDAD,306. MAX RODRIGO MALDONADO MALDONADO,PDC,9.0,False
2046923,QUINCHAO,QUINCHAO (ACHAO),LICEO INSULAR ENSEÑANZA BASICA Y GIMNASIO,12,XU.UNIDOS POR LA DIGNIDAD,307. ALEJANDRA MARIA LINCOVIL HUICHAPANI,PDC,16.0,True
2046924,QUINCHAO,QUINCHAO (ACHAO),LICEO INSULAR ENSEÑANZA BASICA Y GIMNASIO,12,XU.UNIDOS POR LA DIGNIDAD,308. SONIA DEL CARMEN NEUN CHEUQUEPIL,PRO,2.0,False
2046925,QUINCHAO,QUINCHAO (ACHAO),LICEO INSULAR ENSEÑANZA BASICA Y GIMNASIO,12,XU.UNIDOS POR LA DIGNIDAD,309. LUIS ANTONIO YAÑEZ RUIZ,IND,17.0,True
2046926,QUINCHAO,QUINCHAO (ACHAO),LICEO INSULAR ENSEÑANZA BASICA Y GIMNASIO,12,YW.UNIDAD POR EL APRUEBO PS PPD E INDEPENDIENTES,310. ARISTIDES CARDENAS GARCIA,PS,8.0,True
2046927,QUINCHAO,QUINCHAO (ACHAO),LICEO INSULAR ENSEÑANZA BASICA Y GIMNASIO,12,YW.UNIDAD POR EL APRUEBO PS PPD E INDEPENDIENTES,311. NATALIA ANDREA ALTAMIRANO RUIZ,IND,16.0,True
2046928,QUINCHAO,QUINCHAO (ACHAO),LICEO INSULAR ENSEÑANZA BASICA Y GIMNASIO,12,YW.UNIDAD POR EL APRUEBO PS PPD E INDEPENDIENTES,312. MAURICIO CARDENAS VERA,IND,1.0,False
2046929,QUINCHAO,QUINCHAO (ACHAO),LICEO INSULAR ENSEÑANZA BASICA Y GIMNASIO,12,YW.UNIDAD POR EL APRUEBO PS PPD E INDEPENDIENTES,313. IVAN ALEJANDRO CORTES CASTRO,IND,3.0,False
2046930,QUINCHAO,QUINCHAO (ACHAO),LICEO INSULAR ENSEÑANZA BASICA Y GIMNASIO,12,ZJ.CHILE VAMOS UDI - INDEPENDIENTES,314. HARNALDO ARNOLDO WINTER LEVICOY,UDI,6.0,False
2046931,QUINCHAO,QUINCHAO (ACHAO),LICEO INSULAR ENSEÑANZA BASICA Y GIMNASIO,12,ZJ.CHILE VAMOS UDI - INDEPENDIENTES,315. NOELIA TERESITA RUIZ TORRES,IND,0.0,False
2046932,QUINCHAO,QUINCHAO (ACHAO),LICEO INSULAR ENSEÑANZA BASICA Y GIMNASIO,12,ZJ.CHILE VAMOS UDI - INDEPENDIENTES,316. GENARO PATRICIO DUARTE REBOLLEDO,IND,1.0,False
2046933,QUINCHAO,QUINCHAO (ACHAO),LICEO INSULAR ENSEÑANZA MEDIA,1V,M.CHILE DIGNO VERDE Y SOBERANO,300. HECTOR PATRICIO DELGADO ALVAREZ,PCCH,1.0,False
2046934,QUINCHAO,QUINCHAO (ACHAO),LICEO INSULAR ENSEÑANZA MEDIA,1V,XK.CHILE VAMOS RENOVACION NACIONAL - INDEPENDIENTES,301. JOSE ALFREDO ANGULO GOMEZ,RN,10.0,True
2046935,QUINCHAO,QUINCHAO (ACHAO),LICEO INSULAR ENSEÑANZA MEDIA,1V,XK.CHILE VAMOS RENOVACION NACIONAL - INDEPENDIENTES,302. JUAN ELEUTERIO CARCAMO CONCHA,RN,1.0,False
2046936,QUINCHAO,QUINCHAO (ACHAO),LICEO INSULAR ENSEÑANZA MEDIA,1V,XK.CHILE VAMOS RENOVACION NACIONAL - INDEPENDIENTES,303. JULIO ENRIQUE OJEDA VARGAS,IND,1.0,False
2046937,QUINCHAO,QUINCHAO (ACHAO),LICEO INSULAR ENSEÑANZA MEDIA,1V,XK.CHILE VAMOS RENOVACION NACIONAL - INDEPENDIENTES,304. LUIS HERNAN GONZALEZ URIBE,IND,5.0,False
2046938,QUINCHAO,QUINCHAO (ACHAO),LICEO INSULAR ENSEÑANZA MEDIA,1V,XU.UNIDOS POR LA DIGNIDAD,305. OSCAR ARISTIDES GALLARDO CALBUYAHUE,PDC,11.0,True
2046939,QUINCHAO,QUINCHAO (ACHAO),LICEO INSULAR ENSEÑANZA MEDIA,1V,XU.UNIDOS POR LA DIGNIDAD,306. MAX RODRIGO MALDONADO MALDONADO,PDC,8.0,False
2046940,QUINCHAO,QUINCHAO (ACHAO),LICEO INSULAR ENSEÑANZA MEDIA,1V,XU.UNIDOS POR LA DIGNIDAD,307. ALEJANDRA MARIA LINCOVIL HUICHAPANI,PDC,5.0,True
2046941,QUINCHAO,QUINCHAO (ACHAO),LICEO INSULAR ENSEÑANZA MEDIA,1V,XU.UNIDOS POR LA DIGNIDAD,308. SONIA DEL CARMEN NEUN CHEUQUEPIL,PRO,5.0,False
2046942,QUINCHAO,QUINCHAO (ACHAO),LICEO INSULAR ENSEÑANZA MEDIA,1V,XU.UNIDOS POR LA DIGNIDAD,309. LUIS ANTONIO YAÑEZ RUIZ,IND,4.0,True
2046943,QUINCHAO,QUINCHAO (ACHAO),LICEO INSULAR ENSEÑANZA MEDIA,1V,YW.UNIDAD POR EL APRUEBO PS PPD E INDEPENDIENTES,310. ARISTIDES CARDENAS GARCIA,PS,15.0,True
2046944,QUINCHAO,QUINCHAO (ACHAO),LICEO INSULAR ENSEÑANZA MEDIA,1V,YW.UNIDAD POR EL APRUEBO PS PPD E INDEPENDIENTES,311. NATALIA ANDREA ALTAMIRANO RUIZ,IND,3.0,True
2046945,QUINCHAO,QUINCHAO (ACHAO),LICEO INSULAR ENSEÑANZA MEDIA,1V,YW.UNIDAD POR EL APRUEBO PS PPD E INDEPENDIENTES,312. MAURICIO CARDENAS VERA,IND,6.0,False
2046946,QUINCHAO,QUINCHAO (ACHAO),LICEO INSULAR ENSEÑANZA MEDIA,1V,YW.UNIDAD POR EL APRUEBO PS PPD E INDEPENDIENTES,313. IVAN ALEJANDRO CORTES CASTRO,IND,0.0,False
2046947,QUINCHAO,QUINCHAO (ACHAO),LICEO INSULAR ENSEÑANZA MEDIA,1V,ZJ.CHILE VAMOS UDI - INDEPENDIENTES,314. HARNALDO ARNOLDO WINTER LEVICOY,UDI,8.0,False
2046948,QUINCHAO,QUINCHAO (ACHAO),LICEO INSULAR ENSEÑANZA MEDIA,1V,ZJ.CHILE VAMOS UDI - INDEPENDIENTES,315. NOELIA TERESITA RUIZ TORRES,IND,1.0,False
2046949,QUINCHAO,QUINCHAO (ACHAO),LICEO INSULAR ENSEÑANZA MEDIA,1V,ZJ.CHILE VAMOS UDI - INDEPENDIENTES,316. GENARO PATRICIO DUARTE REBOLLEDO,IND,1.0,False
2046950,QUINCHAO,QUINCHAO (ACHAO),LICEO INSULAR ENSEÑANZA MEDIA,2V,M.CHILE DIGNO VERDE Y SOBERANO,300. HECTOR PATRICIO DELGADO ALVAREZ,PCCH,1.0,False
2046951,QUINCHAO,QUINCHAO (ACHAO),LICEO INSULAR ENSEÑANZA MEDIA,2V,XK.CHILE VAMOS RENOVACION NACIONAL - INDEPENDIENTES,301. JOSE ALFREDO ANGULO GOMEZ,RN,15.0,True
2046952,QUINCHAO,QUINCHAO (ACHAO),LICEO INSULAR ENSEÑANZA MEDIA,2V,XK.CHILE VAMOS RENOVACION NACIONAL - INDEPENDIENTES,302. JUAN ELEUTERIO CARCAMO CONCHA,RN,0.0,False
2046953,QUINCHAO,QUINCHAO (ACHAO),LICEO INSULAR ENSEÑANZA MEDIA,2V,XK.CHILE VAMOS RENOVACION NACIONAL - INDEPENDIENTES,303. JULIO ENRIQUE OJEDA VARGAS,IND,6.0,False
2046954,QUINCHAO,QUINCHAO (ACHAO),LICEO INSULAR ENSEÑANZA MEDIA,2V,XK.CHILE VAMOS RENOVACION NACIONAL - INDEPENDIENTES,304. LUIS HERNAN GONZALEZ URIBE,IND,3.0,False
2046955,QUINCHAO,QUINCHAO (ACHAO),LICEO INSULAR ENSEÑANZA MEDIA,2V,XU.UNIDOS POR LA DIGNIDAD,305. OSCAR ARISTIDES GALLARDO CALBUYAHUE,PDC,21.0,True
2046956,QUINCHAO,QUINCHAO (ACHAO),LICEO INSULAR ENSEÑANZA MEDIA,2V,XU.UNIDOS POR LA DIGNIDAD,306. MAX RODRIGO MALDONADO MALDONADO,PDC,8.0,False
2046957,QUINCHAO,QUINCHAO (ACHAO),LICEO INSULAR ENSEÑANZA MEDIA,2V,XU.UNIDOS POR LA DIGNIDAD,307. ALEJANDRA MARIA LINCOVIL HUICHAPANI,PDC,3.0,True
2046958,QUINCHAO,QUINCHAO (ACHAO),LICEO INSULAR ENSEÑANZA MEDIA,2V,XU.UNIDOS POR LA DIGNIDAD,308. SONIA DEL CARMEN NEUN CHEUQUEPIL,PRO,2.0,False
2046959,QUINCHAO,QUINCHAO (ACHAO),LICEO INSULAR ENSEÑANZA MEDIA,2V,XU.UNIDOS POR LA DIGNIDAD,309. LUIS ANTONIO YAÑEZ RUIZ,IND,6.0,True
2046960,QUINCHAO,QUINCHAO (ACHAO),LICEO INSULAR ENSEÑANZA MEDIA,2V,YW.UNIDAD POR EL APRUEBO PS PPD E INDEPENDIENTES,310. ARISTIDES CARDENAS GARCIA,PS,17.0,True
2046961,QUINCHAO,QUINCHAO (ACHAO),LICEO INSULAR ENSEÑANZA MEDIA,2V,YW.UNIDAD POR EL APRUEBO PS PPD E INDEPENDIENTES,311. NATALIA ANDREA ALTAMIRANO RUIZ,IND,14.0,True
2046962,QUINCHAO,QUINCHAO (ACHAO),LICEO INSULAR ENSEÑANZA MEDIA,2V,YW.UNIDAD POR EL APRUEBO PS PPD E INDEPENDIENTES,312. MAURICIO CARDENAS VERA,IND,2.0,False
2046963,QUINCHAO,QUINCHAO (ACHAO),LICEO INSULAR ENSEÑANZA MEDIA,2V,YW.UNIDAD POR EL APRUEBO PS PPD E INDEPENDIENTES,313. IVAN ALEJANDRO CORTES CASTRO,IND,1.0,False
2046964,QUINCHAO,QUINCHAO (ACHAO),LICEO INSULAR ENSEÑANZA MEDIA,2V,ZJ.CHILE VAMOS UDI - INDEPENDIENTES,314. HARNALDO ARNOLDO WINTER LEVICOY,UDI,7.0,False
2046965,QUINCHAO,QUINCHAO (ACHAO),LICEO INSULAR ENSEÑANZA MEDIA,2V,ZJ.CHILE VAMOS UDI - INDEPENDIENTES,315. NOELIA TERESITA RUIZ TORRES,IND,3.0,False
2046966,QUINCHAO,QUINCHAO (ACHAO),LICEO INSULAR ENSEÑANZA MEDIA,2V,ZJ.CHILE VAMOS UDI - INDEPENDIENTES,316. GENARO PATRICIO DUARTE REBOLLEDO,IND,1.0,False
2046967,QUINCHAO,QUINCHAO (ACHAO),LICEO INSULAR ENSEÑANZA MEDIA,3V,M.CHILE DIGNO VERDE Y SOBERANO,300. HECTOR PATRICIO DELGADO ALVAREZ,PCCH,1.0,False
2046968,QUINCHAO,QUINCHAO (ACHAO),LICEO INSULAR ENSEÑANZA MEDIA,3V,XK.CHILE VAMOS RENOVACION NACIONAL - INDEPENDIENTES,301. JOSE ALFREDO ANGULO GOMEZ,RN,8.0,True
2046969,QUINCHAO,QUINCHAO (ACHAO),LICEO INSULAR ENSEÑANZA MEDIA,3V,XK.CHILE VAMOS RENOVACION NACIONAL - INDEPENDIENTES,302. JUAN ELEUTERIO CARCAMO CONCHA,RN,0.0,False
2046970,QUINCHAO,QUINCHAO (ACHAO),LICEO INSULAR ENSEÑANZA MEDIA,3V,XK.CHILE VAMOS RENOVACION NACIONAL - INDEPENDIENTES,303. JULIO ENRIQUE OJEDA VARGAS,IND,6.0,False
2046971,QUINCHAO,QUINCHAO (ACHAO),LICEO INSULAR ENSEÑANZA MEDIA,3V,XK.CHILE VAMOS RENOVACION NACIONAL - INDEPENDIENTES,304. LUIS HERNAN GONZALEZ URIBE,IND,6.0,False
2046972,QUINCHAO,QUINCHAO (ACHAO),LICEO INSULAR ENSEÑANZA MEDIA,3V,XU.UNIDOS POR LA DIGNIDAD,305. OSCAR ARISTIDES GALLARDO CALBUYAHUE,PDC,20.0,True
2046973,QUINCHAO,QUINCHAO (ACHAO),LICEO INSULAR ENSEÑANZA MEDIA,3V,XU.UNIDOS POR LA DIGNIDAD,306. MAX RODRIGO MALDONADO MALDONADO,PDC,8.0,False
2046974,QUINCHAO,QUINCHAO (ACHAO),LICEO INSULAR ENSEÑANZA MEDIA,3V,XU.UNIDOS POR LA DIGNIDAD,307. ALEJANDRA MARIA LINCOVIL HUICHAPANI,PDC,5.0,True
2046975,QUINCHAO,QUINCHAO (ACHAO),LICEO INSULAR ENSEÑANZA MEDIA,3V,XU.UNIDOS POR LA DIGNIDAD,308. SONIA DEL CARMEN NEUN CHEUQUEPIL,PRO,3.0,False
2046976,QUINCHAO,QUINCHAO (ACHAO),LICEO INSULAR ENSEÑANZA MEDIA,3V,XU.UNIDOS POR LA DIGNIDAD,309. LUIS ANTONIO YAÑEZ RUIZ,IND,9.0,True
2046977,QUINCHAO,QUINCHAO (ACHAO),LICEO INSULAR ENSEÑANZA MEDIA,3V,YW.UNIDAD POR EL APRUEBO PS PPD E INDEPENDIENTES,310. ARISTIDES CARDENAS GARCIA,PS,12.0,True
2046978,QUINCHAO,QUINCHAO (ACHAO),LICEO INSULAR ENSEÑANZA MEDIA,3V,YW.UNIDAD POR EL APRUEBO PS PPD E INDEPENDIENTES,311. NATALIA ANDREA ALTAMIRANO RUIZ,IND,6.0,True
2046979,QUINCHAO,QUINCHAO (ACHAO),LICEO INSULAR ENSEÑANZA MEDIA,3V,YW.UNIDAD POR EL APRUEBO PS PPD E INDEPENDIENTES,312. MAURICIO CARDENAS VERA,IND,2.0,False
2046980,QUINCHAO,QUINCHAO (ACHAO),LICEO INSULAR ENSEÑANZA MEDIA,3V,YW.UNIDAD POR EL APRUEBO PS PPD E INDEPENDIENTES,313. IVAN ALEJANDRO CORTES CASTRO,IND,1.0,False
2046981,QUINCHAO,QUINCHAO (ACHAO),LICEO INSULAR ENSEÑANZA MEDIA,3V,ZJ.CHILE VAMOS UDI - INDEPENDIENTES,314. HARNALDO ARNOLDO WINTER LEVICOY,UDI,7.0,False
2046982,QUINCHAO,QUINCHAO (ACHAO),LICEO INSULAR ENSEÑANZA MEDIA,3V,ZJ.CHILE VAMOS UDI - INDEPENDIENTES,315. NOELIA TERESITA RUIZ TORRES,IND,2.0,False
2046983,QUINCHAO,QUINCHAO (ACHAO),LICEO INSULAR ENSEÑANZA MEDIA,3V,ZJ.CHILE VAMOS UDI - INDEPENDIENTES,316. GENARO PATRICIO DUARTE REBOLLEDO,IND,1.0,False
2046984,QUINCHAO,QUINCHAO (ACHAO),LICEO INSULAR ENSEÑANZA MEDIA,4V,M.CHILE DIGNO VERDE Y SOBERANO,300. HECTOR PATRICIO DELGADO ALVAREZ,PCCH,1.0,False
2046985,QUINCHAO,QUINCHAO (ACHAO),LICEO INSULAR ENSEÑANZA MEDIA,4V,XK.CHILE VAMOS RENOVACION NACIONAL - INDEPENDIENTES,301. JOSE ALFREDO ANGULO GOMEZ,RN,9.0,True
2046986,QUINCHAO,QUINCHAO (ACHAO),LICEO INSULAR ENSEÑANZA MEDIA,4V,XK.CHILE VAMOS RENOVACION NACIONAL - INDEPENDIENTES,302. JUAN ELEUTERIO CARCAMO CONCHA,RN,0.0,False
2046987,QUINCHAO,QUINCHAO (ACHAO),LICEO INSULAR ENSEÑANZA MEDIA,4V,XK.CHILE VAMOS RENOVACION NACIONAL - INDEPENDIENTES,303. JULIO ENRIQUE OJEDA VARGAS,IND,3.0,False
2046988,QUINCHAO,QUINCHAO (ACHAO),LICEO INSULAR ENSEÑANZA MEDIA,4V,XK.CHILE VAMOS RENOVACION NACIONAL - INDEPENDIENTES,304. LUIS HERNAN GONZALEZ URIBE,IND,3.0,False
2046989,QUINCHAO,QUINCHAO (ACHAO),LICEO INSULAR ENSEÑANZA MEDIA,4V,XU.UNIDOS POR LA DIGNIDAD,305. OSCAR ARISTIDES GALLARDO CALBUYAHUE,PDC,13.0,True
2046990,QUINCHAO,QUINCHAO (ACHAO),LICEO INSULAR ENSEÑANZA MEDIA,4V,XU.UNIDOS POR LA DIGNIDAD,306. MAX RODRIGO MALDONADO MALDONADO,PDC,8.0,False
2046991,QUINCHAO,QUINCHAO (ACHAO),LICEO INSULAR ENSEÑANZA MEDIA,4V,XU.UNIDOS POR LA DIGNIDAD,307. ALEJANDRA MARIA LINCOVIL HUICHAPANI,PDC,9.0,True
2046992,QUINCHAO,QUINCHAO (ACHAO),LICEO INSULAR ENSEÑANZA MEDIA,4V,XU.UNIDOS POR LA DIGNIDAD,308. SONIA DEL CARMEN NEUN CHEUQUEPIL,PRO,4.0,False
2046993,QUINCHAO,QUINCHAO (ACHAO),LICEO INSULAR ENSEÑANZA MEDIA,4V,XU.UNIDOS POR LA DIGNIDAD,309. LUIS ANTONIO YAÑEZ RUIZ,IND,7.0,True
2046994,QUINCHAO,QUINCHAO (ACHAO),LICEO INSULAR ENSEÑANZA MEDIA,4V,YW.UNIDAD POR EL APRUEBO PS PPD E INDEPENDIENTES,310. ARISTIDES CARDENAS GARCIA,PS,11.0,True
2046995,QUINCHAO,QUINCHAO (ACHAO),LICEO INSULAR ENSEÑANZA MEDIA,4V,YW.UNIDAD POR EL APRUEBO PS PPD E INDEPENDIENTES,311. NATALIA ANDREA ALTAMIRANO RUIZ,IND,17.0,True
2046996,QUINCHAO,QUINCHAO (ACHAO),LICEO INSULAR ENSEÑANZA MEDIA,4V,YW.UNIDAD POR EL APRUEBO PS PPD E INDEPENDIENTES,312. MAURICIO CARDENAS VERA,IND,3.0,False
2046997,QUINCHAO,QUINCHAO (ACHAO),LICEO INSULAR ENSEÑANZA MEDIA,4V,YW.UNIDAD POR EL APRUEBO PS PPD E INDEPENDIENTES,313. IVAN ALEJANDRO CORTES CASTRO,IND,2.0,False
2046998,QUINCHAO,QUINCHAO (ACHAO),LICEO INSULAR ENSEÑANZA MEDIA,4V,ZJ.CHILE VAMOS UDI - INDEPENDIENTES,314. HARNALDO ARNOLDO WINTER LEVICOY,UDI,7.0,False
2046999,QUINCHAO,QUINCHAO (ACHAO),LICEO INSULAR ENSEÑANZA MEDIA,4V,ZJ.CHILE VAMOS UDI - INDEPENDIENTES,315. NOELIA TERESITA RUIZ TORRES,IND,0.0,False
2047000,QUINCHAO,QUINCHAO (ACHAO),LICEO INSULAR ENSEÑANZA MEDIA,4V,ZJ.CHILE VAMOS UDI - INDEPENDIENTES,316. GENARO PATRICIO DUARTE REBOLLEDO,IND,0.0,False
2047001,QUINCHAO,QUINCHAO (ACHAO),LICEO INSULAR ENSEÑANZA MEDIA,5V,M.CHILE DIGNO VERDE Y SOBERANO,300. HECTOR PATRICIO DELGADO ALVAREZ,PCCH,2.0,False
2047002,QUINCHAO,QUINCHAO (ACHAO),LICEO INSULAR ENSEÑANZA MEDIA,5V,XK.CHILE VAMOS RENOVACION NACIONAL - INDEPENDIENTES,301. JOSE ALFREDO ANGULO GOMEZ,RN,16.0,True
2047003,QUINCHAO,QUINCHAO (ACHAO),LICEO INSULAR ENSEÑANZA MEDIA,5V,XK.CHILE VAMOS RENOVACION NACIONAL - INDEPENDIENTES,302. JUAN ELEUTERIO CARCAMO CONCHA,RN,1.0,False
2047004,QUINCHAO,QUINCHAO (ACHAO),LICEO INSULAR ENSEÑANZA MEDIA,5V,XK.CHILE VAMOS RENOVACION NACIONAL - INDEPENDIENTES,303. JULIO ENRIQUE OJEDA VARGAS,IND,6.0,False
2047005,QUINCHAO,QUINCHAO (ACHAO),LICEO INSULAR ENSEÑANZA MEDIA,5V,XK.CHILE VAMOS RENOVACION NACIONAL - INDEPENDIENTES,304. LUIS HERNAN GONZALEZ URIBE,IND,8.0,False
2047006,QUINCHAO,QUINCHAO (ACHAO),LICEO INSULAR ENSEÑANZA MEDIA,5V,XU.UNIDOS POR LA DIGNIDAD,305. OSCAR ARISTIDES GALLARDO CALBUYAHUE,PDC,15.0,True
2047007,QUINCHAO,QUINCHAO (ACHAO),LICEO INSULAR ENSEÑANZA MEDIA,5V,XU.UNIDOS POR LA DIGNIDAD,306. MAX RODRIGO MALDONADO MALDONADO,PDC,8.0,False
2047008,QUINCHAO,QUINCHAO (ACHAO),LICEO INSULAR ENSEÑANZA MEDIA,5V,XU.UNIDOS POR LA DIGNIDAD,307. ALEJANDRA MARIA LINCOVIL HUICHAPANI,PDC,9.0,True
2047009,QUINCHAO,QUINCHAO (ACHAO),LICEO INSULAR ENSEÑANZA MEDIA,5V,XU.UNIDOS POR LA DIGNIDAD,308. SONIA DEL CARMEN NEUN CHEUQUEPIL,PRO,7.0,False
2047010,QUINCHAO,QUINCHAO (ACHAO),LICEO INSULAR ENSEÑANZA MEDIA,5V,XU.UNIDOS POR LA DIGNIDAD,309. LUIS ANTONIO YAÑEZ RUIZ,IND,9.0,True
2047011,QUINCHAO,QUINCHAO (ACHAO),LICEO INSULAR ENSEÑANZA MEDIA,5V,YW.UNIDAD POR EL APRUEBO PS PPD E INDEPENDIENTES,310. ARISTIDES CARDENAS GARCIA,PS,13.0,True
2047012,QUINCHAO,QUINCHAO (ACHAO),LICEO INSULAR ENSEÑANZA MEDIA,5V,YW.UNIDAD POR EL APRUEBO PS PPD E INDEPENDIENTES,311. NATALIA ANDREA ALTAMIRANO RUIZ,IND,19.0,True
2047013,QUINCHAO,QUINCHAO (ACHAO),LICEO INSULAR ENSEÑANZA MEDIA,5V,YW.UNIDAD POR EL APRUEBO PS PPD E INDEPENDIENTES,312. MAURICIO CARDENAS VERA,IND,4.0,False
2047014,QUINCHAO,QUINCHAO (ACHAO),LICEO INSULAR ENSEÑANZA MEDIA,5V,YW.UNIDAD POR EL APRUEBO PS PPD E INDEPENDIENTES,313. IVAN ALEJANDRO CORTES CASTRO,IND,1.0,False
2047015,QUINCHAO,QUINCHAO (ACHAO),LICEO INSULAR ENSEÑANZA MEDIA,5V,ZJ.CHILE VAMOS UDI - INDEPENDIENTES,314. HARNALDO ARNOLDO WINTER LEVICOY,UDI,11.0,False
2047016,QUINCHAO,QUINCHAO (ACHAO),LICEO INSULAR ENSEÑANZA MEDIA,5V,ZJ.CHILE VAMOS UDI - INDEPENDIENTES,315. NOELIA TERESITA RUIZ TORRES,IND,1.0,False
2047017,QUINCHAO,QUINCHAO (ACHAO),LICEO INSULAR ENSEÑANZA MEDIA,5V,ZJ.CHILE VAMOS UDI - INDEPENDIENTES,316. GENARO PATRICIO DUARTE REBOLLEDO,IND,1.0,False
2047018,QUINCHAO,QUINCHAO (ACHAO),LICEO INSULAR ENSEÑANZA MEDIA,6V,M.CHILE DIGNO VERDE Y SOBERANO,300. HECTOR PATRICIO DELGADO ALVAREZ,PCCH,2.0,False
2047019,QUINCHAO,QUINCHAO (ACHAO),LICEO INSULAR ENSEÑANZA MEDIA,6V,XK.CHILE VAMOS RENOVACION NACIONAL - INDEPENDIENTES,301. JOSE ALFREDO ANGULO GOMEZ,RN,20.0,True
2047020,QUINCHAO,QUINCHAO (ACHAO),LICEO INSULAR ENSEÑANZA MEDIA,6V,XK.CHILE VAMOS RENOVACION NACIONAL - INDEPENDIENTES,302. JUAN ELEUTERIO CARCAMO CONCHA,RN,1.0,False
2047021,QUINCHAO,QUINCHAO (ACHAO),LICEO INSULAR ENSEÑANZA MEDIA,6V,XK.CHILE VAMOS RENOVACION NACIONAL - INDEPENDIENTES,303. JULIO ENRIQUE OJEDA VARGAS,IND,3.0,False
2047022,QUINCHAO,QUINCHAO (ACHAO),LICEO INSULAR ENSEÑANZA MEDIA,6V,XK.CHILE VAMOS RENOVACION NACIONAL - INDEPENDIENTES,304. LUIS HERNAN GONZALEZ URIBE,IND,7.0,False
2047023,QUINCHAO,QUINCHAO (ACHAO),LICEO INSULAR ENSEÑANZA MEDIA,6V,XU.UNIDOS POR LA DIGNIDAD,305. OSCAR ARISTIDES GALLARDO CALBUYAHUE,PDC,19.0,True
2047024,QUINCHAO,QUINCHAO (ACHAO),LICEO INSULAR ENSEÑANZA MEDIA,6V,XU.UNIDOS POR LA DIGNIDAD,306. MAX RODRIGO MALDONADO MALDONADO,PDC,18.0,False
2047025,QUINCHAO,QUINCHAO (ACHAO),LICEO INSULAR ENSEÑANZA MEDIA,6V,XU.UNIDOS POR LA DIGNIDAD,307. ALEJANDRA MARIA LINCOVIL HUICHAPANI,PDC,7.0,True
2047026,QUINCHAO,QUINCHAO (ACHAO),LICEO INSULAR ENSEÑANZA MEDIA,6V,XU.UNIDOS POR LA DIGNIDAD,308. SONIA DEL CARMEN NEUN CHEUQUEPIL,PRO,7.0,False
2047027,QUINCHAO,QUINCHAO (ACHAO),LICEO INSULAR ENSEÑANZA MEDIA,6V,XU.UNIDOS POR LA DIGNIDAD,309. LUIS ANTONIO YAÑEZ RUIZ,IND,12.0,True
2047028,QUINCHAO,QUINCHAO (ACHAO),LICEO INSULAR ENSEÑANZA MEDIA,6V,YW.UNIDAD POR EL APRUEBO PS PPD E INDEPENDIENTES,310. ARISTIDES CARDENAS GARCIA,PS,21.0,True
2047029,QUINCHAO,QUINCHAO (ACHAO),LICEO INSULAR ENSEÑANZA MEDIA,6V,YW.UNIDAD POR EL APRUEBO PS PPD E INDEPENDIENTES,311. NATALIA ANDREA ALTAMIRANO RUIZ,IND,25.0,True
2047030,QUINCHAO,QUINCHAO (ACHAO),LICEO INSULAR ENSEÑANZA MEDIA,6V,YW.UNIDAD POR EL APRUEBO PS PPD E INDEPENDIENTES,312. MAURICIO CARDENAS VERA,IND,3.0,False
2047031,QUINCHAO,QUINCHAO (ACHAO),LICEO INSULAR ENSEÑANZA MEDIA,6V,YW.UNIDAD POR EL APRUEBO PS PPD E INDEPENDIENTES,313. IVAN ALEJANDRO CORTES CASTRO,IND,2.0,False
2047032,QUINCHAO,QUINCHAO (ACHAO),LICEO INSULAR ENSEÑANZA MEDIA,6V,ZJ.CHILE VAMOS UDI - INDEPENDIENTES,314. HARNALDO ARNOLDO WINTER LEVICOY,UDI,18.0,False
2047033,QUINCHAO,QUINCHAO (ACHAO),LICEO INSULAR ENSEÑANZA MEDIA,6V,ZJ.CHILE VAMOS UDI - INDEPENDIENTES,315. NOELIA TERESITA RUIZ TORRES,IND,2.0,False
2047034,QUINCHAO,QUINCHAO (ACHAO),LICEO INSULAR ENSEÑANZA MEDIA,6V,ZJ.CHILE VAMOS UDI - INDEPENDIENTES,316. GENARO PATRICIO DUARTE REBOLLEDO,IND,4.0,False
2047035,QUINCHAO,QUINCHAO (ACHAO),LICEO INSULAR ENSEÑANZA MEDIA,7V,M.CHILE DIGNO VERDE Y SOBERANO,300. HECTOR PATRICIO DELGADO ALVAREZ,PCCH,1.0,False
2047036,QUINCHAO,QUINCHAO (ACHAO),LICEO INSULAR ENSEÑANZA MEDIA,7V,XK.CHILE VAMOS RENOVACION NACIONAL - INDEPENDIENTES,301. JOSE ALFREDO ANGULO GOMEZ,RN,21.0,True
2047037,QUINCHAO,QUINCHAO (ACHAO),LICEO INSULAR ENSEÑANZA MEDIA,7V,XK.CHILE VAMOS RENOVACION NACIONAL - INDEPENDIENTES,302. JUAN ELEUTERIO CARCAMO CONCHA,RN,1.0,False
2047038,QUINCHAO,QUINCHAO (ACHAO),LICEO INSULAR ENSEÑANZA MEDIA,7V,XK.CHILE VAMOS RENOVACION NACIONAL - INDEPENDIENTES,303. JULIO ENRIQUE OJEDA VARGAS,IND,8.0,False
2047039,QUINCHAO,QUINCHAO (ACHAO),LICEO INSULAR ENSEÑANZA MEDIA,7V,XK.CHILE VAMOS RENOVACION NACIONAL - INDEPENDIENTES,304. LUIS HERNAN GONZALEZ URIBE,IND,1.0,False
2047040,QUINCHAO,QUINCHAO (ACHAO),LICEO INSULAR ENSEÑANZA MEDIA,7V,XU.UNIDOS POR LA DIGNIDAD,305. OSCAR ARISTIDES GALLARDO CALBUYAHUE,PDC,28.0,True
2047041,QUINCHAO,QUINCHAO (ACHAO),LICEO INSULAR ENSEÑANZA MEDIA,7V,XU.UNIDOS POR LA DIGNIDAD,306. MAX RODRIGO MALDONADO MALDONADO,PDC,10.0,False
2047042,QUINCHAO,QUINCHAO (ACHAO),LICEO INSULAR ENSEÑANZA MEDIA,7V,XU.UNIDOS POR LA DIGNIDAD,307. ALEJANDRA MARIA LINCOVIL HUICHAPANI,PDC,19.0,True
2047043,QUINCHAO,QUINCHAO (ACHAO),LICEO INSULAR ENSEÑANZA MEDIA,7V,XU.UNIDOS POR LA DIGNIDAD,308. SONIA DEL CARMEN NEUN CHEUQUEPIL,PRO,6.0,False
2047044,QUINCHAO,QUINCHAO (ACHAO),LICEO INSULAR ENSEÑANZA MEDIA,7V,XU.UNIDOS POR LA DIGNIDAD,309. LUIS ANTONIO YAÑEZ RUIZ,IND,20.0,True
2047045,QUINCHAO,QUINCHAO (ACHAO),LICEO INSULAR ENSEÑANZA MEDIA,7V,YW.UNIDAD POR EL APRUEBO PS PPD E INDEPENDIENTES,310. ARISTIDES CARDENAS GARCIA,PS,15.0,True
2047046,QUINCHAO,QUINCHAO (ACHAO),LICEO INSULAR ENSEÑANZA MEDIA,7V,YW.UNIDAD POR EL APRUEBO PS PPD E INDEPENDIENTES,311. NATALIA ANDREA ALTAMIRANO RUIZ,IND,17.0,True
2047047,QUINCHAO,QUINCHAO (ACHAO),LICEO INSULAR ENSEÑANZA MEDIA,7V,YW.UNIDAD POR EL APRUEBO PS PPD E INDEPENDIENTES,312. MAURICIO CARDENAS VERA,IND,2.0,False
2047048,QUINCHAO,QUINCHAO (ACHAO),LICEO INSULAR ENSEÑANZA MEDIA,7V,YW.UNIDAD POR EL APRUEBO PS PPD E INDEPENDIENTES,313. IVAN ALEJANDRO CORTES CASTRO,IND,6.0,False
2047049,QUINCHAO,QUINCHAO (ACHAO),LICEO INSULAR ENSEÑANZA MEDIA,7V,ZJ.CHILE VAMOS UDI - INDEPENDIENTES,314. HARNALDO ARNOLDO WINTER LEVICOY,UDI,9.0,False
2047050,QUINCHAO,QUINCHAO (ACHAO),LICEO INSULAR ENSEÑANZA MEDIA,7V,ZJ.CHILE VAMOS UDI - INDEPENDIENTES,315. NOELIA TERESITA RUIZ TORRES,IND,1.0,False
2047051,QUINCHAO,QUINCHAO (ACHAO),LICEO INSULAR ENSEÑANZA MEDIA,7V,ZJ.CHILE VAMOS UDI - INDEPENDIENTES,316. GENARO PATRICIO DUARTE REBOLLEDO,IND,1.0,False
2047052,QUINCHAO,QUINCHAO (ACHAO),LICEO INSULAR ENSEÑANZA MEDIA,8V,M.CHILE DIGNO VERDE Y SOBERANO,300. HECTOR PATRICIO DELGADO ALVAREZ,PCCH,1.0,False
2047053,QUINCHAO,QUINCHAO (ACHAO),LICEO INSULAR ENSEÑANZA MEDIA,8V,XK.CHILE VAMOS RENOVACION NACIONAL - INDEPENDIENTES,301. JOSE ALFREDO ANGULO GOMEZ,RN,21.0,True
2047054,QUINCHAO,QUINCHAO (ACHAO),LICEO INSULAR ENSEÑANZA MEDIA,8V,XK.CHILE VAMOS RENOVACION NACIONAL - INDEPENDIENTES,302. JUAN ELEUTERIO CARCAMO CONCHA,RN,1.0,False
2047055,QUINCHAO,QUINCHAO (ACHAO),LICEO INSULAR ENSEÑANZA MEDIA,8V,XK.CHILE VAMOS RENOVACION NACIONAL - INDEPENDIENTES,303. JULIO ENRIQUE OJEDA VARGAS,IND,4.0,False
2047056,QUINCHAO,QUINCHAO (ACHAO),LICEO INSULAR ENSEÑANZA MEDIA,8V,XK.CHILE VAMOS RENOVACION NACIONAL - INDEPENDIENTES,304. LUIS HERNAN GONZALEZ URIBE,IND,4.0,False
2047057,QUINCHAO,QUINCHAO (ACHAO),LICEO INSULAR ENSEÑANZA MEDIA,8V,XU.UNIDOS POR LA DIGNIDAD,305. OSCAR ARISTIDES GALLARDO CALBUYAHUE,PDC,27.0,True
2047058,QUINCHAO,QUINCHAO (ACHAO),LICEO INSULAR ENSEÑANZA MEDIA,8V,XU.UNIDOS POR LA DIGNIDAD,306. MAX RODRIGO MALDONADO MALDONADO,PDC,15.0,False
2047059,QUINCHAO,QUINCHAO (ACHAO),LICEO INSULAR ENSEÑANZA MEDIA,8V,XU.UNIDOS POR LA DIGNIDAD,307. ALEJANDRA MARIA LINCOVIL HUICHAPANI,PDC,17.0,True
2047060,QUINCHAO,QUINCHAO (ACHAO),LICEO INSULAR ENSEÑANZA MEDIA,8V,XU.UNIDOS POR LA DIGNIDAD,308. SONIA DEL CARMEN NEUN CHEUQUEPIL,PRO,13.0,False
2047061,QUINCHAO,QUINCHAO (ACHAO),LICEO INSULAR ENSEÑANZA MEDIA,8V,XU.UNIDOS POR LA DIGNIDAD,309. LUIS ANTONIO YAÑEZ RUIZ,IND,10.0,True
2047062,QUINCHAO,QUINCHAO (ACHAO),LICEO INSULAR ENSEÑANZA MEDIA,8V,YW.UNIDAD POR EL APRUEBO PS PPD E INDEPENDIENTES,310. ARISTIDES CARDENAS GARCIA,PS,12.0,True
2047063,QUINCHAO,QUINCHAO (ACHAO),LICEO INSULAR ENSEÑANZA MEDIA,8V,YW.UNIDAD POR EL APRUEBO PS PPD E INDEPENDIENTES,311. NATALIA ANDREA ALTAMIRANO RUIZ,IND,26.0,True
2047064,QUINCHAO,QUINCHAO (ACHAO),LICEO INSULAR ENSEÑANZA MEDIA,8V,YW.UNIDAD POR EL APRUEBO PS PPD E INDEPENDIENTES,312. MAURICIO CARDENAS VERA,IND,5.0,False
2047065,QUINCHAO,QUINCHAO (ACHAO),LICEO INSULAR ENSEÑANZA MEDIA,8V,YW.UNIDAD POR EL APRUEBO PS PPD E INDEPENDIENTES,313. IVAN ALEJANDRO CORTES CASTRO,IND,1.0,False
2047066,QUINCHAO,QUINCHAO (ACHAO),LICEO INSULAR ENSEÑANZA MEDIA,8V,ZJ.CHILE VAMOS UDI - INDEPENDIENTES,314. HARNALDO ARNOLDO WINTER LEVICOY,UDI,13.0,False
2047067,QUINCHAO,QUINCHAO (ACHAO),LICEO INSULAR ENSEÑANZA MEDIA,8V,ZJ.CHILE VAMOS UDI - INDEPENDIENTES,315. NOELIA TERESITA RUIZ TORRES,IND,3.0,False
2047068,QUINCHAO,QUINCHAO (ACHAO),LICEO INSULAR ENSEÑANZA MEDIA,8V,ZJ.CHILE VAMOS UDI - INDEPENDIENTES,316. GENARO PATRICIO DUARTE REBOLLEDO,IND,3.0,False
2047069,QUINCHAO,QUINCHAO (ACHAO),LICEO INSULAR ENSEÑANZA MEDIA,13,M.CHILE DIGNO VERDE Y SOBERANO,300. HECTOR PATRICIO DELGADO ALVAREZ,PCCH,1.0,False
2047070,QUINCHAO,QUINCHAO (ACHAO),LICEO INSULAR ENSEÑANZA MEDIA,13,XK.CHILE VAMOS RENOVACION NACIONAL - INDEPENDIENTES,301. JOSE ALFREDO ANGULO GOMEZ,RN,13.0,True
2047071,QUINCHAO,QUINCHAO (ACHAO),LICEO INSULAR ENSEÑANZA MEDIA,13,XK.CHILE VAMOS RENOVACION NACIONAL - INDEPENDIENTES,302. JUAN ELEUTERIO CARCAMO CONCHA,RN,1.0,False
2047072,QUINCHAO,QUINCHAO (ACHAO),LICEO INSULAR ENSEÑANZA MEDIA,13,XK.CHILE VAMOS RENOVACION NACIONAL - INDEPENDIENTES,303. JULIO ENRIQUE OJEDA VARGAS,IND,4.0,False
2047073,QUINCHAO,QUINCHAO (ACHAO),LICEO INSULAR ENSEÑANZA MEDIA,13,XK.CHILE VAMOS RENOVACION NACIONAL - INDEPENDIENTES,304. LUIS HERNAN GONZALEZ URIBE,IND,4.0,False
2047074,QUINCHAO,QUINCHAO (ACHAO),LICEO INSULAR ENSEÑANZA MEDIA,13,XU.UNIDOS POR LA DIGNIDAD,305. OSCAR ARISTIDES GALLARDO CALBUYAHUE,PDC,17.0,True
2047075,QUINCHAO,QUINCHAO (ACHAO),LICEO INSULAR ENSEÑANZA MEDIA,13,XU.UNIDOS POR LA DIGNIDAD,306. MAX RODRIGO MALDONADO MALDONADO,PDC,19.0,False
2047076,QUINCHAO,QUINCHAO (ACHAO),LICEO INSULAR ENSEÑANZA MEDIA,13,XU.UNIDOS POR LA DIGNIDAD,307. ALEJANDRA MARIA LINCOVIL HUICHAPANI,PDC,17.0,True
2047077,QUINCHAO,QUINCHAO (ACHAO),LICEO INSULAR ENSEÑANZA MEDIA,13,XU.UNIDOS POR LA DIGNIDAD,308. SONIA DEL CARMEN NEUN CHEUQUEPIL,PRO,9.0,False
2047078,QUINCHAO,QUINCHAO (ACHAO),LICEO INSULAR ENSEÑANZA MEDIA,13,XU.UNIDOS POR LA DIGNIDAD,309. LUIS ANTONIO YAÑEZ RUIZ,IND,9.0,True
2047079,QUINCHAO,QUINCHAO (ACHAO),LICEO INSULAR ENSEÑANZA MEDIA,13,YW.UNIDAD POR EL APRUEBO PS PPD E INDEPENDIENTES,310. ARISTIDES CARDENAS GARCIA,PS,8.0,True
2047080,QUINCHAO,QUINCHAO (ACHAO),LICEO INSULAR ENSEÑANZA MEDIA,13,YW.UNIDAD POR EL APRUEBO PS PPD E INDEPENDIENTES,311. NATALIA ANDREA ALTAMIRANO RUIZ,IND,21.0,True
2047081,QUINCHAO,QUINCHAO (ACHAO),LICEO INSULAR ENSEÑANZA MEDIA,13,YW.UNIDAD POR EL APRUEBO PS PPD E INDEPENDIENTES,312. MAURICIO CARDENAS VERA,IND,3.0,False
2047082,QUINCHAO,QUINCHAO (ACHAO),LICEO INSULAR ENSEÑANZA MEDIA,13,YW.UNIDAD POR EL APRUEBO PS PPD E INDEPENDIENTES,313. IVAN ALEJANDRO CORTES CASTRO,IND,4.0,False
2047083,QUINCHAO,QUINCHAO (ACHAO),LICEO INSULAR ENSEÑANZA MEDIA,13,ZJ.CHILE VAMOS UDI - INDEPENDIENTES,314. HARNALDO ARNOLDO WINTER LEVICOY,UDI,8.0,False
2047084,QUINCHAO,QUINCHAO (ACHAO),LICEO INSULAR ENSEÑANZA MEDIA,13,ZJ.CHILE VAMOS UDI - INDEPENDIENTES,315. NOELIA TERESITA RUIZ TORRES,IND,3.0,False
2047085,QUINCHAO,QUINCHAO (ACHAO),LICEO INSULAR ENSEÑANZA MEDIA,13,ZJ.CHILE VAMOS UDI - INDEPENDIENTES,316. GENARO PATRICIO DUARTE REBOLLEDO,IND,3.0,False
2047086,QUINCHAO,QUINCHAO (ACHAO),LICEO INSULAR ENSEÑANZA MEDIA,14,M.CHILE DIGNO VERDE Y SOBERANO,300. HECTOR PATRICIO DELGADO ALVAREZ,PCCH,3.0,False
2047087,QUINCHAO,QUINCHAO (ACHAO),LICEO INSULAR ENSEÑANZA MEDIA,14,XK.CHILE VAMOS RENOVACION NACIONAL - INDEPENDIENTES,301. JOSE ALFREDO ANGULO GOMEZ,RN,17.0,True
2047088,QUINCHAO,QUINCHAO (ACHAO),LICEO INSULAR ENSEÑANZA MEDIA,14,XK.CHILE VAMOS RENOVACION NACIONAL - INDEPENDIENTES,302. JUAN ELEUTERIO CARCAMO CONCHA,RN,0.0,False
2047089,QUINCHAO,QUINCHAO (ACHAO),LICEO INSULAR ENSEÑANZA MEDIA,14,XK.CHILE VAMOS RENOVACION NACIONAL - INDEPENDIENTES,303. JULIO ENRIQUE OJEDA VARGAS,IND,2.0,False
2047090,QUINCHAO,QUINCHAO (ACHAO),LICEO INSULAR ENSEÑANZA MEDIA,14,XK.CHILE VAMOS RENOVACION NACIONAL - INDEPENDIENTES,304. LUIS HERNAN GONZALEZ URIBE,IND,2.0,False
2047091,QUINCHAO,QUINCHAO (ACHAO),LICEO INSULAR ENSEÑANZA MEDIA,14,XU.UNIDOS POR LA DIGNIDAD,305. OSCAR ARISTIDES GALLARDO CALBUYAHUE,PDC,22.0,True
2047092,QUINCHAO,QUINCHAO (ACHAO),LICEO INSULAR ENSEÑANZA MEDIA,14,XU.UNIDOS POR LA DIGNIDAD,306. MAX RODRIGO MALDONADO MALDONADO,PDC,12.0,False
2047093,QUINCHAO,QUINCHAO (ACHAO),LICEO INSULAR ENSEÑANZA MEDIA,14,XU.UNIDOS POR LA DIGNIDAD,307. ALEJANDRA MARIA LINCOVIL HUICHAPANI,PDC,10.0,True
2047094,QUINCHAO,QUINCHAO (ACHAO),LICEO INSULAR ENSEÑANZA MEDIA,14,XU.UNIDOS POR LA DIGNIDAD,308. SONIA DEL CARMEN NEUN CHEUQUEPIL,PRO,13.0,False
2047095,QUINCHAO,QUINCHAO (ACHAO),LICEO INSULAR ENSEÑANZA MEDIA,14,XU.UNIDOS POR LA DIGNIDAD,309. LUIS ANTONIO YAÑEZ RUIZ,IND,12.0,True
2047096,QUINCHAO,QUINCHAO (ACHAO),LICEO INSULAR ENSEÑANZA MEDIA,14,YW.UNIDAD POR EL APRUEBO PS PPD E INDEPENDIENTES,310. ARISTIDES CARDENAS GARCIA,PS,15.0,True
2047097,QUINCHAO,QUINCHAO (ACHAO),LICEO INSULAR ENSEÑANZA MEDIA,14,YW.UNIDAD POR EL APRUEBO PS PPD E INDEPENDIENTES,311. NATALIA ANDREA ALTAMIRANO RUIZ,IND,29.0,True
2047098,QUINCHAO,QUINCHAO (ACHAO),LICEO INSULAR ENSEÑANZA MEDIA,14,YW.UNIDAD POR EL APRUEBO PS PPD E INDEPENDIENTES,312. MAURICIO CARDENAS VERA,IND,2.0,False
2047099,QUINCHAO,QUINCHAO (ACHAO),LICEO INSULAR ENSEÑANZA MEDIA,14,YW.UNIDAD POR EL APRUEBO PS PPD E INDEPENDIENTES,313. IVAN ALEJANDRO CORTES CASTRO,IND,2.0,False
2047100,QUINCHAO,QUINCHAO (ACHAO),LICEO INSULAR ENSEÑANZA MEDIA,14,ZJ.CHILE VAMOS UDI - INDEPENDIENTES,314. HARNALDO ARNOLDO WINTER LEVICOY,UDI,10.0,False
2047101,QUINCHAO,QUINCHAO (ACHAO),LICEO INSULAR ENSEÑANZA MEDIA,14,ZJ.CHILE VAMOS UDI - INDEPENDIENTES,315. NOELIA TERESITA RUIZ TORRES,IND,2.0,False
2047102,QUINCHAO,QUINCHAO (ACHAO),LICEO INSULAR ENSEÑANZA MEDIA,14,ZJ.CHILE VAMOS UDI - INDEPENDIENTES,316. GENARO PATRICIO DUARTE REBOLLEDO,IND,2.0,False
2047103,QUINCHAO,QUINCHAO (ACHAO),LICEO INSULAR ENSEÑANZA MEDIA,15,M.CHILE DIGNO VERDE Y SOBERANO,300. HECTOR PATRICIO DELGADO ALVAREZ,PCCH,2.0,False
2047104,QUINCHAO,QUINCHAO (ACHAO),LICEO INSULAR ENSEÑANZA MEDIA,15,XK.CHILE VAMOS RENOVACION NACIONAL - INDEPENDIENTES,301. JOSE ALFREDO ANGULO GOMEZ,RN,11.0,True
2047105,QUINCHAO,QUINCHAO (ACHAO),LICEO INSULAR ENSEÑANZA MEDIA,15,XK.CHILE VAMOS RENOVACION NACIONAL - INDEPENDIENTES,302. JUAN ELEUTERIO CARCAMO CONCHA,RN,1.0,False
2047106,QUINCHAO,QUINCHAO (ACHAO),LICEO INSULAR ENSEÑANZA MEDIA,15,XK.CHILE VAMOS RENOVACION NACIONAL - INDEPENDIENTES,303. JULIO ENRIQUE OJEDA VARGAS,IND,3.0,False
2047107,QUINCHAO,QUINCHAO (ACHAO),LICEO INSULAR ENSEÑANZA MEDIA,15,XK.CHILE VAMOS RENOVACION NACIONAL - INDEPENDIENTES,304. LUIS HERNAN GONZALEZ URIBE,IND,2.0,False
2047108,QUINCHAO,QUINCHAO (ACHAO),LICEO INSULAR ENSEÑANZA MEDIA,15,XU.UNIDOS POR LA DIGNIDAD,305. OSCAR ARISTIDES GALLARDO CALBUYAHUE,PDC,14.0,True
2047109,QUINCHAO,QUINCHAO (ACHAO),LICEO INSULAR ENSEÑANZA MEDIA,15,XU.UNIDOS POR LA DIGNIDAD,306. MAX RODRIGO MALDONADO MALDONADO,PDC,8.0,False
2047110,QUINCHAO,QUINCHAO (ACHAO),LICEO INSULAR ENSEÑANZA MEDIA,15,XU.UNIDOS POR LA DIGNIDAD,307. ALEJANDRA MARIA LINCOVIL HUICHAPANI,PDC,3.0,True
2047111,QUINCHAO,QUINCHAO (ACHAO),LICEO INSULAR ENSEÑANZA MEDIA,15,XU.UNIDOS POR LA DIGNIDAD,308. SONIA DEL CARMEN NEUN CHEUQUEPIL,PRO,1.0,False
2047112,QUINCHAO,QUINCHAO (ACHAO),LICEO INSULAR ENSEÑANZA MEDIA,15,XU.UNIDOS POR LA DIGNIDAD,309. LUIS ANTONIO YAÑEZ RUIZ,IND,8.0,True
2047113,QUINCHAO,QUINCHAO (ACHAO),LICEO INSULAR ENSEÑANZA MEDIA,15,YW.UNIDAD POR EL APRUEBO PS PPD E INDEPENDIENTES,310. ARISTIDES CARDENAS GARCIA,PS,7.0,True
2047114,QUINCHAO,QUINCHAO (ACHAO),LICEO INSULAR ENSEÑANZA MEDIA,15,YW.UNIDAD POR EL APRUEBO PS PPD E INDEPENDIENTES,311. NATALIA ANDREA ALTAMIRANO RUIZ,IND,16.0,True
2047115,QUINCHAO,QUINCHAO (ACHAO),LICEO INSULAR ENSEÑANZA MEDIA,15,YW.UNIDAD POR EL APRUEBO PS PPD E INDEPENDIENTES,312. MAURICIO CARDENAS VERA,IND,0.0,False
2047116,QUINCHAO,QUINCHAO (ACHAO),LICEO INSULAR ENSEÑANZA MEDIA,15,YW.UNIDAD POR EL APRUEBO PS PPD E INDEPENDIENTES,313. IVAN ALEJANDRO CORTES CASTRO,IND,0.0,False
2047117,QUINCHAO,QUINCHAO (ACHAO),LICEO INSULAR ENSEÑANZA MEDIA,15,ZJ.CHILE VAMOS UDI - INDEPENDIENTES,314. HARNALDO ARNOLDO WINTER LEVICOY,UDI,7.0,False
2047118,QUINCHAO,QUINCHAO (ACHAO),LICEO INSULAR ENSEÑANZA MEDIA,15,ZJ.CHILE VAMOS UDI - INDEPENDIENTES,315. NOELIA TERESITA RUIZ TORRES,IND,3.0,False
2047119,QUINCHAO,QUINCHAO (ACHAO),LICEO INSULAR ENSEÑANZA MEDIA,15,ZJ.CHILE VAMOS UDI - INDEPENDIENTES,316. GENARO PATRICIO DUARTE REBOLLEDO,IND,4.0,False
